# Kraken Reusable Tentacle Variant 02 - Rigged Root at Origin
# Generated as a triangulated Z-up game asset.
mtllib kraken_midboss.mtl

v -0.9343343 0.0000000 -0.2469493
v -0.8874176 -0.2902741 -0.2412296
v -0.7536343 -0.5521341 -0.2461571
v -0.5460800 -0.7599474 -0.2612495
v -0.2850716 -0.8933717 -0.2850294
v 0.0038416 -0.9393466 -0.3151690
v 0.2923788 -0.8933717 -0.3487182
v 0.5522958 -0.7599474 -0.3823929
v 0.7581504 -0.5521341 -0.4128967
v 0.8897918 -0.2902741 -0.4372437
v 0.9343343 -0.0000000 -0.4530507
v 0.8874176 0.2902741 -0.4587704
v 0.7536343 0.5521341 -0.4538429
v 0.5460800 0.7599474 -0.4387505
v 0.2850716 0.8933717 -0.4149706
v -0.0038416 0.9393466 -0.3848310
v -0.2923788 0.8933717 -0.3512818
v -0.5522958 0.7599474 -0.3176071
v -0.7581504 0.5521341 -0.2871033
v -0.8897918 0.2902741 -0.2627563
v -0.9343343 0.0000000 -0.2469493
v -0.8784139 0.0121706 0.0754094
v -0.8323708 -0.2718672 0.0822775
v -0.7011368 -0.5280294 0.0804926
v -0.4975581 -0.7312411 0.0702295
v -0.2415623 -0.8616104 0.0524927
v 0.0417919 -0.9063760 0.0290184
v 0.3247679 -0.8611558 0.0021045
v 0.5796659 -0.7303764 -0.0256145
v 0.7815348 -0.5268392 -0.0514252
v 0.9106143 -0.2704681 -0.0728012
v 0.9542691 0.0136417 -0.0876501
v 0.9082260 0.2976795 -0.0945182
v 0.7769920 0.5538417 -0.0927333
v 0.5734133 0.7570534 -0.0824701
v 0.3174175 0.8874227 -0.0647333
v 0.0340633 0.9321883 -0.0412591
v -0.2489127 0.8869681 -0.0143452
v -0.5038107 0.7561887 0.0133738
v -0.7056796 0.5526516 0.0391846
v -0.8347591 0.2962804 0.0605606
v -0.8784139 0.0121706 0.0754094
v -0.8379593 0.0242115 0.3764585
v -0.7927670 -0.2535086 0.3855042
v -0.6640188 -0.5038296 0.3894994
v -0.4643176 -0.7022482 0.3880528
v -0.2132114 -0.8293420 0.3813061
v 0.0647197 -0.8726700 0.3699198
v 0.3422698 -0.8279910 0.3550083
v 0.5922705 -0.6996785 0.3380314
v 0.7902499 -0.5002927 0.3206508
v 0.9168284 -0.2493507 0.3045679
v 0.9596157 0.0285834 0.2913570
v 0.9144234 0.3063035 0.2823113
v 0.7856752 0.5566245 0.2783161
v 0.5859739 0.7550432 0.2797627
v 0.3348678 0.8821369 0.2865094
v 0.0569367 0.9254649 0.2978957
v -0.2206135 0.8807859 0.3128072
v -0.4706141 0.7524735 0.3297841
v -0.6685935 0.5530876 0.3471647
v -0.7951721 0.3021456 0.3632476
v -0.8379593 0.0242115 0.3764585
v -0.8095854 0.0366037 0.6774483
v -0.7653597 -0.2347748 0.6881967
v -0.6393750 -0.4792435 0.6971803
v -0.4439637 -0.6728719 0.7035198
v -0.1982539 -0.7967064 0.7065945
v 0.0737026 -0.8386252 0.7061036
v 0.3452847 -0.7945251 0.7020950
v 0.5899081 -0.6687228 0.6949611
v 0.7836275 -0.4735327 0.6854003
v 0.9074801 -0.2280615 0.6743485
v 0.9493424 0.0436625 0.6628874
v 0.9051166 0.3150411 0.6521389
v 0.7791320 0.5595097 0.6431553
v 0.5837206 0.7531381 0.6368159
v 0.3380108 0.8769726 0.6337411
v 0.0660544 0.9188914 0.6342321
v -0.2055277 0.8747913 0.6382407
v -0.4501512 0.7489890 0.6453745
v -0.6438705 0.5537989 0.6549353
v -0.7677231 0.3083277 0.6659872
v -0.8095854 0.0366037 0.6774483
v -0.7924623 0.0490514 0.9786052
v -0.7492789 -0.2159626 0.9905811
v -0.6262653 -0.4545731 1.0037476
v -0.4354631 -0.6434231 1.0168158
v -0.1955491 -0.7640269 1.0285065
v 0.0699921 -0.8045787 1.0376753
v 0.3351675 -0.7611092 1.0434248
v 0.5740199 -0.6378734 1.0451921
v 0.7631687 -0.4469345 1.0428042
v 0.8840988 -0.2069829 1.0364949
v 0.9249726 0.0584932 1.0268818
v 0.8817892 0.3235072 1.0149059
v 0.7587756 0.5621176 1.0017394
v 0.5679733 0.7509677 0.9886712
v 0.3280594 0.8715714 0.9769805
v 0.0625182 0.9121233 0.9678117
v -0.2026572 0.8686538 0.9620622
v -0.4415096 0.7454180 0.9602949
v -0.6306584 0.5544791 0.9626828
v -0.7515885 0.3145275 0.9689921
v -0.7924623 0.0490514 0.9786052
v -0.7857507 0.0612468 1.2800737
v -0.7436487 -0.1973791 1.2928103
v -0.6237478 -0.4301282 1.3093554
v -0.4377846 -0.6142174 1.3280895
v -0.2039626 -0.7316269 1.3471789
v 0.0548302 -0.7708637 1.3647549
v 0.3132612 -0.7280871 1.3790970
v 0.5460335 -0.6074844 1.3888014
v 0.7303616 -0.4208610 1.3929181
v 0.8482023 -0.1864848 1.3910441
v 0.8880205 0.0727017 1.3833629
v 0.8459185 0.3313275 1.3706264
v 0.7260176 0.5640766 1.3540813
v 0.5400544 0.7481659 1.3353471
v 0.3062324 0.8655754 1.3162577
v 0.0474396 0.9048122 1.2986818
v -0.2109914 0.8620356 1.2843396
v -0.4437637 0.7414329 1.2746353
v -0.6280918 0.5548094 1.2705186
v -0.7459325 0.3204333 1.2723925
v -0.7857507 0.0612468 1.2800737
v -0.7885882 0.0728692 1.5819276
v -0.7475747 -0.1793425 1.5949728
v -0.6308683 -0.4062268 1.6141069
v -0.4498929 -0.5855748 1.6374569
v -0.2223637 -0.6998305 1.6627371
v 0.0294471 -0.7378100 1.6874730
v 0.2808906 -0.6957954 1.7092432
v 0.5073537 -0.5778995 1.7259166
v 0.6866687 -0.3956627 1.7358613
v 0.8012829 -0.1669236 1.7381037
v 0.8399771 0.0859271 1.7324243
v 0.7989636 0.3381388 1.7193791
v 0.6822572 0.5650231 1.7002450
v 0.5012818 0.7443711 1.6768950
v 0.2737526 0.8586268 1.6516147
v 0.0219418 0.8966063 1.6268789
v -0.2295017 0.8545917 1.6051087
v -0.4559648 0.7366958 1.5884352
v -0.6352798 0.5544590 1.5784906
v -0.7498940 0.3257199 1.5762482
v -0.7885882 0.0728692 1.5819276
v -0.8000792 0.0835854 1.8841821
v -0.7601349 -0.1621820 1.8971043
v -0.6466534 -0.3831951 1.9180626
v -0.4707432 -0.5578198 1.9450054
v -0.2496235 -0.6689626 1.9752954
v -0.0049390 -0.7057439 2.0059676
v 0.2393587 -0.6645635 2.0340196
v 0.4593561 -0.5494523 2.0567055
v 0.6335184 -0.3716782 2.0718046
v 0.7447974 -0.1486430 2.0778388
v 0.7823002 0.0978211 2.0742177
v 0.7423558 0.3435884 2.0612955
v 0.6288743 0.5646016 2.0403372
v 0.4529641 0.7392263 2.0133944
v 0.2318444 0.8503690 1.9831044
v -0.0128400 0.8871504 1.9524322
v -0.2571377 0.8459700 1.9243802
v -0.4771352 0.7308588 1.9016943
v -0.6512975 0.5530847 1.8865952
v -0.7625764 0.3300495 1.8805609
v -0.8000792 0.0835854 1.8841821
v -0.8192892 0.0930506 2.1868079
v -0.7803738 -0.1462367 2.1991990
v -0.6701053 -0.3613670 2.2212491
v -0.4992776 -0.5312817 2.2507998
v -0.2846124 -0.6393484 2.2849584
v -0.0471227 -0.6749889 2.3203812
v 0.1899443 -0.6347143 2.3536009
v 0.4033830 -0.5224671 2.3813656
v 0.5723003 -0.3492347 2.4009575
v 0.6801616 -0.1319745 2.4104589
v 0.7164086 0.1080468 2.4089397
v 0.6774932 0.3473341 2.3965486
v 0.5672246 0.5624644 2.3744985
v 0.3963969 0.7323791 2.3449478
v 0.1817317 0.8404458 2.3107892
v -0.0557580 0.8760863 2.2753664
v -0.2928250 0.8358117 2.2421467
v -0.5062636 0.7235645 2.2143820
v -0.6751810 0.5503321 2.1947901
v -0.7830422 0.3330718 2.1852887
v -0.8192892 0.0930506 2.1868079
v -0.8452413 0.1009093 2.4897431
v -0.8072996 -0.1318553 2.5012211
v -0.7001991 -0.3410831 2.5236683
v -0.5344233 -0.5062934 2.5548875
v -0.3261996 -0.6113143 2.5918226
v -0.0959104 -0.6458655 2.6308582
v 0.1339020 -0.6065650 2.6681733
v 0.3407420 -0.4972598 2.7001152
v 0.5043626 -0.3286494 2.7235572
v 0.6087475 -0.1172387 2.7362046
v 0.6436788 0.1162782 2.7368194
v 0.6057371 0.3490428 2.7253414
v 0.4986366 0.5582706 2.7028942
v 0.3328608 0.7234809 2.6716750
v 0.1246371 0.8285018 2.6347399
v -0.1056521 0.8630530 2.5957043
v -0.3354645 0.8237525 2.5583892
v -0.5423045 0.7144473 2.5264473
v -0.7059251 0.5458369 2.5030053
v -0.8103100 0.3344262 2.4903579
v -0.8452413 0.1009093 2.4897431
v -0.8769158 0.1067968 2.7929045
v -0.8398834 -0.1193943 2.8031143
v -0.7358818 -0.3226904 2.8253047
v -0.5750915 -0.4831916 2.8573034
v -0.3732517 -0.5851867 2.8959783
v -0.1501199 -0.6186919 2.9375435
v 0.0724621 -0.5804274 2.9779304
v 0.2727066 -0.4741388 3.0131857
v 0.4310122 -0.3102303 3.0398582
v 0.5318828 -0.1047466 3.0553371
v 0.5654446 0.1221984 3.0581072
v 0.5284122 0.3483895 3.0478974
v 0.4244106 0.5516856 3.0257070
v 0.2636203 0.7121868 2.9937082
v 0.0617805 0.8141819 2.9550334
v -0.1613512 0.8476871 2.9134681
v -0.3839333 0.8094226 2.8730812
v -0.5841778 0.7031340 2.8378260
v -0.7424834 0.5392255 2.8111535
v -0.8433540 0.3337418 2.7956746
v -0.8769158 0.1067968 2.7929045
v -0.9132514 0.1103401 3.0961959
v -0.8770596 -0.1092173 3.1048101
v -0.7760733 -0.3065410 3.1261320
v -0.6201776 -0.4623156 3.1580747
v -0.4246326 -0.5612927 3.1975111
v -0.2085798 -0.5937838 3.2405812
v 0.0068321 -0.5566085 3.2830688
v 0.2005172 -0.4534056 3.3208150
v 0.3535162 -0.2942775 3.3501249
v 0.4508525 -0.0948006 3.3681295
v 0.4829980 0.1254988 3.3730664
v 0.4468063 0.3450562 3.3644522
v 0.3458199 0.5423799 3.3431302
v 0.1899242 0.6981545 3.3111876
v -0.0056207 0.7971316 3.2717511
v -0.2216735 0.8296227 3.2286811
v -0.4370855 0.7924474 3.1861934
v -0.6307706 0.6892445 3.1484472
v -0.7837696 0.5301164 3.1191373
v -0.8811058 0.3306395 3.1011327
v -0.9132514 0.1103401 3.0961959
v -0.9531470 0.1111591 3.3995155
v -0.9177282 -0.1016943 3.4062339
v -0.8196667 -0.2929916 3.4261189
v -0.6685612 -0.4440075 3.4572238
v -0.4792032 -0.5399595 3.4965040
v -0.2701282 -0.5714550 3.5401143
v -0.0618020 -0.5354111 3.5837860
v 0.1253829 -0.4353560 3.6232441
v 0.2731037 -0.2810838 3.6546262
v 0.3669004 -0.0876958 3.6748604
v 0.3975915 0.1258780 3.6819660
v 0.3621727 0.3387313 3.6752475
v 0.2641111 0.5300287 3.6553626
v 0.1130057 0.6810446 3.6242577
v -0.0763524 0.7769965 3.5849775
v -0.2854273 0.8084920 3.5413672
v -0.4937535 0.7724481 3.4976955
v -0.6809385 0.6723930 3.4582374
v -0.8286593 0.5181209 3.4268553
v -0.9224559 0.3247328 3.4066211
v -0.9531470 0.1111591 3.3995155
v -0.9954645 0.1088674 3.7027596
v -0.9607565 -0.0972002 3.7073097
v -0.8655305 -0.2824027 3.7252320
v -0.7191079 -0.4286113 3.7547721
v -0.5358214 -0.5215140 3.7930384
v -0.3336124 -0.5520169 3.8362853
v -0.1322747 -0.5171342 3.8802793
v 0.0484836 -0.4202804 3.9207140
v 0.1909684 -0.2709362 3.9536315
v 0.2812325 -0.0837206 3.9758094
v 0.3104400 0.1230406 3.9850769
v 0.2757321 0.3291082 3.9805268
v 0.1805061 0.5143107 3.9626046
v 0.0340834 0.6605193 3.9330644
v -0.1492031 0.7534220 3.8947981
v -0.3514120 0.7839249 3.8515512
v -0.5527498 0.7490422 3.8075572
v -0.7335080 0.6521884 3.7671225
v -0.8759929 0.5028443 3.7342050
v -0.9662569 0.3156286 3.7120271
v -0.9954645 0.1088674 3.7027596
v -1.0390307 0.1030733 4.0058255
v -1.0049813 -0.0961146 4.0079617
v -0.9125102 -0.2751378 4.0234386
v -0.7706692 -0.4164723 4.0507411
v -0.5933426 -0.5062832 4.0871966
v -0.3978883 -0.5357793 4.1292366
v -0.2034389 -0.5020733 4.1727459
v -0.0290283 -0.4084646 4.2134657
v 0.1082708 -0.2641161 4.2474098
v 0.1950188 -0.0831578 4.2712557
v 0.2227241 0.1166969 4.2826691
v 0.1886747 0.3158848 4.2805328
v 0.0962037 0.4949080 4.2650559
v -0.0456374 0.6362425 4.2377534
v -0.2229640 0.7260535 4.2012980
v -0.4184182 0.7555496 4.1592579
v -0.6128677 0.7218436 4.1157486
v -0.7872782 0.6282348 4.0750289
v -0.9245774 0.4838863 4.0410847
v -1.0113254 0.3029280 4.0172389
v -1.0390307 0.1030733 4.0058255
v -1.0826400 0.0933809 4.3086111
v -1.0492109 -0.0988207 4.3081161
v -0.9594296 -0.2715631 4.3207080
v -0.8220845 -0.4079373 4.3451544
v -0.6506199 -0.4945938 4.3790622
v -0.4618200 -0.5230501 4.4191123
v -0.2741657 -0.4905209 4.4613844
v -0.1060261 -0.4001901 4.5017406
v 0.0261403 -0.2609001 4.5362304
v 0.1093960 -0.0862855 4.5614779
v 0.1355914 0.1065612 4.5750115
v 0.1021623 0.2987628 4.5755066
v 0.0123810 0.4715053 4.5629147
v -0.1249641 0.6078794 4.5384683
v -0.2964287 0.6945359 4.5045605
v -0.4852287 0.7229923 4.4645103
v -0.6728829 0.6904630 4.4222383
v -0.8410226 0.6001322 4.3818821
v -0.9731889 0.4608422 4.3473923
v -1.0564446 0.2862276 4.3221448
v -1.0826400 0.0933809 4.3086111
v -1.1250560 0.0793904 4.6110141
v -1.0922269 -0.1057047 4.6076989
v -1.0050922 -0.2720470 4.6170108
v -0.8721813 -0.4033539 4.6380380
v -0.7065044 -0.4867720 4.6687224
v -0.5242791 -0.5141358 4.7060604
v -0.3433430 -0.4827667 4.7463970
v -0.1814072 -0.3957354 4.7857838
v -0.0543233 -0.2615612 4.8203653
v 0.0254690 -0.0933778 4.8467566
v 0.0501589 0.0923517 4.8623741
v 0.0173298 0.2774468 4.8656893
v -0.0698049 0.4437892 4.8563774
v -0.2027159 0.5750960 4.8353502
v -0.3683928 0.6585141 4.8046658
v -0.5506180 0.6858779 4.7673278
v -0.7315542 0.6545088 4.7269912
v -0.8934899 0.5674775 4.6876044
v -1.0205738 0.4333033 4.6530229
v -1.1003661 0.2651199 4.6266316
v -1.1250560 0.0793904 4.6110141
v -1.1650132 0.0606998 4.9129273
v -1.1327853 -0.1171548 4.9066346
v -1.0482823 -0.2769590 4.9123179
v -0.9197758 -0.4030702 4.9294207
v -0.7598451 -0.4831438 4.9562690
v -0.5841451 -0.5093415 4.9902347
v -0.4098747 -0.4790990 5.0279930
v -0.2540927 -0.3953766 5.0658478
v -0.1320481 -0.2663697 5.1000936
v -0.0556875 -0.1047063 5.1273783
v -0.0324855 0.0737888 5.1450309
v -0.0647134 0.2516434 5.1513236
v -0.1492164 0.4114476 5.1456404
v -0.2777229 0.5375588 5.1285375
v -0.4376536 0.6176324 5.1016892
v -0.6133536 0.6438301 5.0677235
v -0.7876240 0.6135876 5.0299653
v -0.9434060 0.5298652 4.9921105
v -1.0654506 0.4008583 4.9578646
v -1.1418113 0.2391949 4.9305800
v -1.1650132 0.0606998 4.9129273
v -1.2012183 0.0369061 5.2142345
v -1.1696182 -0.1335596 5.2048412
v -1.0877660 -0.2866689 5.2065980
v -0.9636740 -0.4074346 5.2193331
v -0.8094893 -0.4840352 5.2417998
v -0.6403043 -0.5089725 5.2717989
v -0.4726803 -0.4798055 5.3063939
v -0.3230253 -0.3993892 5.3421984
v -0.2059887 -0.2755953 5.3757076
v -0.1330268 -0.1205417 5.4036415
v -0.1112817 0.0505939 5.4232655
v -0.1428818 0.2210596 5.4326588
v -0.2247340 0.3741689 5.4309020
v -0.3488260 0.4949346 5.4181669
v -0.5030107 0.5715352 5.3957002
v -0.6721957 0.5964725 5.3657011
v -0.8398197 0.5673055 5.3311061
v -0.9894747 0.4868892 5.2953016
v -1.1065113 0.3630953 5.2617924
v -1.1794732 0.2080417 5.2338585
v -1.2012183 0.0369061 5.2142345
v -1.2323523 0.0076084 5.5148025
v -1.2014347 -0.1553064 5.5022248
v -1.1222921 -0.3015459 5.4998142
v -1.0026714 -0.4167950 5.5078066
v -0.8542819 -0.4897723 5.5254197
v -0.6916491 -0.5133344 5.5509295
v -0.5306926 -0.4851748 5.5818387
v -0.3871679 -0.4080500 5.6151219
v -0.2751242 -0.2895094 5.6475210
v -0.2055292 -0.1411567 5.6758646
v -0.1851953 0.0224863 5.6973782
v -0.2161128 0.1854012 5.7099559
v -0.2952555 0.3316406 5.7123665
v -0.4148762 0.4468897 5.7043740
v -0.5632657 0.5198671 5.6867609
v -0.7258985 0.5434291 5.6612512
v -0.8868550 0.5152695 5.6303419
v -1.0303797 0.4381447 5.5970588
v -1.1424233 0.3196041 5.5646597
v -1.2120184 0.1712515 5.5363161
v -1.2323523 0.0076084 5.5148025
v -1.2570729 -0.0275894 5.8144730
v -1.2269234 -0.1827786 5.7986731
v -1.1505930 -0.3219560 5.7919190
v -1.0355532 -0.4314980 5.7948718
v -0.8930650 -0.5006818 5.8072424
v -0.7370762 -0.5227352 5.8278201
v -0.5828560 -0.4954996 5.8545904
v -0.4455005 -0.4216408 5.8849330
v -0.3384551 -0.3083888 5.9158776
v -0.2721981 -0.1668294 5.9443952
v -0.2532152 -0.0108194 5.9676943
v -0.2833646 0.1443698 5.9834942
v -0.3596951 0.2835472 5.9902484
v -0.4747349 0.3930892 5.9872956
v -0.6172230 0.4622730 5.9749249
v -0.7732119 0.4843265 5.9543473
v -0.9274321 0.4570908 5.9275769
v -1.0647876 0.3832321 5.8972344
v -1.1718330 0.2699800 5.8662898
v -1.2380900 0.1284206 5.8377722
v -1.2570729 -0.0275894 5.8144730
v -1.2740188 -0.0690734 6.1130533
v -1.2447555 -0.2163511 6.0940474
v -1.1713870 -0.3482600 6.0828495
v -1.0610954 -0.4518880 6.0805559
v -0.9246765 -0.5170913 6.0873910
v -0.7754842 -0.5374872 6.1026858
v -0.6281224 -0.5110794 6.1249430
v -0.4970158 -0.4404528 6.1519840
v -0.3949981 -0.3325208 6.1811619
v -0.3320555 -0.1978485 6.2096205
v -0.3143493 -0.0496187 6.2345740
v -0.3436126 0.0976590 6.2535799
v -0.4169810 0.2295679 6.2647778
v -0.5272727 0.3331959 6.2670714
v -0.6636915 0.3983991 6.2602363
v -0.8128838 0.4187951 6.2449416
v -0.9602457 0.3923873 6.2226843
v -1.0913523 0.3217607 6.1956433
v -1.1933700 0.2138287 6.1664654
v -1.2563126 0.0791564 6.1380068
v -1.2740188 -0.0690734 6.1130533
v -1.2818167 -0.1172139 6.4103059
v -1.2535895 -0.2563860 6.3881743
v -1.1833813 -0.3808097 6.3725217
v -1.0780645 -0.4783055 6.3648805
v -0.9479483 -0.5393300 6.3659985
v -0.8057694 -0.5579095 6.3757663
v -0.6654452 -0.5322254 6.3932278
v -0.5407117 -0.4647919 6.4166737
v -0.4437785 -0.3622097 6.4438090
v -0.3841343 -0.2345204 6.4719775
v -0.3676174 -0.0942230 6.4984218
v -0.3958446 0.0449491 6.5205534
v -0.4660528 0.1693728 6.5362060
v -0.5713696 0.2668686 6.5438472
v -0.7014858 0.3278931 6.5427292
v -0.8436647 0.3464726 6.5329614
v -0.9839889 0.3207885 6.5154999
v -1.1087225 0.2533550 6.4920540
v -1.2056556 0.1507728 6.4649187
v -1.2652998 0.0230835 6.4367502
v -1.2818167 -0.1172139 6.4103059
v -1.2790910 -0.1723569 6.7059408
v -1.2520798 -0.3032254 6.6808387
v -1.1852763 -0.4199431 6.6608248
v -1.0852197 -0.5110848 6.6478580
v -0.9617041 -0.5677290 6.6432077
v -0.8268201 -0.5843308 6.6473291
v -0.6937712 -0.5592653 6.6598187
v -0.5755810 -0.4949859 6.6794540
v -0.4838190 -0.3977849 6.7043128
v -0.4274672 -0.2771769 6.7319620
v -0.4120420 -0.1449678 6.7596950
v -0.4390531 -0.0140993 6.7847970
v -0.5058566 0.1026184 6.8048109
v -0.6059133 0.1937601 6.8177777
v -0.7294289 0.2504043 6.8224280
v -0.8643129 0.2670061 6.8183066
v -0.9973618 0.2419406 6.8058170
v -1.1155519 0.1776613 6.7861818
v -1.2073140 0.0804602 6.7613229
v -1.2636657 -0.0401478 6.7336737
v -1.2790910 -0.1723569 6.7059408
v -1.2644771 -0.2348159 6.9996096
v -1.2388864 -0.3571844 6.9717791
v -1.1757727 -0.4659793 6.9476174
v -1.0813138 -0.5505510 6.9294896
v -0.9647562 -0.6026210 6.9191702
v -0.8375092 -0.6170924 6.9176693
v -0.7120288 -0.5925487 6.9251340
v -0.6005977 -0.5313922 6.9408334
v -0.5141237 -0.4396095 6.9632308
v -0.4610714 -0.3261849 6.9901338
v -0.4466340 -0.2022211 7.0189089
v -0.4722247 -0.0798527 7.0467394
v -0.5353384 0.0289422 7.0709012
v -0.6297973 0.1135139 7.0890290
v -0.7463549 0.1655840 7.0993483
v -0.8736019 0.1800554 7.1008492
v -0.9990823 0.1555116 7.0933845
v -1.1105134 0.0943552 7.0776851
v -1.1969874 0.0025725 7.0552878
v -1.2500397 -0.1108522 7.0283848
v -1.2644771 -0.2348159 6.9996096
v -1.2366387 -0.3048628 7.2909066
v -1.2126887 -0.4185427 7.2606866
v -1.1535795 -0.5192120 7.2327262
v -1.0650972 -0.5970164 7.2097626
v -0.9559030 -0.6443399 7.1940435
v -0.8366856 -0.6565502 7.1871076
v -0.7191149 -0.6324520 7.1896338
v -0.6146995 -0.5744043 7.2013749
v -0.5336603 -0.4880891 7.2211816
v -0.4839299 -0.3819555 7.2471150
v -0.4703764 -0.2663927 7.2766367
v -0.4943265 -0.1527128 7.3068567
v -0.5534357 -0.0520436 7.3348171
v -0.6419180 0.0257608 7.3577807
v -0.7511122 0.0730844 7.3734998
v -0.8703295 0.0852947 7.3804357
v -0.9879002 0.0611965 7.3779095
v -1.0923157 0.0031487 7.3661684
v -1.1733549 -0.0831665 7.3463617
v -1.2230852 -0.1893001 7.3204282
v -1.2366387 -0.3048628 7.2909066
v -1.1942866 -0.3827199 7.5793766
v -1.1722004 -0.4875378 7.5472114
v -1.1174245 -0.5799039 7.5159493
v -1.0353206 -0.6507767 7.4886507
v -0.9339257 -0.6932186 7.4679876
v -0.8231650 -0.7030751 7.4559827
v -0.7138805 -0.6793814 7.4538111
v -0.6167697 -0.6244569 7.4616854
v -0.5413386 -0.5436779 7.4788349
v -0.4949708 -0.4449516 7.5035807
v -0.4822052 -0.3379420 7.5335006
v -0.5042913 -0.2331240 7.5656659
v -0.5590673 -0.1407579 7.5969279
v -0.6411711 -0.0698852 7.6242265
v -0.7425661 -0.0274433 7.6448896
v -0.8533268 -0.0175868 7.6568945
v -0.9626113 -0.0412804 7.6590661
v -1.0597221 -0.0962050 7.6511918
v -1.1351532 -0.1769840 7.6340424
v -1.1815210 -0.2757103 7.6092965
v -1.1942866 -0.3827199 7.5793766
v -1.1361956 -0.4685555 7.8645335
v -1.1161840 -0.5643597 7.8309765
v -1.0660633 -0.6482814 7.7970639
v -0.9907397 -0.7121056 7.7661153
v -0.8975864 -0.7495848 7.7411601
v -0.7957219 -0.7570503 7.7246412
v -0.6951173 -0.7337713 7.7181756
v -0.6056207 -0.6820265 7.7223960
v -0.5359924 -0.6068811 7.7368895
v -0.4930483 -0.5156908 7.7602373
v -0.4809919 -0.4173820 7.7901540
v -0.5010035 -0.3215778 7.8237110
v -0.5511242 -0.2376561 7.8576236
v -0.6264478 -0.1738319 7.8885722
v -0.7196011 -0.1363527 7.9135274
v -0.8214656 -0.1288872 7.9300463
v -0.9220702 -0.1521662 7.9365119
v -1.0115668 -0.2039110 7.9322915
v -1.0811951 -0.2790564 7.9177980
v -1.1241392 -0.3702467 7.8944502
v -1.1361956 -0.4685555 7.8645335
v -1.0612169 -0.5624853 8.1458874
v -1.0434599 -0.6491498 8.1115993
v -0.9982862 -0.7245311 8.0758401
v -0.9301178 -0.7812504 8.0421102
v -0.8456273 -0.8137555 8.0137112
v -0.7530854 -0.8188646 7.9934231
v -0.6615506 -0.7960777 7.9832318
v -0.5799831 -0.7476252 7.9841349
v -0.5163672 -0.6782501 7.9960439
v -0.4769301 -0.5947432 8.0177933
v -0.4655321 -0.5052787 8.0472539
v -0.4832891 -0.4186142 8.0815420
v -0.5284627 -0.3432329 8.1173011
v -0.5966312 -0.2865137 8.1510311
v -0.6811217 -0.2540086 8.1794301
v -0.7736636 -0.2488994 8.1997182
v -0.8651984 -0.2716864 8.2099095
v -0.9467659 -0.3201388 8.2090064
v -1.0103818 -0.3895140 8.1970974
v -1.0498189 -0.4730209 8.1753480
v -1.0612169 -0.5624853 8.1458874
v -0.9682787 -0.6645789 8.4229771
v -0.9529083 -0.7420039 8.3887180
v -0.9129196 -0.8087991 8.3520593
v -0.8522270 -0.8584262 8.3165892
v -0.7767715 -0.8860272 8.2857799
v -0.6939393 -0.8889005 8.2626472
v -0.6118385 -0.8667647 8.2494554
v -0.5385057 -0.8217867 8.2474960
v -0.4811192 -0.7583693 8.2569606
v -0.4452965 -0.6827201 8.2769229
v -0.4345441 -0.6022442 8.3054287
v -0.4499145 -0.5248192 8.3396877
v -0.4899032 -0.4580240 8.3763465
v -0.5505958 -0.4083970 8.4118166
v -0.6260512 -0.3807959 8.4426259
v -0.7088835 -0.3779226 8.4657586
v -0.7909843 -0.4000584 8.4789503
v -0.8643171 -0.4450364 8.4809098
v -0.9217036 -0.5084539 8.4714452
v -0.9575263 -0.5841031 8.4514829
v -0.9682787 -0.6645789 8.4229771
v -0.8563720 -0.7748729 8.6954015
v -0.8434567 -0.8429785 8.6620180
v -0.8088175 -0.9011897 8.6255322
v -0.7558450 -0.9438083 8.5895154
v -0.6897247 -0.9666626 8.5574933
v -0.6169287 -0.9675153 8.5326003
v -0.5445830 -0.9462831 8.5172732
v -0.4797691 -0.9050442 8.5130124
v -0.4288316 -0.8478355 8.5202348
v -0.3967565 -0.7802568 8.5382335
v -0.3866836 -0.7089234 8.5652467
v -0.3995989 -0.6408178 8.5986301
v -0.4342381 -0.5826066 8.6351159
v -0.4872105 -0.5399879 8.6711327
v -0.5533309 -0.5171337 8.7031549
v -0.6261268 -0.5162810 8.7280478
v -0.6984726 -0.5375132 8.7433749
v -0.7632864 -0.5787521 8.7476358
v -0.8142240 -0.6359608 8.7404134
v -0.8462991 -0.7035395 8.7224147
v -0.8563720 -0.7748729 8.6954015
v -0.7245167 -0.8933852 8.9628396
v -0.7140521 -0.9520969 8.9312507
v -0.6848416 -1.0017625 8.8961151
v -0.6397446 -1.0375203 8.8608720
v -0.5831754 -1.0558700 8.8289714
v -0.5206715 -1.0550156 8.8035359
v -0.4583512 -1.0350407 8.7870553
v -0.4023148 -0.9979004 8.7811428
v -0.3580476 -0.9472305 8.7863771
v -0.3298827 -0.8879907 8.8022460
v -0.3205772 -0.8259799 8.8271960
v -0.3310418 -0.7672682 8.8587849
v -0.3602523 -0.7176027 8.8939205
v -0.4053493 -0.6818449 8.9291635
v -0.4619185 -0.6634951 8.9610641
v -0.5244224 -0.6643495 8.9864997
v -0.5867427 -0.6843245 9.0029803
v -0.6427790 -0.7214647 9.0088928
v -0.6870463 -0.7721347 9.0036585
v -0.7152111 -0.8313745 8.9877896
v -0.7245167 -0.8933852 8.9628396
v -0.5717070 -1.0201258 9.2250481
v -0.5636124 -1.0693467 9.1962356
v -0.5398246 -1.1105173 9.1637163
v -0.5026720 -1.1396075 9.1306735
v -0.4557915 -1.1537698 9.1003415
v -0.4037719 -1.1516178 9.0756896
v -0.3517054 -1.1333622 9.0591307
v -0.3046886 -1.1007900 9.0522859
v -0.2673238 -1.0570896 9.0558250
v -0.2432685 -1.0065387 9.0694018
v -0.2348774 -0.9540855 9.0916871
v -0.2429720 -0.9048646 9.1204996
v -0.2667598 -0.8636939 9.1530189
v -0.3039123 -0.8346037 9.1860618
v -0.3507929 -0.8204415 9.2163937
v -0.4028124 -0.8225934 9.2410457
v -0.4548789 -0.8408490 9.2576045
v -0.5018958 -0.8734212 9.2644494
v -0.5392606 -0.9171216 9.2609102
v -0.5633159 -0.9676726 9.2473335
v -0.5717070 -1.0201258 9.2250481
v -0.3968215 -1.1550907 9.4818194
v -0.3909452 -1.1946533 9.4568350
v -0.3725043 -1.2273496 9.4282897
v -0.3433039 -1.2499790 9.3989776
v -0.3062024 -1.2603265 9.3717682
v -0.2648314 -1.2573791 9.3493247
v -0.2232407 -1.2414254 9.3338442
v -0.1855016 -1.2140270 9.3268420
v -0.1553080 -1.1778659 9.3290035
v -0.1356156 -1.1364817 9.3401171
v -0.1283521 -1.0939255 9.3590949
v -0.1342284 -1.0543629 9.3840794
v -0.1526693 -1.0216666 9.4126247
v -0.1818697 -0.9990372 9.4419367
v -0.2189712 -0.9886897 9.4691462
v -0.2603422 -0.9916371 9.4915896
v -0.3019329 -1.0075908 9.5070701
v -0.3396721 -1.0349892 9.5140723
v -0.3698656 -1.0711503 9.5119109
v -0.3895580 -1.1125345 9.5007973
v -0.3968215 -1.1550907 9.4818194
v -0.1736508 -1.2917187 9.7199856
v -0.1707497 -1.3138961 9.7049963
v -0.1608500 -1.3319950 9.6876943
v -0.1449209 -1.3442438 9.6697733
v -0.1245217 -1.3494434 9.6529874
v -0.1016490 -1.3470850 9.6389798
v -0.0785420 -1.3373992 9.6291216
v -0.0574623 -1.3213344 9.6243779
v -0.0404736 -1.3004629 9.6252130
v -0.0292387 -1.2768279 9.6315451
v -0.0248574 -1.2527429 9.6427544
v -0.0277586 -1.2305655 9.6577437
v -0.0376582 -1.2124666 9.6750457
v -0.0535873 -1.2002178 9.6929668
v -0.0739866 -1.1950182 9.7097527
v -0.0968592 -1.1973766 9.7237603
v -0.1199663 -1.2070624 9.7336184
v -0.1410459 -1.2231272 9.7383622
v -0.1580346 -1.2439987 9.7375271
v -0.1692695 -1.2676337 9.7311950
v -0.1736508 -1.2917187 9.7199856
v 0.0661010 -1.4371089 9.9538534
v 0.0668367 -1.4436944 9.9491251
v 0.0696325 -1.4489996 9.9436199
v 0.0742147 -1.4525051 9.9378770
v 0.0801349 -1.4538678 9.9324582
v 0.0868135 -1.4529544 9.9278942
v 0.0935967 -1.4498541 9.9246317
v 0.0998206 -1.4448705 9.9229899
v 0.1048759 -1.4384915 9.9231297
v 0.1082678 -1.4313414 9.9250374
v 0.1096642 -1.4241201 9.9285261
v 0.1089285 -1.4175346 9.9332545
v 0.1061327 -1.4122294 9.9387596
v 0.1015504 -1.4087239 9.9445026
v 0.0956303 -1.4073612 9.9499213
v 0.0889517 -1.4082746 9.9544853
v 0.0821685 -1.4113749 9.9577479
v 0.0759446 -1.4163585 9.9593896
v 0.0708893 -1.4227375 9.9592498
v 0.0674974 -1.4298876 9.9573422
v 0.0661010 -1.4371089 9.9538534
v 0.2988144 -1.6003755 10.2007259
v 0.2988512 -1.6007368 10.2004593
v 0.2990005 -1.6010260 10.2001477
v 0.2992475 -1.6012147 10.1998217
v 0.2995683 -1.6012846 10.1995131
v 0.2999313 -1.6012287 10.1992522
v 0.3003010 -1.6010525 10.1990645
v 0.3006413 -1.6007733 10.1989683
v 0.3009188 -1.6004184 10.1989732
v 0.3011063 -1.6000225 10.1990785
v 0.3011856 -1.5996245 10.1992741
v 0.3011488 -1.5992632 10.1995407
v 0.3009995 -1.5989740 10.1998523
v 0.3007525 -1.5987853 10.2001783
v 0.3004317 -1.5987154 10.2004869
v 0.3000687 -1.5987713 10.2007478
v 0.2996990 -1.5989475 10.2009355
v 0.2993587 -1.5992267 10.2010317
v 0.2990812 -1.5995816 10.2010268
v 0.2988937 -1.5999775 10.2009215
v 0.2988144 -1.6003755 10.2007259
v 0.0000000 0.0000000 -0.3500000
v 0.3000000 -1.6000000 10.2000000
v -0.3586090 -0.6480824 1.2394991
v -0.3469214 -0.6539994 1.1907019
v -0.3143701 -0.6687347 1.1549799
v -0.2696773 -0.6883398 1.1419047
v -0.2248182 -0.7075618 1.1549799
v -0.1918130 -0.7212499 1.1907019
v -0.1795052 -0.7257366 1.2394991
v -0.1911928 -0.7198195 1.2882962
v -0.2237441 -0.7050843 1.3240182
v -0.2684369 -0.6854791 1.3370934
v -0.3132960 -0.6662572 1.3240182
v -0.3463012 -0.6525690 1.2882962
v -0.3586090 -0.6480824 1.2394991
v -0.4501571 -0.6489126 1.2400930
v -0.4284516 -0.6599014 1.1494697
v -0.3679993 -0.6872669 1.0831288
v -0.2849982 -0.7236765 1.0588464
v -0.2016886 -0.7593744 1.0831288
v -0.1403931 -0.7847952 1.1494697
v -0.1175359 -0.7931276 1.2400930
v -0.1392414 -0.7821388 1.3307163
v -0.1996937 -0.7547733 1.3970572
v -0.2826948 -0.7183637 1.4213396
v -0.3660044 -0.6826659 1.3970572
v -0.4272999 -0.6572450 1.3307163
v -0.4501571 -0.6489126 1.2400930
v -0.5155520 -0.6712129 1.2408354
v -0.4877244 -0.6853011 1.1246517
v -0.4102214 -0.7203851 1.0395993
v -0.3038098 -0.7670641 1.0084679
v -0.1970026 -0.8128306 1.0395993
v -0.1184187 -0.8454214 1.1246517
v -0.0891145 -0.8561039 1.2408354
v -0.1169421 -0.8420157 1.3570191
v -0.1944451 -0.8069318 1.4420715
v -0.3008566 -0.7602528 1.4732028
v -0.4076638 -0.7144863 1.4420715
v -0.4862478 -0.6818955 1.3570191
v -0.5155520 -0.6712129 1.2408354
v -0.5155520 -0.6712129 1.2408354
v -0.4877244 -0.6853011 1.1246517
v -0.4102214 -0.7203851 1.0395993
v -0.3038098 -0.7670641 1.0084679
v -0.1970026 -0.8128306 1.0395993
v -0.1184187 -0.8454214 1.1246517
v -0.0891145 -0.8561039 1.2408354
v -0.1169421 -0.8420157 1.3570191
v -0.1944451 -0.8069318 1.4420715
v -0.3008566 -0.7602528 1.4732028
v -0.4076638 -0.7144863 1.4420715
v -0.4862478 -0.6818955 1.3570191
v -0.5155520 -0.6712129 1.2408354
v -0.4363775 -0.7106061 1.2409096
v -0.4191244 -0.7193407 1.1688757
v -0.3710726 -0.7410928 1.1161432
v -0.3050974 -0.7700338 1.0968418
v -0.2388769 -0.7984090 1.1161432
v -0.1901549 -0.8186153 1.1688757
v -0.1719863 -0.8252385 1.2409096
v -0.1892394 -0.8165038 1.3129435
v -0.2372913 -0.7947517 1.3656760
v -0.3032664 -0.7658108 1.3849774
v -0.3694869 -0.7374355 1.3656760
v -0.4182089 -0.7172292 1.3129435
v -0.4363775 -0.7106061 1.2409096
v -0.3563409 -0.6895887 1.2400930
v -0.3468795 -0.6943786 1.2005905
v -0.3205285 -0.7063072 1.1716727
v -0.2843485 -0.7221780 1.1610881
v -0.2480341 -0.7377386 1.1716727
v -0.2213155 -0.7488195 1.2005905
v -0.2113521 -0.7524516 1.2400930
v -0.2208135 -0.7476616 1.2795955
v -0.2471645 -0.7357331 1.3085133
v -0.2833445 -0.7198622 1.3190979
v -0.3196589 -0.7043016 1.3085133
v -0.3463774 -0.6932207 1.2795955
v -0.3563409 -0.6895887 1.2400930
v -0.2764518 -0.7039648 1.2397960
v -0.4000421 -0.5822216 1.9065642
v -0.3884136 -0.5865656 1.8603224
v -0.3572327 -0.5997656 1.8264710
v -0.3148544 -0.6182847 1.8140805
v -0.2726339 -0.6371608 1.8264710
v -0.2418842 -0.6513360 1.8603224
v -0.2308445 -0.6570121 1.9065642
v -0.2424730 -0.6526681 1.9528061
v -0.2736539 -0.6394681 1.9866575
v -0.3160321 -0.6209490 1.9990479
v -0.3582526 -0.6020729 1.9866575
v -0.3890024 -0.5878977 1.9528061
v -0.4000421 -0.5822216 1.9065642
v -0.4867994 -0.5823927 1.9060094
v -0.4652036 -0.5904600 1.8201316
v -0.4072963 -0.6149743 1.7572648
v -0.3285937 -0.6493670 1.7342539
v -0.2501842 -0.6844226 1.7572648
v -0.1930775 -0.7107479 1.8201316
v -0.1725753 -0.7212892 1.9060094
v -0.1941711 -0.7132219 1.9918871
v -0.2520784 -0.6887077 2.0547540
v -0.3307809 -0.6543150 2.0777648
v -0.4091904 -0.6192594 2.0547540
v -0.4662971 -0.5929340 1.9918871
v -0.4867994 -0.5823927 1.9060094
v -0.5489181 -0.6030849 1.9053158
v -0.5212311 -0.6134276 1.7952161
v -0.4469910 -0.6448562 1.7146176
v -0.3460903 -0.6889493 1.6851165
v -0.2455653 -0.7338924 1.7146176
v -0.1723516 -0.7676429 1.7952161
v -0.1460666 -0.7811573 1.9053158
v -0.1737536 -0.7708147 2.0154155
v -0.2479937 -0.7393861 2.0960140
v -0.3488944 -0.6952929 2.1255151
v -0.4494194 -0.6503499 2.0960140
v -0.5226331 -0.6165994 2.0154155
v -0.5489181 -0.6030849 1.9053158
v -0.5489181 -0.6030849 1.9053158
v -0.5212311 -0.6134276 1.7952161
v -0.4469910 -0.6448562 1.7146176
v -0.3460903 -0.6889493 1.6851165
v -0.2455653 -0.7338924 1.7146176
v -0.1723516 -0.7676429 1.7952161
v -0.1460666 -0.7811573 1.9053158
v -0.1737536 -0.7708147 2.0154155
v -0.2479937 -0.7393861 2.0960140
v -0.3488944 -0.6952929 2.1255151
v -0.4494194 -0.6503499 2.0960140
v -0.5226331 -0.6165994 2.0154155
v -0.5489181 -0.6030849 1.9053158
v -0.4741568 -0.6409467 1.9052464
v -0.4569909 -0.6473592 1.8369847
v -0.4109620 -0.6668449 1.7870136
v -0.3484036 -0.6941826 1.7687229
v -0.2860781 -0.7220473 1.7870136
v -0.2406856 -0.7429726 1.8369847
v -0.2243889 -0.7513516 1.9052464
v -0.2415548 -0.7449391 1.9735082
v -0.2875837 -0.7254534 2.0234793
v -0.3501421 -0.6981157 2.0417700
v -0.4124676 -0.6702510 2.0234793
v -0.4578601 -0.6493257 1.9735082
v -0.4741568 -0.6409467 1.9052464
v -0.3981721 -0.6215687 1.9060094
v -0.3887585 -0.6250852 1.8685755
v -0.3635169 -0.6357709 1.8411720
v -0.3292106 -0.6507626 1.8311416
v -0.2950321 -0.6660432 1.8411720
v -0.2701394 -0.6775184 1.8685755
v -0.2612026 -0.6821133 1.9060094
v -0.2706161 -0.6785968 1.9434433
v -0.2958578 -0.6679111 1.9708468
v -0.3301640 -0.6529194 1.9808771
v -0.3643425 -0.6376388 1.9708468
v -0.3892352 -0.6261636 1.9434433
v -0.3981721 -0.6215687 1.9060094
v -0.3225653 -0.6357289 1.9062868
v -0.4749376 -0.5232403 2.5618298
v -0.4634280 -0.5261466 2.5182265
v -0.4336350 -0.5377944 2.4863066
v -0.3935417 -0.5550626 2.4746232
v -0.3538910 -0.5733243 2.4863066
v -0.3253073 -0.5876862 2.5182265
v -0.3154496 -0.5943001 2.5618298
v -0.3269592 -0.5913938 2.6054332
v -0.3567522 -0.5797460 2.6373531
v -0.3968455 -0.5624778 2.6490365
v -0.4364962 -0.5442161 2.6373531
v -0.4650799 -0.5298542 2.6054332
v -0.4749376 -0.5232403 2.5618298
v -0.5568102 -0.5231319 2.5602836
v -0.5354352 -0.5285294 2.4793059
v -0.4801053 -0.5501609 2.4200262
v -0.4056463 -0.5822305 2.3983283
v -0.3320093 -0.6161450 2.4200262
v -0.2789253 -0.6428172 2.4793059
v -0.2606181 -0.6551001 2.5602836
v -0.2819931 -0.6497027 2.6412612
v -0.3373230 -0.6280711 2.7005410
v -0.4117820 -0.5960016 2.7222389
v -0.4854190 -0.5620870 2.7005410
v -0.5385030 -0.5354149 2.6412612
v -0.5568102 -0.5231319 2.5602836
v -0.6154816 -0.5424533 2.5583507
v -0.5880777 -0.5493731 2.4545333
v -0.5171420 -0.5771059 2.3785336
v -0.4216817 -0.6182207 2.3507158
v -0.3272753 -0.6617009 2.3785336
v -0.2592189 -0.6958959 2.4545333
v -0.2357482 -0.7116433 2.5583507
v -0.2631520 -0.7047235 2.6621682
v -0.3340877 -0.6769907 2.7381679
v -0.4295480 -0.6358759 2.7659857
v -0.5239544 -0.5923957 2.7381679
v -0.5920108 -0.5582007 2.6621682
v -0.6154816 -0.5424533 2.5583507
v -0.6154816 -0.5424533 2.5583507
v -0.5880777 -0.5493731 2.4545333
v -0.5171420 -0.5771059 2.3785336
v -0.4216817 -0.6182207 2.3507158
v -0.3272753 -0.6617009 2.3785336
v -0.2592189 -0.6958959 2.4545333
v -0.2357482 -0.7116433 2.5583507
v -0.2631520 -0.7047235 2.6621682
v -0.3340877 -0.6769907 2.7381679
v -0.4295480 -0.6358759 2.7659857
v -0.5239544 -0.5923957 2.7381679
v -0.5920108 -0.5582007 2.6621682
v -0.6154816 -0.5424533 2.5583507
v -0.5450223 -0.5783926 2.5581575
v -0.5280319 -0.5826829 2.4937906
v -0.4840518 -0.5998772 2.4466708
v -0.4248664 -0.6253684 2.4294238
v -0.3663344 -0.6523261 2.4466708
v -0.3241394 -0.6735271 2.4937906
v -0.3095876 -0.6832904 2.5581575
v -0.3265780 -0.6790002 2.6225243
v -0.3705581 -0.6618058 2.6696441
v -0.4297435 -0.6363146 2.6868912
v -0.4882754 -0.6093569 2.6696441
v -0.5304704 -0.5881560 2.6225243
v -0.5450223 -0.5783926 2.5581575
v -0.4732688 -0.5603537 2.5602836
v -0.4639515 -0.5627065 2.5249856
v -0.4398334 -0.5721356 2.4991457
v -0.4073769 -0.5861146 2.4896877
v -0.3752787 -0.6008979 2.4991457
v -0.3521395 -0.6125242 2.5249856
v -0.3441595 -0.6178783 2.5602836
v -0.3534768 -0.6155256 2.5955815
v -0.3775949 -0.6060964 2.6214214
v -0.4100514 -0.5921174 2.6308795
v -0.4421496 -0.5773342 2.6214214
v -0.4652888 -0.5657078 2.5955815
v -0.4732688 -0.5603537 2.5602836
v -0.4019539 -0.5739431 2.5610567
v -0.5731674 -0.4742920 3.2063663
v -0.5618703 -0.4759307 3.1654758
v -0.5335215 -0.4860622 3.1355418
v -0.4957169 -0.5019717 3.1245852
v -0.4585862 -0.5193962 3.1355418
v -0.4320787 -0.5336669 3.1654758
v -0.4232969 -0.5409599 3.2063663
v -0.4345939 -0.5393211 3.2472569
v -0.4629427 -0.5291897 3.2771908
v -0.5007473 -0.5132802 3.2881474
v -0.5378780 -0.4958557 3.2771908
v -0.5643856 -0.4815850 3.2472569
v -0.5731674 -0.4742920 3.2063663
v -0.6500600 -0.4741854 3.2040088
v -0.6290798 -0.4772288 3.1280692
v -0.5764320 -0.4960444 3.0724776
v -0.5062234 -0.5255905 3.0521296
v -0.4372665 -0.5579503 3.0724776
v -0.3880382 -0.5844530 3.1280692
v -0.3717291 -0.5979972 3.2040088
v -0.3927093 -0.5949538 3.2799484
v -0.4453572 -0.5761382 3.3355400
v -0.5155657 -0.5465921 3.3558880
v -0.5845226 -0.5142323 3.3355400
v -0.6337510 -0.4877296 3.2799484
v -0.6500600 -0.4741854 3.2040088
v -0.7051399 -0.4923065 3.2010619
v -0.6782422 -0.4962083 3.1037035
v -0.6107450 -0.5203308 3.0324321
v -0.5207340 -0.5582105 3.0063450
v -0.4323277 -0.5996974 3.0324321
v -0.3692144 -0.6336752 3.1037035
v -0.3483054 -0.6510396 3.2010619
v -0.3752031 -0.6471378 3.2984204
v -0.4427003 -0.6230152 3.3696917
v -0.5327113 -0.5851356 3.3957788
v -0.6211176 -0.5436487 3.3696917
v -0.6842308 -0.5096708 3.2984204
v -0.7051399 -0.4923065 3.2010619
v -0.7051399 -0.4923065 3.2010619
v -0.6782422 -0.4962083 3.1037035
v -0.6107450 -0.5203308 3.0324321
v -0.5207340 -0.5582105 3.0063450
v -0.4323277 -0.5996974 3.0324321
v -0.3692144 -0.6336752 3.1037035
v -0.3483054 -0.6510396 3.2010619
v -0.3752031 -0.6471378 3.2984204
v -0.4427003 -0.6230152 3.3696917
v -0.5327113 -0.5851356 3.3957788
v -0.6211176 -0.5436487 3.3696917
v -0.6842308 -0.5096708 3.2984204
v -0.7051399 -0.4923065 3.2010619
v -0.6389242 -0.5260239 3.2007672
v -0.6222476 -0.5284431 3.1404050
v -0.5803993 -0.5433990 3.0962167
v -0.5245925 -0.5668844 3.0800427
v -0.4697806 -0.5926063 3.0962167
v -0.4306503 -0.6136726 3.1404050
v -0.4176867 -0.6244385 3.2007672
v -0.4343633 -0.6220194 3.2611295
v -0.4762116 -0.6070634 3.3053177
v -0.5320184 -0.5835780 3.3214917
v -0.5868303 -0.5578561 3.3053177
v -0.6259605 -0.5367899 3.2611295
v -0.6389242 -0.5260239 3.2007672
v -0.5715564 -0.5091067 3.2040088
v -0.5624112 -0.5104333 3.1709069
v -0.5394622 -0.5186350 3.1466747
v -0.5088584 -0.5315140 3.1378050
v -0.4788003 -0.5456196 3.1466747
v -0.4573418 -0.5571721 3.1709069
v -0.4502327 -0.5630760 3.2040088
v -0.4593779 -0.5617493 3.2371107
v -0.4823270 -0.5535477 3.2613429
v -0.5129307 -0.5406686 3.2702125
v -0.5429889 -0.5265630 3.2613429
v -0.5644474 -0.5150106 3.2371107
v -0.5715564 -0.5091067 3.2040088
v -0.5045633 -0.5218586 3.2051876
v -0.6838593 -0.4383166 3.8410916
v -0.6728836 -0.4388708 3.8029793
v -0.6460624 -0.4475611 3.7750791
v -0.6105821 -0.4620589 3.7648669
v -0.5759499 -0.4784797 3.7750791
v -0.5514453 -0.4924234 3.8029793
v -0.5436343 -0.5001539 3.8410916
v -0.5546099 -0.4995997 3.8792040
v -0.5814312 -0.4909094 3.9071042
v -0.6169114 -0.4764115 3.9173163
v -0.6515437 -0.4599908 3.9071042
v -0.6760483 -0.4460471 3.8792040
v -0.6838593 -0.4383166 3.8410916
v -0.7556723 -0.4383841 3.8381038
v -0.7352891 -0.4394133 3.7673237
v -0.6854781 -0.4555524 3.7155090
v -0.6195863 -0.4824771 3.6965436
v -0.5552692 -0.5129728 3.7155090
v -0.5097606 -0.5388682 3.7673237
v -0.4952546 -0.5532248 3.8381038
v -0.5156378 -0.5521956 3.9088839
v -0.5654488 -0.5360565 3.9606985
v -0.6313406 -0.5091319 3.9796640
v -0.6956577 -0.4786362 3.9606985
v -0.7411663 -0.4527407 3.9088839
v -0.7556723 -0.4383841 3.8381038
v -0.8070438 -0.4554002 3.8343690
v -0.7809114 -0.4567197 3.7436253
v -0.7170511 -0.4774109 3.6771962
v -0.6325744 -0.5119296 3.6528815
v -0.5501167 -0.5510267 3.6771962
v -0.4917723 -0.5842260 3.7436253
v -0.4731748 -0.6026318 3.8343690
v -0.4993072 -0.6013124 3.9251127
v -0.5631674 -0.5806212 3.9915417
v -0.6476442 -0.5461024 4.0158564
v -0.7301019 -0.5070054 3.9915417
v -0.7884462 -0.4738061 3.9251127
v -0.8070438 -0.4554002 3.8343690
v -0.8070438 -0.4554002 3.8343690
v -0.7809114 -0.4567197 3.7436253
v -0.7170511 -0.4774109 3.6771962
v -0.6325744 -0.5119296 3.6528815
v -0.5501167 -0.5510267 3.6771962
v -0.4917723 -0.5842260 3.7436253
v -0.4731748 -0.6026318 3.8343690
v -0.4993072 -0.6013124 3.9251127
v -0.5631674 -0.5806212 3.9915417
v -0.6476442 -0.5461024 4.0158564
v -0.7301019 -0.5070054 3.9915417
v -0.7884462 -0.4738061 3.9251127
v -0.8070438 -0.4554002 3.8343690
v -0.7450732 -0.4866954 3.8339955
v -0.7288712 -0.4875134 3.7777344
v -0.6892778 -0.5003420 3.7365484
v -0.6369022 -0.5217436 3.7214733
v -0.5857784 -0.5459838 3.7365484
v -0.5496050 -0.5665674 3.7777344
v -0.5380745 -0.5779790 3.8339955
v -0.5542766 -0.5771609 3.8902566
v -0.5938699 -0.5643324 3.9314426
v -0.6462455 -0.5429308 3.9465177
v -0.6973693 -0.5186906 3.9314426
v -0.7335428 -0.4981070 3.8902566
v -0.7450732 -0.4866954 3.8339955
v -0.6822212 -0.4707751 3.8381038
v -0.6733362 -0.4712237 3.8072509
v -0.6516237 -0.4782587 3.7846651
v -0.6229016 -0.4899951 3.7763981
v -0.5948660 -0.5032881 3.7846651
v -0.5750289 -0.5145759 3.8072509
v -0.5687057 -0.5208338 3.8381038
v -0.5775907 -0.5203852 3.8689566
v -0.5993032 -0.5133502 3.8915425
v -0.6280253 -0.5016139 3.8998095
v -0.6560609 -0.4883209 3.8915425
v -0.6758980 -0.4770331 3.8689566
v -0.6822212 -0.4707751 3.8381038
v -0.6196051 -0.4825199 3.8395977
v -0.7963315 -0.4180162 4.4667094
v -0.7857870 -0.4176684 4.4314351
v -0.7605933 -0.4250209 4.4056125
v -0.7275012 -0.4381037 4.3961608
v -0.6953776 -0.4534113 4.4056125
v -0.6728300 -0.4668420 4.4314351
v -0.6659000 -0.4747971 4.4667094
v -0.6764445 -0.4751449 4.5019837
v -0.7016382 -0.4677924 4.5278063
v -0.7347303 -0.4547096 4.5372580
v -0.7668539 -0.4394020 4.5278063
v -0.7894015 -0.4259713 4.5019837
v -0.7963315 -0.4180162 4.4667094
v -0.8629581 -0.4183235 4.4632597
v -0.8433754 -0.4176774 4.3977503
v -0.7965873 -0.4313322 4.3497941
v -0.7351305 -0.4556289 4.3322409
v -0.6754723 -0.4840573 4.3497941
v -0.6335982 -0.5090000 4.3977503
v -0.6207282 -0.5237737 4.4632597
v -0.6403109 -0.5244197 4.5287691
v -0.6870990 -0.5107649 4.5767253
v -0.7485558 -0.4864682 4.5942785
v -0.8082139 -0.4580398 4.5767253
v -0.8500881 -0.4330971 4.5287691
v -0.8629581 -0.4183235 4.4632597
v -0.9105279 -0.4342547 4.4589475
v -0.8854219 -0.4334264 4.3749611
v -0.8254371 -0.4509325 4.3134788
v -0.7466464 -0.4820821 4.2909747
v -0.6701616 -0.5185288 4.3134788
v -0.6164768 -0.5505066 4.3749611
v -0.5999769 -0.5694472 4.4589475
v -0.6250828 -0.5702755 4.5429339
v -0.6850676 -0.5527694 4.6044163
v -0.7638584 -0.5216198 4.6269203
v -0.8403432 -0.4851731 4.6044163
v -0.8940279 -0.4531953 4.5429339
v -0.9105279 -0.4342547 4.4589475
v -0.9105279 -0.4342547 4.4589475
v -0.8854219 -0.4334264 4.3749611
v -0.8254371 -0.4509325 4.3134788
v -0.7466464 -0.4820821 4.2909747
v -0.6701616 -0.5185288 4.3134788
v -0.6164768 -0.5505066 4.3749611
v -0.5999769 -0.5694472 4.4589475
v -0.6250828 -0.5702755 4.5429339
v -0.6850676 -0.5527694 4.6044163
v -0.7638584 -0.5216198 4.6269203
v -0.8403432 -0.4851731 4.6044163
v -0.8940279 -0.4531953 4.5429339
v -0.9105279 -0.4342547 4.4589475
v -0.8528641 -0.4630215 4.4585163
v -0.8372984 -0.4625080 4.4064447
v -0.8001079 -0.4733618 4.3683257
v -0.7512576 -0.4926745 4.3543731
v -0.7038370 -0.5152714 4.3683257
v -0.6705525 -0.5350977 4.4064447
v -0.6603225 -0.5468409 4.4585163
v -0.6758882 -0.5473544 4.5105879
v -0.7130788 -0.5365006 4.5487069
v -0.7619290 -0.5171879 4.5626595
v -0.8093496 -0.4945909 4.5487069
v -0.8426341 -0.4747647 4.5105879
v -0.8528641 -0.4630215 4.4585163
v -0.7946368 -0.4480658 4.4632597
v -0.7861008 -0.4477842 4.4347043
v -0.7657060 -0.4537363 4.4138003
v -0.7389171 -0.4643272 4.4061489
v -0.7129123 -0.4767190 4.4138003
v -0.6946595 -0.4875915 4.4347043
v -0.6890495 -0.4940313 4.4632597
v -0.6975855 -0.4943129 4.4918151
v -0.7179803 -0.4883608 4.5127191
v -0.7447692 -0.4777700 4.5203704
v -0.7707740 -0.4653781 4.5127191
v -0.7890268 -0.4545056 4.4918151
v -0.7946368 -0.4480658 4.4632597
v -0.7364794 -0.4587276 4.4649845
v -0.9001124 -0.4161845 5.0836679
v -0.8901020 -0.4151138 5.0512910
v -0.8666471 -0.4212556 5.0275895
v -0.8360325 -0.4329645 5.0189141
v -0.8064612 -0.4471029 5.0275895
v -0.7858569 -0.4598824 5.0512910
v -0.7797405 -0.4678789 5.0836679
v -0.7897509 -0.4689497 5.1160447
v -0.8132058 -0.4628078 5.1397463
v -0.8438204 -0.4510990 5.1484216
v -0.8733917 -0.4369606 5.1397463
v -0.8939960 -0.4241810 5.1160447
v -0.9001124 -0.4161845 5.0836679
v -0.9614345 -0.4166960 5.0799086
v -0.9428438 -0.4147075 5.0197801
v -0.8992848 -0.4261139 4.9757630
v -0.8424289 -0.4478588 4.9596516
v -0.7875109 -0.4741159 4.9757630
v -0.7492457 -0.4978494 5.0197801
v -0.7378867 -0.5127000 5.0799086
v -0.7564774 -0.5146885 5.1400371
v -0.8000365 -0.5032822 5.1840542
v -0.8568923 -0.4815372 5.2001656
v -0.9118104 -0.4552802 5.1840542
v -0.9500755 -0.4315467 5.1400371
v -0.9614345 -0.4166960 5.0799086
v -1.0051282 -0.4314899 5.0752095
v -0.9812940 -0.4289405 4.9981217
v -0.9254490 -0.4435640 4.9416895
v -0.8525570 -0.4714422 4.9210339
v -0.7821491 -0.5051050 4.9416895
v -0.7330913 -0.5355326 4.9981217
v -0.7185285 -0.5545719 5.0752095
v -0.7423627 -0.5571213 5.1522974
v -0.7982077 -0.5424977 5.2087295
v -0.8710997 -0.5146196 5.2293852
v -0.9415076 -0.4809567 5.2087295
v -0.9905654 -0.4505292 5.1522974
v -1.0051282 -0.4314899 5.0752095
v -1.0051282 -0.4314899 5.0752095
v -0.9812940 -0.4289405 4.9981217
v -0.9254490 -0.4435640 4.9416895
v -0.8525570 -0.4714422 4.9210339
v -0.7821491 -0.5051050 4.9416895
v -0.7330913 -0.5355326 4.9981217
v -0.7185285 -0.5545719 5.0752095
v -0.7423627 -0.5571213 5.1522974
v -0.7982077 -0.5424977 5.2087295
v -0.8710997 -0.5146196 5.2293852
v -0.9415076 -0.4809567 5.2087295
v -0.9905654 -0.4505292 5.1522974
v -1.0051282 -0.4314899 5.0752095
v -0.9518911 -0.4577088 5.0747396
v -0.9371138 -0.4561281 5.0269452
v -0.9024899 -0.4651947 4.9919572
v -0.8572969 -0.4824792 4.9791508
v -0.8136440 -0.5033501 4.9919572
v -0.7832282 -0.5222152 5.0269452
v -0.7741992 -0.5340196 5.0747396
v -0.7889764 -0.5356002 5.1225341
v -0.8236003 -0.5265336 5.1575220
v -0.8687934 -0.5092492 5.1703285
v -0.9124462 -0.4883782 5.1575220
v -0.9428621 -0.4695131 5.1225341
v -0.9518911 -0.4577088 5.0747396
v -0.8983826 -0.4437741 5.0799086
v -0.8902789 -0.4429073 5.0536988
v -0.8712917 -0.4478793 5.0345118
v -0.8465084 -0.4573579 5.0274889
v -0.8225697 -0.4688032 5.0345118
v -0.8058900 -0.4791486 5.0536988
v -0.8009387 -0.4856220 5.0799086
v -0.8090423 -0.4864888 5.1061185
v -0.8280296 -0.4815167 5.1253054
v -0.8528129 -0.4720382 5.1323283
v -0.8767516 -0.4605928 5.1253054
v -0.8934312 -0.4502474 5.1061185
v -0.8983826 -0.4437741 5.0799086
v -0.8447935 -0.4533649 5.0817882
v -0.9846569 -0.4356051 5.6924953
v -0.9752745 -0.4339924 5.6630783
v -0.9536784 -0.4390767 5.6415436
v -0.9256550 -0.4494956 5.6336613
v -0.8987134 -0.4624574 5.6415436
v -0.8800725 -0.4744890 5.6630783
v -0.8747270 -0.4823666 5.6924953
v -0.8841094 -0.4839793 5.7219123
v -0.9057056 -0.4788950 5.7434471
v -0.9337289 -0.4684761 5.7513293
v -0.9606705 -0.4555142 5.7434471
v -0.9793114 -0.4434826 5.7219123
v -0.9846569 -0.4356051 5.6924953
v -1.0405429 -0.4361890 5.6885665
v -1.0231185 -0.4331940 5.6339349
v -0.9830113 -0.4426362 5.5939418
v -0.9309680 -0.4619857 5.5793033
v -0.8809336 -0.4860576 5.5939418
v -0.8463147 -0.5084021 5.6339349
v -0.8363874 -0.5230318 5.6885665
v -0.8538118 -0.5260268 5.7431981
v -0.8939190 -0.5165845 5.7831912
v -0.9459623 -0.4972351 5.7978297
v -0.9959967 -0.4731631 5.7831912
v -1.0306156 -0.4508187 5.7431981
v -1.0405429 -0.4361890 5.6885665
v -1.0803005 -0.4497226 5.6836555
v -1.0579616 -0.4458829 5.6136150
v -1.0065421 -0.4579883 5.5623418
v -0.9398199 -0.4827953 5.5435745
v -0.8756732 -0.5136568 5.5623418
v -0.8312900 -0.5423035 5.6136150
v -0.8185627 -0.5610595 5.6836555
v -0.8409017 -0.5648993 5.7536960
v -0.8923212 -0.5527938 5.8049692
v -0.9590433 -0.5279869 5.8237365
v -1.0231900 -0.4971254 5.8049692
v -1.0675733 -0.4684787 5.7536960
v -1.0803005 -0.4497226 5.6836555
v -1.0803005 -0.4497226 5.6836555
v -1.0579616 -0.4458829 5.6136150
v -1.0065421 -0.4579883 5.5623418
v -0.9398199 -0.4827953 5.5435745
v -0.8756732 -0.5136568 5.5623418
v -0.8312900 -0.5423035 5.6136150
v -0.8185627 -0.5610595 5.6836555
v -0.8409017 -0.5648993 5.7536960
v -0.8923212 -0.5527938 5.8049692
v -0.9590433 -0.5279869 5.8237365
v -1.0231900 -0.4971254 5.8049692
v -1.0675733 -0.4684787 5.7536960
v -1.0803005 -0.4497226 5.6836555
v -1.0316670 -0.4734547 5.6831644
v -1.0178168 -0.4710741 5.6397393
v -0.9859368 -0.4785794 5.6079499
v -0.9445690 -0.4939597 5.5963141
v -0.9047980 -0.5130939 5.6079499
v -0.8772805 -0.5308548 5.6397393
v -0.8693896 -0.5424836 5.6831644
v -0.8832397 -0.5448642 5.7265895
v -0.9151198 -0.5373589 5.7583789
v -0.9564875 -0.5219785 5.7700146
v -0.9962585 -0.5028444 5.7583789
v -1.0237761 -0.4850835 5.7265895
v -1.0316670 -0.4734547 5.6831644
v -0.9829606 -0.4606831 5.6885665
v -0.9753653 -0.4593776 5.6647527
v -0.9578827 -0.4634934 5.6473198
v -0.9351972 -0.4719278 5.6409390
v -0.9133873 -0.4824207 5.6473198
v -0.8982970 -0.4921606 5.6647527
v -0.8939697 -0.4985377 5.6885665
v -0.9015650 -0.4998432 5.7123803
v -0.9190476 -0.4957273 5.7298132
v -0.9417331 -0.4872930 5.7361940
v -0.9635430 -0.4768000 5.7298132
v -0.9786333 -0.4670602 5.7123803
v -0.9829606 -0.4606831 5.6885665
v -0.9340785 -0.4692981 5.6905309
v -1.0393078 -0.4791018 6.2939745
v -1.0306413 -0.4771433 6.2675845
v -1.0110347 -0.4813553 6.2482658
v -0.9857416 -0.4906092 6.2411946
v -0.9615394 -0.5024253 6.2482658
v -0.9449128 -0.5136377 6.2675845
v -0.9403172 -0.5212420 6.2939745
v -0.9489837 -0.5232005 6.3203644
v -0.9685903 -0.5189885 6.3396832
v -0.9938833 -0.5097347 6.3467544
v -1.0180856 -0.4979185 6.3396832
v -1.0347121 -0.4867061 6.3203644
v -1.0393078 -0.4791018 6.2939745
v -1.0896078 -0.4795419 6.2900152
v -1.0735128 -0.4759046 6.2410053
v -1.0371006 -0.4837269 6.2051276
v -0.9901278 -0.5009126 6.1919954
v -0.9451807 -0.5228570 6.2051276
v -0.9143029 -0.5436800 6.2410053
v -0.9057680 -0.5578021 6.2900152
v -0.9218630 -0.5614394 6.3390251
v -0.9582753 -0.5536171 6.3749028
v -1.0052481 -0.5364314 6.3880350
v -1.0501951 -0.5144870 6.3749028
v -1.0810729 -0.4936640 6.3390251
v -1.0896078 -0.4795419 6.2900152
v -1.1253782 -0.4916303 6.2850661
v -1.1047436 -0.4869672 6.2222329
v -1.0580613 -0.4969956 6.1762358
v -0.9978398 -0.5190287 6.1593997
v -0.9402153 -0.5471625 6.1762358
v -0.9006284 -0.5738586 6.2222329
v -0.8896862 -0.5919639 6.2850661
v -0.9103209 -0.5966271 6.3478992
v -0.9570032 -0.5865986 6.3938963
v -1.0172247 -0.5645656 6.4107324
v -1.0748492 -0.5364318 6.3938963
v -1.1144361 -0.5097356 6.3478992
v -1.1253782 -0.4916303 6.2850661
v -1.1253782 -0.4916303 6.2850661
v -1.1047436 -0.4869672 6.2222329
v -1.0580613 -0.4969956 6.1762358
v -0.9978398 -0.5190287 6.1593997
v -0.9402153 -0.5471625 6.1762358
v -0.9006284 -0.5738586 6.2222329
v -0.8896862 -0.5919639 6.2850661
v -0.9103209 -0.5966271 6.3478992
v -0.9570032 -0.5865986 6.3938963
v -1.0172247 -0.5645656 6.4107324
v -1.0748492 -0.5364318 6.3938963
v -1.1144361 -0.5097356 6.3478992
v -1.1253782 -0.4916303 6.2850661
v -1.0815812 -0.5130062 6.2845711
v -1.0687877 -0.5101151 6.2456146
v -1.0398447 -0.5163327 6.2170964
v -1.0025073 -0.5299932 6.2066580
v -0.9667802 -0.5474361 6.2170964
v -0.9422363 -0.5639878 6.2456146
v -0.9354522 -0.5752130 6.2845711
v -0.9482456 -0.5781042 6.3235277
v -0.9771887 -0.5718865 6.3520459
v -1.0145260 -0.5582261 6.3624843
v -1.0502532 -0.5407831 6.3520459
v -1.0747971 -0.5242315 6.3235277
v -1.0815812 -0.5130062 6.2845711
v -1.0377556 -0.5016153 6.2900152
v -1.0307398 -0.5000298 6.2686519
v -1.0148678 -0.5034395 6.2530129
v -0.9943925 -0.5109307 6.2472886
v -0.9748002 -0.5204962 6.2530129
v -0.9613406 -0.5295729 6.2686519
v -0.9576203 -0.5357287 6.2900152
v -0.9646361 -0.5373142 6.3113785
v -0.9805080 -0.5339045 6.3270175
v -1.0009834 -0.5264133 6.3327418
v -1.0205757 -0.5168478 6.3270175
v -1.0340352 -0.5077711 6.3113785
v -1.0377556 -0.5016153 6.2900152
v -0.9937502 -0.5094220 6.2919948
v -1.0531264 -0.5496455 6.8892727
v -1.0452667 -0.5475684 6.8659814
v -1.0277970 -0.5511274 6.8489310
v -1.0053983 -0.5593690 6.8426901
v -0.9840723 -0.5700848 6.8489310
v -0.9695333 -0.5804035 6.8659814
v -0.9656770 -0.5875602 6.8892727
v -0.9735368 -0.5896373 6.9125639
v -0.9910065 -0.5860783 6.9296144
v -1.0134052 -0.5778367 6.9358552
v -1.0347311 -0.5671209 6.9296144
v -1.0492701 -0.5568022 6.9125639
v -1.0531264 -0.5496455 6.8892727
v -1.0976636 -0.5496777 6.8854386
v -1.0830670 -0.5458202 6.8421834
v -1.0506233 -0.5524298 6.8105183
v -1.0090257 -0.5677356 6.7989281
v -0.9694203 -0.5876364 6.8105183
v -0.9424194 -0.6067997 6.8421834
v -0.9352577 -0.6200907 6.8854386
v -0.9498544 -0.6239482 6.9286939
v -0.9822981 -0.6173386 6.9603589
v -1.0238957 -0.6020328 6.9719491
v -1.0635010 -0.5821320 6.9603589
v -1.0905020 -0.5629687 6.9286939
v -1.0976636 -0.5496777 6.8854386
v -1.1293907 -0.5600993 6.8806461
v -1.1106771 -0.5551538 6.8251906
v -1.0690826 -0.5636277 6.7845944
v -1.0157524 -0.5832505 6.7697352
v -0.9649763 -0.6087643 6.7845944
v -0.9303597 -0.6333326 6.8251906
v -0.9211781 -0.6503724 6.8806461
v -0.9398917 -0.6553180 6.9361015
v -0.9814862 -0.6468440 6.9766977
v -1.0348164 -0.6272212 6.9915569
v -1.0855925 -0.6017075 6.9766977
v -1.1202092 -0.5771391 6.9361015
v -1.1293907 -0.5600993 6.8806461
v -1.1293907 -0.5600993 6.8806461
v -1.1106771 -0.5551538 6.8251906
v -1.0690826 -0.5636277 6.7845944
v -1.0157524 -0.5832505 6.7697352
v -0.9649763 -0.6087643 6.7845944
v -0.9303597 -0.6333326 6.8251906
v -0.9211781 -0.6503724 6.8806461
v -0.9398917 -0.6553180 6.9361015
v -0.9814862 -0.6468440 6.9766977
v -1.0348164 -0.6272212 6.9915569
v -1.0855925 -0.6017075 6.9766977
v -1.1202092 -0.5771391 6.9361015
v -1.1293907 -0.5600993 6.8806461
v -1.0907127 -0.5792864 6.8801668
v -1.0791103 -0.5762201 6.8457844
v -1.0533217 -0.5814740 6.8206148
v -1.0202569 -0.5936401 6.8114020
v -0.9887757 -0.6094587 6.8206148
v -0.9673134 -0.6246910 6.8457844
v -0.9616208 -0.6352557 6.8801668
v -0.9732233 -0.6383219 6.9145492
v -0.9990119 -0.6330681 6.9397188
v -1.0320766 -0.6209020 6.9489316
v -1.0635578 -0.6050834 6.9397188
v -1.0850201 -0.5898511 6.9145492
v -1.0907127 -0.5792864 6.8801668
v -1.0518568 -0.5695378 6.8854386
v -1.0454942 -0.5678563 6.8665838
v -1.0313521 -0.5707374 6.8527811
v -1.0132198 -0.5774092 6.8477289
v -0.9959559 -0.5860839 6.8527811
v -0.9841863 -0.5944371 6.8665838
v -0.9810645 -0.6002306 6.8854386
v -0.9874272 -0.6019121 6.9042935
v -1.0015693 -0.5990310 6.9180962
v -1.0197016 -0.5923592 6.9231483
v -1.0369655 -0.5836845 6.9180962
v -1.0487351 -0.5753313 6.9042935
v -1.0518568 -0.5695378 6.8854386
v -1.0129312 -0.5767435 6.8873556
v -1.0144920 -0.6505202 7.4798834
v -1.0075490 -0.6485863 7.4597678
v -0.9923871 -0.6517259 7.4450421
v -0.9730691 -0.6590978 7.4396521
v -0.9547710 -0.6687267 7.4450421
v -0.9423960 -0.6780325 7.4597678
v -0.9392598 -0.6845217 7.4798834
v -0.9462029 -0.6864556 7.4999990
v -0.9613647 -0.6833160 7.5147247
v -0.9806828 -0.6759441 7.5201147
v -0.9989808 -0.6663152 7.5147247
v -1.0113558 -0.6570094 7.4999990
v -1.0144920 -0.6505202 7.4798834
v -1.0530464 -0.6499141 7.4763621
v -1.0401522 -0.6463226 7.4390045
v -1.0119945 -0.6521534 7.4116568
v -0.9761181 -0.6658441 7.4016469
v -0.9421360 -0.6837263 7.4116568
v -0.9191538 -0.7010085 7.4390045
v -0.9133295 -0.7130599 7.4763621
v -0.9262237 -0.7166514 7.5137197
v -0.9543815 -0.7108206 7.5410674
v -0.9902579 -0.6971299 7.5510773
v -1.0242399 -0.6792477 7.5410674
v -1.0472221 -0.6619655 7.5137197
v -1.0530464 -0.6499141 7.4763621
v -1.0806401 -0.6584665 7.4719605
v -1.0641091 -0.6538620 7.4240661
v -1.0280094 -0.6613374 7.3890050
v -0.9820140 -0.6788895 7.3761717
v -0.9384473 -0.7018154 7.3890050
v -0.9089830 -0.7239721 7.4240661
v -0.9015159 -0.7394226 7.4719605
v -0.9180469 -0.7440271 7.5198548
v -0.9541466 -0.7365518 7.5549159
v -1.0001420 -0.7189996 7.5677492
v -1.0437087 -0.6960737 7.5549159
v -1.0731730 -0.6739170 7.5198548
v -1.0806401 -0.6584665 7.4719605
v -1.0806401 -0.6584665 7.4719605
v -1.0641091 -0.6538620 7.4240661
v -1.0280094 -0.6613374 7.3890050
v -0.9820140 -0.6788895 7.3761717
v -0.9384473 -0.7018154 7.3890050
v -0.9089830 -0.7239721 7.4240661
v -0.9015159 -0.7394226 7.4719605
v -0.9180469 -0.7440271 7.5198548
v -0.9541466 -0.7365518 7.5549159
v -1.0001420 -0.7189996 7.5677492
v -1.0437087 -0.6960737 7.5549159
v -1.0731730 -0.6739170 7.5198548
v -1.0806401 -0.6584665 7.4719605
v -1.0473955 -0.6755939 7.4715203
v -1.0371463 -0.6727391 7.4418258
v -1.0147645 -0.6773739 7.4200879
v -0.9862473 -0.6882562 7.4121313
v -0.9592360 -0.7024703 7.4200879
v -0.9409681 -0.7162074 7.4418258
v -0.9363385 -0.7257867 7.4715203
v -0.9465877 -0.7286415 7.5012148
v -0.9689695 -0.7240068 7.5229527
v -0.9974867 -0.7131244 7.5309093
v -1.0244980 -0.6989104 7.5229527
v -1.0427659 -0.6851733 7.5012148
v -1.0473955 -0.6755939 7.4715203
v -1.0136391 -0.6677245 7.4763621
v -1.0080185 -0.6661589 7.4600780
v -0.9957446 -0.6687005 7.4481572
v -0.9801062 -0.6746683 7.4437939
v -0.9652935 -0.6824631 7.4481572
v -0.9552756 -0.6899964 7.4600780
v -0.9527368 -0.6952495 7.4763621
v -0.9583574 -0.6968151 7.4926462
v -0.9706313 -0.6942734 7.5045670
v -0.9862697 -0.6883057 7.5089303
v -1.0010824 -0.6805109 7.5045670
v -1.0111003 -0.6729776 7.4926462
v -1.0136391 -0.6677245 7.4763621
v -0.9800319 -0.6745040 7.4781227
v -0.9085915 -0.7863442 8.0670414
v -0.9027122 -0.7848186 8.0502012
v -0.8900609 -0.7877259 8.0378734
v -0.8740275 -0.7942872 8.0333611
v -0.8589079 -0.8027443 8.0378734
v -0.8487537 -0.8108313 8.0502012
v -0.8462855 -0.8163811 8.0670414
v -0.8521647 -0.8179068 8.0838816
v -0.8648160 -0.8149995 8.0962094
v -0.8808495 -0.8084382 8.1007217
v -0.8959690 -0.7999810 8.0962094
v -0.9061232 -0.7918941 8.0838816
v -0.9085915 -0.7863442 8.0670414
v -0.9408658 -0.7850289 8.0640491
v -0.9299473 -0.7821956 8.0327745
v -0.9064520 -0.7875949 8.0098799
v -0.8766755 -0.7997801 8.0014999
v -0.8485964 -0.8154863 8.0098799
v -0.8297385 -0.8305049 8.0327745
v -0.8251547 -0.8408117 8.0640491
v -0.8360732 -0.8436451 8.0953237
v -0.8595685 -0.8382458 8.1182183
v -0.8893450 -0.8260605 8.1265983
v -0.9174241 -0.8103544 8.1182183
v -0.9362820 -0.7953358 8.0953237
v -0.9408658 -0.7850289 8.0640491
v -0.9641488 -0.7916092 8.0603087
v -0.9501507 -0.7879767 8.0202131
v -0.9200285 -0.7948989 7.9908610
v -0.8818536 -0.8105210 7.9801174
v -0.8458547 -0.8306571 7.9908610
v -0.8216779 -0.8499117 8.0202131
v -0.8158012 -0.8631256 8.0603087
v -0.8297993 -0.8667581 8.1004044
v -0.8599215 -0.8598359 8.1297564
v -0.8980964 -0.8442138 8.1405000
v -0.9340953 -0.8240777 8.1297564
v -0.9582721 -0.8048231 8.1004044
v -0.9641488 -0.7916092 8.0603087
v -0.9641488 -0.7916092 8.0603087
v -0.9501507 -0.7879767 8.0202131
v -0.9200285 -0.7948989 7.9908610
v -0.8818536 -0.8105210 7.9801174
v -0.8458547 -0.8306571 7.9908610
v -0.8216779 -0.8499117 8.0202131
v -0.8158012 -0.8631256 8.0603087
v -0.8297993 -0.8667581 8.1004044
v -0.8599215 -0.8598359 8.1297564
v -0.8980964 -0.8442138 8.1405000
v -0.9340953 -0.8240777 8.1297564
v -0.9582721 -0.8048231 8.1004044
v -0.9641488 -0.7916092 8.0603087
v -0.9366592 -0.8066420 8.0599347
v -0.9279804 -0.8043899 8.0350754
v -0.9093047 -0.8086816 8.0168771
v -0.8856362 -0.8183673 8.0102161
v -0.8633169 -0.8308517 8.0168771
v -0.8483273 -0.8427896 8.0350754
v -0.8446837 -0.8509822 8.0599347
v -0.8533625 -0.8532344 8.0847940
v -0.8720383 -0.8489426 8.1029922
v -0.8957068 -0.8392569 8.1096533
v -0.9180260 -0.8267725 8.1029922
v -0.9330157 -0.8148347 8.0847940
v -0.9366592 -0.8066420 8.0599347
v -0.9082293 -0.8007625 8.0640491
v -0.9034700 -0.7995275 8.0504166
v -0.8932285 -0.8018810 8.0404369
v -0.8802490 -0.8071925 8.0367841
v -0.8680094 -0.8140388 8.0404369
v -0.8597892 -0.8205854 8.0504166
v -0.8577912 -0.8250781 8.0640491
v -0.8625505 -0.8263132 8.0776816
v -0.8727920 -0.8239596 8.0876613
v -0.8857715 -0.8186481 8.0913141
v -0.8980111 -0.8118018 8.0876613
v -0.9062313 -0.8052553 8.0776816
v -0.9082293 -0.8007625 8.0640491
v -0.8802244 -0.8071415 8.0655452
v -0.7231436 -0.9598404 8.6513550
v -0.7185049 -0.9589022 8.6379467
v -0.7085819 -0.9616167 8.6281311
v -0.6960334 -0.9672566 8.6245384
v -0.6842217 -0.9743105 8.6281311
v -0.6763119 -0.9808886 8.6379467
v -0.6744234 -0.9852281 8.6513550
v -0.6790621 -0.9861663 8.6647633
v -0.6889851 -0.9834518 8.6745789
v -0.7015337 -0.9778119 8.6781716
v -0.7133453 -0.9707579 8.6745789
v -0.7212551 -0.9641799 8.6647633
v -0.7231436 -0.9598404 8.6513550
v -0.7487446 -0.9580197 8.6490879
v -0.7401299 -0.9562773 8.6241867
v -0.7217014 -0.9613185 8.6059578
v -0.6983970 -0.9717925 8.5992856
v -0.6764611 -0.9848927 8.6059578
v -0.6617715 -0.9971090 8.6241867
v -0.6582641 -1.0051681 8.6490879
v -0.6668789 -1.0069105 8.6739890
v -0.6853074 -1.0018693 8.6922179
v -0.7086118 -0.9913953 8.6988902
v -0.7305477 -0.9782950 8.6922179
v -0.7452373 -0.9660787 8.6739890
v -0.7487446 -0.9580197 8.6490879
v -0.7674058 -0.9626951 8.6462539
v -0.7563613 -0.9604613 8.6143294
v -0.7327349 -0.9669243 8.5909590
v -0.7028575 -0.9803525 8.5824048
v -0.6747346 -0.9971477 8.5909590
v -0.6559018 -1.0128097 8.6143294
v -0.6514052 -1.0231418 8.6462539
v -0.6624497 -1.0253756 8.6781785
v -0.6860760 -1.0189125 8.7015489
v -0.7159535 -1.0054843 8.7101031
v -0.7440764 -0.9886891 8.7015489
v -0.7629092 -0.9730272 8.6781785
v -0.7674058 -0.9626951 8.6462539
v -0.7674058 -0.9626951 8.6462539
v -0.7563613 -0.9604613 8.6143294
v -0.7327349 -0.9669243 8.5909590
v -0.7028575 -0.9803525 8.5824048
v -0.6747346 -0.9971477 8.5909590
v -0.6559018 -1.0128097 8.6143294
v -0.6514052 -1.0231418 8.6462539
v -0.6624497 -1.0253756 8.6781785
v -0.6860760 -1.0189125 8.7015489
v -0.7159535 -1.0054843 8.7101031
v -0.7440764 -0.9886891 8.7015489
v -0.7629092 -0.9730272 8.6781785
v -0.7674058 -0.9626951 8.6462539
v -0.7459558 -0.9753124 8.6459705
v -0.7391082 -0.9739274 8.6261773
v -0.7244599 -0.9779345 8.6116877
v -0.7059359 -0.9862600 8.6063841
v -0.6884997 -0.9966730 8.6116877
v -0.6768233 -1.0063835 8.6261773
v -0.6740354 -1.0127894 8.6459705
v -0.6808830 -1.0141743 8.6657638
v -0.6955313 -1.0101672 8.6802534
v -0.7140553 -1.0018418 8.6855570
v -0.7314915 -0.9914287 8.6802534
v -0.7431679 -0.9817183 8.6657638
v -0.7459558 -0.9753124 8.6459705
v -0.7232245 -0.9713179 8.6490879
v -0.7194693 -0.9705584 8.6382335
v -0.7114364 -0.9727559 8.6302876
v -0.7012781 -0.9773215 8.6273792
v -0.6917163 -0.9830318 8.6302876
v -0.6853131 -0.9883569 8.6382335
v -0.6837843 -0.9918698 8.6490879
v -0.6875394 -0.9926293 8.6599422
v -0.6955724 -0.9904319 8.6678881
v -0.7057307 -0.9858663 8.6707966
v -0.7152925 -0.9801559 8.6678881
v -0.7216957 -0.9748309 8.6599422
v -0.7232245 -0.9713179 8.6490879
v -0.7011439 -0.9770641 8.6502214
v -0.4436142 -1.1737125 9.2316834
v -0.4403884 -1.1733660 9.2220031
v -0.4334198 -1.1757014 9.2149166
v -0.4245756 -1.1800930 9.2123228
v -0.4162255 -1.1853640 9.2149166
v -0.4106071 -1.1901020 9.2220031
v -0.4092257 -1.1930376 9.2316834
v -0.4124515 -1.1933841 9.2413637
v -0.4194201 -1.1910487 9.2484502
v -0.4282643 -1.1866571 9.2510440
v -0.4366144 -1.1813862 9.2484502
v -0.4422328 -1.1766481 9.2413637
v -0.4436142 -1.1737125 9.2316834
v -0.4619654 -1.1718601 9.2302492
v -0.4559746 -1.1712166 9.2122715
v -0.4430329 -1.1755538 9.1991109
v -0.4266079 -1.1837095 9.1942938
v -0.4111007 -1.1934985 9.1991109
v -0.4006665 -1.2022977 9.2122715
v -0.3981010 -1.2077495 9.2302492
v -0.4040918 -1.2083930 9.2482269
v -0.4170335 -1.2040558 9.2613875
v -0.4334585 -1.1959001 9.2662046
v -0.4489657 -1.1861111 9.2613875
v -0.4594000 -1.1773119 9.2482269
v -0.4619654 -1.1718601 9.2302492
v -0.4754885 -1.1748360 9.2284564
v -0.4678081 -1.1740110 9.2054081
v -0.4512161 -1.1795715 9.1885356
v -0.4301584 -1.1900276 9.1823598
v -0.4102774 -1.2025775 9.1885356
v -0.3969002 -1.2138585 9.2054081
v -0.3936111 -1.2208480 9.2284564
v -0.4012916 -1.2216730 9.2515048
v -0.4178835 -1.2161125 9.2683773
v -0.4389412 -1.2056564 9.2745531
v -0.4588222 -1.1931065 9.2683773
v -0.4721995 -1.1818255 9.2515048
v -0.4754885 -1.1748360 9.2284564
v -0.4754885 -1.1748360 9.2284564
v -0.4678081 -1.1740110 9.2054081
v -0.4512161 -1.1795715 9.1885356
v -0.4301584 -1.1900276 9.1823598
v -0.4102774 -1.2025775 9.1885356
v -0.3969002 -1.2138585 9.2054081
v -0.3936111 -1.2208480 9.2284564
v -0.4012916 -1.2216730 9.2515048
v -0.4178835 -1.2161125 9.2683773
v -0.4389412 -1.2056564 9.2745531
v -0.4588222 -1.1931065 9.2683773
v -0.4721995 -1.1818255 9.2515048
v -0.4754885 -1.1748360 9.2284564
v -0.4603835 -1.1843820 9.2282772
v -0.4556216 -1.1838705 9.2139872
v -0.4453346 -1.1873180 9.2035262
v -0.4322788 -1.1938008 9.1996972
v -0.4199526 -1.2015817 9.2035262
v -0.4116587 -1.2085760 9.2139872
v -0.4096195 -1.2129094 9.2282772
v -0.4143814 -1.2134209 9.2425671
v -0.4246684 -1.2099734 9.2530281
v -0.4377242 -1.2034907 9.2568571
v -0.4500504 -1.1957097 9.2530281
v -0.4583443 -1.1887155 9.2425671
v -0.4603835 -1.1843820 9.2282772
v -0.4439524 -1.1819828 9.2302492
v -0.4413410 -1.1817023 9.2224128
v -0.4356998 -1.1835928 9.2166761
v -0.4285401 -1.1871479 9.2145763
v -0.4217806 -1.1914149 9.2166761
v -0.4172323 -1.1952504 9.2224128
v -0.4161141 -1.1976268 9.2302492
v -0.4187254 -1.1979073 9.2380856
v -0.4243667 -1.1960168 9.2438223
v -0.4315263 -1.1924617 9.2459221
v -0.4382858 -1.1881947 9.2438223
v -0.4428341 -1.1843592 9.2380856
v -0.4439524 -1.1819828 9.2302492
v -0.4282266 -1.1865899 9.2309663
v 0.2442254 -0.6949139 1.6274486
v 0.2572104 -0.6930257 1.5800233
v 0.2902989 -0.6820180 1.5453055
v 0.3346249 -0.6648406 1.5325979
v 0.3783113 -0.6460960 1.5453055
v 0.4096522 -0.6308068 1.5800233
v 0.4202501 -0.6230698 1.6274486
v 0.4072651 -0.6249581 1.6748740
v 0.3741766 -0.6359657 1.7095918
v 0.3298506 -0.6531431 1.7222994
v 0.2861643 -0.6718877 1.7095918
v 0.2548233 -0.6871769 1.6748740
v 0.2442254 -0.6949139 1.6274486
v 0.1824407 -0.7591587 1.6298552
v 0.2065556 -0.7556519 1.5417795
v 0.2680057 -0.7352092 1.4773036
v 0.3503254 -0.7033082 1.4537038
v 0.4314572 -0.6684967 1.4773036
v 0.4896619 -0.6401026 1.5417795
v 0.5093436 -0.6257338 1.6298552
v 0.4852286 -0.6292406 1.7179308
v 0.4237785 -0.6496833 1.7824067
v 0.3414588 -0.6815843 1.8060065
v 0.2603271 -0.7163958 1.7824067
v 0.2021224 -0.7447899 1.7179308
v 0.1824407 -0.7591587 1.6298552
v 0.1534069 -0.8197930 1.6328633
v 0.1843235 -0.8152971 1.5199458
v 0.2631057 -0.7890885 1.4372844
v 0.3686437 -0.7481898 1.4070283
v 0.4726588 -0.7035597 1.4372844
v 0.5472802 -0.6671570 1.5199458
v 0.5725132 -0.6487355 1.6328633
v 0.5415966 -0.6532314 1.7457808
v 0.4628144 -0.6794400 1.8284422
v 0.3572764 -0.7203387 1.8586984
v 0.2532613 -0.7649687 1.8284422
v 0.1786399 -0.8013715 1.7457808
v 0.1534069 -0.8197930 1.6328633
v 0.1534069 -0.8197930 1.6328633
v 0.1843235 -0.8152971 1.5199458
v 0.2631057 -0.7890885 1.4372844
v 0.3686437 -0.7481898 1.4070283
v 0.4726588 -0.7035597 1.4372844
v 0.5472802 -0.6671570 1.5199458
v 0.5725132 -0.6487355 1.6328633
v 0.5415966 -0.6532314 1.7457808
v 0.4628144 -0.6794400 1.8284422
v 0.3572764 -0.7203387 1.8586984
v 0.2532613 -0.7649687 1.8284422
v 0.1786399 -0.8013715 1.7457808
v 0.1534069 -0.8197930 1.6328633
v 0.2347439 -0.7914739 1.6331641
v 0.2539122 -0.7886864 1.5631553
v 0.3027571 -0.7724371 1.5119052
v 0.3681907 -0.7470799 1.4931464
v 0.4326801 -0.7194093 1.5119052
v 0.4789454 -0.6968395 1.5631553
v 0.4945898 -0.6854182 1.6331641
v 0.4754215 -0.6882057 1.7031730
v 0.4265765 -0.7044550 1.7544230
v 0.3611430 -0.7298122 1.7731819
v 0.2966536 -0.7574828 1.7544230
v 0.2503883 -0.7800526 1.7031730
v 0.2347439 -0.7914739 1.6331641
v 0.2746440 -0.7215260 1.6298552
v 0.2851557 -0.7199974 1.5914632
v 0.3119416 -0.7110865 1.5633583
v 0.3478246 -0.6971809 1.5530713
v 0.3831897 -0.6820067 1.5633583
v 0.4085610 -0.6696298 1.5914632
v 0.4171402 -0.6633665 1.6298552
v 0.4066285 -0.6648951 1.6682471
v 0.3798426 -0.6738060 1.6963520
v 0.3439597 -0.6877116 1.7066391
v 0.3085945 -0.7028858 1.6963520
v 0.2832232 -0.7152627 1.6682471
v 0.2746440 -0.7215260 1.6298552
v 0.3390649 -0.6757191 1.6286519
v 0.1423991 -0.6287280 2.3469517
v 0.1548794 -0.6276034 2.3022462
v 0.1863578 -0.6179245 2.2695194
v 0.2283997 -0.6022848 2.2575406
v 0.2697400 -0.5848750 2.2695194
v 0.2993015 -0.5703600 2.3022462
v 0.3091634 -0.5626290 2.3469517
v 0.2966830 -0.5637537 2.3916573
v 0.2652046 -0.5734325 2.4243841
v 0.2231627 -0.5890722 2.4363629
v 0.1818225 -0.6064821 2.4243841
v 0.1522609 -0.6209971 2.3916573
v 0.1423991 -0.6287280 2.3469517
v 0.0834794 -0.6887210 2.3496589
v 0.1066571 -0.6866323 2.2666343
v 0.1651170 -0.6686573 2.2058560
v 0.2431948 -0.6396121 2.1836096
v 0.3199696 -0.6072796 2.2058560
v 0.3748696 -0.5803231 2.2666343
v 0.3931845 -0.5659656 2.3496589
v 0.3700067 -0.5680543 2.4326835
v 0.3115468 -0.5860293 2.4934618
v 0.2334690 -0.6150745 2.5157082
v 0.1566943 -0.6474070 2.4934618
v 0.1017942 -0.6743635 2.4326835
v 0.0834794 -0.6887210 2.3496589
v 0.0554914 -0.7456136 2.3530429
v 0.0852065 -0.7429359 2.2466010
v 0.1601551 -0.7198909 2.1686802
v 0.2602548 -0.6826535 2.1401592
v 0.3586840 -0.6412016 2.1686802
v 0.4290687 -0.6066419 2.2466010
v 0.4525492 -0.5882349 2.3530429
v 0.4228342 -0.5909127 2.4594847
v 0.3478856 -0.6139576 2.5374055
v 0.2477858 -0.6511950 2.5659265
v 0.1493566 -0.6926470 2.5374055
v 0.0789720 -0.7272066 2.4594847
v 0.0554914 -0.7456136 2.3530429
v 0.0554914 -0.7456136 2.3530429
v 0.0852065 -0.7429359 2.2466010
v 0.1601551 -0.7198909 2.1686802
v 0.2602548 -0.6826535 2.1401592
v 0.3586840 -0.6412016 2.1686802
v 0.4290687 -0.6066419 2.2466010
v 0.4525492 -0.5882349 2.3530429
v 0.4228342 -0.5909127 2.4594847
v 0.3478856 -0.6139576 2.5374055
v 0.2477858 -0.6511950 2.5659265
v 0.1493566 -0.6926470 2.5374055
v 0.0789720 -0.7272066 2.4594847
v 0.0554914 -0.7456136 2.3530429
v 0.1325012 -0.7196697 2.3533812
v 0.1509246 -0.7180096 2.2873873
v 0.1973927 -0.7037217 2.2390764
v 0.2594545 -0.6806345 2.2213934
v 0.3204806 -0.6549343 2.2390764
v 0.3641191 -0.6335073 2.2873873
v 0.3786771 -0.6220950 2.3533812
v 0.3602537 -0.6237552 2.4193752
v 0.3137856 -0.6380431 2.4676861
v 0.2517238 -0.6611302 2.4853691
v 0.1906977 -0.6868304 2.4676861
v 0.1470592 -0.7082574 2.4193752
v 0.1325012 -0.7196697 2.3533812
v 0.1708321 -0.6540977 2.3496589
v 0.1809352 -0.6531872 2.3134687
v 0.2064178 -0.6453520 2.2869756
v 0.2404517 -0.6326913 2.2772784
v 0.2739176 -0.6185976 2.2869756
v 0.2978484 -0.6068473 2.3134687
v 0.3058318 -0.6005889 2.3496589
v 0.2957286 -0.6014994 2.3858491
v 0.2702461 -0.6093346 2.4123422
v 0.2362122 -0.6219953 2.4220393
v 0.2027463 -0.6360890 2.4123422
v 0.1788155 -0.6478393 2.3858491
v 0.1708321 -0.6540977 2.3496589
v 0.2320566 -0.6115109 2.3483053
v 0.0097169 -0.5704157 3.0401898
v 0.0214549 -0.5694599 2.9982107
v 0.0510775 -0.5605687 2.9674799
v 0.0906474 -0.5461245 2.9562317
v 0.1295618 -0.5299976 2.9674799
v 0.1573937 -0.5165092 2.9982107
v 0.1666855 -0.5092734 3.0401898
v 0.1549475 -0.5102292 3.0821688
v 0.1253249 -0.5191204 3.1128996
v 0.0857550 -0.5335646 3.1241479
v 0.0468406 -0.5496915 3.1128996
v 0.0190087 -0.5631799 3.0821688
v 0.0097169 -0.5704157 3.0401898
v -0.0459466 -0.6264224 3.0427572
v -0.0241475 -0.6246474 2.9647961
v 0.0308659 -0.6081352 2.9077246
v 0.1043529 -0.5813103 2.8868350
v 0.1766226 -0.5513603 2.9077246
v 0.2283104 -0.5263103 2.9647961
v 0.2455666 -0.5128725 3.0427572
v 0.2237675 -0.5146475 3.1207183
v 0.1687540 -0.5311597 3.1777898
v 0.0952671 -0.5579847 3.1986794
v 0.0229974 -0.5879346 3.1777898
v -0.0286904 -0.6129846 3.1207183
v -0.0459466 -0.6264224 3.0427572
v -0.0725465 -0.6796895 3.0459665
v -0.0445989 -0.6774139 2.9460164
v 0.0259312 -0.6562444 2.8728479
v 0.1201452 -0.6218535 2.8460663
v 0.2127986 -0.5834560 2.8728479
v 0.2790651 -0.5513407 2.9460164
v 0.3011884 -0.5341127 3.0459665
v 0.2732408 -0.5363884 3.1459167
v 0.2027108 -0.5575578 3.2190852
v 0.1084968 -0.5919488 3.2458668
v 0.0158433 -0.6303462 3.2190852
v -0.0504231 -0.6624615 3.1459167
v -0.0725465 -0.6796895 3.0459665
v -0.0725465 -0.6796895 3.0459665
v -0.0445989 -0.6774139 2.9460164
v 0.0259312 -0.6562444 2.8728479
v 0.1201452 -0.6218535 2.8460663
v 0.2127986 -0.5834560 2.8728479
v 0.2790651 -0.5513407 2.9460164
v 0.3011884 -0.5341127 3.0459665
v 0.2732408 -0.5363884 3.1459167
v 0.2027108 -0.5575578 3.2190852
v 0.1084968 -0.5919488 3.2458668
v 0.0158433 -0.6303462 3.2190852
v -0.0504231 -0.6624615 3.1459167
v -0.0725465 -0.6796895 3.0459665
v -0.0000857 -0.6557553 3.0462875
v 0.0172418 -0.6543444 2.9843184
v 0.0609704 -0.6412193 2.9389539
v 0.1193831 -0.6198969 2.9223493
v 0.1768282 -0.5960905 2.9389539
v 0.2179134 -0.5761790 2.9843184
v 0.2316299 -0.5654977 3.0462875
v 0.2143024 -0.5669086 3.1082565
v 0.1705738 -0.5800337 3.1536210
v 0.1121611 -0.6013560 3.1702256
v 0.0547159 -0.6251624 3.1536210
v 0.0136308 -0.6450740 3.1082565
v -0.0000857 -0.6557553 3.0462875
v 0.0362751 -0.5943955 3.0427572
v 0.0457772 -0.5936218 3.0087742
v 0.0697575 -0.5864242 2.9838969
v 0.1017902 -0.5747313 2.9747911
v 0.1332924 -0.5616761 2.9838969
v 0.1558230 -0.5507569 3.0087742
v 0.1633449 -0.5448994 3.0427572
v 0.1538427 -0.5456731 3.0767403
v 0.1298625 -0.5528708 3.1016176
v 0.0978298 -0.5645637 3.1107233
v 0.0663276 -0.5776188 3.1016176
v 0.0437970 -0.5885380 3.0767403
v 0.0362751 -0.5943955 3.0427572
v 0.0940056 -0.5547460 3.0414735
v -0.1397383 -0.5234046 3.7105856
v -0.1289278 -0.5221306 3.6713509
v -0.1013675 -0.5135665 3.6426291
v -0.0644422 -0.5000071 3.6321162
v -0.0280460 -0.4850856 3.6426291
v -0.0019313 -0.4728001 3.6713509
v 0.0069046 -0.4664427 3.7105856
v -0.0039059 -0.4677166 3.7498204
v -0.0314662 -0.4762807 3.7785422
v -0.0683915 -0.4898401 3.7890551
v -0.1047877 -0.5047616 3.7785422
v -0.1309024 -0.5170471 3.7498204
v -0.1397383 -0.5234046 3.7105856
v -0.1917615 -0.5756816 3.7126632
v -0.1716848 -0.5733156 3.6397987
v -0.1205014 -0.5574110 3.5864581
v -0.0519259 -0.5322292 3.5669341
v 0.0156670 -0.5045178 3.5864581
v 0.0641658 -0.4817019 3.6397987
v 0.0805753 -0.4698952 3.7126632
v 0.0604986 -0.4722611 3.7855277
v 0.0093153 -0.4881658 3.8388682
v -0.0592603 -0.5133476 3.8583922
v -0.1268532 -0.5410590 3.8388682
v -0.1753520 -0.5638748 3.7855277
v -0.1917615 -0.5756816 3.7126632
v -0.2166383 -0.6254311 3.7152601
v -0.1908989 -0.6223979 3.6218441
v -0.1252792 -0.6020073 3.5534588
v -0.0373618 -0.5697229 3.5284280
v 0.0492957 -0.5341955 3.5534588
v 0.1114737 -0.5049444 3.6218441
v 0.1325115 -0.4898076 3.7152601
v 0.1067722 -0.4928408 3.8086762
v 0.0411525 -0.5132314 3.8770615
v -0.0467649 -0.5455158 3.9020922
v -0.1334224 -0.5810432 3.8770615
v -0.1956004 -0.6102943 3.8086762
v -0.2166383 -0.6254311 3.7152601
v -0.2166383 -0.6254311 3.7152601
v -0.1908989 -0.6223979 3.6218441
v -0.1252792 -0.6020073 3.5534588
v -0.0373618 -0.5697229 3.5284280
v 0.0492957 -0.5341955 3.5534588
v 0.1114737 -0.5049444 3.6218441
v 0.1325115 -0.4898076 3.7152601
v 0.1067722 -0.4928408 3.8086762
v 0.0411525 -0.5132314 3.8770615
v -0.0467649 -0.5455158 3.9020922
v -0.1334224 -0.5810432 3.8770615
v -0.1956004 -0.6102943 3.8086762
v -0.2166383 -0.6254311 3.7152601
v -0.1489468 -0.6031458 3.7155198
v -0.1329884 -0.6012651 3.6576019
v -0.0923042 -0.5886229 3.6152030
v -0.0377955 -0.5686067 3.5996839
v 0.0159322 -0.5465796 3.6152030
v 0.0544826 -0.5284440 3.6576019
v 0.0675261 -0.5190591 3.7155198
v 0.0515677 -0.5209398 3.7734378
v 0.0108834 -0.5335819 3.8158366
v -0.0436253 -0.5535982 3.8313557
v -0.0973530 -0.5756253 3.8158366
v -0.1359034 -0.5937609 3.7734378
v -0.1489468 -0.6031458 3.7155198
v -0.1149486 -0.5458444 3.7126632
v -0.1061972 -0.5448131 3.6809017
v -0.0838865 -0.5378803 3.6576507
v -0.0539946 -0.5269036 3.6491403
v -0.0245310 -0.5148243 3.6576507
v -0.0033905 -0.5048789 3.6809017
v 0.0037624 -0.4997324 3.7126632
v -0.0049890 -0.5007637 3.7444246
v -0.0272997 -0.5076965 3.7676756
v -0.0571916 -0.5186732 3.7761861
v -0.0866552 -0.5307525 3.7676756
v -0.1077957 -0.5406979 3.7444246
v -0.1149486 -0.5458444 3.7126632
v -0.0610050 -0.5088560 3.7116244
v -0.2939879 -0.4910294 4.3606232
v -0.2842626 -0.4890461 4.3241766
v -0.2589460 -0.4804393 4.2974959
v -0.2248216 -0.4675154 4.2877300
v -0.1910332 -0.4537371 4.2974959
v -0.1666342 -0.4427965 4.3241766
v -0.1581624 -0.4376250 4.3606232
v -0.1678878 -0.4396083 4.3970698
v -0.1932044 -0.4482150 4.4237506
v -0.2273287 -0.4611390 4.4335164
v -0.2611172 -0.4749172 4.4237506
v -0.2855161 -0.4858579 4.3970698
v -0.2939879 -0.4910294 4.3606232
v -0.3420378 -0.5397600 4.3619283
v -0.3239765 -0.5360767 4.2942417
v -0.2769599 -0.5200928 4.2446918
v -0.2135861 -0.4960911 4.2265552
v -0.1508361 -0.4705030 4.2446918
v -0.1055238 -0.4501846 4.2942417
v -0.0897904 -0.4405804 4.3619283
v -0.1078518 -0.4442637 4.4296148
v -0.1548684 -0.4602476 4.4791648
v -0.2182421 -0.4842492 4.4973013
v -0.2809921 -0.5098374 4.4791648
v -0.3263045 -0.5301557 4.4296148
v -0.3420378 -0.5397600 4.3619283
v -0.3649099 -0.5860506 4.3635596
v -0.3417543 -0.5813284 4.2767820
v -0.2814766 -0.5608362 4.2132564
v -0.2002282 -0.5300649 4.1900044
v -0.1197795 -0.4972596 4.2132564
v -0.0616867 -0.4712104 4.2767820
v -0.0415157 -0.4588973 4.3635596
v -0.0646714 -0.4636195 4.4503372
v -0.1249491 -0.4841117 4.5138628
v -0.2061975 -0.5148830 4.5371148
v -0.2866461 -0.5476883 4.5138628
v -0.3447389 -0.5737375 4.4503372
v -0.3649099 -0.5860506 4.3635596
v -0.3649099 -0.5860506 4.3635596
v -0.3417543 -0.5813284 4.2767820
v -0.2814766 -0.5608362 4.2132564
v -0.2002282 -0.5300649 4.1900044
v -0.1197795 -0.4972596 4.2132564
v -0.0616867 -0.4712104 4.2767820
v -0.0415157 -0.4588973 4.3635596
v -0.0646714 -0.4636195 4.4503372
v -0.1249491 -0.4841117 4.5138628
v -0.2061975 -0.5148830 4.5371148
v -0.2866461 -0.5476883 4.5138628
v -0.3447389 -0.5737375 4.4503372
v -0.3649099 -0.5860506 4.3635596
v -0.3021949 -0.5651218 4.3637227
v -0.2878384 -0.5621941 4.3099206
v -0.2504662 -0.5494889 4.2705347
v -0.2000922 -0.5304107 4.2561185
v -0.1502140 -0.5100714 4.2705347
v -0.1141965 -0.4939209 4.3099206
v -0.1016905 -0.4862868 4.3637227
v -0.1160470 -0.4892145 4.4175248
v -0.1534192 -0.5019197 4.4569107
v -0.2037932 -0.5209979 4.4713269
v -0.2536713 -0.5413372 4.4569107
v -0.2896889 -0.5574877 4.4175248
v -0.3021949 -0.5651218 4.3637227
v -0.2708911 -0.5117862 4.3619283
v -0.2630182 -0.5101807 4.3324239
v -0.2425238 -0.5032134 4.3108252
v -0.2148994 -0.4927511 4.3029195
v -0.1875468 -0.4815973 4.3108252
v -0.1677953 -0.4727406 4.3324239
v -0.1609371 -0.4685541 4.3619283
v -0.1688100 -0.4701597 4.3914326
v -0.1893045 -0.4771270 4.4130314
v -0.2169289 -0.4875893 4.4209370
v -0.2442815 -0.4987431 4.4130314
v -0.2640330 -0.5075998 4.3914326
v -0.2708911 -0.5117862 4.3619283
v -0.2209947 -0.4772487 4.3612757
v -0.4418088 -0.4765747 4.9924233
v -0.4333134 -0.4735841 4.9588466
v -0.4104038 -0.4646685 4.9342668
v -0.3792184 -0.4522169 4.9252699
v -0.3481136 -0.4395656 4.9342668
v -0.3254237 -0.4301046 4.9588466
v -0.3172285 -0.4263690 4.9924233
v -0.3257239 -0.4293596 5.0260000
v -0.3486336 -0.4382752 5.0505798
v -0.3798189 -0.4507269 5.0595767
v -0.4109238 -0.4633781 5.0505798
v -0.4336137 -0.4728391 5.0260000
v -0.4418088 -0.4765747 4.9924233
v -0.4856381 -0.5218193 4.9927293
v -0.4698609 -0.5162653 4.9303726
v -0.4273144 -0.4997078 4.8847243
v -0.3693988 -0.4765833 4.8680159
v -0.3116326 -0.4530882 4.8847243
v -0.2694942 -0.4355178 4.9303726
v -0.2542746 -0.4285802 4.9927293
v -0.2700518 -0.4341342 5.0550860
v -0.3125984 -0.4506917 5.1007342
v -0.3705139 -0.4738162 5.1174427
v -0.4282801 -0.4973113 5.1007342
v -0.4704185 -0.5148817 5.0550860
v -0.4856381 -0.5218193 4.9927293
v -0.5063134 -0.5646283 4.9931118
v -0.4860862 -0.5575077 4.9131673
v -0.4315394 -0.5362801 4.8546439
v -0.3572886 -0.5066334 4.8332228
v -0.2832294 -0.4765114 4.8546439
v -0.2292059 -0.4539853 4.9131673
v -0.2096936 -0.4450909 4.9931118
v -0.2299207 -0.4522115 5.0730563
v -0.2844676 -0.4734391 5.1315797
v -0.3587183 -0.5030858 5.1530007
v -0.4327775 -0.5332078 5.1315797
v -0.4868011 -0.5557339 5.0730563
v -0.5063134 -0.5646283 4.9931118
v -0.5063134 -0.5646283 4.9931118
v -0.4860862 -0.5575077 4.9131673
v -0.4315394 -0.5362801 4.8546439
v -0.3572886 -0.5066334 4.8332228
v -0.2832294 -0.4765114 4.8546439
v -0.2292059 -0.4539853 4.9131673
v -0.2096936 -0.4450909 4.9931118
v -0.2299207 -0.4522115 5.0730563
v -0.2844676 -0.4734391 5.1315797
v -0.3587183 -0.5030858 5.1530007
v -0.4327775 -0.5332078 5.1315797
v -0.4868011 -0.5557339 5.0730563
v -0.5063134 -0.5646283 4.9931118
v -0.4487604 -0.5448822 4.9931500
v -0.4362195 -0.5404674 4.9435845
v -0.4024004 -0.5273063 4.9072999
v -0.3563650 -0.5089254 4.8940189
v -0.3104483 -0.4902497 4.9072999
v -0.2769537 -0.4762835 4.9435845
v -0.2648560 -0.4707690 4.9931500
v -0.2773969 -0.4751838 5.0427156
v -0.3112159 -0.4883449 5.0790001
v -0.3572514 -0.5067258 5.0922812
v -0.4031681 -0.5254015 5.0790001
v -0.4366627 -0.5393677 5.0427156
v -0.4487604 -0.5448822 4.9931500
v -0.4203817 -0.4955211 4.9927293
v -0.4135045 -0.4931001 4.9655482
v -0.3949586 -0.4858827 4.9456502
v -0.3697133 -0.4758028 4.9383670
v -0.3445332 -0.4655614 4.9456502
v -0.3261652 -0.4579025 4.9655482
v -0.3195310 -0.4548784 4.9927293
v -0.3264082 -0.4572994 5.0199104
v -0.3449542 -0.4645168 5.0398084
v -0.3701994 -0.4745966 5.0470915
v -0.3953795 -0.4848381 5.0398084
v -0.4137475 -0.4924970 5.0199104
v -0.4203817 -0.4955211 4.9927293
v -0.3747375 -0.4633358 4.9925763
v -0.5719671 -0.4836319 5.6078626
v -0.5648354 -0.4794317 5.5772880
v -0.5444767 -0.4700576 5.5549059
v -0.5163463 -0.4580214 5.5467135
v -0.4879816 -0.4465483 5.5549059
v -0.4669829 -0.4387124 5.5772880
v -0.4589768 -0.4366133 5.6078626
v -0.4661085 -0.4408136 5.6384371
v -0.4864671 -0.4501877 5.6608192
v -0.5145976 -0.4622238 5.6690117
v -0.5429623 -0.4736970 5.6608192
v -0.5639610 -0.4815329 5.6384371
v -0.5719671 -0.4836319 5.6078626
v -0.6114418 -0.5252898 5.6069956
v -0.5981972 -0.5174893 5.5502143
v -0.5603883 -0.5000803 5.5086475
v -0.5081460 -0.4777275 5.4934330
v -0.4554687 -0.4564202 5.5086475
v -0.4164711 -0.4418678 5.5502143
v -0.4016026 -0.4379696 5.6069956
v -0.4148472 -0.4457701 5.6637769
v -0.4526561 -0.4631791 5.7053437
v -0.5048984 -0.4855319 5.7205582
v -0.5575757 -0.5068392 5.7053437
v -0.5965733 -0.5213916 5.6637769
v -0.6114418 -0.5252898 5.6069956
v -0.6298474 -0.5644880 5.6059118
v -0.6128671 -0.5544875 5.5331153
v -0.5643941 -0.5321682 5.4798245
v -0.4974169 -0.5035107 5.4603188
v -0.4298818 -0.4761937 5.4798245
v -0.3798849 -0.4575368 5.5331153
v -0.3608227 -0.4525391 5.6059118
v -0.3778031 -0.4625397 5.6787084
v -0.4262760 -0.4848589 5.7319991
v -0.4932532 -0.5135164 5.7515049
v -0.5607883 -0.5408334 5.7319991
v -0.6107852 -0.5594903 5.6787084
v -0.6298474 -0.5644880 5.6059118
v -0.6298474 -0.5644880 5.6059118
v -0.6128671 -0.5544875 5.5331153
v -0.5643941 -0.5321682 5.4798245
v -0.4974169 -0.5035107 5.4603188
v -0.4298818 -0.4761937 5.4798245
v -0.3798849 -0.4575368 5.5331153
v -0.3608227 -0.4525391 5.6059118
v -0.3778031 -0.4625397 5.6787084
v -0.4262760 -0.4848589 5.7319991
v -0.4932532 -0.5135164 5.7515049
v -0.5607883 -0.5408334 5.7319991
v -0.6107852 -0.5594903 5.6787084
v -0.6298474 -0.5644880 5.6059118
v -0.5776140 -0.5459061 5.6058035
v -0.5670862 -0.5397058 5.5606696
v -0.5370330 -0.5258678 5.5276293
v -0.4955071 -0.5081002 5.5155358
v -0.4536353 -0.4911636 5.5276293
v -0.4226372 -0.4795964 5.5606696
v -0.4108187 -0.4764978 5.6058035
v -0.4213465 -0.4826981 5.6509373
v -0.4513997 -0.4965361 5.6839776
v -0.4929256 -0.5143037 5.6960712
v -0.5347974 -0.5312402 5.6839776
v -0.5657954 -0.5428075 5.6509373
v -0.5776140 -0.5459061 5.6058035
v -0.5522564 -0.5006610 5.6069956
v -0.5464831 -0.4972608 5.5822448
v -0.5300023 -0.4896723 5.5641259
v -0.5072300 -0.4799287 5.5574939
v -0.4842681 -0.4706410 5.5641259
v -0.4672691 -0.4642976 5.5822448
v -0.4607880 -0.4625984 5.6069956
v -0.4665613 -0.4659986 5.6317464
v -0.4830421 -0.4735871 5.6498653
v -0.5058144 -0.4833307 5.6564972
v -0.5287763 -0.4926184 5.6498653
v -0.5457753 -0.4989618 5.6317464
v -0.5522564 -0.5006610 5.6069956
v -0.5109971 -0.4708762 5.6074291
v -0.6729308 -0.5159860 6.2093254
v -0.6672618 -0.5104961 6.1819463
v -0.6495582 -0.5006598 6.1619035
v -0.6245635 -0.4891128 6.1545673
v -0.5989751 -0.4789490 6.1619035
v -0.5796494 -0.4728919 6.1819463
v -0.5717646 -0.4725644 6.2093254
v -0.5774336 -0.4780544 6.2367044
v -0.5951372 -0.4878907 6.2567472
v -0.6201319 -0.4994377 6.2640834
v -0.6457203 -0.5096015 6.2567472
v -0.6650460 -0.5156586 6.2367044
v -0.6729308 -0.5159860 6.2093254
v -0.7080601 -0.5537644 6.2071852
v -0.6975320 -0.5435688 6.1563384
v -0.6646538 -0.5253014 6.1191160
v -0.6182351 -0.5038569 6.1054917
v -0.5707138 -0.4849813 6.1191160
v -0.5348232 -0.4737324 6.1563384
v -0.5201801 -0.4731243 6.2071852
v -0.5307082 -0.4833199 6.2580320
v -0.5635864 -0.5015873 6.2952544
v -0.6100051 -0.5230318 6.3088787
v -0.6575264 -0.5419074 6.2952544
v -0.6934170 -0.5531563 6.2580320
v -0.7080601 -0.5537644 6.2071852
v -0.7242715 -0.5890981 6.2045100
v -0.7107740 -0.5760269 6.1393218
v -0.6686224 -0.5526071 6.0916008
v -0.6091113 -0.5251141 6.0741337
v -0.5481866 -0.5009147 6.0916008
v -0.5021729 -0.4864930 6.1393218
v -0.4833997 -0.4857134 6.2045100
v -0.4968972 -0.4987846 6.2696982
v -0.5390488 -0.5222044 6.3174192
v -0.5985599 -0.5496974 6.3348863
v -0.6594847 -0.5738968 6.3174192
v -0.7054983 -0.5883185 6.2696982
v -0.7242715 -0.5890981 6.2045100
v -0.7242715 -0.5890981 6.2045100
v -0.7107740 -0.5760269 6.1393218
v -0.6686224 -0.5526071 6.0916008
v -0.6091113 -0.5251141 6.0741337
v -0.5481866 -0.5009147 6.0916008
v -0.5021729 -0.4864930 6.1393218
v -0.4833997 -0.4857134 6.2045100
v -0.4968972 -0.4987846 6.2696982
v -0.5390488 -0.5222044 6.3174192
v -0.5985599 -0.5496974 6.3348863
v -0.6594847 -0.5738968 6.3174192
v -0.7054983 -0.5883185 6.2696982
v -0.7242715 -0.5890981 6.2045100
v -0.6774774 -0.5718512 6.2042425
v -0.6691090 -0.5637470 6.1638258
v -0.6429750 -0.5492267 6.1342388
v -0.6060781 -0.5321811 6.1234092
v -0.5683048 -0.5171774 6.1342388
v -0.5397763 -0.5082360 6.1638258
v -0.5281369 -0.5077526 6.2042425
v -0.5365054 -0.5158568 6.2446591
v -0.5626393 -0.5303771 6.2742462
v -0.5995362 -0.5474227 6.2850758
v -0.6373096 -0.5624263 6.2742462
v -0.6658380 -0.5713678 6.2446591
v -0.6774774 -0.5718512 6.2042425
v -0.6550683 -0.5310198 6.2071852
v -0.6504792 -0.5265755 6.1850212
v -0.6361476 -0.5186128 6.1687961
v -0.6159138 -0.5092652 6.1628572
v -0.5951994 -0.5010374 6.1687961
v -0.5795548 -0.4961340 6.1850212
v -0.5731719 -0.4958689 6.2071852
v -0.5777611 -0.5003132 6.2293492
v -0.5920926 -0.5082759 6.2455743
v -0.6123264 -0.5176235 6.2515131
v -0.6330408 -0.5258513 6.2455743
v -0.6486854 -0.5307547 6.2293492
v -0.6550683 -0.5310198 6.2071852
v -0.6182339 -0.5038598 6.2082553
v -0.7349474 -0.5763467 6.8010013
v -0.7307441 -0.5696704 6.7770629
v -0.7157101 -0.5595624 6.7595387
v -0.6938736 -0.5487311 6.7531244
v -0.6710858 -0.5400787 6.7595387
v -0.6534526 -0.5359237 6.7770629
v -0.6456988 -0.5373794 6.8010013
v -0.6499020 -0.5440557 6.8249398
v -0.6649361 -0.5541638 6.8424640
v -0.6867725 -0.5649951 6.8488783
v -0.7095603 -0.5736474 6.8424640
v -0.7271936 -0.5778024 6.8249398
v -0.7349474 -0.5763467 6.8010013
v -0.7658987 -0.6097621 6.7976210
v -0.7580927 -0.5973632 6.7531638
v -0.7301723 -0.5785912 6.7206189
v -0.6896189 -0.5584759 6.7087066
v -0.6472987 -0.5424072 6.7206189
v -0.6145513 -0.5346908 6.7531638
v -0.6001513 -0.5373942 6.7976210
v -0.6079573 -0.5497931 6.8420782
v -0.6358777 -0.5685651 6.8746231
v -0.6764311 -0.5886804 6.8865354
v -0.7187514 -0.6047491 6.8746231
v -0.7514988 -0.6124655 6.8420782
v -0.7658987 -0.6097621 6.7976210
v -0.7801507 -0.6408617 6.7933956
v -0.7701430 -0.6249657 6.7363992
v -0.7343477 -0.6008989 6.6946750
v -0.6823562 -0.5751101 6.6794028
v -0.6280994 -0.5545092 6.6946750
v -0.5861156 -0.5446164 6.7363992
v -0.5676541 -0.5480823 6.7933956
v -0.5776618 -0.5639783 6.8503920
v -0.6134571 -0.5880451 6.8921163
v -0.6654487 -0.6138339 6.9073884
v -0.7197054 -0.6344348 6.8921163
v -0.7616893 -0.6443276 6.8503920
v -0.7801507 -0.6408617 6.7933956
v -0.7801507 -0.6408617 6.7933956
v -0.7701430 -0.6249657 6.7363992
v -0.7343477 -0.6008989 6.6946750
v -0.6823562 -0.5751101 6.6794028
v -0.6280994 -0.5545092 6.6946750
v -0.5861156 -0.5446164 6.7363992
v -0.5676541 -0.5480823 6.7933956
v -0.5776618 -0.5639783 6.8503920
v -0.6134571 -0.5880451 6.8921163
v -0.6654487 -0.6138339 6.9073884
v -0.7197054 -0.6344348 6.8921163
v -0.7616893 -0.6443276 6.8503920
v -0.7801507 -0.6408617 6.7933956
v -0.7388641 -0.6253230 6.7929731
v -0.7326593 -0.6154675 6.7576353
v -0.7104663 -0.6005461 6.7317663
v -0.6782315 -0.5845570 6.7222976
v -0.6445923 -0.5717845 6.7317663
v -0.6185623 -0.5656509 6.7576353
v -0.6071162 -0.5677998 6.7929731
v -0.6133210 -0.5776553 6.8283109
v -0.6355141 -0.5925767 6.8541799
v -0.6677489 -0.6085658 6.8636486
v -0.7013880 -0.6213383 6.8541799
v -0.7274180 -0.6274719 6.8283109
v -0.7388641 -0.6253230 6.7929731
v -0.7191494 -0.5893506 6.7976210
v -0.7157468 -0.5839460 6.7782423
v -0.7035764 -0.5757633 6.7640560
v -0.6858993 -0.5669951 6.7588635
v -0.6674520 -0.5599908 6.7640560
v -0.6531775 -0.5566272 6.7782423
v -0.6469006 -0.5578057 6.7976210
v -0.6503032 -0.5632103 6.8169998
v -0.6624736 -0.5713930 6.8311861
v -0.6801507 -0.5801612 6.8363786
v -0.6985980 -0.5871655 6.8311861
v -0.7128726 -0.5905291 6.8169998
v -0.7191494 -0.5893506 6.7976210
v -0.6866740 -0.5652206 6.7993112
v -0.7469070 -0.6684592 7.3877763
v -0.7440157 -0.6609180 7.3675432
v -0.7315419 -0.6509367 7.3527316
v -0.7128280 -0.6411899 7.3473102
v -0.6928882 -0.6342891 7.3527316
v -0.6770656 -0.6320835 7.3675432
v -0.6695996 -0.6351639 7.3877763
v -0.6724909 -0.6427052 7.4080093
v -0.6849647 -0.6526864 7.4228210
v -0.7036787 -0.6624333 7.4282424
v -0.7236184 -0.6693341 7.4228210
v -0.7394411 -0.6715397 7.4080093
v -0.7469070 -0.6684592 7.3877763
v -0.7739410 -0.6968870 7.3833706
v -0.7685714 -0.6828819 7.3457949
v -0.7454058 -0.6643452 7.3182876
v -0.7106513 -0.6462439 7.3082193
v -0.6736203 -0.6334282 7.3182876
v -0.6442354 -0.6293320 7.3457949
v -0.6303701 -0.6350529 7.3833706
v -0.6357396 -0.6490580 7.4209463
v -0.6589053 -0.6675947 7.4484536
v -0.6936598 -0.6856960 7.4585219
v -0.7306907 -0.6985117 7.4484536
v -0.7600757 -0.7026079 7.4209463
v -0.7739410 -0.6968870 7.3833706
v -0.7865659 -0.7233051 7.3778635
v -0.7796818 -0.7053499 7.3296896
v -0.7499823 -0.6815849 7.2944238
v -0.7054252 -0.6583781 7.2815156
v -0.6579497 -0.6419477 7.2944238
v -0.6202766 -0.6366961 7.3296896
v -0.6025006 -0.6440306 7.3778635
v -0.6093847 -0.6619859 7.4260374
v -0.6390842 -0.6857509 7.4613032
v -0.6836413 -0.7089577 7.4742113
v -0.7311168 -0.7253881 7.4613032
v -0.7687899 -0.7306396 7.4260374
v -0.7865659 -0.7233051 7.3778635
v -0.7865659 -0.7233051 7.3778635
v -0.7796818 -0.7053499 7.3296896
v -0.7499823 -0.6815849 7.2944238
v -0.7054252 -0.6583781 7.2815156
v -0.6579497 -0.6419477 7.2944238
v -0.6202766 -0.6366961 7.3296896
v -0.6025006 -0.6440306 7.3778635
v -0.6093847 -0.6619859 7.4260374
v -0.6390842 -0.6857509 7.4613032
v -0.6836413 -0.7089577 7.4742113
v -0.7311168 -0.7253881 7.4613032
v -0.7687899 -0.7306396 7.4260374
v -0.7865659 -0.7233051 7.3778635
v -0.7508313 -0.7100128 7.3773128
v -0.7465631 -0.6988805 7.3474449
v -0.7281494 -0.6841463 7.3255802
v -0.7005240 -0.6697580 7.3175771
v -0.6710892 -0.6595712 7.3255802
v -0.6477319 -0.6563152 7.3474449
v -0.6367108 -0.6608626 7.3773128
v -0.6409789 -0.6719949 7.4071806
v -0.6593926 -0.6867291 7.4290454
v -0.6870180 -0.7011173 7.4370484
v -0.7164528 -0.7113042 7.4290454
v -0.7398101 -0.7145602 7.4071806
v -0.7508313 -0.7100128 7.3773128
v -0.7334466 -0.6794466 7.3833706
v -0.7311060 -0.6733418 7.3669915
v -0.7210082 -0.6652617 7.3550011
v -0.7058588 -0.6573714 7.3506123
v -0.6897171 -0.6517851 7.3550011
v -0.6769083 -0.6499996 7.3669915
v -0.6708644 -0.6524933 7.3833706
v -0.6732050 -0.6585981 7.3997497
v -0.6833029 -0.6666782 7.4117401
v -0.6984523 -0.6745685 7.4161289
v -0.7145939 -0.6801548 7.4117401
v -0.7274028 -0.6819403 7.3997497
v -0.7334466 -0.6794466 7.3833706
v -0.7052044 -0.6588908 7.3855734
v -0.6957907 -0.7965634 7.9755430
v -0.6938689 -0.7887297 7.9592281
v -0.6837239 -0.7794738 7.9472848
v -0.6680741 -0.7712758 7.9429132
v -0.6511128 -0.7663323 7.9472848
v -0.6373847 -0.7659680 7.9592281
v -0.6305683 -0.7702804 7.9755430
v -0.6324901 -0.7781141 7.9918579
v -0.6426351 -0.7873700 8.0038012
v -0.6582849 -0.7955680 8.0081728
v -0.6752463 -0.8005115 8.0038012
v -0.6889743 -0.8008758 7.9918579
v -0.6957907 -0.7965634 7.9755430
v -0.7190971 -0.8193570 7.9705543
v -0.7155281 -0.8048087 7.9402553
v -0.6966874 -0.7876191 7.9180748
v -0.6676234 -0.7723943 7.9099562
v -0.6361237 -0.7632136 7.9180748
v -0.6106288 -0.7625370 7.9402553
v -0.5979698 -0.7705458 7.9705543
v -0.6015388 -0.7850941 8.0008534
v -0.6203795 -0.8022836 8.0230339
v -0.6494435 -0.8175085 8.0311525
v -0.6809431 -0.8266892 8.0230339
v -0.7064381 -0.8273658 8.0008534
v -0.7190971 -0.8193570 7.9705543
v -0.7303715 -0.8406524 7.9643185
v -0.7257959 -0.8220008 7.9254735
v -0.7016411 -0.7999629 7.8970370
v -0.6643796 -0.7804438 7.8866286
v -0.6239955 -0.7686737 7.8970370
v -0.5913096 -0.7678063 7.9254735
v -0.5750802 -0.7780740 7.9643185
v -0.5796558 -0.7967256 8.0031635
v -0.6038105 -0.8187635 8.0316000
v -0.6410721 -0.8382826 8.0420084
v -0.6814562 -0.8500527 8.0316000
v -0.7141421 -0.8509201 8.0031635
v -0.7303715 -0.8406524 7.9643185
v -0.7303715 -0.8406524 7.9643185
v -0.7257959 -0.8220008 7.9254735
v -0.7016411 -0.7999629 7.8970370
v -0.6643796 -0.7804438 7.8866286
v -0.6239955 -0.7686737 7.8970370
v -0.5913096 -0.7678063 7.9254735
v -0.5750802 -0.7780740 7.9643185
v -0.5796558 -0.7967256 8.0031635
v -0.6038105 -0.8187635 8.0316000
v -0.6410721 -0.8382826 8.0420084
v -0.6814562 -0.8500527 8.0316000
v -0.7141421 -0.8509201 8.0031635
v -0.7303715 -0.8406524 7.9643185
v -0.7002854 -0.8302037 7.9636949
v -0.6974485 -0.8186397 7.9396110
v -0.6824726 -0.8049762 7.9219804
v -0.6593704 -0.7928744 7.9155272
v -0.6343322 -0.7855769 7.9219804
v -0.6140670 -0.7850391 7.9396110
v -0.6040048 -0.7914051 7.9636949
v -0.6068417 -0.8029691 7.9877788
v -0.6218176 -0.8166326 8.0054094
v -0.6449198 -0.8287344 8.0118627
v -0.6699579 -0.8360319 8.0054094
v -0.6902232 -0.8365697 7.9877788
v -0.7002854 -0.8302037 7.9636949
v -0.6849330 -0.8055897 7.9705543
v -0.6833772 -0.7992481 7.9573470
v -0.6751646 -0.7917553 7.9476786
v -0.6624957 -0.7851188 7.9441398
v -0.6487651 -0.7811169 7.9476786
v -0.6376519 -0.7808220 7.9573470
v -0.6321339 -0.7843130 7.9705543
v -0.6336896 -0.7906546 7.9837616
v -0.6419022 -0.7981475 7.9934300
v -0.6545712 -0.8047840 7.9969689
v -0.6683018 -0.8087858 7.9934300
v -0.6794150 -0.8090807 7.9837616
v -0.6849330 -0.8055897 7.9705543
v -0.6608565 -0.7891866 7.9730487
v -0.5623777 -0.9666653 8.5697270
v -0.5609805 -0.9593544 8.5574238
v -0.5529274 -0.9515569 8.5484173
v -0.5403764 -0.9453621 8.5451207
v -0.5266905 -0.9424301 8.5484173
v -0.5155367 -0.9435463 8.5574238
v -0.5099038 -0.9484118 8.5697270
v -0.5113010 -0.9557228 8.5820302
v -0.5193540 -0.9635203 8.5910367
v -0.5319051 -0.9697150 8.5943333
v -0.5455910 -0.9726471 8.5910367
v -0.5567448 -0.9715308 8.5820302
v -0.5623777 -0.9666653 8.5697270
v -0.5817868 -0.9833418 8.5648157
v -0.5791919 -0.9697642 8.5419670
v -0.5642363 -0.9552831 8.5252406
v -0.5409272 -0.9437787 8.5191183
v -0.5155104 -0.9383334 8.5252406
v -0.4947963 -0.9404065 8.5419670
v -0.4843351 -0.9494423 8.5648157
v -0.4869300 -0.9630198 8.5876645
v -0.5018857 -0.9775009 8.6043909
v -0.5251947 -0.9890054 8.6105132
v -0.5506115 -0.9944506 8.6043909
v -0.5713257 -0.9923776 8.5876645
v -0.5817868 -0.9833418 8.5648157
v -0.5916803 -0.9991893 8.5586766
v -0.5883535 -0.9817822 8.5293834
v -0.5691796 -0.9632167 8.5079392
v -0.5392962 -0.9484674 8.5000901
v -0.5067106 -0.9414863 8.5079392
v -0.4801540 -0.9441440 8.5293834
v -0.4667423 -0.9557285 8.5586766
v -0.4700690 -0.9731355 8.5879699
v -0.4892429 -0.9917010 8.6094140
v -0.5191263 -1.0064504 8.6172631
v -0.5517120 -1.0134315 8.6094140
v -0.5782686 -1.0107737 8.5879699
v -0.5916803 -0.9991893 8.5586766
v -0.5916803 -0.9991893 8.5586766
v -0.5883535 -0.9817822 8.5293834
v -0.5691796 -0.9632167 8.5079392
v -0.5392962 -0.9484674 8.5000901
v -0.5067106 -0.9414863 8.5079392
v -0.4801540 -0.9441440 8.5293834
v -0.4667423 -0.9557285 8.5586766
v -0.4700690 -0.9731355 8.5879699
v -0.4892429 -0.9917010 8.6094140
v -0.5191263 -1.0064504 8.6172631
v -0.5517120 -1.0134315 8.6094140
v -0.5782686 -1.0107737 8.5879699
v -0.5916803 -0.9991893 8.5586766
v -0.5675571 -0.9920384 8.5580627
v -0.5654945 -0.9812460 8.5399009
v -0.5536067 -0.9697354 8.5266055
v -0.5350790 -0.9605908 8.5217391
v -0.5148759 -0.9562626 8.5266055
v -0.4984108 -0.9579104 8.5399009
v -0.4900955 -0.9650927 8.5580627
v -0.4921581 -0.9758851 8.5762245
v -0.5040459 -0.9873957 8.5895199
v -0.5225736 -0.9965403 8.5943863
v -0.5427767 -1.0008686 8.5895199
v -0.5592418 -0.9992208 8.5762245
v -0.5675571 -0.9920384 8.5580627
v -0.5543005 -0.9737804 8.5648157
v -0.5531693 -0.9678620 8.5548560
v -0.5466502 -0.9615497 8.5475650
v -0.5364899 -0.9565349 8.5448963
v -0.5254107 -0.9541614 8.5475650
v -0.5163815 -0.9550650 8.5548560
v -0.5118215 -0.9590037 8.5648157
v -0.5129526 -0.9649221 8.5747754
v -0.5194717 -0.9712344 8.5820664
v -0.5296321 -0.9762491 8.5847351
v -0.5407112 -0.9786227 8.5820664
v -0.5497405 -0.9777191 8.5747754
v -0.5543005 -0.9737804 8.5648157
v -0.5346009 -0.9619653 8.5672714
v -0.3301010 -1.1815855 9.1742929
v -0.3289207 -1.1757732 9.1659828
v -0.3229513 -1.1701525 9.1598994
v -0.3137924 -1.1662294 9.1576727
v -0.3038981 -1.1650551 9.1598994
v -0.2959196 -1.1669443 9.1659828
v -0.2919947 -1.1713908 9.1742929
v -0.2931750 -1.1772032 9.1826030
v -0.2991444 -1.1828239 9.1886864
v -0.3083033 -1.1867470 9.1909131
v -0.3181976 -1.1879213 9.1886864
v -0.3261761 -1.1860320 9.1826030
v -0.3301010 -1.1815855 9.1742929
v -0.3447960 -1.1920711 9.1702473
v -0.3426039 -1.1812768 9.1548143
v -0.3315179 -1.1708382 9.1435166
v -0.3145086 -1.1635525 9.1393813
v -0.2961335 -1.1613717 9.1435166
v -0.2813162 -1.1648803 9.1548143
v -0.2740270 -1.1731381 9.1702473
v -0.2762191 -1.1839324 9.1856804
v -0.2873051 -1.1943709 9.1969781
v -0.3043144 -1.2016567 9.2011134
v -0.3226896 -1.2038374 9.1969781
v -0.3375068 -1.2003289 9.1856804
v -0.3447960 -1.1920711 9.1702473
v -0.3527308 -1.2023866 9.1651904
v -0.3499204 -1.1885477 9.1454045
v -0.3357077 -1.1751650 9.1309202
v -0.3139008 -1.1658243 9.1256185
v -0.2903430 -1.1630285 9.1309202
v -0.2713465 -1.1675266 9.1454045
v -0.2620014 -1.1781135 9.1651904
v -0.2648118 -1.1919524 9.1849763
v -0.2790245 -1.2053351 9.1994606
v -0.3008314 -1.2146759 9.2047622
v -0.3243892 -1.2174717 9.1994606
v -0.3433857 -1.2129735 9.1849763
v -0.3527308 -1.2023866 9.1651904
v -0.3527308 -1.2023866 9.1651904
v -0.3499204 -1.1885477 9.1454045
v -0.3357077 -1.1751650 9.1309202
v -0.3139008 -1.1658243 9.1256185
v -0.2903430 -1.1630285 9.1309202
v -0.2713465 -1.1675266 9.1454045
v -0.2620014 -1.1781135 9.1651904
v -0.2648118 -1.1919524 9.1849763
v -0.2790245 -1.2053351 9.1994606
v -0.3008314 -1.2146759 9.2047622
v -0.3243892 -1.2174717 9.1994606
v -0.3433857 -1.2129735 9.1849763
v -0.3527308 -1.2023866 9.1651904
v -0.3352877 -1.1985393 9.1646847
v -0.3335452 -1.1899592 9.1524174
v -0.3247333 -1.1816619 9.1434372
v -0.3112131 -1.1758706 9.1401502
v -0.2966072 -1.1741372 9.1434372
v -0.2848294 -1.1769261 9.1524174
v -0.2790354 -1.1834900 9.1646847
v -0.2807779 -1.1920701 9.1769520
v -0.2895898 -1.2003674 9.1859322
v -0.3031100 -1.2061586 9.1892192
v -0.3177159 -1.2078920 9.1859322
v -0.3294937 -1.2051032 9.1769520
v -0.3352877 -1.1985393 9.1646847
v -0.3248355 -1.1867310 9.1702473
v -0.3238800 -1.1820258 9.1635201
v -0.3190476 -1.1774757 9.1585955
v -0.3116333 -1.1742998 9.1567929
v -0.3036236 -1.1733492 9.1585955
v -0.2971648 -1.1748786 9.1635201
v -0.2939875 -1.1784782 9.1702473
v -0.2949430 -1.1831834 9.1769746
v -0.2997754 -1.1877335 9.1818992
v -0.3071897 -1.1909094 9.1837018
v -0.3151994 -1.1918599 9.1818992
v -0.3216582 -1.1903306 9.1769746
v -0.3248355 -1.1867310 9.1702473
v -0.3102297 -1.1795464 9.1722701

vt 0.0020000 0.0020000
vt 0.0393000 0.0020000
vt 0.0766000 0.0020000
vt 0.1139000 0.0020000
vt 0.1512000 0.0020000
vt 0.1885000 0.0020000
vt 0.2258000 0.0020000
vt 0.2631000 0.0020000
vt 0.3004000 0.0020000
vt 0.3377000 0.0020000
vt 0.3750000 0.0020000
vt 0.4123000 0.0020000
vt 0.4496000 0.0020000
vt 0.4869000 0.0020000
vt 0.5242000 0.0020000
vt 0.5615000 0.0020000
vt 0.5988000 0.0020000
vt 0.6361000 0.0020000
vt 0.6734000 0.0020000
vt 0.7107000 0.0020000
vt 0.7480000 0.0020000
vt 0.0020000 0.0296667
vt 0.0393000 0.0296667
vt 0.0766000 0.0296667
vt 0.1139000 0.0296667
vt 0.1512000 0.0296667
vt 0.1885000 0.0296667
vt 0.2258000 0.0296667
vt 0.2631000 0.0296667
vt 0.3004000 0.0296667
vt 0.3377000 0.0296667
vt 0.3750000 0.0296667
vt 0.4123000 0.0296667
vt 0.4496000 0.0296667
vt 0.4869000 0.0296667
vt 0.5242000 0.0296667
vt 0.5615000 0.0296667
vt 0.5988000 0.0296667
vt 0.6361000 0.0296667
vt 0.6734000 0.0296667
vt 0.7107000 0.0296667
vt 0.7480000 0.0296667
vt 0.0020000 0.0573333
vt 0.0393000 0.0573333
vt 0.0766000 0.0573333
vt 0.1139000 0.0573333
vt 0.1512000 0.0573333
vt 0.1885000 0.0573333
vt 0.2258000 0.0573333
vt 0.2631000 0.0573333
vt 0.3004000 0.0573333
vt 0.3377000 0.0573333
vt 0.3750000 0.0573333
vt 0.4123000 0.0573333
vt 0.4496000 0.0573333
vt 0.4869000 0.0573333
vt 0.5242000 0.0573333
vt 0.5615000 0.0573333
vt 0.5988000 0.0573333
vt 0.6361000 0.0573333
vt 0.6734000 0.0573333
vt 0.7107000 0.0573333
vt 0.7480000 0.0573333
vt 0.0020000 0.0850000
vt 0.0393000 0.0850000
vt 0.0766000 0.0850000
vt 0.1139000 0.0850000
vt 0.1512000 0.0850000
vt 0.1885000 0.0850000
vt 0.2258000 0.0850000
vt 0.2631000 0.0850000
vt 0.3004000 0.0850000
vt 0.3377000 0.0850000
vt 0.3750000 0.0850000
vt 0.4123000 0.0850000
vt 0.4496000 0.0850000
vt 0.4869000 0.0850000
vt 0.5242000 0.0850000
vt 0.5615000 0.0850000
vt 0.5988000 0.0850000
vt 0.6361000 0.0850000
vt 0.6734000 0.0850000
vt 0.7107000 0.0850000
vt 0.7480000 0.0850000
vt 0.0020000 0.1126667
vt 0.0393000 0.1126667
vt 0.0766000 0.1126667
vt 0.1139000 0.1126667
vt 0.1512000 0.1126667
vt 0.1885000 0.1126667
vt 0.2258000 0.1126667
vt 0.2631000 0.1126667
vt 0.3004000 0.1126667
vt 0.3377000 0.1126667
vt 0.3750000 0.1126667
vt 0.4123000 0.1126667
vt 0.4496000 0.1126667
vt 0.4869000 0.1126667
vt 0.5242000 0.1126667
vt 0.5615000 0.1126667
vt 0.5988000 0.1126667
vt 0.6361000 0.1126667
vt 0.6734000 0.1126667
vt 0.7107000 0.1126667
vt 0.7480000 0.1126667
vt 0.0020000 0.1403333
vt 0.0393000 0.1403333
vt 0.0766000 0.1403333
vt 0.1139000 0.1403333
vt 0.1512000 0.1403333
vt 0.1885000 0.1403333
vt 0.2258000 0.1403333
vt 0.2631000 0.1403333
vt 0.3004000 0.1403333
vt 0.3377000 0.1403333
vt 0.3750000 0.1403333
vt 0.4123000 0.1403333
vt 0.4496000 0.1403333
vt 0.4869000 0.1403333
vt 0.5242000 0.1403333
vt 0.5615000 0.1403333
vt 0.5988000 0.1403333
vt 0.6361000 0.1403333
vt 0.6734000 0.1403333
vt 0.7107000 0.1403333
vt 0.7480000 0.1403333
vt 0.0020000 0.1680000
vt 0.0393000 0.1680000
vt 0.0766000 0.1680000
vt 0.1139000 0.1680000
vt 0.1512000 0.1680000
vt 0.1885000 0.1680000
vt 0.2258000 0.1680000
vt 0.2631000 0.1680000
vt 0.3004000 0.1680000
vt 0.3377000 0.1680000
vt 0.3750000 0.1680000
vt 0.4123000 0.1680000
vt 0.4496000 0.1680000
vt 0.4869000 0.1680000
vt 0.5242000 0.1680000
vt 0.5615000 0.1680000
vt 0.5988000 0.1680000
vt 0.6361000 0.1680000
vt 0.6734000 0.1680000
vt 0.7107000 0.1680000
vt 0.7480000 0.1680000
vt 0.0020000 0.1956667
vt 0.0393000 0.1956667
vt 0.0766000 0.1956667
vt 0.1139000 0.1956667
vt 0.1512000 0.1956667
vt 0.1885000 0.1956667
vt 0.2258000 0.1956667
vt 0.2631000 0.1956667
vt 0.3004000 0.1956667
vt 0.3377000 0.1956667
vt 0.3750000 0.1956667
vt 0.4123000 0.1956667
vt 0.4496000 0.1956667
vt 0.4869000 0.1956667
vt 0.5242000 0.1956667
vt 0.5615000 0.1956667
vt 0.5988000 0.1956667
vt 0.6361000 0.1956667
vt 0.6734000 0.1956667
vt 0.7107000 0.1956667
vt 0.7480000 0.1956667
vt 0.0020000 0.2233333
vt 0.0393000 0.2233333
vt 0.0766000 0.2233333
vt 0.1139000 0.2233333
vt 0.1512000 0.2233333
vt 0.1885000 0.2233333
vt 0.2258000 0.2233333
vt 0.2631000 0.2233333
vt 0.3004000 0.2233333
vt 0.3377000 0.2233333
vt 0.3750000 0.2233333
vt 0.4123000 0.2233333
vt 0.4496000 0.2233333
vt 0.4869000 0.2233333
vt 0.5242000 0.2233333
vt 0.5615000 0.2233333
vt 0.5988000 0.2233333
vt 0.6361000 0.2233333
vt 0.6734000 0.2233333
vt 0.7107000 0.2233333
vt 0.7480000 0.2233333
vt 0.0020000 0.2510000
vt 0.0393000 0.2510000
vt 0.0766000 0.2510000
vt 0.1139000 0.2510000
vt 0.1512000 0.2510000
vt 0.1885000 0.2510000
vt 0.2258000 0.2510000
vt 0.2631000 0.2510000
vt 0.3004000 0.2510000
vt 0.3377000 0.2510000
vt 0.3750000 0.2510000
vt 0.4123000 0.2510000
vt 0.4496000 0.2510000
vt 0.4869000 0.2510000
vt 0.5242000 0.2510000
vt 0.5615000 0.2510000
vt 0.5988000 0.2510000
vt 0.6361000 0.2510000
vt 0.6734000 0.2510000
vt 0.7107000 0.2510000
vt 0.7480000 0.2510000
vt 0.0020000 0.2786667
vt 0.0393000 0.2786667
vt 0.0766000 0.2786667
vt 0.1139000 0.2786667
vt 0.1512000 0.2786667
vt 0.1885000 0.2786667
vt 0.2258000 0.2786667
vt 0.2631000 0.2786667
vt 0.3004000 0.2786667
vt 0.3377000 0.2786667
vt 0.3750000 0.2786667
vt 0.4123000 0.2786667
vt 0.4496000 0.2786667
vt 0.4869000 0.2786667
vt 0.5242000 0.2786667
vt 0.5615000 0.2786667
vt 0.5988000 0.2786667
vt 0.6361000 0.2786667
vt 0.6734000 0.2786667
vt 0.7107000 0.2786667
vt 0.7480000 0.2786667
vt 0.0020000 0.3063333
vt 0.0393000 0.3063333
vt 0.0766000 0.3063333
vt 0.1139000 0.3063333
vt 0.1512000 0.3063333
vt 0.1885000 0.3063333
vt 0.2258000 0.3063333
vt 0.2631000 0.3063333
vt 0.3004000 0.3063333
vt 0.3377000 0.3063333
vt 0.3750000 0.3063333
vt 0.4123000 0.3063333
vt 0.4496000 0.3063333
vt 0.4869000 0.3063333
vt 0.5242000 0.3063333
vt 0.5615000 0.3063333
vt 0.5988000 0.3063333
vt 0.6361000 0.3063333
vt 0.6734000 0.3063333
vt 0.7107000 0.3063333
vt 0.7480000 0.3063333
vt 0.0020000 0.3340000
vt 0.0393000 0.3340000
vt 0.0766000 0.3340000
vt 0.1139000 0.3340000
vt 0.1512000 0.3340000
vt 0.1885000 0.3340000
vt 0.2258000 0.3340000
vt 0.2631000 0.3340000
vt 0.3004000 0.3340000
vt 0.3377000 0.3340000
vt 0.3750000 0.3340000
vt 0.4123000 0.3340000
vt 0.4496000 0.3340000
vt 0.4869000 0.3340000
vt 0.5242000 0.3340000
vt 0.5615000 0.3340000
vt 0.5988000 0.3340000
vt 0.6361000 0.3340000
vt 0.6734000 0.3340000
vt 0.7107000 0.3340000
vt 0.7480000 0.3340000
vt 0.0020000 0.3616667
vt 0.0393000 0.3616667
vt 0.0766000 0.3616667
vt 0.1139000 0.3616667
vt 0.1512000 0.3616667
vt 0.1885000 0.3616667
vt 0.2258000 0.3616667
vt 0.2631000 0.3616667
vt 0.3004000 0.3616667
vt 0.3377000 0.3616667
vt 0.3750000 0.3616667
vt 0.4123000 0.3616667
vt 0.4496000 0.3616667
vt 0.4869000 0.3616667
vt 0.5242000 0.3616667
vt 0.5615000 0.3616667
vt 0.5988000 0.3616667
vt 0.6361000 0.3616667
vt 0.6734000 0.3616667
vt 0.7107000 0.3616667
vt 0.7480000 0.3616667
vt 0.0020000 0.3893333
vt 0.0393000 0.3893333
vt 0.0766000 0.3893333
vt 0.1139000 0.3893333
vt 0.1512000 0.3893333
vt 0.1885000 0.3893333
vt 0.2258000 0.3893333
vt 0.2631000 0.3893333
vt 0.3004000 0.3893333
vt 0.3377000 0.3893333
vt 0.3750000 0.3893333
vt 0.4123000 0.3893333
vt 0.4496000 0.3893333
vt 0.4869000 0.3893333
vt 0.5242000 0.3893333
vt 0.5615000 0.3893333
vt 0.5988000 0.3893333
vt 0.6361000 0.3893333
vt 0.6734000 0.3893333
vt 0.7107000 0.3893333
vt 0.7480000 0.3893333
vt 0.0020000 0.4170000
vt 0.0393000 0.4170000
vt 0.0766000 0.4170000
vt 0.1139000 0.4170000
vt 0.1512000 0.4170000
vt 0.1885000 0.4170000
vt 0.2258000 0.4170000
vt 0.2631000 0.4170000
vt 0.3004000 0.4170000
vt 0.3377000 0.4170000
vt 0.3750000 0.4170000
vt 0.4123000 0.4170000
vt 0.4496000 0.4170000
vt 0.4869000 0.4170000
vt 0.5242000 0.4170000
vt 0.5615000 0.4170000
vt 0.5988000 0.4170000
vt 0.6361000 0.4170000
vt 0.6734000 0.4170000
vt 0.7107000 0.4170000
vt 0.7480000 0.4170000
vt 0.0020000 0.4446667
vt 0.0393000 0.4446667
vt 0.0766000 0.4446667
vt 0.1139000 0.4446667
vt 0.1512000 0.4446667
vt 0.1885000 0.4446667
vt 0.2258000 0.4446667
vt 0.2631000 0.4446667
vt 0.3004000 0.4446667
vt 0.3377000 0.4446667
vt 0.3750000 0.4446667
vt 0.4123000 0.4446667
vt 0.4496000 0.4446667
vt 0.4869000 0.4446667
vt 0.5242000 0.4446667
vt 0.5615000 0.4446667
vt 0.5988000 0.4446667
vt 0.6361000 0.4446667
vt 0.6734000 0.4446667
vt 0.7107000 0.4446667
vt 0.7480000 0.4446667
vt 0.0020000 0.4723333
vt 0.0393000 0.4723333
vt 0.0766000 0.4723333
vt 0.1139000 0.4723333
vt 0.1512000 0.4723333
vt 0.1885000 0.4723333
vt 0.2258000 0.4723333
vt 0.2631000 0.4723333
vt 0.3004000 0.4723333
vt 0.3377000 0.4723333
vt 0.3750000 0.4723333
vt 0.4123000 0.4723333
vt 0.4496000 0.4723333
vt 0.4869000 0.4723333
vt 0.5242000 0.4723333
vt 0.5615000 0.4723333
vt 0.5988000 0.4723333
vt 0.6361000 0.4723333
vt 0.6734000 0.4723333
vt 0.7107000 0.4723333
vt 0.7480000 0.4723333
vt 0.0020000 0.5000000
vt 0.0393000 0.5000000
vt 0.0766000 0.5000000
vt 0.1139000 0.5000000
vt 0.1512000 0.5000000
vt 0.1885000 0.5000000
vt 0.2258000 0.5000000
vt 0.2631000 0.5000000
vt 0.3004000 0.5000000
vt 0.3377000 0.5000000
vt 0.3750000 0.5000000
vt 0.4123000 0.5000000
vt 0.4496000 0.5000000
vt 0.4869000 0.5000000
vt 0.5242000 0.5000000
vt 0.5615000 0.5000000
vt 0.5988000 0.5000000
vt 0.6361000 0.5000000
vt 0.6734000 0.5000000
vt 0.7107000 0.5000000
vt 0.7480000 0.5000000
vt 0.0020000 0.5276667
vt 0.0393000 0.5276667
vt 0.0766000 0.5276667
vt 0.1139000 0.5276667
vt 0.1512000 0.5276667
vt 0.1885000 0.5276667
vt 0.2258000 0.5276667
vt 0.2631000 0.5276667
vt 0.3004000 0.5276667
vt 0.3377000 0.5276667
vt 0.3750000 0.5276667
vt 0.4123000 0.5276667
vt 0.4496000 0.5276667
vt 0.4869000 0.5276667
vt 0.5242000 0.5276667
vt 0.5615000 0.5276667
vt 0.5988000 0.5276667
vt 0.6361000 0.5276667
vt 0.6734000 0.5276667
vt 0.7107000 0.5276667
vt 0.7480000 0.5276667
vt 0.0020000 0.5553333
vt 0.0393000 0.5553333
vt 0.0766000 0.5553333
vt 0.1139000 0.5553333
vt 0.1512000 0.5553333
vt 0.1885000 0.5553333
vt 0.2258000 0.5553333
vt 0.2631000 0.5553333
vt 0.3004000 0.5553333
vt 0.3377000 0.5553333
vt 0.3750000 0.5553333
vt 0.4123000 0.5553333
vt 0.4496000 0.5553333
vt 0.4869000 0.5553333
vt 0.5242000 0.5553333
vt 0.5615000 0.5553333
vt 0.5988000 0.5553333
vt 0.6361000 0.5553333
vt 0.6734000 0.5553333
vt 0.7107000 0.5553333
vt 0.7480000 0.5553333
vt 0.0020000 0.5830000
vt 0.0393000 0.5830000
vt 0.0766000 0.5830000
vt 0.1139000 0.5830000
vt 0.1512000 0.5830000
vt 0.1885000 0.5830000
vt 0.2258000 0.5830000
vt 0.2631000 0.5830000
vt 0.3004000 0.5830000
vt 0.3377000 0.5830000
vt 0.3750000 0.5830000
vt 0.4123000 0.5830000
vt 0.4496000 0.5830000
vt 0.4869000 0.5830000
vt 0.5242000 0.5830000
vt 0.5615000 0.5830000
vt 0.5988000 0.5830000
vt 0.6361000 0.5830000
vt 0.6734000 0.5830000
vt 0.7107000 0.5830000
vt 0.7480000 0.5830000
vt 0.0020000 0.6106667
vt 0.0393000 0.6106667
vt 0.0766000 0.6106667
vt 0.1139000 0.6106667
vt 0.1512000 0.6106667
vt 0.1885000 0.6106667
vt 0.2258000 0.6106667
vt 0.2631000 0.6106667
vt 0.3004000 0.6106667
vt 0.3377000 0.6106667
vt 0.3750000 0.6106667
vt 0.4123000 0.6106667
vt 0.4496000 0.6106667
vt 0.4869000 0.6106667
vt 0.5242000 0.6106667
vt 0.5615000 0.6106667
vt 0.5988000 0.6106667
vt 0.6361000 0.6106667
vt 0.6734000 0.6106667
vt 0.7107000 0.6106667
vt 0.7480000 0.6106667
vt 0.0020000 0.6383333
vt 0.0393000 0.6383333
vt 0.0766000 0.6383333
vt 0.1139000 0.6383333
vt 0.1512000 0.6383333
vt 0.1885000 0.6383333
vt 0.2258000 0.6383333
vt 0.2631000 0.6383333
vt 0.3004000 0.6383333
vt 0.3377000 0.6383333
vt 0.3750000 0.6383333
vt 0.4123000 0.6383333
vt 0.4496000 0.6383333
vt 0.4869000 0.6383333
vt 0.5242000 0.6383333
vt 0.5615000 0.6383333
vt 0.5988000 0.6383333
vt 0.6361000 0.6383333
vt 0.6734000 0.6383333
vt 0.7107000 0.6383333
vt 0.7480000 0.6383333
vt 0.0020000 0.6660000
vt 0.0393000 0.6660000
vt 0.0766000 0.6660000
vt 0.1139000 0.6660000
vt 0.1512000 0.6660000
vt 0.1885000 0.6660000
vt 0.2258000 0.6660000
vt 0.2631000 0.6660000
vt 0.3004000 0.6660000
vt 0.3377000 0.6660000
vt 0.3750000 0.6660000
vt 0.4123000 0.6660000
vt 0.4496000 0.6660000
vt 0.4869000 0.6660000
vt 0.5242000 0.6660000
vt 0.5615000 0.6660000
vt 0.5988000 0.6660000
vt 0.6361000 0.6660000
vt 0.6734000 0.6660000
vt 0.7107000 0.6660000
vt 0.7480000 0.6660000
vt 0.0020000 0.6936667
vt 0.0393000 0.6936667
vt 0.0766000 0.6936667
vt 0.1139000 0.6936667
vt 0.1512000 0.6936667
vt 0.1885000 0.6936667
vt 0.2258000 0.6936667
vt 0.2631000 0.6936667
vt 0.3004000 0.6936667
vt 0.3377000 0.6936667
vt 0.3750000 0.6936667
vt 0.4123000 0.6936667
vt 0.4496000 0.6936667
vt 0.4869000 0.6936667
vt 0.5242000 0.6936667
vt 0.5615000 0.6936667
vt 0.5988000 0.6936667
vt 0.6361000 0.6936667
vt 0.6734000 0.6936667
vt 0.7107000 0.6936667
vt 0.7480000 0.6936667
vt 0.0020000 0.7213333
vt 0.0393000 0.7213333
vt 0.0766000 0.7213333
vt 0.1139000 0.7213333
vt 0.1512000 0.7213333
vt 0.1885000 0.7213333
vt 0.2258000 0.7213333
vt 0.2631000 0.7213333
vt 0.3004000 0.7213333
vt 0.3377000 0.7213333
vt 0.3750000 0.7213333
vt 0.4123000 0.7213333
vt 0.4496000 0.7213333
vt 0.4869000 0.7213333
vt 0.5242000 0.7213333
vt 0.5615000 0.7213333
vt 0.5988000 0.7213333
vt 0.6361000 0.7213333
vt 0.6734000 0.7213333
vt 0.7107000 0.7213333
vt 0.7480000 0.7213333
vt 0.0020000 0.7490000
vt 0.0393000 0.7490000
vt 0.0766000 0.7490000
vt 0.1139000 0.7490000
vt 0.1512000 0.7490000
vt 0.1885000 0.7490000
vt 0.2258000 0.7490000
vt 0.2631000 0.7490000
vt 0.3004000 0.7490000
vt 0.3377000 0.7490000
vt 0.3750000 0.7490000
vt 0.4123000 0.7490000
vt 0.4496000 0.7490000
vt 0.4869000 0.7490000
vt 0.5242000 0.7490000
vt 0.5615000 0.7490000
vt 0.5988000 0.7490000
vt 0.6361000 0.7490000
vt 0.6734000 0.7490000
vt 0.7107000 0.7490000
vt 0.7480000 0.7490000
vt 0.0020000 0.7766667
vt 0.0393000 0.7766667
vt 0.0766000 0.7766667
vt 0.1139000 0.7766667
vt 0.1512000 0.7766667
vt 0.1885000 0.7766667
vt 0.2258000 0.7766667
vt 0.2631000 0.7766667
vt 0.3004000 0.7766667
vt 0.3377000 0.7766667
vt 0.3750000 0.7766667
vt 0.4123000 0.7766667
vt 0.4496000 0.7766667
vt 0.4869000 0.7766667
vt 0.5242000 0.7766667
vt 0.5615000 0.7766667
vt 0.5988000 0.7766667
vt 0.6361000 0.7766667
vt 0.6734000 0.7766667
vt 0.7107000 0.7766667
vt 0.7480000 0.7766667
vt 0.0020000 0.8043333
vt 0.0393000 0.8043333
vt 0.0766000 0.8043333
vt 0.1139000 0.8043333
vt 0.1512000 0.8043333
vt 0.1885000 0.8043333
vt 0.2258000 0.8043333
vt 0.2631000 0.8043333
vt 0.3004000 0.8043333
vt 0.3377000 0.8043333
vt 0.3750000 0.8043333
vt 0.4123000 0.8043333
vt 0.4496000 0.8043333
vt 0.4869000 0.8043333
vt 0.5242000 0.8043333
vt 0.5615000 0.8043333
vt 0.5988000 0.8043333
vt 0.6361000 0.8043333
vt 0.6734000 0.8043333
vt 0.7107000 0.8043333
vt 0.7480000 0.8043333
vt 0.0020000 0.8320000
vt 0.0393000 0.8320000
vt 0.0766000 0.8320000
vt 0.1139000 0.8320000
vt 0.1512000 0.8320000
vt 0.1885000 0.8320000
vt 0.2258000 0.8320000
vt 0.2631000 0.8320000
vt 0.3004000 0.8320000
vt 0.3377000 0.8320000
vt 0.3750000 0.8320000
vt 0.4123000 0.8320000
vt 0.4496000 0.8320000
vt 0.4869000 0.8320000
vt 0.5242000 0.8320000
vt 0.5615000 0.8320000
vt 0.5988000 0.8320000
vt 0.6361000 0.8320000
vt 0.6734000 0.8320000
vt 0.7107000 0.8320000
vt 0.7480000 0.8320000
vt 0.0020000 0.8596667
vt 0.0393000 0.8596667
vt 0.0766000 0.8596667
vt 0.1139000 0.8596667
vt 0.1512000 0.8596667
vt 0.1885000 0.8596667
vt 0.2258000 0.8596667
vt 0.2631000 0.8596667
vt 0.3004000 0.8596667
vt 0.3377000 0.8596667
vt 0.3750000 0.8596667
vt 0.4123000 0.8596667
vt 0.4496000 0.8596667
vt 0.4869000 0.8596667
vt 0.5242000 0.8596667
vt 0.5615000 0.8596667
vt 0.5988000 0.8596667
vt 0.6361000 0.8596667
vt 0.6734000 0.8596667
vt 0.7107000 0.8596667
vt 0.7480000 0.8596667
vt 0.0020000 0.8873333
vt 0.0393000 0.8873333
vt 0.0766000 0.8873333
vt 0.1139000 0.8873333
vt 0.1512000 0.8873333
vt 0.1885000 0.8873333
vt 0.2258000 0.8873333
vt 0.2631000 0.8873333
vt 0.3004000 0.8873333
vt 0.3377000 0.8873333
vt 0.3750000 0.8873333
vt 0.4123000 0.8873333
vt 0.4496000 0.8873333
vt 0.4869000 0.8873333
vt 0.5242000 0.8873333
vt 0.5615000 0.8873333
vt 0.5988000 0.8873333
vt 0.6361000 0.8873333
vt 0.6734000 0.8873333
vt 0.7107000 0.8873333
vt 0.7480000 0.8873333
vt 0.0020000 0.9150000
vt 0.0393000 0.9150000
vt 0.0766000 0.9150000
vt 0.1139000 0.9150000
vt 0.1512000 0.9150000
vt 0.1885000 0.9150000
vt 0.2258000 0.9150000
vt 0.2631000 0.9150000
vt 0.3004000 0.9150000
vt 0.3377000 0.9150000
vt 0.3750000 0.9150000
vt 0.4123000 0.9150000
vt 0.4496000 0.9150000
vt 0.4869000 0.9150000
vt 0.5242000 0.9150000
vt 0.5615000 0.9150000
vt 0.5988000 0.9150000
vt 0.6361000 0.9150000
vt 0.6734000 0.9150000
vt 0.7107000 0.9150000
vt 0.7480000 0.9150000
vt 0.0020000 0.9426667
vt 0.0393000 0.9426667
vt 0.0766000 0.9426667
vt 0.1139000 0.9426667
vt 0.1512000 0.9426667
vt 0.1885000 0.9426667
vt 0.2258000 0.9426667
vt 0.2631000 0.9426667
vt 0.3004000 0.9426667
vt 0.3377000 0.9426667
vt 0.3750000 0.9426667
vt 0.4123000 0.9426667
vt 0.4496000 0.9426667
vt 0.4869000 0.9426667
vt 0.5242000 0.9426667
vt 0.5615000 0.9426667
vt 0.5988000 0.9426667
vt 0.6361000 0.9426667
vt 0.6734000 0.9426667
vt 0.7107000 0.9426667
vt 0.7480000 0.9426667
vt 0.0020000 0.9703333
vt 0.0393000 0.9703333
vt 0.0766000 0.9703333
vt 0.1139000 0.9703333
vt 0.1512000 0.9703333
vt 0.1885000 0.9703333
vt 0.2258000 0.9703333
vt 0.2631000 0.9703333
vt 0.3004000 0.9703333
vt 0.3377000 0.9703333
vt 0.3750000 0.9703333
vt 0.4123000 0.9703333
vt 0.4496000 0.9703333
vt 0.4869000 0.9703333
vt 0.5242000 0.9703333
vt 0.5615000 0.9703333
vt 0.5988000 0.9703333
vt 0.6361000 0.9703333
vt 0.6734000 0.9703333
vt 0.7107000 0.9703333
vt 0.7480000 0.9703333
vt 0.0020000 0.9980000
vt 0.0393000 0.9980000
vt 0.0766000 0.9980000
vt 0.1139000 0.9980000
vt 0.1512000 0.9980000
vt 0.1885000 0.9980000
vt 0.2258000 0.9980000
vt 0.2631000 0.9980000
vt 0.3004000 0.9980000
vt 0.3377000 0.9980000
vt 0.3750000 0.9980000
vt 0.4123000 0.9980000
vt 0.4496000 0.9980000
vt 0.4869000 0.9980000
vt 0.5242000 0.9980000
vt 0.5615000 0.9980000
vt 0.5988000 0.9980000
vt 0.6361000 0.9980000
vt 0.6734000 0.9980000
vt 0.7107000 0.9980000
vt 0.7480000 0.9980000
vt 0.3750000 0.0039920
vt 0.3750000 0.9960080
vt 0.7750000 0.5900000
vt 0.7912500 0.5900000
vt 0.8075000 0.5900000
vt 0.8237500 0.5900000
vt 0.8400000 0.5900000
vt 0.8562500 0.5900000
vt 0.8725000 0.5900000
vt 0.8887500 0.5900000
vt 0.9050000 0.5900000
vt 0.9212500 0.5900000
vt 0.9375000 0.5900000
vt 0.9537500 0.5900000
vt 0.9700000 0.5900000
vt 0.7750000 0.6625000
vt 0.7912500 0.6625000
vt 0.8075000 0.6625000
vt 0.8237500 0.6625000
vt 0.8400000 0.6625000
vt 0.8562500 0.6625000
vt 0.8725000 0.6625000
vt 0.8887500 0.6625000
vt 0.9050000 0.6625000
vt 0.9212500 0.6625000
vt 0.9375000 0.6625000
vt 0.9537500 0.6625000
vt 0.9700000 0.6625000
vt 0.7750000 0.7350000
vt 0.7912500 0.7350000
vt 0.8075000 0.7350000
vt 0.8237500 0.7350000
vt 0.8400000 0.7350000
vt 0.8562500 0.7350000
vt 0.8725000 0.7350000
vt 0.8887500 0.7350000
vt 0.9050000 0.7350000
vt 0.9212500 0.7350000
vt 0.9375000 0.7350000
vt 0.9537500 0.7350000
vt 0.9700000 0.7350000
vt 0.7750000 0.4050000
vt 0.7912500 0.4050000
vt 0.8075000 0.4050000
vt 0.8237500 0.4050000
vt 0.8400000 0.4050000
vt 0.8562500 0.4050000
vt 0.8725000 0.4050000
vt 0.8887500 0.4050000
vt 0.9050000 0.4050000
vt 0.9212500 0.4050000
vt 0.9375000 0.4050000
vt 0.9537500 0.4050000
vt 0.9700000 0.4050000
vt 0.7750000 0.4694000
vt 0.7912500 0.4694000
vt 0.8075000 0.4694000
vt 0.8237500 0.4694000
vt 0.8400000 0.4694000
vt 0.8562500 0.4694000
vt 0.8725000 0.4694000
vt 0.8887500 0.4694000
vt 0.9050000 0.4694000
vt 0.9212500 0.4694000
vt 0.9375000 0.4694000
vt 0.9537500 0.4694000
vt 0.9700000 0.4694000
vt 0.7750000 0.5450000
vt 0.7912500 0.5450000
vt 0.8075000 0.5450000
vt 0.8237500 0.5450000
vt 0.8400000 0.5450000
vt 0.8562500 0.5450000
vt 0.8725000 0.5450000
vt 0.8887500 0.5450000
vt 0.9050000 0.5450000
vt 0.9212500 0.5450000
vt 0.9375000 0.5450000
vt 0.9537500 0.5450000
vt 0.9700000 0.5450000
vt 0.8725000 0.5338000
vt 0.7750000 0.5900000
vt 0.7912500 0.5900000
vt 0.8075000 0.5900000
vt 0.8237500 0.5900000
vt 0.8400000 0.5900000
vt 0.8562500 0.5900000
vt 0.8725000 0.5900000
vt 0.8887500 0.5900000
vt 0.9050000 0.5900000
vt 0.9212500 0.5900000
vt 0.9375000 0.5900000
vt 0.9537500 0.5900000
vt 0.9700000 0.5900000
vt 0.7750000 0.6625000
vt 0.7912500 0.6625000
vt 0.8075000 0.6625000
vt 0.8237500 0.6625000
vt 0.8400000 0.6625000
vt 0.8562500 0.6625000
vt 0.8725000 0.6625000
vt 0.8887500 0.6625000
vt 0.9050000 0.6625000
vt 0.9212500 0.6625000
vt 0.9375000 0.6625000
vt 0.9537500 0.6625000
vt 0.9700000 0.6625000
vt 0.7750000 0.7350000
vt 0.7912500 0.7350000
vt 0.8075000 0.7350000
vt 0.8237500 0.7350000
vt 0.8400000 0.7350000
vt 0.8562500 0.7350000
vt 0.8725000 0.7350000
vt 0.8887500 0.7350000
vt 0.9050000 0.7350000
vt 0.9212500 0.7350000
vt 0.9375000 0.7350000
vt 0.9537500 0.7350000
vt 0.9700000 0.7350000
vt 0.7750000 0.4050000
vt 0.7912500 0.4050000
vt 0.8075000 0.4050000
vt 0.8237500 0.4050000
vt 0.8400000 0.4050000
vt 0.8562500 0.4050000
vt 0.8725000 0.4050000
vt 0.8887500 0.4050000
vt 0.9050000 0.4050000
vt 0.9212500 0.4050000
vt 0.9375000 0.4050000
vt 0.9537500 0.4050000
vt 0.9700000 0.4050000
vt 0.7750000 0.4694000
vt 0.7912500 0.4694000
vt 0.8075000 0.4694000
vt 0.8237500 0.4694000
vt 0.8400000 0.4694000
vt 0.8562500 0.4694000
vt 0.8725000 0.4694000
vt 0.8887500 0.4694000
vt 0.9050000 0.4694000
vt 0.9212500 0.4694000
vt 0.9375000 0.4694000
vt 0.9537500 0.4694000
vt 0.9700000 0.4694000
vt 0.7750000 0.5450000
vt 0.7912500 0.5450000
vt 0.8075000 0.5450000
vt 0.8237500 0.5450000
vt 0.8400000 0.5450000
vt 0.8562500 0.5450000
vt 0.8725000 0.5450000
vt 0.8887500 0.5450000
vt 0.9050000 0.5450000
vt 0.9212500 0.5450000
vt 0.9375000 0.5450000
vt 0.9537500 0.5450000
vt 0.9700000 0.5450000
vt 0.8725000 0.5338000
vt 0.7750000 0.5900000
vt 0.7912500 0.5900000
vt 0.8075000 0.5900000
vt 0.8237500 0.5900000
vt 0.8400000 0.5900000
vt 0.8562500 0.5900000
vt 0.8725000 0.5900000
vt 0.8887500 0.5900000
vt 0.9050000 0.5900000
vt 0.9212500 0.5900000
vt 0.9375000 0.5900000
vt 0.9537500 0.5900000
vt 0.9700000 0.5900000
vt 0.7750000 0.6625000
vt 0.7912500 0.6625000
vt 0.8075000 0.6625000
vt 0.8237500 0.6625000
vt 0.8400000 0.6625000
vt 0.8562500 0.6625000
vt 0.8725000 0.6625000
vt 0.8887500 0.6625000
vt 0.9050000 0.6625000
vt 0.9212500 0.6625000
vt 0.9375000 0.6625000
vt 0.9537500 0.6625000
vt 0.9700000 0.6625000
vt 0.7750000 0.7350000
vt 0.7912500 0.7350000
vt 0.8075000 0.7350000
vt 0.8237500 0.7350000
vt 0.8400000 0.7350000
vt 0.8562500 0.7350000
vt 0.8725000 0.7350000
vt 0.8887500 0.7350000
vt 0.9050000 0.7350000
vt 0.9212500 0.7350000
vt 0.9375000 0.7350000
vt 0.9537500 0.7350000
vt 0.9700000 0.7350000
vt 0.7750000 0.4050000
vt 0.7912500 0.4050000
vt 0.8075000 0.4050000
vt 0.8237500 0.4050000
vt 0.8400000 0.4050000
vt 0.8562500 0.4050000
vt 0.8725000 0.4050000
vt 0.8887500 0.4050000
vt 0.9050000 0.4050000
vt 0.9212500 0.4050000
vt 0.9375000 0.4050000
vt 0.9537500 0.4050000
vt 0.9700000 0.4050000
vt 0.7750000 0.4694000
vt 0.7912500 0.4694000
vt 0.8075000 0.4694000
vt 0.8237500 0.4694000
vt 0.8400000 0.4694000
vt 0.8562500 0.4694000
vt 0.8725000 0.4694000
vt 0.8887500 0.4694000
vt 0.9050000 0.4694000
vt 0.9212500 0.4694000
vt 0.9375000 0.4694000
vt 0.9537500 0.4694000
vt 0.9700000 0.4694000
vt 0.7750000 0.5450000
vt 0.7912500 0.5450000
vt 0.8075000 0.5450000
vt 0.8237500 0.5450000
vt 0.8400000 0.5450000
vt 0.8562500 0.5450000
vt 0.8725000 0.5450000
vt 0.8887500 0.5450000
vt 0.9050000 0.5450000
vt 0.9212500 0.5450000
vt 0.9375000 0.5450000
vt 0.9537500 0.5450000
vt 0.9700000 0.5450000
vt 0.8725000 0.5338000
vt 0.7750000 0.5900000
vt 0.7912500 0.5900000
vt 0.8075000 0.5900000
vt 0.8237500 0.5900000
vt 0.8400000 0.5900000
vt 0.8562500 0.5900000
vt 0.8725000 0.5900000
vt 0.8887500 0.5900000
vt 0.9050000 0.5900000
vt 0.9212500 0.5900000
vt 0.9375000 0.5900000
vt 0.9537500 0.5900000
vt 0.9700000 0.5900000
vt 0.7750000 0.6625000
vt 0.7912500 0.6625000
vt 0.8075000 0.6625000
vt 0.8237500 0.6625000
vt 0.8400000 0.6625000
vt 0.8562500 0.6625000
vt 0.8725000 0.6625000
vt 0.8887500 0.6625000
vt 0.9050000 0.6625000
vt 0.9212500 0.6625000
vt 0.9375000 0.6625000
vt 0.9537500 0.6625000
vt 0.9700000 0.6625000
vt 0.7750000 0.7350000
vt 0.7912500 0.7350000
vt 0.8075000 0.7350000
vt 0.8237500 0.7350000
vt 0.8400000 0.7350000
vt 0.8562500 0.7350000
vt 0.8725000 0.7350000
vt 0.8887500 0.7350000
vt 0.9050000 0.7350000
vt 0.9212500 0.7350000
vt 0.9375000 0.7350000
vt 0.9537500 0.7350000
vt 0.9700000 0.7350000
vt 0.7750000 0.4050000
vt 0.7912500 0.4050000
vt 0.8075000 0.4050000
vt 0.8237500 0.4050000
vt 0.8400000 0.4050000
vt 0.8562500 0.4050000
vt 0.8725000 0.4050000
vt 0.8887500 0.4050000
vt 0.9050000 0.4050000
vt 0.9212500 0.4050000
vt 0.9375000 0.4050000
vt 0.9537500 0.4050000
vt 0.9700000 0.4050000
vt 0.7750000 0.4694000
vt 0.7912500 0.4694000
vt 0.8075000 0.4694000
vt 0.8237500 0.4694000
vt 0.8400000 0.4694000
vt 0.8562500 0.4694000
vt 0.8725000 0.4694000
vt 0.8887500 0.4694000
vt 0.9050000 0.4694000
vt 0.9212500 0.4694000
vt 0.9375000 0.4694000
vt 0.9537500 0.4694000
vt 0.9700000 0.4694000
vt 0.7750000 0.5450000
vt 0.7912500 0.5450000
vt 0.8075000 0.5450000
vt 0.8237500 0.5450000
vt 0.8400000 0.5450000
vt 0.8562500 0.5450000
vt 0.8725000 0.5450000
vt 0.8887500 0.5450000
vt 0.9050000 0.5450000
vt 0.9212500 0.5450000
vt 0.9375000 0.5450000
vt 0.9537500 0.5450000
vt 0.9700000 0.5450000
vt 0.8725000 0.5338000
vt 0.7750000 0.5900000
vt 0.7912500 0.5900000
vt 0.8075000 0.5900000
vt 0.8237500 0.5900000
vt 0.8400000 0.5900000
vt 0.8562500 0.5900000
vt 0.8725000 0.5900000
vt 0.8887500 0.5900000
vt 0.9050000 0.5900000
vt 0.9212500 0.5900000
vt 0.9375000 0.5900000
vt 0.9537500 0.5900000
vt 0.9700000 0.5900000
vt 0.7750000 0.6625000
vt 0.7912500 0.6625000
vt 0.8075000 0.6625000
vt 0.8237500 0.6625000
vt 0.8400000 0.6625000
vt 0.8562500 0.6625000
vt 0.8725000 0.6625000
vt 0.8887500 0.6625000
vt 0.9050000 0.6625000
vt 0.9212500 0.6625000
vt 0.9375000 0.6625000
vt 0.9537500 0.6625000
vt 0.9700000 0.6625000
vt 0.7750000 0.7350000
vt 0.7912500 0.7350000
vt 0.8075000 0.7350000
vt 0.8237500 0.7350000
vt 0.8400000 0.7350000
vt 0.8562500 0.7350000
vt 0.8725000 0.7350000
vt 0.8887500 0.7350000
vt 0.9050000 0.7350000
vt 0.9212500 0.7350000
vt 0.9375000 0.7350000
vt 0.9537500 0.7350000
vt 0.9700000 0.7350000
vt 0.7750000 0.4050000
vt 0.7912500 0.4050000
vt 0.8075000 0.4050000
vt 0.8237500 0.4050000
vt 0.8400000 0.4050000
vt 0.8562500 0.4050000
vt 0.8725000 0.4050000
vt 0.8887500 0.4050000
vt 0.9050000 0.4050000
vt 0.9212500 0.4050000
vt 0.9375000 0.4050000
vt 0.9537500 0.4050000
vt 0.9700000 0.4050000
vt 0.7750000 0.4694000
vt 0.7912500 0.4694000
vt 0.8075000 0.4694000
vt 0.8237500 0.4694000
vt 0.8400000 0.4694000
vt 0.8562500 0.4694000
vt 0.8725000 0.4694000
vt 0.8887500 0.4694000
vt 0.9050000 0.4694000
vt 0.9212500 0.4694000
vt 0.9375000 0.4694000
vt 0.9537500 0.4694000
vt 0.9700000 0.4694000
vt 0.7750000 0.5450000
vt 0.7912500 0.5450000
vt 0.8075000 0.5450000
vt 0.8237500 0.5450000
vt 0.8400000 0.5450000
vt 0.8562500 0.5450000
vt 0.8725000 0.5450000
vt 0.8887500 0.5450000
vt 0.9050000 0.5450000
vt 0.9212500 0.5450000
vt 0.9375000 0.5450000
vt 0.9537500 0.5450000
vt 0.9700000 0.5450000
vt 0.8725000 0.5338000
vt 0.7750000 0.5900000
vt 0.7912500 0.5900000
vt 0.8075000 0.5900000
vt 0.8237500 0.5900000
vt 0.8400000 0.5900000
vt 0.8562500 0.5900000
vt 0.8725000 0.5900000
vt 0.8887500 0.5900000
vt 0.9050000 0.5900000
vt 0.9212500 0.5900000
vt 0.9375000 0.5900000
vt 0.9537500 0.5900000
vt 0.9700000 0.5900000
vt 0.7750000 0.6625000
vt 0.7912500 0.6625000
vt 0.8075000 0.6625000
vt 0.8237500 0.6625000
vt 0.8400000 0.6625000
vt 0.8562500 0.6625000
vt 0.8725000 0.6625000
vt 0.8887500 0.6625000
vt 0.9050000 0.6625000
vt 0.9212500 0.6625000
vt 0.9375000 0.6625000
vt 0.9537500 0.6625000
vt 0.9700000 0.6625000
vt 0.7750000 0.7350000
vt 0.7912500 0.7350000
vt 0.8075000 0.7350000
vt 0.8237500 0.7350000
vt 0.8400000 0.7350000
vt 0.8562500 0.7350000
vt 0.8725000 0.7350000
vt 0.8887500 0.7350000
vt 0.9050000 0.7350000
vt 0.9212500 0.7350000
vt 0.9375000 0.7350000
vt 0.9537500 0.7350000
vt 0.9700000 0.7350000
vt 0.7750000 0.4050000
vt 0.7912500 0.4050000
vt 0.8075000 0.4050000
vt 0.8237500 0.4050000
vt 0.8400000 0.4050000
vt 0.8562500 0.4050000
vt 0.8725000 0.4050000
vt 0.8887500 0.4050000
vt 0.9050000 0.4050000
vt 0.9212500 0.4050000
vt 0.9375000 0.4050000
vt 0.9537500 0.4050000
vt 0.9700000 0.4050000
vt 0.7750000 0.4694000
vt 0.7912500 0.4694000
vt 0.8075000 0.4694000
vt 0.8237500 0.4694000
vt 0.8400000 0.4694000
vt 0.8562500 0.4694000
vt 0.8725000 0.4694000
vt 0.8887500 0.4694000
vt 0.9050000 0.4694000
vt 0.9212500 0.4694000
vt 0.9375000 0.4694000
vt 0.9537500 0.4694000
vt 0.9700000 0.4694000
vt 0.7750000 0.5450000
vt 0.7912500 0.5450000
vt 0.8075000 0.5450000
vt 0.8237500 0.5450000
vt 0.8400000 0.5450000
vt 0.8562500 0.5450000
vt 0.8725000 0.5450000
vt 0.8887500 0.5450000
vt 0.9050000 0.5450000
vt 0.9212500 0.5450000
vt 0.9375000 0.5450000
vt 0.9537500 0.5450000
vt 0.9700000 0.5450000
vt 0.8725000 0.5338000
vt 0.7750000 0.5900000
vt 0.7912500 0.5900000
vt 0.8075000 0.5900000
vt 0.8237500 0.5900000
vt 0.8400000 0.5900000
vt 0.8562500 0.5900000
vt 0.8725000 0.5900000
vt 0.8887500 0.5900000
vt 0.9050000 0.5900000
vt 0.9212500 0.5900000
vt 0.9375000 0.5900000
vt 0.9537500 0.5900000
vt 0.9700000 0.5900000
vt 0.7750000 0.6625000
vt 0.7912500 0.6625000
vt 0.8075000 0.6625000
vt 0.8237500 0.6625000
vt 0.8400000 0.6625000
vt 0.8562500 0.6625000
vt 0.8725000 0.6625000
vt 0.8887500 0.6625000
vt 0.9050000 0.6625000
vt 0.9212500 0.6625000
vt 0.9375000 0.6625000
vt 0.9537500 0.6625000
vt 0.9700000 0.6625000
vt 0.7750000 0.7350000
vt 0.7912500 0.7350000
vt 0.8075000 0.7350000
vt 0.8237500 0.7350000
vt 0.8400000 0.7350000
vt 0.8562500 0.7350000
vt 0.8725000 0.7350000
vt 0.8887500 0.7350000
vt 0.9050000 0.7350000
vt 0.9212500 0.7350000
vt 0.9375000 0.7350000
vt 0.9537500 0.7350000
vt 0.9700000 0.7350000
vt 0.7750000 0.4050000
vt 0.7912500 0.4050000
vt 0.8075000 0.4050000
vt 0.8237500 0.4050000
vt 0.8400000 0.4050000
vt 0.8562500 0.4050000
vt 0.8725000 0.4050000
vt 0.8887500 0.4050000
vt 0.9050000 0.4050000
vt 0.9212500 0.4050000
vt 0.9375000 0.4050000
vt 0.9537500 0.4050000
vt 0.9700000 0.4050000
vt 0.7750000 0.4694000
vt 0.7912500 0.4694000
vt 0.8075000 0.4694000
vt 0.8237500 0.4694000
vt 0.8400000 0.4694000
vt 0.8562500 0.4694000
vt 0.8725000 0.4694000
vt 0.8887500 0.4694000
vt 0.9050000 0.4694000
vt 0.9212500 0.4694000
vt 0.9375000 0.4694000
vt 0.9537500 0.4694000
vt 0.9700000 0.4694000
vt 0.7750000 0.5450000
vt 0.7912500 0.5450000
vt 0.8075000 0.5450000
vt 0.8237500 0.5450000
vt 0.8400000 0.5450000
vt 0.8562500 0.5450000
vt 0.8725000 0.5450000
vt 0.8887500 0.5450000
vt 0.9050000 0.5450000
vt 0.9212500 0.5450000
vt 0.9375000 0.5450000
vt 0.9537500 0.5450000
vt 0.9700000 0.5450000
vt 0.8725000 0.5338000
vt 0.7750000 0.5900000
vt 0.7912500 0.5900000
vt 0.8075000 0.5900000
vt 0.8237500 0.5900000
vt 0.8400000 0.5900000
vt 0.8562500 0.5900000
vt 0.8725000 0.5900000
vt 0.8887500 0.5900000
vt 0.9050000 0.5900000
vt 0.9212500 0.5900000
vt 0.9375000 0.5900000
vt 0.9537500 0.5900000
vt 0.9700000 0.5900000
vt 0.7750000 0.6625000
vt 0.7912500 0.6625000
vt 0.8075000 0.6625000
vt 0.8237500 0.6625000
vt 0.8400000 0.6625000
vt 0.8562500 0.6625000
vt 0.8725000 0.6625000
vt 0.8887500 0.6625000
vt 0.9050000 0.6625000
vt 0.9212500 0.6625000
vt 0.9375000 0.6625000
vt 0.9537500 0.6625000
vt 0.9700000 0.6625000
vt 0.7750000 0.7350000
vt 0.7912500 0.7350000
vt 0.8075000 0.7350000
vt 0.8237500 0.7350000
vt 0.8400000 0.7350000
vt 0.8562500 0.7350000
vt 0.8725000 0.7350000
vt 0.8887500 0.7350000
vt 0.9050000 0.7350000
vt 0.9212500 0.7350000
vt 0.9375000 0.7350000
vt 0.9537500 0.7350000
vt 0.9700000 0.7350000
vt 0.7750000 0.4050000
vt 0.7912500 0.4050000
vt 0.8075000 0.4050000
vt 0.8237500 0.4050000
vt 0.8400000 0.4050000
vt 0.8562500 0.4050000
vt 0.8725000 0.4050000
vt 0.8887500 0.4050000
vt 0.9050000 0.4050000
vt 0.9212500 0.4050000
vt 0.9375000 0.4050000
vt 0.9537500 0.4050000
vt 0.9700000 0.4050000
vt 0.7750000 0.4694000
vt 0.7912500 0.4694000
vt 0.8075000 0.4694000
vt 0.8237500 0.4694000
vt 0.8400000 0.4694000
vt 0.8562500 0.4694000
vt 0.8725000 0.4694000
vt 0.8887500 0.4694000
vt 0.9050000 0.4694000
vt 0.9212500 0.4694000
vt 0.9375000 0.4694000
vt 0.9537500 0.4694000
vt 0.9700000 0.4694000
vt 0.7750000 0.5450000
vt 0.7912500 0.5450000
vt 0.8075000 0.5450000
vt 0.8237500 0.5450000
vt 0.8400000 0.5450000
vt 0.8562500 0.5450000
vt 0.8725000 0.5450000
vt 0.8887500 0.5450000
vt 0.9050000 0.5450000
vt 0.9212500 0.5450000
vt 0.9375000 0.5450000
vt 0.9537500 0.5450000
vt 0.9700000 0.5450000
vt 0.8725000 0.5338000
vt 0.7750000 0.5900000
vt 0.7912500 0.5900000
vt 0.8075000 0.5900000
vt 0.8237500 0.5900000
vt 0.8400000 0.5900000
vt 0.8562500 0.5900000
vt 0.8725000 0.5900000
vt 0.8887500 0.5900000
vt 0.9050000 0.5900000
vt 0.9212500 0.5900000
vt 0.9375000 0.5900000
vt 0.9537500 0.5900000
vt 0.9700000 0.5900000
vt 0.7750000 0.6625000
vt 0.7912500 0.6625000
vt 0.8075000 0.6625000
vt 0.8237500 0.6625000
vt 0.8400000 0.6625000
vt 0.8562500 0.6625000
vt 0.8725000 0.6625000
vt 0.8887500 0.6625000
vt 0.9050000 0.6625000
vt 0.9212500 0.6625000
vt 0.9375000 0.6625000
vt 0.9537500 0.6625000
vt 0.9700000 0.6625000
vt 0.7750000 0.7350000
vt 0.7912500 0.7350000
vt 0.8075000 0.7350000
vt 0.8237500 0.7350000
vt 0.8400000 0.7350000
vt 0.8562500 0.7350000
vt 0.8725000 0.7350000
vt 0.8887500 0.7350000
vt 0.9050000 0.7350000
vt 0.9212500 0.7350000
vt 0.9375000 0.7350000
vt 0.9537500 0.7350000
vt 0.9700000 0.7350000
vt 0.7750000 0.4050000
vt 0.7912500 0.4050000
vt 0.8075000 0.4050000
vt 0.8237500 0.4050000
vt 0.8400000 0.4050000
vt 0.8562500 0.4050000
vt 0.8725000 0.4050000
vt 0.8887500 0.4050000
vt 0.9050000 0.4050000
vt 0.9212500 0.4050000
vt 0.9375000 0.4050000
vt 0.9537500 0.4050000
vt 0.9700000 0.4050000
vt 0.7750000 0.4694000
vt 0.7912500 0.4694000
vt 0.8075000 0.4694000
vt 0.8237500 0.4694000
vt 0.8400000 0.4694000
vt 0.8562500 0.4694000
vt 0.8725000 0.4694000
vt 0.8887500 0.4694000
vt 0.9050000 0.4694000
vt 0.9212500 0.4694000
vt 0.9375000 0.4694000
vt 0.9537500 0.4694000
vt 0.9700000 0.4694000
vt 0.7750000 0.5450000
vt 0.7912500 0.5450000
vt 0.8075000 0.5450000
vt 0.8237500 0.5450000
vt 0.8400000 0.5450000
vt 0.8562500 0.5450000
vt 0.8725000 0.5450000
vt 0.8887500 0.5450000
vt 0.9050000 0.5450000
vt 0.9212500 0.5450000
vt 0.9375000 0.5450000
vt 0.9537500 0.5450000
vt 0.9700000 0.5450000
vt 0.8725000 0.5338000
vt 0.7750000 0.5900000
vt 0.7912500 0.5900000
vt 0.8075000 0.5900000
vt 0.8237500 0.5900000
vt 0.8400000 0.5900000
vt 0.8562500 0.5900000
vt 0.8725000 0.5900000
vt 0.8887500 0.5900000
vt 0.9050000 0.5900000
vt 0.9212500 0.5900000
vt 0.9375000 0.5900000
vt 0.9537500 0.5900000
vt 0.9700000 0.5900000
vt 0.7750000 0.6625000
vt 0.7912500 0.6625000
vt 0.8075000 0.6625000
vt 0.8237500 0.6625000
vt 0.8400000 0.6625000
vt 0.8562500 0.6625000
vt 0.8725000 0.6625000
vt 0.8887500 0.6625000
vt 0.9050000 0.6625000
vt 0.9212500 0.6625000
vt 0.9375000 0.6625000
vt 0.9537500 0.6625000
vt 0.9700000 0.6625000
vt 0.7750000 0.7350000
vt 0.7912500 0.7350000
vt 0.8075000 0.7350000
vt 0.8237500 0.7350000
vt 0.8400000 0.7350000
vt 0.8562500 0.7350000
vt 0.8725000 0.7350000
vt 0.8887500 0.7350000
vt 0.9050000 0.7350000
vt 0.9212500 0.7350000
vt 0.9375000 0.7350000
vt 0.9537500 0.7350000
vt 0.9700000 0.7350000
vt 0.7750000 0.4050000
vt 0.7912500 0.4050000
vt 0.8075000 0.4050000
vt 0.8237500 0.4050000
vt 0.8400000 0.4050000
vt 0.8562500 0.4050000
vt 0.8725000 0.4050000
vt 0.8887500 0.4050000
vt 0.9050000 0.4050000
vt 0.9212500 0.4050000
vt 0.9375000 0.4050000
vt 0.9537500 0.4050000
vt 0.9700000 0.4050000
vt 0.7750000 0.4694000
vt 0.7912500 0.4694000
vt 0.8075000 0.4694000
vt 0.8237500 0.4694000
vt 0.8400000 0.4694000
vt 0.8562500 0.4694000
vt 0.8725000 0.4694000
vt 0.8887500 0.4694000
vt 0.9050000 0.4694000
vt 0.9212500 0.4694000
vt 0.9375000 0.4694000
vt 0.9537500 0.4694000
vt 0.9700000 0.4694000
vt 0.7750000 0.5450000
vt 0.7912500 0.5450000
vt 0.8075000 0.5450000
vt 0.8237500 0.5450000
vt 0.8400000 0.5450000
vt 0.8562500 0.5450000
vt 0.8725000 0.5450000
vt 0.8887500 0.5450000
vt 0.9050000 0.5450000
vt 0.9212500 0.5450000
vt 0.9375000 0.5450000
vt 0.9537500 0.5450000
vt 0.9700000 0.5450000
vt 0.8725000 0.5338000
vt 0.7750000 0.5900000
vt 0.7912500 0.5900000
vt 0.8075000 0.5900000
vt 0.8237500 0.5900000
vt 0.8400000 0.5900000
vt 0.8562500 0.5900000
vt 0.8725000 0.5900000
vt 0.8887500 0.5900000
vt 0.9050000 0.5900000
vt 0.9212500 0.5900000
vt 0.9375000 0.5900000
vt 0.9537500 0.5900000
vt 0.9700000 0.5900000
vt 0.7750000 0.6625000
vt 0.7912500 0.6625000
vt 0.8075000 0.6625000
vt 0.8237500 0.6625000
vt 0.8400000 0.6625000
vt 0.8562500 0.6625000
vt 0.8725000 0.6625000
vt 0.8887500 0.6625000
vt 0.9050000 0.6625000
vt 0.9212500 0.6625000
vt 0.9375000 0.6625000
vt 0.9537500 0.6625000
vt 0.9700000 0.6625000
vt 0.7750000 0.7350000
vt 0.7912500 0.7350000
vt 0.8075000 0.7350000
vt 0.8237500 0.7350000
vt 0.8400000 0.7350000
vt 0.8562500 0.7350000
vt 0.8725000 0.7350000
vt 0.8887500 0.7350000
vt 0.9050000 0.7350000
vt 0.9212500 0.7350000
vt 0.9375000 0.7350000
vt 0.9537500 0.7350000
vt 0.9700000 0.7350000
vt 0.7750000 0.4050000
vt 0.7912500 0.4050000
vt 0.8075000 0.4050000
vt 0.8237500 0.4050000
vt 0.8400000 0.4050000
vt 0.8562500 0.4050000
vt 0.8725000 0.4050000
vt 0.8887500 0.4050000
vt 0.9050000 0.4050000
vt 0.9212500 0.4050000
vt 0.9375000 0.4050000
vt 0.9537500 0.4050000
vt 0.9700000 0.4050000
vt 0.7750000 0.4694000
vt 0.7912500 0.4694000
vt 0.8075000 0.4694000
vt 0.8237500 0.4694000
vt 0.8400000 0.4694000
vt 0.8562500 0.4694000
vt 0.8725000 0.4694000
vt 0.8887500 0.4694000
vt 0.9050000 0.4694000
vt 0.9212500 0.4694000
vt 0.9375000 0.4694000
vt 0.9537500 0.4694000
vt 0.9700000 0.4694000
vt 0.7750000 0.5450000
vt 0.7912500 0.5450000
vt 0.8075000 0.5450000
vt 0.8237500 0.5450000
vt 0.8400000 0.5450000
vt 0.8562500 0.5450000
vt 0.8725000 0.5450000
vt 0.8887500 0.5450000
vt 0.9050000 0.5450000
vt 0.9212500 0.5450000
vt 0.9375000 0.5450000
vt 0.9537500 0.5450000
vt 0.9700000 0.5450000
vt 0.8725000 0.5338000
vt 0.7750000 0.5900000
vt 0.7912500 0.5900000
vt 0.8075000 0.5900000
vt 0.8237500 0.5900000
vt 0.8400000 0.5900000
vt 0.8562500 0.5900000
vt 0.8725000 0.5900000
vt 0.8887500 0.5900000
vt 0.9050000 0.5900000
vt 0.9212500 0.5900000
vt 0.9375000 0.5900000
vt 0.9537500 0.5900000
vt 0.9700000 0.5900000
vt 0.7750000 0.6625000
vt 0.7912500 0.6625000
vt 0.8075000 0.6625000
vt 0.8237500 0.6625000
vt 0.8400000 0.6625000
vt 0.8562500 0.6625000
vt 0.8725000 0.6625000
vt 0.8887500 0.6625000
vt 0.9050000 0.6625000
vt 0.9212500 0.6625000
vt 0.9375000 0.6625000
vt 0.9537500 0.6625000
vt 0.9700000 0.6625000
vt 0.7750000 0.7350000
vt 0.7912500 0.7350000
vt 0.8075000 0.7350000
vt 0.8237500 0.7350000
vt 0.8400000 0.7350000
vt 0.8562500 0.7350000
vt 0.8725000 0.7350000
vt 0.8887500 0.7350000
vt 0.9050000 0.7350000
vt 0.9212500 0.7350000
vt 0.9375000 0.7350000
vt 0.9537500 0.7350000
vt 0.9700000 0.7350000
vt 0.7750000 0.4050000
vt 0.7912500 0.4050000
vt 0.8075000 0.4050000
vt 0.8237500 0.4050000
vt 0.8400000 0.4050000
vt 0.8562500 0.4050000
vt 0.8725000 0.4050000
vt 0.8887500 0.4050000
vt 0.9050000 0.4050000
vt 0.9212500 0.4050000
vt 0.9375000 0.4050000
vt 0.9537500 0.4050000
vt 0.9700000 0.4050000
vt 0.7750000 0.4694000
vt 0.7912500 0.4694000
vt 0.8075000 0.4694000
vt 0.8237500 0.4694000
vt 0.8400000 0.4694000
vt 0.8562500 0.4694000
vt 0.8725000 0.4694000
vt 0.8887500 0.4694000
vt 0.9050000 0.4694000
vt 0.9212500 0.4694000
vt 0.9375000 0.4694000
vt 0.9537500 0.4694000
vt 0.9700000 0.4694000
vt 0.7750000 0.5450000
vt 0.7912500 0.5450000
vt 0.8075000 0.5450000
vt 0.8237500 0.5450000
vt 0.8400000 0.5450000
vt 0.8562500 0.5450000
vt 0.8725000 0.5450000
vt 0.8887500 0.5450000
vt 0.9050000 0.5450000
vt 0.9212500 0.5450000
vt 0.9375000 0.5450000
vt 0.9537500 0.5450000
vt 0.9700000 0.5450000
vt 0.8725000 0.5338000
vt 0.7750000 0.5900000
vt 0.7912500 0.5900000
vt 0.8075000 0.5900000
vt 0.8237500 0.5900000
vt 0.8400000 0.5900000
vt 0.8562500 0.5900000
vt 0.8725000 0.5900000
vt 0.8887500 0.5900000
vt 0.9050000 0.5900000
vt 0.9212500 0.5900000
vt 0.9375000 0.5900000
vt 0.9537500 0.5900000
vt 0.9700000 0.5900000
vt 0.7750000 0.6625000
vt 0.7912500 0.6625000
vt 0.8075000 0.6625000
vt 0.8237500 0.6625000
vt 0.8400000 0.6625000
vt 0.8562500 0.6625000
vt 0.8725000 0.6625000
vt 0.8887500 0.6625000
vt 0.9050000 0.6625000
vt 0.9212500 0.6625000
vt 0.9375000 0.6625000
vt 0.9537500 0.6625000
vt 0.9700000 0.6625000
vt 0.7750000 0.7350000
vt 0.7912500 0.7350000
vt 0.8075000 0.7350000
vt 0.8237500 0.7350000
vt 0.8400000 0.7350000
vt 0.8562500 0.7350000
vt 0.8725000 0.7350000
vt 0.8887500 0.7350000
vt 0.9050000 0.7350000
vt 0.9212500 0.7350000
vt 0.9375000 0.7350000
vt 0.9537500 0.7350000
vt 0.9700000 0.7350000
vt 0.7750000 0.4050000
vt 0.7912500 0.4050000
vt 0.8075000 0.4050000
vt 0.8237500 0.4050000
vt 0.8400000 0.4050000
vt 0.8562500 0.4050000
vt 0.8725000 0.4050000
vt 0.8887500 0.4050000
vt 0.9050000 0.4050000
vt 0.9212500 0.4050000
vt 0.9375000 0.4050000
vt 0.9537500 0.4050000
vt 0.9700000 0.4050000
vt 0.7750000 0.4694000
vt 0.7912500 0.4694000
vt 0.8075000 0.4694000
vt 0.8237500 0.4694000
vt 0.8400000 0.4694000
vt 0.8562500 0.4694000
vt 0.8725000 0.4694000
vt 0.8887500 0.4694000
vt 0.9050000 0.4694000
vt 0.9212500 0.4694000
vt 0.9375000 0.4694000
vt 0.9537500 0.4694000
vt 0.9700000 0.4694000
vt 0.7750000 0.5450000
vt 0.7912500 0.5450000
vt 0.8075000 0.5450000
vt 0.8237500 0.5450000
vt 0.8400000 0.5450000
vt 0.8562500 0.5450000
vt 0.8725000 0.5450000
vt 0.8887500 0.5450000
vt 0.9050000 0.5450000
vt 0.9212500 0.5450000
vt 0.9375000 0.5450000
vt 0.9537500 0.5450000
vt 0.9700000 0.5450000
vt 0.8725000 0.5338000
vt 0.7750000 0.5900000
vt 0.7912500 0.5900000
vt 0.8075000 0.5900000
vt 0.8237500 0.5900000
vt 0.8400000 0.5900000
vt 0.8562500 0.5900000
vt 0.8725000 0.5900000
vt 0.8887500 0.5900000
vt 0.9050000 0.5900000
vt 0.9212500 0.5900000
vt 0.9375000 0.5900000
vt 0.9537500 0.5900000
vt 0.9700000 0.5900000
vt 0.7750000 0.6625000
vt 0.7912500 0.6625000
vt 0.8075000 0.6625000
vt 0.8237500 0.6625000
vt 0.8400000 0.6625000
vt 0.8562500 0.6625000
vt 0.8725000 0.6625000
vt 0.8887500 0.6625000
vt 0.9050000 0.6625000
vt 0.9212500 0.6625000
vt 0.9375000 0.6625000
vt 0.9537500 0.6625000
vt 0.9700000 0.6625000
vt 0.7750000 0.7350000
vt 0.7912500 0.7350000
vt 0.8075000 0.7350000
vt 0.8237500 0.7350000
vt 0.8400000 0.7350000
vt 0.8562500 0.7350000
vt 0.8725000 0.7350000
vt 0.8887500 0.7350000
vt 0.9050000 0.7350000
vt 0.9212500 0.7350000
vt 0.9375000 0.7350000
vt 0.9537500 0.7350000
vt 0.9700000 0.7350000
vt 0.7750000 0.4050000
vt 0.7912500 0.4050000
vt 0.8075000 0.4050000
vt 0.8237500 0.4050000
vt 0.8400000 0.4050000
vt 0.8562500 0.4050000
vt 0.8725000 0.4050000
vt 0.8887500 0.4050000
vt 0.9050000 0.4050000
vt 0.9212500 0.4050000
vt 0.9375000 0.4050000
vt 0.9537500 0.4050000
vt 0.9700000 0.4050000
vt 0.7750000 0.4694000
vt 0.7912500 0.4694000
vt 0.8075000 0.4694000
vt 0.8237500 0.4694000
vt 0.8400000 0.4694000
vt 0.8562500 0.4694000
vt 0.8725000 0.4694000
vt 0.8887500 0.4694000
vt 0.9050000 0.4694000
vt 0.9212500 0.4694000
vt 0.9375000 0.4694000
vt 0.9537500 0.4694000
vt 0.9700000 0.4694000
vt 0.7750000 0.5450000
vt 0.7912500 0.5450000
vt 0.8075000 0.5450000
vt 0.8237500 0.5450000
vt 0.8400000 0.5450000
vt 0.8562500 0.5450000
vt 0.8725000 0.5450000
vt 0.8887500 0.5450000
vt 0.9050000 0.5450000
vt 0.9212500 0.5450000
vt 0.9375000 0.5450000
vt 0.9537500 0.5450000
vt 0.9700000 0.5450000
vt 0.8725000 0.5338000
vt 0.7750000 0.5900000
vt 0.7912500 0.5900000
vt 0.8075000 0.5900000
vt 0.8237500 0.5900000
vt 0.8400000 0.5900000
vt 0.8562500 0.5900000
vt 0.8725000 0.5900000
vt 0.8887500 0.5900000
vt 0.9050000 0.5900000
vt 0.9212500 0.5900000
vt 0.9375000 0.5900000
vt 0.9537500 0.5900000
vt 0.9700000 0.5900000
vt 0.7750000 0.6625000
vt 0.7912500 0.6625000
vt 0.8075000 0.6625000
vt 0.8237500 0.6625000
vt 0.8400000 0.6625000
vt 0.8562500 0.6625000
vt 0.8725000 0.6625000
vt 0.8887500 0.6625000
vt 0.9050000 0.6625000
vt 0.9212500 0.6625000
vt 0.9375000 0.6625000
vt 0.9537500 0.6625000
vt 0.9700000 0.6625000
vt 0.7750000 0.7350000
vt 0.7912500 0.7350000
vt 0.8075000 0.7350000
vt 0.8237500 0.7350000
vt 0.8400000 0.7350000
vt 0.8562500 0.7350000
vt 0.8725000 0.7350000
vt 0.8887500 0.7350000
vt 0.9050000 0.7350000
vt 0.9212500 0.7350000
vt 0.9375000 0.7350000
vt 0.9537500 0.7350000
vt 0.9700000 0.7350000
vt 0.7750000 0.4050000
vt 0.7912500 0.4050000
vt 0.8075000 0.4050000
vt 0.8237500 0.4050000
vt 0.8400000 0.4050000
vt 0.8562500 0.4050000
vt 0.8725000 0.4050000
vt 0.8887500 0.4050000
vt 0.9050000 0.4050000
vt 0.9212500 0.4050000
vt 0.9375000 0.4050000
vt 0.9537500 0.4050000
vt 0.9700000 0.4050000
vt 0.7750000 0.4694000
vt 0.7912500 0.4694000
vt 0.8075000 0.4694000
vt 0.8237500 0.4694000
vt 0.8400000 0.4694000
vt 0.8562500 0.4694000
vt 0.8725000 0.4694000
vt 0.8887500 0.4694000
vt 0.9050000 0.4694000
vt 0.9212500 0.4694000
vt 0.9375000 0.4694000
vt 0.9537500 0.4694000
vt 0.9700000 0.4694000
vt 0.7750000 0.5450000
vt 0.7912500 0.5450000
vt 0.8075000 0.5450000
vt 0.8237500 0.5450000
vt 0.8400000 0.5450000
vt 0.8562500 0.5450000
vt 0.8725000 0.5450000
vt 0.8887500 0.5450000
vt 0.9050000 0.5450000
vt 0.9212500 0.5450000
vt 0.9375000 0.5450000
vt 0.9537500 0.5450000
vt 0.9700000 0.5450000
vt 0.8725000 0.5338000
vt 0.7750000 0.5900000
vt 0.7912500 0.5900000
vt 0.8075000 0.5900000
vt 0.8237500 0.5900000
vt 0.8400000 0.5900000
vt 0.8562500 0.5900000
vt 0.8725000 0.5900000
vt 0.8887500 0.5900000
vt 0.9050000 0.5900000
vt 0.9212500 0.5900000
vt 0.9375000 0.5900000
vt 0.9537500 0.5900000
vt 0.9700000 0.5900000
vt 0.7750000 0.6625000
vt 0.7912500 0.6625000
vt 0.8075000 0.6625000
vt 0.8237500 0.6625000
vt 0.8400000 0.6625000
vt 0.8562500 0.6625000
vt 0.8725000 0.6625000
vt 0.8887500 0.6625000
vt 0.9050000 0.6625000
vt 0.9212500 0.6625000
vt 0.9375000 0.6625000
vt 0.9537500 0.6625000
vt 0.9700000 0.6625000
vt 0.7750000 0.7350000
vt 0.7912500 0.7350000
vt 0.8075000 0.7350000
vt 0.8237500 0.7350000
vt 0.8400000 0.7350000
vt 0.8562500 0.7350000
vt 0.8725000 0.7350000
vt 0.8887500 0.7350000
vt 0.9050000 0.7350000
vt 0.9212500 0.7350000
vt 0.9375000 0.7350000
vt 0.9537500 0.7350000
vt 0.9700000 0.7350000
vt 0.7750000 0.4050000
vt 0.7912500 0.4050000
vt 0.8075000 0.4050000
vt 0.8237500 0.4050000
vt 0.8400000 0.4050000
vt 0.8562500 0.4050000
vt 0.8725000 0.4050000
vt 0.8887500 0.4050000
vt 0.9050000 0.4050000
vt 0.9212500 0.4050000
vt 0.9375000 0.4050000
vt 0.9537500 0.4050000
vt 0.9700000 0.4050000
vt 0.7750000 0.4694000
vt 0.7912500 0.4694000
vt 0.8075000 0.4694000
vt 0.8237500 0.4694000
vt 0.8400000 0.4694000
vt 0.8562500 0.4694000
vt 0.8725000 0.4694000
vt 0.8887500 0.4694000
vt 0.9050000 0.4694000
vt 0.9212500 0.4694000
vt 0.9375000 0.4694000
vt 0.9537500 0.4694000
vt 0.9700000 0.4694000
vt 0.7750000 0.5450000
vt 0.7912500 0.5450000
vt 0.8075000 0.5450000
vt 0.8237500 0.5450000
vt 0.8400000 0.5450000
vt 0.8562500 0.5450000
vt 0.8725000 0.5450000
vt 0.8887500 0.5450000
vt 0.9050000 0.5450000
vt 0.9212500 0.5450000
vt 0.9375000 0.5450000
vt 0.9537500 0.5450000
vt 0.9700000 0.5450000
vt 0.8725000 0.5338000
vt 0.7750000 0.5900000
vt 0.7912500 0.5900000
vt 0.8075000 0.5900000
vt 0.8237500 0.5900000
vt 0.8400000 0.5900000
vt 0.8562500 0.5900000
vt 0.8725000 0.5900000
vt 0.8887500 0.5900000
vt 0.9050000 0.5900000
vt 0.9212500 0.5900000
vt 0.9375000 0.5900000
vt 0.9537500 0.5900000
vt 0.9700000 0.5900000
vt 0.7750000 0.6625000
vt 0.7912500 0.6625000
vt 0.8075000 0.6625000
vt 0.8237500 0.6625000
vt 0.8400000 0.6625000
vt 0.8562500 0.6625000
vt 0.8725000 0.6625000
vt 0.8887500 0.6625000
vt 0.9050000 0.6625000
vt 0.9212500 0.6625000
vt 0.9375000 0.6625000
vt 0.9537500 0.6625000
vt 0.9700000 0.6625000
vt 0.7750000 0.7350000
vt 0.7912500 0.7350000
vt 0.8075000 0.7350000
vt 0.8237500 0.7350000
vt 0.8400000 0.7350000
vt 0.8562500 0.7350000
vt 0.8725000 0.7350000
vt 0.8887500 0.7350000
vt 0.9050000 0.7350000
vt 0.9212500 0.7350000
vt 0.9375000 0.7350000
vt 0.9537500 0.7350000
vt 0.9700000 0.7350000
vt 0.7750000 0.4050000
vt 0.7912500 0.4050000
vt 0.8075000 0.4050000
vt 0.8237500 0.4050000
vt 0.8400000 0.4050000
vt 0.8562500 0.4050000
vt 0.8725000 0.4050000
vt 0.8887500 0.4050000
vt 0.9050000 0.4050000
vt 0.9212500 0.4050000
vt 0.9375000 0.4050000
vt 0.9537500 0.4050000
vt 0.9700000 0.4050000
vt 0.7750000 0.4694000
vt 0.7912500 0.4694000
vt 0.8075000 0.4694000
vt 0.8237500 0.4694000
vt 0.8400000 0.4694000
vt 0.8562500 0.4694000
vt 0.8725000 0.4694000
vt 0.8887500 0.4694000
vt 0.9050000 0.4694000
vt 0.9212500 0.4694000
vt 0.9375000 0.4694000
vt 0.9537500 0.4694000
vt 0.9700000 0.4694000
vt 0.7750000 0.5450000
vt 0.7912500 0.5450000
vt 0.8075000 0.5450000
vt 0.8237500 0.5450000
vt 0.8400000 0.5450000
vt 0.8562500 0.5450000
vt 0.8725000 0.5450000
vt 0.8887500 0.5450000
vt 0.9050000 0.5450000
vt 0.9212500 0.5450000
vt 0.9375000 0.5450000
vt 0.9537500 0.5450000
vt 0.9700000 0.5450000
vt 0.8725000 0.5338000
vt 0.7750000 0.5900000
vt 0.7912500 0.5900000
vt 0.8075000 0.5900000
vt 0.8237500 0.5900000
vt 0.8400000 0.5900000
vt 0.8562500 0.5900000
vt 0.8725000 0.5900000
vt 0.8887500 0.5900000
vt 0.9050000 0.5900000
vt 0.9212500 0.5900000
vt 0.9375000 0.5900000
vt 0.9537500 0.5900000
vt 0.9700000 0.5900000
vt 0.7750000 0.6625000
vt 0.7912500 0.6625000
vt 0.8075000 0.6625000
vt 0.8237500 0.6625000
vt 0.8400000 0.6625000
vt 0.8562500 0.6625000
vt 0.8725000 0.6625000
vt 0.8887500 0.6625000
vt 0.9050000 0.6625000
vt 0.9212500 0.6625000
vt 0.9375000 0.6625000
vt 0.9537500 0.6625000
vt 0.9700000 0.6625000
vt 0.7750000 0.7350000
vt 0.7912500 0.7350000
vt 0.8075000 0.7350000
vt 0.8237500 0.7350000
vt 0.8400000 0.7350000
vt 0.8562500 0.7350000
vt 0.8725000 0.7350000
vt 0.8887500 0.7350000
vt 0.9050000 0.7350000
vt 0.9212500 0.7350000
vt 0.9375000 0.7350000
vt 0.9537500 0.7350000
vt 0.9700000 0.7350000
vt 0.7750000 0.4050000
vt 0.7912500 0.4050000
vt 0.8075000 0.4050000
vt 0.8237500 0.4050000
vt 0.8400000 0.4050000
vt 0.8562500 0.4050000
vt 0.8725000 0.4050000
vt 0.8887500 0.4050000
vt 0.9050000 0.4050000
vt 0.9212500 0.4050000
vt 0.9375000 0.4050000
vt 0.9537500 0.4050000
vt 0.9700000 0.4050000
vt 0.7750000 0.4694000
vt 0.7912500 0.4694000
vt 0.8075000 0.4694000
vt 0.8237500 0.4694000
vt 0.8400000 0.4694000
vt 0.8562500 0.4694000
vt 0.8725000 0.4694000
vt 0.8887500 0.4694000
vt 0.9050000 0.4694000
vt 0.9212500 0.4694000
vt 0.9375000 0.4694000
vt 0.9537500 0.4694000
vt 0.9700000 0.4694000
vt 0.7750000 0.5450000
vt 0.7912500 0.5450000
vt 0.8075000 0.5450000
vt 0.8237500 0.5450000
vt 0.8400000 0.5450000
vt 0.8562500 0.5450000
vt 0.8725000 0.5450000
vt 0.8887500 0.5450000
vt 0.9050000 0.5450000
vt 0.9212500 0.5450000
vt 0.9375000 0.5450000
vt 0.9537500 0.5450000
vt 0.9700000 0.5450000
vt 0.8725000 0.5338000
vt 0.7750000 0.5900000
vt 0.7912500 0.5900000
vt 0.8075000 0.5900000
vt 0.8237500 0.5900000
vt 0.8400000 0.5900000
vt 0.8562500 0.5900000
vt 0.8725000 0.5900000
vt 0.8887500 0.5900000
vt 0.9050000 0.5900000
vt 0.9212500 0.5900000
vt 0.9375000 0.5900000
vt 0.9537500 0.5900000
vt 0.9700000 0.5900000
vt 0.7750000 0.6625000
vt 0.7912500 0.6625000
vt 0.8075000 0.6625000
vt 0.8237500 0.6625000
vt 0.8400000 0.6625000
vt 0.8562500 0.6625000
vt 0.8725000 0.6625000
vt 0.8887500 0.6625000
vt 0.9050000 0.6625000
vt 0.9212500 0.6625000
vt 0.9375000 0.6625000
vt 0.9537500 0.6625000
vt 0.9700000 0.6625000
vt 0.7750000 0.7350000
vt 0.7912500 0.7350000
vt 0.8075000 0.7350000
vt 0.8237500 0.7350000
vt 0.8400000 0.7350000
vt 0.8562500 0.7350000
vt 0.8725000 0.7350000
vt 0.8887500 0.7350000
vt 0.9050000 0.7350000
vt 0.9212500 0.7350000
vt 0.9375000 0.7350000
vt 0.9537500 0.7350000
vt 0.9700000 0.7350000
vt 0.7750000 0.4050000
vt 0.7912500 0.4050000
vt 0.8075000 0.4050000
vt 0.8237500 0.4050000
vt 0.8400000 0.4050000
vt 0.8562500 0.4050000
vt 0.8725000 0.4050000
vt 0.8887500 0.4050000
vt 0.9050000 0.4050000
vt 0.9212500 0.4050000
vt 0.9375000 0.4050000
vt 0.9537500 0.4050000
vt 0.9700000 0.4050000
vt 0.7750000 0.4694000
vt 0.7912500 0.4694000
vt 0.8075000 0.4694000
vt 0.8237500 0.4694000
vt 0.8400000 0.4694000
vt 0.8562500 0.4694000
vt 0.8725000 0.4694000
vt 0.8887500 0.4694000
vt 0.9050000 0.4694000
vt 0.9212500 0.4694000
vt 0.9375000 0.4694000
vt 0.9537500 0.4694000
vt 0.9700000 0.4694000
vt 0.7750000 0.5450000
vt 0.7912500 0.5450000
vt 0.8075000 0.5450000
vt 0.8237500 0.5450000
vt 0.8400000 0.5450000
vt 0.8562500 0.5450000
vt 0.8725000 0.5450000
vt 0.8887500 0.5450000
vt 0.9050000 0.5450000
vt 0.9212500 0.5450000
vt 0.9375000 0.5450000
vt 0.9537500 0.5450000
vt 0.9700000 0.5450000
vt 0.8725000 0.5338000
vt 0.7750000 0.5900000
vt 0.7912500 0.5900000
vt 0.8075000 0.5900000
vt 0.8237500 0.5900000
vt 0.8400000 0.5900000
vt 0.8562500 0.5900000
vt 0.8725000 0.5900000
vt 0.8887500 0.5900000
vt 0.9050000 0.5900000
vt 0.9212500 0.5900000
vt 0.9375000 0.5900000
vt 0.9537500 0.5900000
vt 0.9700000 0.5900000
vt 0.7750000 0.6625000
vt 0.7912500 0.6625000
vt 0.8075000 0.6625000
vt 0.8237500 0.6625000
vt 0.8400000 0.6625000
vt 0.8562500 0.6625000
vt 0.8725000 0.6625000
vt 0.8887500 0.6625000
vt 0.9050000 0.6625000
vt 0.9212500 0.6625000
vt 0.9375000 0.6625000
vt 0.9537500 0.6625000
vt 0.9700000 0.6625000
vt 0.7750000 0.7350000
vt 0.7912500 0.7350000
vt 0.8075000 0.7350000
vt 0.8237500 0.7350000
vt 0.8400000 0.7350000
vt 0.8562500 0.7350000
vt 0.8725000 0.7350000
vt 0.8887500 0.7350000
vt 0.9050000 0.7350000
vt 0.9212500 0.7350000
vt 0.9375000 0.7350000
vt 0.9537500 0.7350000
vt 0.9700000 0.7350000
vt 0.7750000 0.4050000
vt 0.7912500 0.4050000
vt 0.8075000 0.4050000
vt 0.8237500 0.4050000
vt 0.8400000 0.4050000
vt 0.8562500 0.4050000
vt 0.8725000 0.4050000
vt 0.8887500 0.4050000
vt 0.9050000 0.4050000
vt 0.9212500 0.4050000
vt 0.9375000 0.4050000
vt 0.9537500 0.4050000
vt 0.9700000 0.4050000
vt 0.7750000 0.4694000
vt 0.7912500 0.4694000
vt 0.8075000 0.4694000
vt 0.8237500 0.4694000
vt 0.8400000 0.4694000
vt 0.8562500 0.4694000
vt 0.8725000 0.4694000
vt 0.8887500 0.4694000
vt 0.9050000 0.4694000
vt 0.9212500 0.4694000
vt 0.9375000 0.4694000
vt 0.9537500 0.4694000
vt 0.9700000 0.4694000
vt 0.7750000 0.5450000
vt 0.7912500 0.5450000
vt 0.8075000 0.5450000
vt 0.8237500 0.5450000
vt 0.8400000 0.5450000
vt 0.8562500 0.5450000
vt 0.8725000 0.5450000
vt 0.8887500 0.5450000
vt 0.9050000 0.5450000
vt 0.9212500 0.5450000
vt 0.9375000 0.5450000
vt 0.9537500 0.5450000
vt 0.9700000 0.5450000
vt 0.8725000 0.5338000
vt 0.7750000 0.5900000
vt 0.7912500 0.5900000
vt 0.8075000 0.5900000
vt 0.8237500 0.5900000
vt 0.8400000 0.5900000
vt 0.8562500 0.5900000
vt 0.8725000 0.5900000
vt 0.8887500 0.5900000
vt 0.9050000 0.5900000
vt 0.9212500 0.5900000
vt 0.9375000 0.5900000
vt 0.9537500 0.5900000
vt 0.9700000 0.5900000
vt 0.7750000 0.6625000
vt 0.7912500 0.6625000
vt 0.8075000 0.6625000
vt 0.8237500 0.6625000
vt 0.8400000 0.6625000
vt 0.8562500 0.6625000
vt 0.8725000 0.6625000
vt 0.8887500 0.6625000
vt 0.9050000 0.6625000
vt 0.9212500 0.6625000
vt 0.9375000 0.6625000
vt 0.9537500 0.6625000
vt 0.9700000 0.6625000
vt 0.7750000 0.7350000
vt 0.7912500 0.7350000
vt 0.8075000 0.7350000
vt 0.8237500 0.7350000
vt 0.8400000 0.7350000
vt 0.8562500 0.7350000
vt 0.8725000 0.7350000
vt 0.8887500 0.7350000
vt 0.9050000 0.7350000
vt 0.9212500 0.7350000
vt 0.9375000 0.7350000
vt 0.9537500 0.7350000
vt 0.9700000 0.7350000
vt 0.7750000 0.4050000
vt 0.7912500 0.4050000
vt 0.8075000 0.4050000
vt 0.8237500 0.4050000
vt 0.8400000 0.4050000
vt 0.8562500 0.4050000
vt 0.8725000 0.4050000
vt 0.8887500 0.4050000
vt 0.9050000 0.4050000
vt 0.9212500 0.4050000
vt 0.9375000 0.4050000
vt 0.9537500 0.4050000
vt 0.9700000 0.4050000
vt 0.7750000 0.4694000
vt 0.7912500 0.4694000
vt 0.8075000 0.4694000
vt 0.8237500 0.4694000
vt 0.8400000 0.4694000
vt 0.8562500 0.4694000
vt 0.8725000 0.4694000
vt 0.8887500 0.4694000
vt 0.9050000 0.4694000
vt 0.9212500 0.4694000
vt 0.9375000 0.4694000
vt 0.9537500 0.4694000
vt 0.9700000 0.4694000
vt 0.7750000 0.5450000
vt 0.7912500 0.5450000
vt 0.8075000 0.5450000
vt 0.8237500 0.5450000
vt 0.8400000 0.5450000
vt 0.8562500 0.5450000
vt 0.8725000 0.5450000
vt 0.8887500 0.5450000
vt 0.9050000 0.5450000
vt 0.9212500 0.5450000
vt 0.9375000 0.5450000
vt 0.9537500 0.5450000
vt 0.9700000 0.5450000
vt 0.8725000 0.5338000
vt 0.7750000 0.5900000
vt 0.7912500 0.5900000
vt 0.8075000 0.5900000
vt 0.8237500 0.5900000
vt 0.8400000 0.5900000
vt 0.8562500 0.5900000
vt 0.8725000 0.5900000
vt 0.8887500 0.5900000
vt 0.9050000 0.5900000
vt 0.9212500 0.5900000
vt 0.9375000 0.5900000
vt 0.9537500 0.5900000
vt 0.9700000 0.5900000
vt 0.7750000 0.6625000
vt 0.7912500 0.6625000
vt 0.8075000 0.6625000
vt 0.8237500 0.6625000
vt 0.8400000 0.6625000
vt 0.8562500 0.6625000
vt 0.8725000 0.6625000
vt 0.8887500 0.6625000
vt 0.9050000 0.6625000
vt 0.9212500 0.6625000
vt 0.9375000 0.6625000
vt 0.9537500 0.6625000
vt 0.9700000 0.6625000
vt 0.7750000 0.7350000
vt 0.7912500 0.7350000
vt 0.8075000 0.7350000
vt 0.8237500 0.7350000
vt 0.8400000 0.7350000
vt 0.8562500 0.7350000
vt 0.8725000 0.7350000
vt 0.8887500 0.7350000
vt 0.9050000 0.7350000
vt 0.9212500 0.7350000
vt 0.9375000 0.7350000
vt 0.9537500 0.7350000
vt 0.9700000 0.7350000
vt 0.7750000 0.4050000
vt 0.7912500 0.4050000
vt 0.8075000 0.4050000
vt 0.8237500 0.4050000
vt 0.8400000 0.4050000
vt 0.8562500 0.4050000
vt 0.8725000 0.4050000
vt 0.8887500 0.4050000
vt 0.9050000 0.4050000
vt 0.9212500 0.4050000
vt 0.9375000 0.4050000
vt 0.9537500 0.4050000
vt 0.9700000 0.4050000
vt 0.7750000 0.4694000
vt 0.7912500 0.4694000
vt 0.8075000 0.4694000
vt 0.8237500 0.4694000
vt 0.8400000 0.4694000
vt 0.8562500 0.4694000
vt 0.8725000 0.4694000
vt 0.8887500 0.4694000
vt 0.9050000 0.4694000
vt 0.9212500 0.4694000
vt 0.9375000 0.4694000
vt 0.9537500 0.4694000
vt 0.9700000 0.4694000
vt 0.7750000 0.5450000
vt 0.7912500 0.5450000
vt 0.8075000 0.5450000
vt 0.8237500 0.5450000
vt 0.8400000 0.5450000
vt 0.8562500 0.5450000
vt 0.8725000 0.5450000
vt 0.8887500 0.5450000
vt 0.9050000 0.5450000
vt 0.9212500 0.5450000
vt 0.9375000 0.5450000
vt 0.9537500 0.5450000
vt 0.9700000 0.5450000
vt 0.8725000 0.5338000
vt 0.7750000 0.5900000
vt 0.7912500 0.5900000
vt 0.8075000 0.5900000
vt 0.8237500 0.5900000
vt 0.8400000 0.5900000
vt 0.8562500 0.5900000
vt 0.8725000 0.5900000
vt 0.8887500 0.5900000
vt 0.9050000 0.5900000
vt 0.9212500 0.5900000
vt 0.9375000 0.5900000
vt 0.9537500 0.5900000
vt 0.9700000 0.5900000
vt 0.7750000 0.6625000
vt 0.7912500 0.6625000
vt 0.8075000 0.6625000
vt 0.8237500 0.6625000
vt 0.8400000 0.6625000
vt 0.8562500 0.6625000
vt 0.8725000 0.6625000
vt 0.8887500 0.6625000
vt 0.9050000 0.6625000
vt 0.9212500 0.6625000
vt 0.9375000 0.6625000
vt 0.9537500 0.6625000
vt 0.9700000 0.6625000
vt 0.7750000 0.7350000
vt 0.7912500 0.7350000
vt 0.8075000 0.7350000
vt 0.8237500 0.7350000
vt 0.8400000 0.7350000
vt 0.8562500 0.7350000
vt 0.8725000 0.7350000
vt 0.8887500 0.7350000
vt 0.9050000 0.7350000
vt 0.9212500 0.7350000
vt 0.9375000 0.7350000
vt 0.9537500 0.7350000
vt 0.9700000 0.7350000
vt 0.7750000 0.4050000
vt 0.7912500 0.4050000
vt 0.8075000 0.4050000
vt 0.8237500 0.4050000
vt 0.8400000 0.4050000
vt 0.8562500 0.4050000
vt 0.8725000 0.4050000
vt 0.8887500 0.4050000
vt 0.9050000 0.4050000
vt 0.9212500 0.4050000
vt 0.9375000 0.4050000
vt 0.9537500 0.4050000
vt 0.9700000 0.4050000
vt 0.7750000 0.4694000
vt 0.7912500 0.4694000
vt 0.8075000 0.4694000
vt 0.8237500 0.4694000
vt 0.8400000 0.4694000
vt 0.8562500 0.4694000
vt 0.8725000 0.4694000
vt 0.8887500 0.4694000
vt 0.9050000 0.4694000
vt 0.9212500 0.4694000
vt 0.9375000 0.4694000
vt 0.9537500 0.4694000
vt 0.9700000 0.4694000
vt 0.7750000 0.5450000
vt 0.7912500 0.5450000
vt 0.8075000 0.5450000
vt 0.8237500 0.5450000
vt 0.8400000 0.5450000
vt 0.8562500 0.5450000
vt 0.8725000 0.5450000
vt 0.8887500 0.5450000
vt 0.9050000 0.5450000
vt 0.9212500 0.5450000
vt 0.9375000 0.5450000
vt 0.9537500 0.5450000
vt 0.9700000 0.5450000
vt 0.8725000 0.5338000
vt 0.7750000 0.5900000
vt 0.7912500 0.5900000
vt 0.8075000 0.5900000
vt 0.8237500 0.5900000
vt 0.8400000 0.5900000
vt 0.8562500 0.5900000
vt 0.8725000 0.5900000
vt 0.8887500 0.5900000
vt 0.9050000 0.5900000
vt 0.9212500 0.5900000
vt 0.9375000 0.5900000
vt 0.9537500 0.5900000
vt 0.9700000 0.5900000
vt 0.7750000 0.6625000
vt 0.7912500 0.6625000
vt 0.8075000 0.6625000
vt 0.8237500 0.6625000
vt 0.8400000 0.6625000
vt 0.8562500 0.6625000
vt 0.8725000 0.6625000
vt 0.8887500 0.6625000
vt 0.9050000 0.6625000
vt 0.9212500 0.6625000
vt 0.9375000 0.6625000
vt 0.9537500 0.6625000
vt 0.9700000 0.6625000
vt 0.7750000 0.7350000
vt 0.7912500 0.7350000
vt 0.8075000 0.7350000
vt 0.8237500 0.7350000
vt 0.8400000 0.7350000
vt 0.8562500 0.7350000
vt 0.8725000 0.7350000
vt 0.8887500 0.7350000
vt 0.9050000 0.7350000
vt 0.9212500 0.7350000
vt 0.9375000 0.7350000
vt 0.9537500 0.7350000
vt 0.9700000 0.7350000
vt 0.7750000 0.4050000
vt 0.7912500 0.4050000
vt 0.8075000 0.4050000
vt 0.8237500 0.4050000
vt 0.8400000 0.4050000
vt 0.8562500 0.4050000
vt 0.8725000 0.4050000
vt 0.8887500 0.4050000
vt 0.9050000 0.4050000
vt 0.9212500 0.4050000
vt 0.9375000 0.4050000
vt 0.9537500 0.4050000
vt 0.9700000 0.4050000
vt 0.7750000 0.4694000
vt 0.7912500 0.4694000
vt 0.8075000 0.4694000
vt 0.8237500 0.4694000
vt 0.8400000 0.4694000
vt 0.8562500 0.4694000
vt 0.8725000 0.4694000
vt 0.8887500 0.4694000
vt 0.9050000 0.4694000
vt 0.9212500 0.4694000
vt 0.9375000 0.4694000
vt 0.9537500 0.4694000
vt 0.9700000 0.4694000
vt 0.7750000 0.5450000
vt 0.7912500 0.5450000
vt 0.8075000 0.5450000
vt 0.8237500 0.5450000
vt 0.8400000 0.5450000
vt 0.8562500 0.5450000
vt 0.8725000 0.5450000
vt 0.8887500 0.5450000
vt 0.9050000 0.5450000
vt 0.9212500 0.5450000
vt 0.9375000 0.5450000
vt 0.9537500 0.5450000
vt 0.9700000 0.5450000
vt 0.8725000 0.5338000
vt 0.7750000 0.5900000
vt 0.7912500 0.5900000
vt 0.8075000 0.5900000
vt 0.8237500 0.5900000
vt 0.8400000 0.5900000
vt 0.8562500 0.5900000
vt 0.8725000 0.5900000
vt 0.8887500 0.5900000
vt 0.9050000 0.5900000
vt 0.9212500 0.5900000
vt 0.9375000 0.5900000
vt 0.9537500 0.5900000
vt 0.9700000 0.5900000
vt 0.7750000 0.6625000
vt 0.7912500 0.6625000
vt 0.8075000 0.6625000
vt 0.8237500 0.6625000
vt 0.8400000 0.6625000
vt 0.8562500 0.6625000
vt 0.8725000 0.6625000
vt 0.8887500 0.6625000
vt 0.9050000 0.6625000
vt 0.9212500 0.6625000
vt 0.9375000 0.6625000
vt 0.9537500 0.6625000
vt 0.9700000 0.6625000
vt 0.7750000 0.7350000
vt 0.7912500 0.7350000
vt 0.8075000 0.7350000
vt 0.8237500 0.7350000
vt 0.8400000 0.7350000
vt 0.8562500 0.7350000
vt 0.8725000 0.7350000
vt 0.8887500 0.7350000
vt 0.9050000 0.7350000
vt 0.9212500 0.7350000
vt 0.9375000 0.7350000
vt 0.9537500 0.7350000
vt 0.9700000 0.7350000
vt 0.7750000 0.4050000
vt 0.7912500 0.4050000
vt 0.8075000 0.4050000
vt 0.8237500 0.4050000
vt 0.8400000 0.4050000
vt 0.8562500 0.4050000
vt 0.8725000 0.4050000
vt 0.8887500 0.4050000
vt 0.9050000 0.4050000
vt 0.9212500 0.4050000
vt 0.9375000 0.4050000
vt 0.9537500 0.4050000
vt 0.9700000 0.4050000
vt 0.7750000 0.4694000
vt 0.7912500 0.4694000
vt 0.8075000 0.4694000
vt 0.8237500 0.4694000
vt 0.8400000 0.4694000
vt 0.8562500 0.4694000
vt 0.8725000 0.4694000
vt 0.8887500 0.4694000
vt 0.9050000 0.4694000
vt 0.9212500 0.4694000
vt 0.9375000 0.4694000
vt 0.9537500 0.4694000
vt 0.9700000 0.4694000
vt 0.7750000 0.5450000
vt 0.7912500 0.5450000
vt 0.8075000 0.5450000
vt 0.8237500 0.5450000
vt 0.8400000 0.5450000
vt 0.8562500 0.5450000
vt 0.8725000 0.5450000
vt 0.8887500 0.5450000
vt 0.9050000 0.5450000
vt 0.9212500 0.5450000
vt 0.9375000 0.5450000
vt 0.9537500 0.5450000
vt 0.9700000 0.5450000
vt 0.8725000 0.5338000
vt 0.7750000 0.5900000
vt 0.7912500 0.5900000
vt 0.8075000 0.5900000
vt 0.8237500 0.5900000
vt 0.8400000 0.5900000
vt 0.8562500 0.5900000
vt 0.8725000 0.5900000
vt 0.8887500 0.5900000
vt 0.9050000 0.5900000
vt 0.9212500 0.5900000
vt 0.9375000 0.5900000
vt 0.9537500 0.5900000
vt 0.9700000 0.5900000
vt 0.7750000 0.6625000
vt 0.7912500 0.6625000
vt 0.8075000 0.6625000
vt 0.8237500 0.6625000
vt 0.8400000 0.6625000
vt 0.8562500 0.6625000
vt 0.8725000 0.6625000
vt 0.8887500 0.6625000
vt 0.9050000 0.6625000
vt 0.9212500 0.6625000
vt 0.9375000 0.6625000
vt 0.9537500 0.6625000
vt 0.9700000 0.6625000
vt 0.7750000 0.7350000
vt 0.7912500 0.7350000
vt 0.8075000 0.7350000
vt 0.8237500 0.7350000
vt 0.8400000 0.7350000
vt 0.8562500 0.7350000
vt 0.8725000 0.7350000
vt 0.8887500 0.7350000
vt 0.9050000 0.7350000
vt 0.9212500 0.7350000
vt 0.9375000 0.7350000
vt 0.9537500 0.7350000
vt 0.9700000 0.7350000
vt 0.7750000 0.4050000
vt 0.7912500 0.4050000
vt 0.8075000 0.4050000
vt 0.8237500 0.4050000
vt 0.8400000 0.4050000
vt 0.8562500 0.4050000
vt 0.8725000 0.4050000
vt 0.8887500 0.4050000
vt 0.9050000 0.4050000
vt 0.9212500 0.4050000
vt 0.9375000 0.4050000
vt 0.9537500 0.4050000
vt 0.9700000 0.4050000
vt 0.7750000 0.4694000
vt 0.7912500 0.4694000
vt 0.8075000 0.4694000
vt 0.8237500 0.4694000
vt 0.8400000 0.4694000
vt 0.8562500 0.4694000
vt 0.8725000 0.4694000
vt 0.8887500 0.4694000
vt 0.9050000 0.4694000
vt 0.9212500 0.4694000
vt 0.9375000 0.4694000
vt 0.9537500 0.4694000
vt 0.9700000 0.4694000
vt 0.7750000 0.5450000
vt 0.7912500 0.5450000
vt 0.8075000 0.5450000
vt 0.8237500 0.5450000
vt 0.8400000 0.5450000
vt 0.8562500 0.5450000
vt 0.8725000 0.5450000
vt 0.8887500 0.5450000
vt 0.9050000 0.5450000
vt 0.9212500 0.5450000
vt 0.9375000 0.5450000
vt 0.9537500 0.5450000
vt 0.9700000 0.5450000
vt 0.8725000 0.5338000
vt 0.7750000 0.5900000
vt 0.7912500 0.5900000
vt 0.8075000 0.5900000
vt 0.8237500 0.5900000
vt 0.8400000 0.5900000
vt 0.8562500 0.5900000
vt 0.8725000 0.5900000
vt 0.8887500 0.5900000
vt 0.9050000 0.5900000
vt 0.9212500 0.5900000
vt 0.9375000 0.5900000
vt 0.9537500 0.5900000
vt 0.9700000 0.5900000
vt 0.7750000 0.6625000
vt 0.7912500 0.6625000
vt 0.8075000 0.6625000
vt 0.8237500 0.6625000
vt 0.8400000 0.6625000
vt 0.8562500 0.6625000
vt 0.8725000 0.6625000
vt 0.8887500 0.6625000
vt 0.9050000 0.6625000
vt 0.9212500 0.6625000
vt 0.9375000 0.6625000
vt 0.9537500 0.6625000
vt 0.9700000 0.6625000
vt 0.7750000 0.7350000
vt 0.7912500 0.7350000
vt 0.8075000 0.7350000
vt 0.8237500 0.7350000
vt 0.8400000 0.7350000
vt 0.8562500 0.7350000
vt 0.8725000 0.7350000
vt 0.8887500 0.7350000
vt 0.9050000 0.7350000
vt 0.9212500 0.7350000
vt 0.9375000 0.7350000
vt 0.9537500 0.7350000
vt 0.9700000 0.7350000
vt 0.7750000 0.4050000
vt 0.7912500 0.4050000
vt 0.8075000 0.4050000
vt 0.8237500 0.4050000
vt 0.8400000 0.4050000
vt 0.8562500 0.4050000
vt 0.8725000 0.4050000
vt 0.8887500 0.4050000
vt 0.9050000 0.4050000
vt 0.9212500 0.4050000
vt 0.9375000 0.4050000
vt 0.9537500 0.4050000
vt 0.9700000 0.4050000
vt 0.7750000 0.4694000
vt 0.7912500 0.4694000
vt 0.8075000 0.4694000
vt 0.8237500 0.4694000
vt 0.8400000 0.4694000
vt 0.8562500 0.4694000
vt 0.8725000 0.4694000
vt 0.8887500 0.4694000
vt 0.9050000 0.4694000
vt 0.9212500 0.4694000
vt 0.9375000 0.4694000
vt 0.9537500 0.4694000
vt 0.9700000 0.4694000
vt 0.7750000 0.5450000
vt 0.7912500 0.5450000
vt 0.8075000 0.5450000
vt 0.8237500 0.5450000
vt 0.8400000 0.5450000
vt 0.8562500 0.5450000
vt 0.8725000 0.5450000
vt 0.8887500 0.5450000
vt 0.9050000 0.5450000
vt 0.9212500 0.5450000
vt 0.9375000 0.5450000
vt 0.9537500 0.5450000
vt 0.9700000 0.5450000
vt 0.8725000 0.5338000

vn -0.9939726 0.0000000 0.1096284
vn -0.9440613 -0.3088022 0.1157132
vn -0.8017386 -0.5873767 0.1104712
vn -0.5809361 -0.8084546 0.0944155
vn -0.3032676 -0.9503954 0.0691177
vn 0.0040868 -0.9993049 0.0370542
vn 0.3110412 -0.9503954 0.0013636
vn 0.5875488 -0.8084546 -0.0344605
vn 0.8065429 -0.5873767 -0.0669114
vn 0.9465871 -0.3088022 -0.0928125
vn 0.9939726 -0.0000000 -0.1096284
vn 0.9440613 0.3088022 -0.1157132
vn 0.8017386 0.5873767 -0.1104712
vn 0.5809361 0.8084546 -0.0944155
vn 0.3032676 0.9503954 -0.0691177
vn -0.0040868 0.9993049 -0.0370542
vn -0.3110412 0.9503954 -0.0013636
vn -0.5875488 0.8084546 0.0344605
vn -0.8065429 0.5873767 0.0669114
vn -0.9465871 0.3088022 0.0928125
vn -0.9939726 0.0000000 0.1096284
vn -0.9960649 -0.0007996 0.0886230
vn -0.9460160 -0.3095492 0.0960886
vn -0.8033644 -0.5879980 0.0941485
vn -0.5820740 -0.8088895 0.0829924
vn -0.3038060 -0.9506012 0.0637124
vn 0.0042005 -0.9992614 0.0381959
vn 0.3117959 -0.9501070 0.0089404
vn 0.5888706 -0.8079495 -0.0211902
vn 0.8083025 -0.5867043 -0.0492465
vn 0.9486121 -0.3080283 -0.0724823
vn 0.9960649 0.0007996 -0.0886230
vn 0.9460160 0.3095492 -0.0960886
vn 0.8033644 0.5879980 -0.0941485
vn 0.5820740 0.8088895 -0.0829924
vn 0.3038060 0.9506012 -0.0637124
vn -0.0042005 0.9992614 -0.0381959
vn -0.3117959 0.9501070 -0.0089404
vn -0.5888706 0.8079495 0.0211902
vn -0.8083025 0.5867043 0.0492465
vn -0.9486121 0.3080283 0.0724823
vn -0.9960649 -0.0007996 0.0886230
vn -0.9988783 -0.0024294 0.0472893
vn -0.9486532 -0.3110770 0.0573424
vn -0.8055674 -0.5892742 0.0617824
vn -0.5836270 -0.8097892 0.0601748
vn -0.3045572 -0.9510363 0.0526768
vn 0.0043249 -0.9991894 0.0400224
vn 0.3127836 -0.9495349 0.0234504
vn 0.5906248 -0.8069333 0.0045829
vn 0.8106516 -0.5853434 -0.0147332
vn 0.9513262 -0.3064561 -0.0326072
vn 0.9988783 0.0024294 -0.0472893
vn 0.9486532 0.3110770 -0.0573424
vn 0.8055674 0.5892742 -0.0617824
vn 0.5836270 0.8097892 -0.0601748
vn 0.3045572 0.9510363 -0.0526768
vn -0.0043249 0.9991894 -0.0400224
vn -0.3127836 0.9495349 -0.0234504
vn -0.5906248 0.8069333 -0.0045829
vn -0.8106516 0.5853434 0.0147332
vn -0.9513262 0.3064561 0.0326072
vn -0.9988783 -0.0024294 0.0472893
vn -0.9999577 -0.0040130 0.0082779
vn -0.9496727 -0.3125726 0.0204990
vn -0.8064271 -0.5905354 0.0307134
vn -0.5842428 -0.8106925 0.0379215
vn -0.3048687 -0.9514934 0.0414175
vn 0.0043480 -0.9991555 0.0408592
vn 0.3131391 -0.9490132 0.0363014
vn 0.5912780 -0.8059750 0.0281902
vn 0.8115385 -0.5840423 0.0173195
vn 0.9523599 -0.3049394 0.0047534
vn 0.9999577 0.0040130 -0.0082779
vn 0.9496727 0.3125726 -0.0204990
vn 0.8064271 0.5905354 -0.0307134
vn 0.5842428 0.8106925 -0.0379215
vn 0.3048687 0.9514934 -0.0414175
vn -0.0043480 0.9991555 -0.0408592
vn -0.3131391 0.9490132 -0.0363014
vn -0.5912780 0.8059750 -0.0281902
vn -0.8115385 0.5840423 -0.0173195
vn -0.9523599 0.3049394 -0.0047534
vn -0.9999577 -0.0040130 0.0082779
vn -0.9995901 -0.0054954 -0.0280982
vn -0.9493224 -0.3139849 -0.0141576
vn -0.8061285 -0.5917394 0.0011688
vn -0.5840251 -0.8115703 0.0163808
vn -0.3047532 -0.9519591 0.0299894
vn 0.0043500 -0.9991635 0.0406624
vn 0.3130274 -0.9485628 0.0473550
vn 0.5910635 -0.8051101 0.0494123
vn 0.8112422 -0.5828477 0.0466327
vn 0.9520109 -0.3035321 0.0392884
vn 0.9995901 0.0054954 0.0280982
vn 0.9493224 0.3139849 0.0141576
vn 0.8061285 0.5917394 -0.0011688
vn 0.5840251 0.8115703 -0.0163808
vn 0.3047532 0.9519591 -0.0299894
vn -0.0043500 0.9991635 -0.0406624
vn -0.3130274 0.9485628 -0.0473550
vn -0.5910635 0.8051101 -0.0494123
vn -0.8112422 0.5828477 -0.0466327
vn -0.9520109 0.3035321 -0.0392884
vn -0.9995901 -0.0054954 -0.0280982
vn -0.9980780 -0.0068306 -0.0615918
vn -0.9478668 -0.3152703 -0.0464021
vn -0.8048717 -0.5928492 -0.0266703
vn -0.5830902 -0.8123959 -0.0043277
vn -0.3042318 -0.9524196 0.0184384
vn 0.0044070 -0.9992138 0.0393997
vn 0.3126144 -0.9481980 0.0565043
vn 0.5902209 -0.8043660 0.0680778
vn 0.8100525 -0.5817971 0.0729874
vn 0.9505905 -0.3022777 0.0707525
vn 0.9980780 0.0068306 0.0615918
vn 0.9478668 0.3152703 0.0464021
vn 0.8048717 0.5928492 0.0266703
vn 0.5830902 0.8123959 0.0043277
vn 0.3042318 0.9524196 -0.0184384
vn -0.0044070 0.9992138 -0.0393997
vn -0.3126144 0.9481980 -0.0565043
vn -0.5902209 0.8043660 -0.0680778
vn -0.8100525 0.5817971 -0.0729874
vn -0.9505905 0.3022777 -0.0707525
vn -0.9980780 -0.0068306 -0.0615918
vn -0.9957256 -0.0079838 -0.0920156
vn -0.9455732 -0.3163946 -0.0760636
vn -0.8028616 -0.5938346 -0.0526659
vn -0.5815603 -0.8131458 -0.0241130
vn -0.3033319 -0.9528607 0.0068004
vn 0.0045889 -0.9993030 0.0370480
vn 0.3120604 -0.9479265 0.0636691
vn 0.5889853 -0.8037603 0.0840579
vn 0.8082562 -0.5809165 0.0962185
vn 0.9484093 -0.3012085 0.0989605
vn 0.9957256 0.0079838 0.0920156
vn 0.9455732 0.3163946 0.0760636
vn 0.8028616 0.5938346 0.0526659
vn 0.5815603 0.8131458 0.0241130
vn 0.3033319 0.9528607 -0.0068004
vn -0.0045889 0.9993030 -0.0370480
vn -0.3120604 0.9479265 -0.0636691
vn -0.5889853 0.8037603 -0.0840579
vn -0.8082562 0.5809165 -0.0962185
vn -0.9484093 0.3012085 -0.0989605
vn -0.9957256 -0.0079838 -0.0920156
vn -0.9928261 -0.0089319 -0.1192333
vn -0.9427018 -0.3173335 -0.1030178
vn -0.8002994 -0.5946724 -0.0767183
vn -0.5795580 -0.8138005 -0.0429091
vn -0.3020855 -0.9532683 -0.0048996
vn 0.0049573 -0.9994234 0.0335895
vn 0.3115148 -0.9477481 0.0687906
vn 0.5875791 -0.8033005 0.0972580
vn 0.8061270 -0.5802203 0.1162052
vn 0.9457656 -0.3003441 0.1237773
vn 0.9928261 0.0089319 0.1192333
vn 0.9427018 0.3173335 0.1030178
vn 0.8002994 0.5946724 0.0767183
vn 0.5795580 0.8138005 0.0429091
vn 0.3020855 0.9532683 0.0048996
vn -0.0049573 0.9994234 -0.0335895
vn -0.3115148 0.9477481 -0.0687906
vn -0.5875791 0.8033005 -0.0972580
vn -0.8061270 0.5802203 -0.1162052
vn -0.9457656 0.3003441 -0.1237773
vn -0.9928261 -0.0089319 -0.1192333
vn -0.9896540 -0.0096641 -0.1431490
vn -0.9394972 -0.3180733 -0.1271785
vn -0.7973759 -0.5953472 -0.0987589
vn -0.5772020 -0.8143444 -0.0606721
vn -0.3005274 -0.9536279 -0.0166463
vn 0.0055648 -0.9995637 0.0290090
vn 0.3111124 -0.9476552 0.0718247
vn 0.5862061 -0.8029836 0.1076096
vn 0.8039178 -0.5797104 0.1328610
vn 0.9429365 -0.2996911 0.1451071
vn 0.9896540 0.0096641 0.1431490
vn 0.9394972 0.3180733 0.1271785
vn 0.7973759 0.5953472 0.0987589
vn 0.5772020 0.8143444 0.0606721
vn 0.3005274 0.9536279 0.0166463
vn -0.0055648 0.9995637 -0.0290090
vn -0.3111124 0.9476552 -0.0718247
vn -0.5862061 0.8029836 -0.1076096
vn -0.8039178 0.5797104 -0.1328610
vn -0.9429365 0.2996911 -0.1451071
vn -0.9896540 -0.0096641 -0.1431490
vn -0.9864583 -0.0101824 -0.1636961
vn -0.9361831 -0.3186107 -0.1484870
vn -0.7942678 -0.5958513 -0.1187430
vn -0.5746041 -0.8147657 -0.0773756
vn -0.2986941 -0.9539252 -0.0284341
vn 0.0064542 -0.9997079 0.0232907
vn 0.3109707 -0.9476322 0.0727356
vn 0.5850472 -0.8027956 0.1150607
vn 0.8018552 -0.5793758 0.1461228
vn 0.9401720 -0.2992427 0.1628814
vn 0.9864583 0.0101824 0.1636961
vn 0.9361831 0.3186107 0.1484870
vn 0.7942678 0.5958513 0.1187430
vn 0.5746041 0.8147657 0.0773756
vn 0.2986941 0.9539252 0.0284341
vn -0.0064542 0.9997079 -0.0232907
vn -0.3109707 0.9476322 -0.0727356
vn -0.5850472 0.8027956 -0.1150607
vn -0.8018552 0.5793758 -0.1461228
vn -0.9401720 0.2992427 -0.1628814
vn -0.9864583 -0.0101824 -0.1636961
vn -0.9834591 -0.0105014 -0.1808258
vn -0.9329587 -0.3189537 -0.1669029
vn -0.7911339 -0.5961846 -0.1366423
vn -0.5718673 -0.8150568 -0.0930063
vn -0.2966224 -0.9541456 -0.0402661
vn 0.0076579 -0.9998359 0.0164156
vn 0.3111887 -0.9476554 0.0714904
vn 0.5842581 -0.8027117 0.1195672
vn 0.8001363 -0.5791930 0.1559400
vn 0.9376916 -0.2989789 0.1770483
vn 0.9834591 0.0105014 0.1808258
vn 0.9329587 0.3189537 0.1669029
vn 0.7911339 0.5961846 0.1366423
vn 0.5718673 0.8150568 0.0930063
vn 0.2966224 0.9541456 0.0402661
vn -0.0076579 0.9998359 -0.0164156
vn -0.3111887 0.9476554 -0.0714904
vn -0.5842581 0.8027117 -0.1195672
vn -0.8001363 0.5791930 -0.1559400
vn -0.9376916 0.2989789 -0.1770483
vn -0.9834591 -0.0105014 -0.1808258
vn -0.9808452 -0.0106487 -0.1944975
vn -0.9299968 -0.3191206 -0.1823949
vn -0.7881139 -0.5963548 -0.1524381
vn -0.5690849 -0.8152137 -0.1075597
vn -0.2943499 -0.9542737 -0.0521525
vn 0.0091981 -0.9999228 0.0083597
vn 0.3118458 -0.9476924 0.0680536
vn 0.5839678 -0.8026953 0.1210859
vn 0.7989270 -0.5791249 0.1622655
vn 0.9356816 -0.2988656 0.1875614
vn 0.9808452 0.0106487 0.1944975
vn 0.9299968 0.3191206 0.1823949
vn 0.7881139 0.5963548 0.1524381
vn 0.5690849 0.8152137 0.1075597
vn 0.2943499 0.9542737 0.0521525
vn -0.0091981 0.9999228 -0.0083597
vn -0.3118458 0.9476924 -0.0680536
vn -0.5839678 0.8026953 -0.1210859
vn -0.7989270 0.5791249 -0.1622655
vn -0.9356816 0.2988656 -0.1875614
vn -0.9808452 -0.0106487 -0.1944975
vn -0.9787730 -0.0106656 -0.2046695
vn -0.9274427 -0.3191415 -0.1949328
vn -0.7853278 -0.5963775 -0.1661147
vn -0.5663395 -0.8152360 -0.1210362
vn -0.2919140 -0.9542935 -0.0641097
vn 0.0110861 -0.9999381 -0.0009078
vn 0.3130010 -0.9477018 0.0623830
vn 0.5842772 -0.8026979 0.1195673
vn 0.7983602 -0.5791202 0.1650475
vn 0.9342942 -0.2988543 0.1943717
vn 0.9787730 0.0106656 0.2046695
vn 0.9274427 0.3191415 0.1949328
vn 0.7853278 0.5963775 0.1661147
vn 0.5663395 0.8152360 0.1210362
vn 0.2919140 0.9542935 0.0641097
vn -0.0110861 0.9999381 0.0009078
vn -0.3130010 0.9477018 -0.0623830
vn -0.5842772 0.8026979 -0.1195673
vn -0.7983602 0.5791202 -0.1650475
vn -0.9342942 0.2988543 -0.1943717
vn -0.9787730 -0.0106656 -0.2046695
vn -0.9773654 -0.0106076 -0.2112920
vn -0.9254132 -0.3190578 -0.2044813
vn -0.7828750 -0.5962764 -0.1776545
vn -0.5637036 -0.8151274 -0.1334376
vn -0.2893530 -0.9541880 -0.0761590
vn 0.0133216 -0.9998460 -0.0114253
vn 0.3146921 -0.9476321 0.0544267
vn 0.5852583 -0.8026574 0.1149510
vn 0.7985354 -0.5791130 0.1642232
vn 0.9336463 -0.2988810 0.1974200
vn 0.9773654 0.0106076 0.2112920
vn 0.9254132 0.3190578 0.2044813
vn 0.7828750 0.5962764 0.1776545
vn 0.5637036 0.8151274 0.1334376
vn 0.2893530 0.9541880 0.0761590
vn -0.0133216 0.9998460 0.0114253
vn -0.3146921 0.9476321 -0.0544267
vn -0.5852583 0.8026574 -0.1149510
vn -0.7985354 0.5791130 -0.1642232
vn -0.9336463 0.2988810 -0.1974200
vn -0.9773654 -0.0106076 -0.2112920
vn -0.9767106 -0.0105458 -0.2143016
vn -0.9239961 -0.3189242 -0.2109943
vn -0.7808344 -0.5960840 -0.1870333
vn -0.5612392 -0.8148950 -0.1447642
vn -0.2867060 -0.9539384 -0.0883246
vn 0.0158920 -0.9996036 -0.0232392
vn 0.3169343 -0.9474207 0.0441210
vn 0.5869530 -0.8024976 0.1071624
vn 0.7995165 -0.5790205 0.1597140
vn 0.9338179 -0.2988648 0.1966316
vn 0.9767106 0.0105458 0.2143016
vn 0.9239961 0.3189242 0.2109943
vn 0.7808344 0.5960840 0.1870333
vn 0.5612392 0.8148950 0.1447642
vn 0.2867060 0.9539384 0.0883246
vn -0.0158920 0.9996036 0.0232392
vn -0.3169343 0.9474207 -0.0441210
vn -0.5869530 0.8024976 -0.1071624
vn -0.7995165 0.5790205 -0.1597140
vn -0.9338179 0.2988648 -0.1966316
vn -0.9767106 -0.0105458 -0.2143016
vn -0.9768601 -0.0105688 -0.2136178
vn -0.9232487 -0.3188092 -0.2144118
vn -0.7792633 -0.5958424 -0.1942177
vn -0.5589982 -0.8145503 -0.1550122
vn -0.2840144 -0.9535244 -0.1006330
vn 0.0187707 -0.9991609 -0.0364032
vn 0.3197184 -0.9469925 0.0313900
vn 0.5893698 -0.8021259 0.0961106
vn 0.8013296 -0.5787417 0.1514232
vn 0.9348497 -0.2987061 0.1919134
vn 0.9768601 0.0105688 0.2136178
vn 0.9232487 0.3188092 0.2144118
vn 0.7792633 0.5958424 0.1942177
vn 0.5589982 0.8145503 0.1550122
vn 0.2840144 0.9535244 0.1006330
vn -0.0187707 0.9991609 0.0364032
vn -0.3197184 0.9469925 -0.0313900
vn -0.5893698 0.8021259 -0.0961106
vn -0.8013296 0.5787417 -0.1514232
vn -0.9348497 0.2987061 -0.1919134
vn -0.9768601 -0.0105688 -0.2136178
vn -0.9778259 -0.0107843 -0.2091416
vn -0.9231956 -0.3187974 -0.2146583
vn -0.7781964 -0.5956044 -0.1991627
vn -0.5570220 -0.8141094 -0.1641716
vn -0.2813224 -0.9529238 -0.1131103
vn 0.0219150 -0.9984594 -0.0509770
vn 0.3230073 -0.9462587 0.0161463
vn 0.5924813 -0.8014317 0.0816891
vn 0.8039591 -0.5781550 0.1392356
vn 0.9367398 -0.2982844 0.1831528
vn 0.9778259 0.0107843 0.2091416
vn 0.9231956 0.3187974 0.2146583
vn 0.7781964 0.5956044 0.1991627
vn 0.5570220 0.8141094 0.1641716
vn 0.2813224 0.9529238 0.1131103
vn -0.0219150 0.9984594 0.0509770
vn -0.3230073 0.9462587 -0.0161463
vn -0.5924813 0.8014317 -0.0816891
vn -0.8039591 0.5781550 -0.1392356
vn -0.9367398 0.2982844 -0.1831528
vn -0.9778259 -0.0107843 -0.2091416
vn -0.9795756 -0.0113214 -0.2007571
vn -0.9238249 -0.3189905 -0.2116428
vn -0.7776437 -0.5954347 -0.2018114
vn -0.5553413 -0.8135936 -0.1722253
vn -0.2786783 -0.9521122 -0.1257806
vn 0.0252637 -0.9974315 -0.0670236
vn 0.3267328 -0.9451152 -0.0017059
vn 0.5962189 -0.8002845 0.0637788
vn 0.8073430 -0.5771163 0.1230204
vn 0.9394387 -0.2974560 0.1702199
vn 0.9795756 0.0113214 0.2007571
vn 0.9238249 0.3189905 0.2116428
vn 0.7776437 0.5954347 0.2018114
vn 0.5553413 0.8135936 0.1722253
vn 0.2786783 0.9521122 0.1257806
vn -0.0252637 0.9974315 0.0670236
vn -0.3267328 0.9451152 0.0017059
vn -0.5962189 0.8002845 -0.0637788
vn -0.8073430 0.5771163 -0.1230204
vn -0.9394387 0.2974560 -0.1702199
vn -0.9795756 -0.0113214 -0.2007571
vn -0.9820273 -0.0123326 -0.1883358
vn -0.9250841 -0.3195100 -0.2052625
vn -0.7775874 -0.5954115 -0.2020967
vn -0.5539749 -0.8130300 -0.1791482
vn -0.2761355 -0.9510634 -0.1386635
vn 0.0287339 -0.9960001 -0.0846054
vn 0.3307907 -0.9434414 -0.0222655
vn 0.6004674 -0.7985321 0.0422538
vn 0.8113661 -0.5754569 0.1026371
vn 0.9428427 -0.2960520 0.1529735
vn 0.9820273 0.0123326 0.1883358
vn 0.9250841 0.3195100 0.2052625
vn 0.7775874 0.5954115 0.2020967
vn 0.5539749 0.8130300 0.1791482
vn 0.2761355 0.9510634 0.1386635
vn -0.0287339 0.9960001 0.0846054
vn -0.3307907 0.9434414 0.0222655
vn -0.6004674 0.7985321 -0.0422538
vn -0.8113661 0.5754569 -0.1026371
vn -0.9428427 0.2960520 -0.1529735
vn -0.9820273 -0.0123326 -0.1883358
vn -0.9850419 -0.0139954 -0.1717457
vn -0.9268747 -0.3204976 -0.1954089
vn -0.7779785 -0.5956272 -0.1999442
vn -0.5529284 -0.8124527 -0.1849075
vn -0.2737538 -0.9497497 -0.1517708
vn 0.0322178 -0.9940786 -0.1037777
vn 0.3350356 -0.9411001 -0.0456261
vn 0.6050578 -0.7960002 0.0169917
vn 0.8158528 -0.5729822 0.0779462
vn 0.9467864 -0.2938768 0.1312708
vn 0.9850419 0.0139954 0.1717457
vn 0.9268747 0.3204976 0.1954089
vn 0.7779785 0.5956272 0.1999442
vn 0.5529284 0.8124527 0.1849075
vn 0.2737538 0.9497497 0.1517708
vn -0.0322178 0.9940786 0.1037777
vn -0.3350356 0.9411001 0.0456261
vn -0.6050578 0.7960002 -0.0169917
vn -0.8158528 0.5729822 -0.0779462
vn -0.9467864 0.2938768 -0.1312708
vn -0.9850419 -0.0139954 -0.1717457
vn -0.9884165 -0.0165120 -0.1508645
vn -0.9290452 -0.3221162 -0.1819783
vn -0.7787325 -0.5961895 -0.1952788
vn -0.5521920 -0.8119036 -0.1894640
vn -0.2715991 -0.9481428 -0.1651032
vn 0.0355798 -0.9915713 -0.1245810
vn 0.3392759 -0.9379379 -0.0718638
vn 0.6097613 -0.7924925 -0.0121122
vn 0.8205591 -0.5694725 0.0488251
vn 0.9510348 -0.2907085 0.1049830
vn 0.9884165 0.0165120 0.1508645
vn 0.9290452 0.3221162 0.1819783
vn 0.7787325 0.5961895 0.1952788
vn 0.5521920 0.8119036 0.1894640
vn 0.2715991 0.9481428 0.1651032
vn -0.0355798 0.9915713 0.1245810
vn -0.3392759 0.9379379 0.0718638
vn -0.6097613 0.7924925 0.0121122
vn -0.8205591 0.5694725 -0.0488251
vn -0.9510348 0.2907085 -0.1049830
vn -0.9884165 -0.0165120 -0.1508645
vn -0.9918773 -0.0201077 -0.1255992
vn -0.9313864 -0.3245487 -0.1648867
vn -0.7797249 -0.5972205 -0.1880340
vn -0.5517384 -0.8114323 -0.1927752
vn -0.2697440 -0.9462155 -0.1786462
vn 0.0386548 -0.9883764 -0.1470301
vn 0.3432698 -0.9337882 -0.1010216
vn 0.6142832 -0.7877943 -0.0451245
vn 0.8251663 -0.5646856 0.0151898
vn 0.9552763 -0.2863016 0.0740171
vn 0.9918773 0.0201077 0.1255992
vn 0.9313864 0.3245487 0.1648867
vn 0.7797249 0.5972205 0.1880340
vn 0.5517384 0.8114323 0.1927752
vn 0.2697440 0.9462155 0.1786462
vn -0.0386548 0.9883764 0.1470301
vn -0.3432698 0.9337882 0.1010216
vn -0.6142832 0.7877943 0.0451245
vn -0.8251663 0.5646856 -0.0151898
vn -0.9552763 0.2863016 -0.0740171
vn -0.9918773 -0.0201077 -0.1255992
vn -0.9950753 -0.0250247 -0.0959112
vn -0.9336266 -0.3279931 -0.1440903
vn -0.7807880 -0.5988551 -0.1781648
vn -0.5515204 -0.8110971 -0.1947993
vn -0.2682662 -0.9439432 -0.1923655
vn 0.0412478 -0.9843896 -0.1711016
vn 0.3467242 -0.9284771 -0.1330891
vn 0.6182607 -0.7816787 -0.0820489
vn 0.8292777 -0.5583642 -0.0229772
vn 0.9591191 -0.2803932 0.0383437
vn 0.9950753 0.0250247 0.0959112
vn 0.9336266 0.3279931 0.1440903
vn 0.7807880 0.5988551 0.1781648
vn 0.5515204 0.8110971 0.1947993
vn 0.2682662 0.9439432 0.1923655
vn -0.0412478 0.9843896 0.1711016
vn -0.3467242 0.9284771 0.1330891
vn -0.6182607 0.7816787 0.0820489
vn -0.8292777 0.5583642 0.0229772
vn -0.9591191 0.2803932 -0.0383437
vn -0.9950753 -0.0250247 -0.0959112
vn -0.9975880 -0.0315126 -0.0618472
vn -0.9354324 -0.3326556 -0.1196097
vn -0.7817101 -0.6012360 -0.1656640
vn -0.5514686 -0.8109632 -0.1955020
vn -0.2672455 -0.9413077 -0.2062029
vn 0.0431375 -0.9795105 -0.1967191
vn 0.3492978 -0.9218319 -0.1679792
vn 0.6212665 -0.7739180 -0.1227963
vn 0.8324213 -0.5502476 -0.0655932
vn 0.9620928 -0.2727151 -0.0019694
vn 0.9975880 0.0315126 0.0618472
vn 0.9354324 0.3326556 0.1196097
vn 0.7817101 0.6012360 0.1656640
vn 0.5514686 0.8109632 0.1955020
vn 0.2672455 0.9413077 0.2062029
vn -0.0431375 0.9795105 0.1967191
vn -0.3492978 0.9218319 0.1679792
vn -0.6212665 0.7739180 0.1227963
vn -0.8324213 0.5502476 0.0655932
vn -0.9620928 0.2727151 0.0019694
vn -0.9975880 -0.0315126 -0.0618472
vn -0.9989291 -0.0398119 -0.0235725
vn -0.9364153 -0.3387382 -0.0915580
vn -0.7822386 -0.6045065 -0.1505812
vn -0.5514909 -0.8111015 -0.1948645
vn -0.2667595 -0.9383002 -0.2200730
vn 0.0440842 -0.9736515 -0.2237393
vn 0.3506127 -0.9136951 -0.2055044
vn 0.6228207 -0.7642998 -0.1671534
vn 0.8340627 -0.5400895 -0.1124402
vn 0.9636608 -0.2630115 -0.0467205
vn 0.9989291 0.0398119 0.0235725
vn 0.9364153 0.3387382 0.0915580
vn 0.7822386 0.6045065 0.1505812
vn 0.5514909 0.8111015 0.1948645
vn 0.2667595 0.9383002 0.2200730
vn -0.0440842 0.9736515 0.2237393
vn -0.3506127 0.9136951 0.2055044
vn -0.6228207 0.7642998 0.1671534
vn -0.8340627 0.5400895 0.1124402
vn -0.9636608 0.2630115 0.0467205
vn -0.9989291 -0.0398119 -0.0235725
vn -0.9985694 -0.0501330 0.0185961
vn -0.9361475 -0.3464213 -0.0601675
vn -0.7820890 -0.6087995 -0.1330416
vn -0.5514741 -0.8115841 -0.1928926
vn -0.2668771 -0.9349252 -0.2338620
vn 0.0438437 -0.9667494 -0.2519393
vn 0.3502727 -0.9039413 -0.2453550
vn 0.6224147 -0.7526492 -0.2147537
vn 0.8336303 -0.5276826 -0.1631308
vn 0.9632444 -0.2510627 -0.0955395
vn 0.9985694 0.0501330 -0.0185961
vn 0.9361475 0.3464213 0.0601675
vn 0.7820890 0.6087995 0.1330416
vn 0.5514741 0.8115841 0.1928926
vn 0.2668771 0.9349252 0.2338620
vn -0.0438437 0.9667494 0.2519393
vn -0.3502727 0.9039413 0.2453550
vn -0.6224147 0.7526492 0.2147537
vn -0.8336303 0.5276826 0.1631308
vn -0.9632444 0.2510627 0.0955395
vn -0.9985694 -0.0501330 0.0185961
vn -0.9959720 -0.0626298 0.0641657
vn -0.9341893 -0.3558428 -0.0258119
vn -0.7809616 -0.6142235 -0.1132629
vn -0.5512879 -0.8124797 -0.1896269
vn -0.2676504 -0.9312047 -0.2474289
vn 0.0421867 -0.9587769 -0.2810108
vn 0.3478942 -0.8924974 -0.2870855
vn 0.6195474 -0.7388540 -0.2650582
vn 0.8305550 -0.5128864 -0.2170852
vn 0.9602621 -0.2367139 -0.1478623
vn 0.9959720 0.0626298 -0.0641657
vn 0.9341893 0.3558428 0.0258119
vn 0.7809616 0.6142235 0.1132629
vn 0.5512879 0.8124797 0.1896269
vn 0.2676504 0.9312047 0.2474289
vn -0.0421867 0.9587769 0.2810108
vn -0.3478942 0.8924974 0.2870855
vn -0.6195474 0.7388540 0.2650582
vn -0.8305550 0.5128864 0.2170852
vn -0.9602621 0.2367139 0.1478623
vn -0.9959720 -0.0626298 0.0641657
vn -0.9906395 -0.0773722 0.1124587
vn -0.9301261 -0.3670759 0.0109851
vn -0.7785656 -0.6208476 -0.0915637
vn -0.5507936 -0.8138465 -0.1851497
vn -0.2691061 -0.9271803 -0.2606119
vn 0.0389234 -0.9497554 -0.3105636
vn 0.3431428 -0.8793617 -0.3301152
vn 0.6137730 -0.7228900 -0.3173528
vn 0.8243228 -0.4956568 -0.2735257
vn 0.9541821 -0.2199052 -0.2029240
vn 0.9906395 0.0773722 -0.1124587
vn 0.9301261 0.3670759 -0.0109851
vn 0.7785656 0.6208476 0.0915637
vn 0.5507936 0.8138465 0.1851497
vn 0.2691061 0.9271803 0.2606119
vn -0.0389234 0.9497554 0.3105636
vn -0.3431428 0.8793617 0.3301152
vn -0.6137730 0.7228900 0.3173528
vn -0.8243228 0.4956568 0.2735257
vn -0.9541821 0.2199052 0.2029240
vn -0.9906395 -0.0773722 0.1124587
vn -0.9821688 -0.0943226 0.1626276
vn -0.9236132 -0.3801086 0.0495588
vn -0.7746480 -0.6286870 -0.0683612
vn -0.5498548 -0.8157251 -0.1795895
vn -0.2712380 -0.9229143 -0.2732383
vn 0.0339295 -0.9397623 -0.3401407
vn 0.3357757 -0.8646198 -0.3737477
vn 0.6047539 -0.7048422 -0.3707697
vn 0.8145345 -0.4760699 -0.3314981
vn 0.9445828 -0.2006964 -0.2597773
vn 0.9821688 0.0943226 -0.1626276
vn 0.9236132 0.3801086 -0.0495588
vn 0.7746480 0.6286870 0.0683612
vn 0.5498548 0.8157251 0.1795895
vn 0.2712380 0.9229143 0.2732383
vn -0.0339295 0.9397623 0.3401407
vn -0.3357757 0.8646198 0.3737477
vn -0.6047539 0.7048422 0.3707697
vn -0.8145345 0.4760699 0.3314981
vn -0.9445828 0.2006964 0.2597773
vn -0.9821688 -0.0943226 0.1626276
vn -0.9703049 -0.1133217 0.2136976
vn -0.9144194 -0.3948317 0.0891348
vn -0.7690242 -0.6376929 -0.0441530
vn -0.5483516 -0.8181322 -0.1731189
vn -0.2740025 -0.9184871 -0.2851387
vn 0.0271679 -0.9289340 -0.3692471
vn 0.3256789 -0.8484505 -0.4172111
vn 0.5923102 -0.6849146 -0.4243355
vn 0.8009620 -0.4543346 -0.3899230
vn 0.9312101 -0.1792811 -0.3173421
vn 0.9703049 0.1133217 -0.2136976
vn 0.9144194 0.3948317 -0.0891348
vn 0.7690242 0.6376929 0.0441530
vn 0.5483516 0.8181322 0.1731189
vn 0.2740025 0.9184871 0.2851387
vn -0.0271679 0.9289340 0.3692471
vn -0.3256789 0.8484505 0.4172111
vn -0.5923102 0.6849146 0.4243355
vn -0.8009620 0.4543346 0.3899230
vn -0.9312101 0.1792811 0.3173421
vn -0.9703049 -0.1133217 0.2136976
vn -0.9549811 -0.1340900 0.2646337
vn -0.9024618 -0.4110379 0.1288818
vn -0.7616033 -0.6477505 -0.0194859
vn -0.5461937 -0.8210568 -0.1659462
vn -0.2773189 -0.9139923 -0.2961625
vn 0.0187018 -0.9174599 -0.3973884
vn 0.3128918 -0.8311202 -0.4597151
vn 0.5764539 -0.6634246 -0.4770417
vn 0.7835886 -0.4307883 -0.4476722
vn 0.9140202 -0.1559835 -0.3744813
vn 0.9549811 0.1340900 -0.2646337
vn 0.9024618 0.4110379 -0.1288818
vn 0.7616033 0.6477505 0.0194859
vn 0.5461937 0.8210568 0.1659462
vn 0.2773189 0.9139923 0.2961625
vn -0.0187018 0.9174599 0.3973884
vn -0.3128918 0.8311202 0.4597151
vn -0.5764539 0.6634246 0.4770417
vn -0.7835886 0.4307883 0.4476722
vn -0.9140202 0.1559835 0.3744813
vn -0.9549811 -0.1340900 0.2646337
vn -0.9363361 -0.1562461 0.3144232
vn -0.8878218 -0.4284348 0.1679765
vn -0.7524013 -0.6586854 0.0050870
vn -0.5433306 -0.8244592 -0.1583004
vn -0.2810748 -0.9095292 -0.3061922
vn 0.0086945 -0.9055681 -0.4241118
vn 0.2976127 -0.8129637 -0.5005164
vn 0.5573985 -0.6407808 -0.5279270
vn 0.7626223 -0.4058738 -0.5036604
vn 0.8931952 -0.1312370 -0.4300920
vn 0.9363361 0.1562461 -0.3144232
vn 0.8878218 0.4284348 -0.1679765
vn 0.7524013 0.6586854 -0.0050870
vn 0.5433306 0.8244592 0.1583004
vn 0.2810748 0.9095292 0.3061922
vn -0.0086945 0.9055681 0.4241118
vn -0.2976127 0.8129637 0.5005164
vn -0.5573985 0.6407808 0.5279270
vn -0.7626223 0.4058738 0.5036604
vn -0.8931952 0.1312370 0.4300920
vn -0.9363361 -0.1562461 0.3144232
vn -0.9147014 -0.1793403 0.3621579
vn -0.8707380 -0.4466712 0.2056702
vn -0.7415406 -0.6702788 0.0290501
vn -0.5397561 -0.8282748 -0.1504136
vn -0.2851365 -0.9051935 -0.3151538
vn -0.0026057 -0.8935056 -0.4490446
vn 0.2801801 -0.7943551 -0.5389797
vn 0.5355399 -0.6174476 -0.5761557
vn 0.7384774 -0.3801000 -0.5569337
vn 0.8691276 -0.1055456 -0.4831950
vn 0.9147014 0.1793403 -0.3621579
vn 0.8707380 0.4466712 -0.2056702
vn 0.7415406 0.6702788 -0.0290501
vn 0.5397561 0.8282748 0.1504136
vn 0.2851365 0.9051935 0.3151538
vn 0.0026057 0.8935056 0.4490446
vn -0.2801801 0.7943551 0.5389797
vn -0.5355399 0.6174476 0.5761557
vn -0.7384774 0.3801000 0.5569337
vn -0.8691276 0.1055456 0.4831950
vn -0.9147014 -0.1793403 0.3621579
vn -0.8905631 -0.2028963 0.4071000
vn -0.8515776 -0.4653693 0.2413440
vn -0.7292338 -0.6822887 0.0519637
vn -0.5355074 -0.8324209 -0.1425032
vn -0.2893619 -0.9010700 -0.3230209
vn -0.0148916 -0.8815161 -0.4719191
vn 0.2610364 -0.7756732 -0.5746225
vn 0.5114123 -0.5939020 -0.6210779
vn 0.7117277 -0.3539956 -0.6067379
vn 0.8423741 -0.0794376 -0.5330061
vn 0.8905631 0.2028963 -0.4071000
vn 0.8515776 0.4653693 -0.2413440
vn 0.7292338 0.6822887 -0.0519637
vn 0.5355074 0.8324209 0.1425032
vn 0.2893619 0.9010700 0.3230209
vn 0.0148916 0.8815161 0.4719191
vn -0.2610364 0.7756732 0.5746225
vn -0.5114123 0.5939020 0.6210779
vn -0.7117277 0.3539956 0.6067379
vn -0.8423741 0.0794376 0.5330061
vn -0.8905631 -0.2028963 0.4071000
vn -0.8645047 -0.2264536 0.4487208
vn -0.8307926 -0.4841594 0.2745422
vn -0.7157566 -0.6944723 0.0734895
vn -0.5306575 -0.8368054 -0.1347568
vn -0.2936139 -0.8972262 -0.3298123
vn -0.0278293 -0.8698202 -0.4925834
vn 0.2406794 -0.7572702 -0.6071370
vn 0.4856288 -0.5705933 -0.6622598
vn 0.6830414 -0.3280627 -0.6525560
vn 0.8135931 -0.0534191 -0.5789755
vn 0.8645047 0.2264536 -0.4487208
vn 0.8307926 0.4841594 -0.2745422
vn 0.7157566 0.6944723 -0.0734895
vn 0.5306575 0.8368054 0.1347568
vn 0.2936139 0.8972262 0.3298123
vn 0.0278293 0.8698202 0.4925834
vn -0.2406794 0.7572702 0.6071370
vn -0.4856288 0.5705933 0.6622598
vn -0.6830414 0.3280627 0.6525560
vn -0.8135931 0.0534191 0.5789755
vn -0.8645047 -0.2264536 0.4487208
vn -0.8371457 -0.2496019 0.4867093
vn -0.8088703 -0.5027077 0.3049818
vn -0.7014170 -0.7066050 0.0934004
vn -0.5253041 -0.8413348 -0.1273236
vn -0.2977708 -0.8937090 -0.3355843
vn -0.0410896 -0.8586007 -0.5109956
vn 0.2196137 -0.7394465 -0.6363872
vn 0.4588197 -0.5479102 -0.6994847
vn 0.6531132 -0.3027407 -0.6941118
vn 0.7834755 -0.0279367 -0.6207944
vn 0.8371457 0.2496019 -0.4867093
vn 0.8088703 0.5027077 -0.3049818
vn 0.7014170 0.7066050 -0.0934004
vn 0.5253041 0.8413348 0.1273236
vn 0.2977708 0.8937090 0.3355843
vn 0.0410896 0.8586007 0.5109956
vn -0.2196137 0.7394465 0.6363872
vn -0.4588197 0.5479102 0.6994847
vn -0.6531132 0.3027407 0.6941118
vn -0.7834755 0.0279367 0.6207944
vn -0.8371457 -0.2496019 0.4867093
vn -0.8233261 -0.2607895 0.5041062
vn -0.7977722 -0.5116921 0.3189525
vn -0.6941269 -0.7125066 0.1025775
vn -0.5225356 -0.8435761 -0.1238384
vn -0.2997949 -0.8920704 -0.3381322
vn -0.0477081 -0.8532427 -0.5193273
vn 0.2090486 -0.7308936 -0.6496870
vn 0.4453422 -0.5369996 -0.7164508
vn 0.6380426 -0.2905403 -0.7130834
vn 0.7682870 -0.0156409 -0.6399144
vn 0.8233261 0.2607895 -0.5041062
vn 0.7977722 0.5116921 -0.3189525
vn 0.6941269 0.7125066 -0.1025775
vn 0.5225356 0.8435761 0.1238384
vn 0.2997949 0.8920704 0.3381322
vn 0.0477081 0.8532427 0.5193273
vn -0.2090486 0.7308936 0.6496870
vn -0.4453422 0.5369996 0.7164508
vn -0.6380426 0.2905403 0.7130834
vn -0.7682870 0.0156409 0.6399144
vn -0.8233261 -0.2607895 0.5041062
vn -0.1095522 -0.0372789 -0.9932817
vn 0.5655600 -0.4516257 0.6900552
vn -0.8325037 0.5540122 -0.0028296
vn -0.7146560 0.4943499 -0.4948585
vn -0.3864369 0.3457721 -0.8550486
vn 0.0642076 0.1480902 -0.9868874
vn 0.5165277 -0.0457272 -0.8550486
vn 0.8493246 -0.1837468 -0.4948585
vn 0.9734255 -0.2289864 -0.0028296
vn 0.8555778 -0.1693241 0.4891993
vn 0.5273587 -0.0207463 0.8493894
vn 0.0767142 0.1769356 0.9812282
vn -0.3756059 0.3707530 0.8493894
vn -0.7084028 0.5087726 0.4891993
vn -0.8325037 0.5540122 -0.0028296
vn -0.9583296 0.2856586 0.0019031
vn -0.8394409 0.2254693 -0.4944720
vn -0.5083225 0.0755791 -0.8578438
vn -0.0536974 -0.1238490 -0.9908471
vn 0.4026182 -0.3193785 -0.8578438
vn 0.7383547 -0.4586172 -0.4944720
vn 0.8635518 -0.5042565 0.0019031
vn 0.7446632 -0.4440671 0.4982781
vn 0.4135448 -0.2941770 0.8616499
vn -0.0410804 -0.0947488 0.9946532
vn -0.4973959 0.1007806 0.8616499
vn -0.8331324 0.2400194 0.4982781
vn -0.9583296 0.2856586 0.0019031
vn -0.9931989 -0.1161539 0.0080137
vn -0.8896187 -0.1685931 -0.4244467
vn -0.6011361 -0.2991830 -0.7410297
vn -0.2050497 -0.4729322 -0.8569071
vn 0.1925093 -0.6432847 -0.7410297
vn 0.4850155 -0.7645947 -0.4244467
vn 0.5940919 -0.8043573 0.0080137
vn 0.4905117 -0.7519181 0.4404742
vn 0.2020290 -0.6213282 0.7570572
vn -0.1940573 -0.4475790 0.8729346
vn -0.5916164 -0.2772265 0.7570572
vn -0.8841225 -0.1559165 0.4404742
vn -0.9931989 -0.1161539 0.0080137
vn -0.9616537 -0.2740796 0.0101279
vn -0.8690614 -0.3209560 -0.3764567
vn -0.6111813 -0.4376928 -0.6594562
vn -0.2571122 -0.5930104 -0.7630412
vn 0.0982734 -0.7452918 -0.6594562
vn 0.3597502 -0.8537331 -0.3764567
vn 0.4572557 -0.8892776 0.0101279
vn 0.3646633 -0.8424013 0.3967125
vn 0.1067832 -0.7256645 0.6797120
vn -0.2472859 -0.5703468 0.7832970
vn -0.6026714 -0.4180654 0.6797120
vn -0.8641482 -0.3096241 0.3967125
vn -0.9616537 -0.2740796 0.0101279
vn -0.9373034 -0.3483389 0.0110615
vn -0.8509233 -0.3920702 -0.3495861
vn -0.6103451 -0.5009748 -0.6135985
vn -0.2800313 -0.6458719 -0.7102338
vn 0.0515105 -0.7879362 -0.6135985
vn 0.2954442 -0.8891020 -0.3495861
vn 0.3864078 -0.9222617 0.0110615
vn 0.3000277 -0.8785304 0.3717092
vn 0.0594494 -0.7696258 0.6357216
vn -0.2708643 -0.6247287 0.7323568
vn -0.6024062 -0.4826644 0.6357216
vn -0.8463398 -0.3814986 0.3717092
vn -0.9373034 -0.3483389 0.0110615
vn -0.9515200 -0.3074058 0.0105519
vn -0.8616284 -0.3529149 -0.3647569
vn -0.6112700 -0.4662468 -0.6395021
vn -0.2675282 -0.6170343 -0.7400658
vn 0.0774917 -0.7648739 -0.6395021
vn 0.3313418 -0.8701523 -0.3647569
vn 0.4260033 -0.9046601 0.0105519
vn 0.3361117 -0.8591510 0.3858608
vn 0.0857533 -0.7458191 0.6606060
vn -0.2579885 -0.5950316 0.7611697
vn -0.6030084 -0.4471920 0.6606060
vn -0.8568585 -0.3419136 0.3858608
vn -0.9515200 -0.3074058 0.0105519
vn -0.3977403 -0.9173590 0.0159726
vn -0.8285499 0.5599083 0.0027896
vn -0.7048181 0.5136872 -0.4892411
vn -0.3730423 0.3732344 -0.8494325
vn 0.0778786 0.1761839 -0.9812717
vn 0.5271206 -0.0246647 -0.8494325
vn 0.8543097 -0.1754941 -0.4892411
vn 0.9717758 -0.2358898 0.0027896
vn 0.8480440 -0.1896688 0.4948202
vn 0.5162682 -0.0492159 0.8550117
vn 0.0653473 0.1478346 0.9868509
vn -0.3838947 0.3486831 0.8550117
vn -0.7110838 0.4995126 0.4948202
vn -0.8285499 0.5599083 0.0027896
vn -0.9562779 0.2924536 -0.0018762
vn -0.8314532 0.2458243 -0.4982530
vn -0.4967467 0.1041307 -0.8616261
vn -0.0418427 -0.0946603 -0.9946299
vn 0.4113675 -0.2972830 -0.8616261
vn 0.7414468 -0.4494448 -0.4982530
vn 0.8599505 -0.5103740 -0.0018762
vn 0.7351258 -0.4637446 0.4945007
vn 0.4004193 -0.3220511 0.8578738
vn -0.0544846 -0.1232600 0.9908776
vn -0.5076949 0.0793627 0.8578738
vn -0.8377741 0.2315244 0.4945007
vn -0.9562779 0.2924536 -0.0018762
vn -0.9939991 -0.1091025 -0.0079004
vn -0.8852472 -0.1497277 -0.4403624
vn -0.5936384 -0.2731764 -0.7569465
vn -0.1973092 -0.4463706 -0.8728244
vn 0.1975444 -0.6229030 -0.7569465
vn 0.4851217 -0.7554720 -0.4403624
vn 0.5883666 -0.8085557 -0.0079004
vn 0.4796146 -0.7679305 0.4245615
vn 0.1880059 -0.6444819 0.7411457
vn -0.2083233 -0.4712877 0.8570235
vn -0.6031769 -0.2947553 0.7411457
vn -0.8907542 -0.1621863 0.4245615
vn -0.9939991 -0.1091025 -0.0079004
vn -0.9635759 -0.2672486 -0.0099847
vn -0.8663605 -0.3035642 -0.3965707
vn -0.6056859 -0.4139173 -0.6795712
vn -0.2513997 -0.5687389 -0.7831566
vn 0.1015674 -0.7265446 -0.6795712
vn 0.3586382 -0.8450505 -0.3965707
vn 0.4509308 -0.8925031 -0.0099847
vn 0.3537154 -0.8561874 0.3766013
vn 0.0930408 -0.7458343 0.6596018
vn -0.2612454 -0.5910128 0.7631872
vn -0.6142125 -0.4332071 0.6596018
vn -0.8712833 -0.3147012 0.3766013
vn -0.9635759 -0.2672486 -0.0099847
vn -0.9397534 -0.3416790 -0.0109051
vn -0.8490604 -0.3755582 -0.3715541
vn -0.6058752 -0.4785074 -0.6355674
vn -0.2753589 -0.6229416 -0.7322030
vn 0.0539268 -0.7701597 -0.6355674
vn 0.2937500 -0.8807148 -0.3715541
vn 0.3798505 -0.9249836 -0.0109051
vn 0.2891575 -0.8911045 0.3497438
vn 0.0459722 -0.7881553 0.6137572
vn -0.2845441 -0.6437211 0.7103927
vn -0.6138298 -0.4965030 0.6137572
vn -0.8536530 -0.3859479 0.3497438
vn -0.9397534 -0.3416790 -0.0109051
vn -0.9536791 -0.3006460 -0.0104027
vn -0.8592992 -0.3359024 -0.3857130
vn -0.6062278 -0.4430368 -0.6604591
vn -0.2622753 -0.5933426 -0.7610232
vn 0.0803967 -0.7465455 -0.6604591
vn 0.3299694 -0.8615949 -0.3857130
vn 0.4195700 -0.9076634 -0.0104027
vn 0.3251901 -0.8724070 0.3649075
vn 0.0721188 -0.7652726 0.6396536
vn -0.2718338 -0.6149668 0.7402177
vn -0.6145058 -0.4617639 0.6396536
vn -0.8640785 -0.3467145 0.3649075
vn -0.9536791 -0.3006460 -0.0104027
vn -0.4042435 -0.9145158 -0.0157468
vn -0.8269691 0.5621870 0.0082365
vn -0.6972160 0.5294230 -0.4833230
vn -0.3613468 0.3981125 -0.8431696
vn 0.0906427 0.2034403 -0.9748825
vn 0.5376423 -0.0024315 -0.8431696
vn 0.8598787 -0.1643396 -0.4833230
vn 0.9710090 -0.2389010 0.0082365
vn 0.8412559 -0.2061369 0.4997960
vn 0.5053867 -0.0748265 0.8596425
vn 0.0533972 0.1198458 0.9913555
vn -0.3936023 0.3257175 0.8596425
vn -0.7158388 0.4876257 0.4997960
vn -0.8269691 0.5621870 0.0082365
vn -0.9553674 0.2953682 -0.0055395
vn -0.8244682 0.2623147 -0.5014411
vn -0.4856322 0.1298444 -0.8644662
vn -0.0296502 -0.0665474 -0.9973426
vn 0.4212978 -0.2742377 -0.8644662
vn 0.7463806 -0.4375760 -0.5014411
vn 0.8584926 -0.5127960 -0.0055395
vn 0.7275934 -0.4797425 0.4903621
vn 0.3887574 -0.3472722 0.8533872
vn -0.0672247 -0.1508804 0.9862636
vn -0.5181727 0.0568099 0.8533872
vn -0.8432555 0.2201482 0.4903621
vn -0.9553674 0.2953682 -0.0055395
vn -0.9941201 -0.1057407 -0.0233267
vn -0.8800758 -0.1345382 -0.4553746
vn -0.5848693 -0.2499512 -0.7716556
vn -0.1876008 -0.4210551 -0.8874224
vn 0.2052818 -0.6020026 -0.7716556
vn 0.4885061 -0.7443090 -0.4553746
vn 0.5861822 -0.8098434 -0.0233267
vn 0.4721379 -0.7810460 0.4087212
vn 0.1769314 -0.6656329 0.7250022
vn -0.2203371 -0.4945291 0.8407690
vn -0.6132198 -0.3135816 0.7250022
vn -0.8964440 -0.1712751 0.4087212
vn -0.9941201 -0.1057407 -0.0233267
vn -0.9641104 -0.2638598 -0.0294807
vn -0.8621641 -0.2896023 -0.4156964
vn -0.5982734 -0.3927723 -0.6984260
vn -0.2431475 -0.5457252 -0.8019122
vn 0.1080577 -0.7074776 -0.6984260
vn 0.3612372 -0.8346880 -0.4156964
vn 0.4485517 -0.8932705 -0.0294807
vn 0.3466054 -0.8675279 0.3567351
vn 0.0827147 -0.7643580 0.6394647
vn -0.2724111 -0.6114050 0.7429509
vn -0.6236164 -0.4496526 0.6394647
vn -0.8767959 -0.3224422 0.3567351
vn -0.9641104 -0.2638598 -0.0294807
vn -0.9404841 -0.3383088 -0.0321983
vn -0.8453777 -0.3623243 -0.3925019
vn -0.5991920 -0.4585723 -0.6562625
vn -0.2678925 -0.6012632 -0.7528055
vn 0.0597496 -0.7521633 -0.6562625
vn 0.2959426 -0.8708388 -0.3925019
vn 0.3773990 -0.9254908 -0.0321983
vn 0.2822925 -0.9014754 0.3281053
vn 0.0361069 -0.8052274 0.5918658
vn -0.2951927 -0.6625364 0.6884089
vn -0.6228347 -0.5116364 0.5918658
vn -0.8590278 -0.3929608 0.3281053
vn -0.9404841 -0.3383088 -0.0321983
vn -0.9543015 -0.2972629 -0.0307150
vn -0.8553287 -0.3222546 -0.4056658
vn -0.5991350 -0.4224154 -0.6801489
vn -0.2543673 -0.5709071 -0.7806167
vn 0.0865942 -0.7279416 -0.6801489
vn 0.3323891 -0.8514416 -0.4056658
vn 0.4171569 -0.9083153 -0.0307150
vn 0.3181841 -0.8833236 0.3442359
vn 0.0619904 -0.7831629 0.6187189
vn -0.2827773 -0.6346712 0.7191867
vn -0.6237388 -0.4776367 0.6187189
vn -0.8695337 -0.3541367 0.3442359
vn -0.9543015 -0.2972629 -0.0307150
vn -0.4065410 -0.9124488 -0.0464936
vn -0.8274307 0.5614088 0.0133672
vn -0.6918656 0.5417435 -0.4773216
vn -0.3516780 0.4201653 -0.8365308
vn 0.1019793 0.2292510 -0.9680104
vn 0.5475491 0.0201560 -0.8365308
vn 0.8656414 -0.1510930 -0.4773216
vn 0.9710235 -0.2386099 0.0133672
vn 0.8354585 -0.2189446 0.5040560
vn 0.4952708 -0.0973664 0.8632651
vn 0.0416135 0.0935478 0.9947447
vn -0.4039563 0.3026429 0.8632651
vn -0.7220485 0.4738919 0.5040560
vn -0.8274307 0.5614088 0.0133672
vn -0.9554572 0.2949926 -0.0089902
vn -0.8186947 0.2751536 -0.5040133
vn -0.4755021 0.1525015 -0.8663954
vn -0.0178376 -0.0400991 -0.9990365
vn 0.4316680 -0.2510412 -0.8663954
vn 0.7525701 -0.4238028 -0.5040133
vn 0.8588831 -0.5120928 -0.0089902
vn 0.7221206 -0.4922538 0.4860330
vn 0.3789280 -0.3696017 0.8484151
vn -0.0787366 -0.1770010 0.9810562
vn -0.5282422 0.0339410 0.8484151
vn -0.8491442 0.2067027 0.4860330
vn -0.9554572 0.2949926 -0.0089902
vn -0.9936962 -0.1055208 -0.0378574
vn -0.8745437 -0.1228052 -0.4691399
vn -0.5755415 -0.2296643 -0.7848607
vn -0.1768071 -0.3974652 -0.9004225
vn 0.2148189 -0.5812457 -0.7848607
vn 0.4944006 -0.7317621 -0.4691399
vn 0.5870245 -0.8086836 -0.0378574
vn 0.4678719 -0.7913991 0.3934252
vn 0.1688697 -0.6845400 0.7091460
vn -0.2298646 -0.5167392 0.8247078
vn -0.6214906 -0.3329586 0.7091460
vn -0.9010724 -0.1824422 0.3934252
vn -0.9936962 -0.1055208 -0.0378574
vn -0.9634973 -0.2634080 -0.0478448
vn -0.8569846 -0.2788589 -0.4333764
vn -0.5897009 -0.3743822 -0.7156052
vn -0.2332647 -0.5243826 -0.8189081
vn 0.1168172 -0.6886675 -0.7156052
vn 0.3667407 -0.8232170 -0.4333764
vn 0.4495389 -0.8919785 -0.0478448
vn 0.3430261 -0.8765276 0.3376869
vn 0.0757424 -0.7810043 0.6199157
vn -0.2806938 -0.6310039 0.7232186
vn -0.6307757 -0.4667190 0.6199157
vn -0.8806991 -0.3321695 0.3376869
vn -0.9634973 -0.2634080 -0.0478448
vn -0.9397847 -0.3377484 -0.0522553
vn -0.8404182 -0.3521627 -0.4119207
vn -0.5910672 -0.4412772 -0.6752140
vn -0.2585452 -0.5812136 -0.7715861
vn 0.0680488 -0.7344763 -0.6752140
vn 0.3012043 -0.8599985 -0.4119207
vn 0.3784473 -0.9241466 -0.0522553
vn 0.2790808 -0.9097324 0.3074101
vn 0.0297298 -0.8206179 0.5707034
vn -0.3027922 -0.6806814 0.6670755
vn -0.6293862 -0.5274188 0.5707034
vn -0.8625417 -0.4018966 0.3074101
vn -0.9397847 -0.3377484 -0.0522553
vn -0.9536495 -0.2967623 -0.0498480
vn -0.8502434 -0.3117626 -0.4241347
vn -0.5907557 -0.4044998 -0.6981315
vn -0.2447159 -0.5501250 -0.7984213
vn 0.0951550 -0.7096181 -0.6981315
vn 0.3377889 -0.8402431 -0.4241347
vn 0.4181720 -0.9069991 -0.0498480
vn 0.3147660 -0.8919988 0.3244387
vn 0.0552783 -0.7992616 0.5984356
vn -0.2907616 -0.6536364 0.6987254
vn -0.6306325 -0.4941433 0.5984356
vn -0.8732663 -0.3635183 0.3244387
vn -0.9536495 -0.2967623 -0.0498480
vn -0.4052791 -0.9110737 -0.0754555
vn -0.8294053 0.5583531 0.0181323
vn -0.6884368 0.5512355 -0.4713749
vn -0.3439497 0.4396190 -0.8297191
vn 0.1117509 0.2534113 -0.9608821
vn 0.5565604 0.0425065 -0.8297191
vn 0.8712925 -0.1365836 -0.4713749
vn 0.9716149 -0.2358720 0.0181323
vn 0.8306464 -0.2287544 0.5076395
vn 0.4861594 -0.1171380 0.8659837
vn 0.0304588 0.0690697 0.9971467
vn -0.4143507 0.2799746 0.8659837
vn -0.7290828 0.4590647 0.5076395
vn -0.8294053 0.5583531 0.0181323
vn -0.9562865 0.2921771 -0.0121950
vn -0.8140728 0.2849967 -0.5060261
vn -0.4665428 0.1723943 -0.8675356
vn -0.0068169 -0.0154582 -0.9998573
vn 0.4419217 -0.2282260 -0.8675356
vn 0.7594339 -0.4088981 -0.5060261
vn 0.8606426 -0.5090635 -0.0121950
vn 0.7184288 -0.5018831 0.4816362
vn 0.3708989 -0.3892807 0.8431456
vn -0.0888270 -0.2014281 0.9754673
vn -0.5375657 0.0113396 0.8431456
vn -0.8550778 0.1920117 0.4816362
vn -0.9562865 0.2921771 -0.0121950
vn -0.9928653 -0.1076168 -0.0513528
vn -0.8689634 -0.1138727 -0.4815969
vn -0.5661824 -0.2119760 -0.7965574
vn -0.1656521 -0.3756401 -0.9118409
vn 0.2253056 -0.5610113 -0.7965574
vn 0.5019340 -0.7184196 -0.4815969
vn 0.5901108 -0.8056874 -0.0513528
vn 0.4662089 -0.7994315 0.3788912
vn 0.1634279 -0.7013281 0.6938517
vn -0.2371024 -0.5376640 0.8091352
vn -0.6280602 -0.3522928 0.6938517
vn -0.9046886 -0.1948846 0.3788912
vn -0.9928653 -0.1076168 -0.0513528
vn -0.9620301 -0.2651151 -0.0649006
vn -0.8512719 -0.2707074 -0.4495039
vn -0.5806101 -0.3584038 -0.7310530
vn -0.2225685 -0.5047063 -0.8341072
vn 0.1269160 -0.6704131 -0.7310530
vn 0.3741994 -0.8111233 -0.4495039
vn 0.4530222 -0.8891337 -0.0649006
vn 0.3422640 -0.8835415 0.3197027
vn 0.0716023 -0.7958450 0.6012519
vn -0.2864393 -0.6495425 0.7043061
vn -0.6359239 -0.4838357 0.6012519
vn -0.8832072 -0.3431255 0.3197027
vn -0.9620301 -0.2651151 -0.0649006
vn -0.9380217 -0.3392505 -0.0708834
vn -0.8346945 -0.3444675 -0.4296827
vn -0.5821922 -0.4262802 -0.6923420
vn -0.2481724 -0.5627669 -0.7884820
vn 0.0778643 -0.7173560 -0.6923420
vn 0.3085568 -0.8486256 -0.4296827
vn 0.3820913 -0.9214021 -0.0708834
vn 0.2787641 -0.9161850 0.2879159
vn 0.0262617 -0.8343723 0.5505753
vn -0.3077580 -0.6978857 0.6467152
vn -0.6337947 -0.5432965 0.5505753
vn -0.8644873 -0.4120269 0.2879159
vn -0.9380217 -0.3392505 -0.0708834
vn -0.9520492 -0.2983793 -0.0676179
vn -0.8445215 -0.3038085 -0.4410033
vn -0.5817543 -0.3889470 -0.7143404
vn -0.2341558 -0.5309822 -0.8143887
vn 0.1051351 -0.6918558 -0.7143404
vn 0.3452059 -0.8284618 -0.4410033
vn 0.4217297 -0.9041968 -0.0676179
vn 0.3142020 -0.8987677 0.3057675
vn 0.0514348 -0.8136291 0.5791046
vn -0.2961637 -0.6715939 0.6791529
vn -0.6354546 -0.5107203 0.5791046
vn -0.8755254 -0.3741143 0.3057675
vn -0.9520492 -0.2983793 -0.0676179
vn -0.4013754 -0.9101766 -0.1023540
vn -0.8322489 0.5539432 0.0225541
vn -0.6863455 0.5587565 -0.4655331
vn -0.3377438 0.4570200 -0.8228377
vn 0.1201488 0.2759939 -0.9536203
vn 0.5646402 0.0641841 -0.8228377
vn 0.8766293 -0.1216553 -0.4655331
vn 0.9725190 -0.2317286 0.0225541
vn 0.8266156 -0.2365418 0.5106414
vn 0.4780139 -0.1348053 0.8679460
vn 0.0201213 0.0462207 0.9987286
vn -0.4243701 0.2580306 0.8679460
vn -0.7363592 0.4438699 0.5106414
vn -0.8322489 0.5539432 0.0225541
vn -0.9575246 0.2879523 -0.0151689
vn -0.8103324 0.2928081 -0.5075675
vn -0.4586514 0.1901729 -0.8680283
vn 0.0032858 0.0075478 -0.9999661
vn 0.4517035 -0.2061330 -0.8680283
vn 0.7664485 -0.3936139 -0.5075675
vn 0.8631852 -0.5046595 -0.0151689
vn 0.7159930 -0.5095153 0.4772297
vn 0.3643120 -0.4068801 0.8376905
vn -0.0976252 -0.2242550 0.9696283
vn -0.5460429 -0.0105742 0.8376905
vn -0.8607879 0.1769067 0.4772297
vn -0.9575246 0.2879523 -0.0151689
vn -0.9917657 -0.1109984 -0.0638760
vn -0.8635264 -0.1067679 -0.4928720
vn -0.5571288 -0.1961875 -0.8069188
vn -0.1546720 -0.3552973 -0.9218679
vn 0.2360062 -0.5414639 -0.8069188
vn 0.5102237 -0.7048042 -0.4928720
vn 0.5945043 -0.8015513 -0.0638760
vn 0.4662650 -0.8057818 0.3651200
vn 0.1598675 -0.7163622 0.6791668
vn -0.2425894 -0.5572525 0.7941159
vn -0.6332676 -0.3710858 0.6791668
vn -0.9074851 -0.2077455 0.3651200
vn -0.9917657 -0.1109984 -0.0638760
vn -0.9600312 -0.2679985 -0.0807275
vn -0.8453956 -0.2642168 -0.4642152
vn -0.5715010 -0.3441506 -0.7449476
vn -0.2117372 -0.4863819 -0.8477028
vn 0.1374974 -0.6527998 -0.7449476
vn 0.3826257 -0.7988128 -0.4642152
vn 0.4579657 -0.8852968 -0.0807275
vn 0.3433302 -0.8890786 0.3027601
vn 0.0694356 -0.8091447 0.5834925
vn -0.2903283 -0.6669135 0.6862477
vn -0.6395629 -0.5004956 0.5834925
vn -0.8846912 -0.3544826 0.3027601
vn -0.9600312 -0.2679985 -0.0807275
vn -0.9356040 -0.3418645 -0.0881694
vn -0.8286596 -0.3383365 -0.4459278
vn -0.5731413 -0.4129074 -0.7078252
vn -0.2375150 -0.5455960 -0.8036863
vn 0.0882886 -0.7008485 -0.7078252
vn 0.3169706 -0.8370651 -0.4459278
vn 0.3872559 -0.9177467 -0.0881694
vn 0.2803116 -0.9212747 0.2695891
vn 0.0247932 -0.8467038 0.5314865
vn -0.3108331 -0.7140152 0.6273476
vn -0.6366367 -0.5587627 0.5314865
vn -0.8653187 -0.4225461 0.2695891
vn -0.9356040 -0.3418645 -0.0881694
vn -0.9498620 -0.3011447 -0.0841075
vn -0.8385701 -0.2974733 -0.4564098
vn -0.5726643 -0.3750757 -0.7289539
vn -0.2233939 -0.5131584 -0.8287120
vn 0.1156544 -0.6747223 -0.7289539
vn 0.3536330 -0.8164765 -0.4564098
vn 0.4267755 -0.9004380 -0.0841075
vn 0.3154836 -0.9041095 0.2881947
vn 0.0495778 -0.8265071 0.5607389
vn -0.2996926 -0.6884243 0.6604970
vn -0.6387409 -0.5268604 0.5607389
vn -0.8767194 -0.3851063 0.2881947
vn -0.9498620 -0.3011447 -0.0841075
vn -0.3959010 -0.9094248 -0.1273145
vn -0.8352096 0.5492838 0.0266888
vn -0.6847997 0.5653722 -0.4597864
vn -0.3323810 0.4730879 -0.8159110
vn 0.1276164 0.2971582 -0.9462616
vn 0.5719364 0.0847234 -0.8159110
vn 0.8815238 -0.1072948 -0.4597864
vn 0.9734251 -0.2274452 0.0266888
vn 0.8230152 -0.2435337 0.5131640
vn 0.4705965 -0.1512493 0.8692886
vn 0.0105991 0.0246804 0.9996392
vn -0.4337209 0.2371152 0.8692886
vn -0.7433083 0.4291333 0.5131640
vn -0.8352096 0.5492838 0.0266888
vn -0.9587842 0.2835679 -0.0179497
vn -0.8070457 0.2997985 -0.5087220
vn -0.4515140 0.2066989 -0.8679923
vn 0.0125466 0.0292152 -0.9994944
vn 0.4607914 -0.1850961 -0.8679923
vn 0.7731136 -0.3788104 -0.5087220
vn 0.8658266 -0.5000221 -0.0179497
vn 0.7140881 -0.5162527 0.4728227
vn 0.3585564 -0.4231532 0.8320930
vn -0.1055042 -0.2456695 0.9635950
vn -0.5537490 -0.0313582 0.8320930
vn -0.8660711 0.1623561 0.4728227
vn -0.9587842 0.2835679 -0.0179497
vn -0.9905556 -0.1143959 -0.0755858
vn -0.8583554 -0.1002552 -0.5031649
vn -0.5486029 -0.1813670 -0.8161745
vn -0.1442961 -0.3359974 -0.9307440
vn 0.2462314 -0.5227134 -0.8161745
vn 0.5183381 -0.6914845 -0.5031649
vn 0.5991131 -0.7970886 -0.0755858
vn 0.4669129 -0.8112293 0.3519933
vn 0.1571604 -0.7301176 0.6650030
vn -0.2471464 -0.5754872 0.7795724
vn -0.6376739 -0.3887712 0.6650030
vn -0.9097806 -0.2200001 0.3519933
vn -0.9905556 -0.1143959 -0.0755858
vn -0.9578732 -0.2708386 -0.0955266
vn -0.8396970 -0.2581980 -0.4777476
vn -0.5628034 -0.3307053 -0.7575529
vn -0.2013858 -0.4689324 -0.8599687
vn 0.1477141 -0.6358413 -0.7575529
vn 0.3909554 -0.7867090 -0.4777476
vn 0.4631618 -0.8811106 -0.0955266
vn 0.3449855 -0.8937512 0.2866945
vn 0.0680919 -0.8212439 0.5664998
vn -0.2933257 -0.6830168 0.6689156
vn -0.6424256 -0.5161079 0.5664998
vn -0.8856669 -0.3652402 0.2866945
vn -0.9578732 -0.2708386 -0.0955266
vn -0.9330052 -0.3444068 -0.1043326
vn -0.8227577 -0.3326143 -0.4609095
vn -0.5644415 -0.4002569 -0.7219419
vn -0.2272724 -0.5292100 -0.8174864
vn 0.0984056 -0.6849206 -0.7219419
vn 0.3253272 -0.8256662 -0.4609095
vn 0.3926890 -0.9137341 -0.1043326
vn 0.2824415 -0.9255267 0.2522443
vn 0.0241254 -0.8578840 0.5132767
vn -0.3130438 -0.7289310 0.6088212
vn -0.6387217 -0.5732204 0.5132767
vn -0.8656433 -0.4324748 0.2522443
vn -0.9330052 -0.3444068 -0.1043326
vn -0.9475058 -0.3038542 -0.0995262
vn -0.8327764 -0.2915822 -0.4705988
vn -0.5639591 -0.3619747 -0.7422428
vn -0.2130832 -0.4961700 -0.8416715
vn 0.1258344 -0.6582107 -0.7422428
vn 0.3619809 -0.8046779 -0.4705988
vn 0.4320812 -0.8963260 -0.0995262
vn 0.3173518 -0.9085980 0.2715465
vn 0.0485345 -0.8382055 0.5431905
vn -0.3023414 -0.7040102 0.6426191
vn -0.6412590 -0.5419696 0.5431905
vn -0.8774055 -0.3955023 0.2715465
vn -0.9475058 -0.3038542 -0.0995262
vn -0.3901020 -0.9083633 -0.1506539
vn -0.8373496 0.5458114 0.0305872
vn -0.6827573 0.5723835 -0.4541140
vn -0.3269193 0.4886103 -0.8089399
vn 0.1348181 0.3169387 -0.9388152
vn 0.5787325 0.1033680 -0.8089399
vn 0.8858776 -0.0948758 -0.4541140
vn 0.9739540 -0.2246733 0.0305872
vn 0.8193617 -0.2512454 0.5152884
vn 0.4635236 -0.1674722 0.8701143
vn 0.0017863 0.0041994 0.9999896
vn -0.4421281 0.2177701 0.8701143
vn -0.7492732 0.4160139 0.5152884
vn -0.8373496 0.5458114 0.0305872
vn -0.9595886 0.2806537 -0.0205716
vn -0.8036308 0.3074606 -0.5095543
vn -0.4446495 0.2229474 -0.8675144
vn 0.0211664 0.0497593 -0.9985369
vn 0.4690021 -0.1656979 -0.8675144
vn 0.7788602 -0.3656928 -0.5095543
vn 0.8677146 -0.4966369 -0.0205716
vn 0.7117568 -0.5234437 0.4684111
vn 0.3527755 -0.4389305 0.8263712
vn -0.1130404 -0.2657425 0.9573937
vn -0.5608761 -0.0502853 0.8263712
vn -0.8707342 0.1497096 0.4684111
vn -0.9595886 0.2806537 -0.0205716
vn -0.9894470 -0.1161482 -0.0866266
vn -0.8535708 -0.0927931 -0.5126464
vn -0.5408130 -0.1664241 -0.8245146
vn -0.1349768 -0.3173119 -0.9386663
vn 0.2551942 -0.5050263 -0.8245146
vn 0.5251542 -0.6792693 -0.5126464
vn 0.6025674 -0.7933526 -0.0866266
vn 0.4666912 -0.8167077 0.3393933
vn 0.1539334 -0.7430767 0.6512615
vn -0.2519028 -0.5921889 0.7654132
vn -0.6420739 -0.4044745 0.6512615
vn -0.9120338 -0.2302315 0.3393933
vn -0.9894470 -0.1161482 -0.0866266
vn -0.9560384 -0.2720381 -0.1094801
vn -0.8345760 -0.2511605 -0.4903073
vn -0.5549959 -0.3169807 -0.7690922
vn -0.1922112 -0.4518622 -0.8711346
vn 0.1565701 -0.6196636 -0.7690922
vn 0.3978924 -0.7754227 -0.4903073
vn 0.4670935 -0.8774040 -0.1094801
vn 0.3456312 -0.8982816 0.2713472
vn 0.0660511 -0.8324614 0.5501321
vn -0.2967336 -0.6975799 0.6521744
vn -0.6455149 -0.5297785 0.5501321
vn -0.8868372 -0.3740194 0.2713472
vn -0.9560384 -0.2720381 -0.1094801
vn -0.9308342 -0.3453262 -0.1195724
vn -0.8175210 -0.3258493 -0.4748490
vn -0.5566986 -0.3872534 -0.7349295
vn -0.2182541 -0.5130854 -0.8301256
vn 0.1071266 -0.6696286 -0.7349295
vn 0.3322580 -0.8149375 -0.4748490
vn 0.3968163 -0.9100765 -0.1195724
vn 0.2835031 -0.9295534 0.2357042
vn 0.0226807 -0.8681493 0.4957847
vn -0.3157638 -0.7423173 0.5909808
vn -0.6411445 -0.5857741 0.4957847
vn -0.8662759 -0.4404652 0.2357042
vn -0.9308342 -0.3453262 -0.1195724
vn -0.9455196 -0.3049296 -0.1140639
vn -0.8276000 -0.2846610 -0.4837834
vn -0.5561745 -0.3485613 -0.7544368
vn -0.2039714 -0.4795087 -0.8535028
vn 0.1346369 -0.6424158 -0.7544368
vn 0.3689204 -0.7936318 -0.4837834
vn 0.4361031 -0.8926385 -0.1140639
vn 0.3181835 -0.9129072 0.2556556
vn 0.0467580 -0.8490068 0.5263090
vn -0.3054451 -0.7180594 0.6253750
vn -0.6440533 -0.5551523 0.5263090
vn -0.8783369 -0.4039363 0.2556556
vn -0.9455196 -0.3049296 -0.1140639
vn -0.3855548 -0.9063863 -0.1726598
vn -0.8374660 0.5454166 0.0342269
vn -0.6789064 0.5812490 -0.4485930
vn -0.3201923 0.5041886 -0.8020416
vn 0.1425593 0.3348836 -0.9314128
vn 0.5853544 0.1186992 -0.8020416
vn 0.8895464 -0.0864382 -0.4485930
vn 0.9736274 -0.2255621 0.0342269
vn 0.8150678 -0.2613945 0.5170467
vn 0.4563537 -0.1843341 0.8704954
vn -0.0063979 -0.0150291 0.9998666
vn -0.4491930 0.2011553 0.8704954
vn -0.7533850 0.4062927 0.5170467
vn -0.8374660 0.5454166 0.0342269
vn -0.9593336 0.2813345 -0.0230195
vn -0.7993735 0.3174834 -0.5101042
vn -0.4374908 0.2397423 -0.8666749
vn 0.0293484 0.0689418 -0.9971889
vn 0.4760548 -0.1491522 -0.8666749
vn 0.7829338 -0.3561016 -0.5101042
vn 0.8677575 -0.4964544 -0.0230195
vn 0.7077974 -0.5326033 0.4640652
vn 0.3459147 -0.4548622 0.8206360
vn -0.1209245 -0.2840617 0.9511499
vn -0.5676309 -0.0659677 0.8206360
vn -0.8745099 0.1409817 0.4640652
vn -0.9593336 0.2813345 -0.0230195
vn -0.9887274 -0.1141134 -0.0969346
vn -0.8493642 -0.0826191 -0.5213008
vn -0.5340785 -0.1503501 -0.8319585
vn -0.1273509 -0.2991578 -0.9456671
vn 0.2618363 -0.4891694 -0.8319585
vn 0.5292008 -0.6694714 -0.5213008
vn 0.6031023 -0.7917520 -0.0969346
vn 0.4637391 -0.8232463 0.3274317
vn 0.1484534 -0.7555154 0.6380894
vn -0.2582742 -0.6067076 0.7517980
vn -0.6474614 -0.4166960 0.6380894
vn -0.9148258 -0.2363940 0.3274317
vn -0.9887274 -0.1141134 -0.0969346
vn -0.9551630 -0.2695468 -0.1225075
vn -0.8305836 -0.2413935 -0.5018566
vn -0.5487438 -0.3019395 -0.7795594
vn -0.1851622 -0.4349616 -0.8812056
vn 0.1627396 -0.6048165 -0.7795594
vn 0.4017417 -0.7659919 -0.5018566
vn 0.4678037 -0.8753009 -0.1225075
vn 0.3432243 -0.9034542 0.2568416
vn 0.0613845 -0.8429082 0.5345444
vn -0.3021971 -0.7098861 0.6361907
vn -0.6500989 -0.5400312 0.5345444
vn -0.8891010 -0.3788558 0.2568416
vn -0.9551630 -0.2695468 -0.1225075
vn -0.9298913 -0.3426362 -0.1338008
vn -0.8136702 -0.3163717 -0.4876984
vn -0.5507397 -0.3728555 -0.7467694
vn -0.2115518 -0.4969528 -0.8415960
vn 0.1130085 -0.6554118 -0.7467694
vn 0.3359753 -0.8057735 -0.4876984
vn 0.3976051 -0.9077486 -0.1338008
vn 0.2813840 -0.9340131 0.2200968
vn 0.0184535 -0.8775293 0.4791679
vn -0.3207345 -0.7534320 0.5739944
vn -0.6452947 -0.5949730 0.4791679
vn -0.8682616 -0.4446113 0.2200968
vn -0.9298913 -0.3426362 -0.1338008
vn -0.9446135 -0.3023478 -0.1276368
vn -0.8236678 -0.2750157 -0.4959212
vn -0.5500485 -0.3337957 -0.7655241
vn -0.1970717 -0.4629378 -0.8642056
vn 0.1406827 -0.6278385 -0.7655241
vn 0.3727138 -0.7843128 -0.4959212
vn 0.4368489 -0.8904335 -0.1276368
vn 0.3159032 -0.9177657 0.2406477
vn 0.0422839 -0.8589857 0.5102506
vn -0.3106929 -0.7298436 0.6089321
vn -0.6484473 -0.5649428 0.5102506
vn -0.8804784 -0.4084685 0.2406477
vn -0.9446135 -0.3023478 -0.1276368
vn -0.3843045 -0.9027634 -0.1932052
vn -0.8340882 0.5503611 0.0374115
vn -0.6717754 0.5932561 -0.4435820
vn -0.3110048 0.5197573 -0.7956936
vn 0.1515554 0.3495587 -0.9245754
vn 0.5919627 0.1282648 -0.7956936
vn 0.8922102 -0.0848289 -0.4435820
vn 0.9718469 -0.2326241 0.0374115
vn 0.8095342 -0.2755191 0.5184049
vn 0.4487636 -0.2020204 0.8705165
vn -0.0137967 -0.0318217 0.9993983
vn -0.4542040 0.1894722 0.8705165
vn -0.7544515 0.4025659 0.5184049
vn -0.8340882 0.5503611 0.0374115
vn -0.9572689 0.2881029 -0.0251613
vn -0.7935224 0.3313768 -0.5104034
vn -0.4295650 0.2572288 -0.8656254
vn 0.0370812 0.0855267 -0.9956456
vn 0.4813786 -0.1377219 -0.8656254
vn 0.7842783 -0.3526979 -0.5104034
vn 0.8646184 -0.5017986 -0.0251613
vn 0.7008720 -0.5450726 0.4600809
vn 0.3369146 -0.4709245 0.8153028
vn -0.1297316 -0.2992225 0.9453230
vn -0.5740291 -0.0759738 0.8153028
vn -0.8769287 0.1390022 0.4600809
vn -0.9572689 0.2881029 -0.0251613
vn -0.9887224 -0.1058385 -0.1059537
vn -0.8460604 -0.0681366 -0.5287147
vn -0.5289672 -0.1327371 -0.8381972
vn -0.1224078 -0.2823303 -0.9514757
vn 0.2646807 -0.4768329 -0.8381972
vn 0.5285782 -0.6641279 -0.5287147
vn 0.5985735 -0.7940300 -0.1059537
vn 0.4559115 -0.8317318 0.3168073
vn 0.1388183 -0.7671313 0.6262899
vn -0.2677412 -0.6175381 0.7395683
vn -0.6548297 -0.4230356 0.6262899
vn -0.9187271 -0.2357405 0.3168073
vn -0.9887224 -0.1058385 -0.1059537
vn -0.9559953 -0.2610406 -0.1339060
vn -0.8284670 -0.2273382 -0.5118201
vn -0.5450114 -0.2850858 -0.7884724
vn -0.1815802 -0.4188100 -0.8897341
vn 0.1644456 -0.5926795 -0.7884724
vn 0.4003485 -0.7601061 -0.5118201
vn 0.4629186 -0.8762280 -0.1339060
vn 0.3353903 -0.9099304 0.2440081
vn 0.0519347 -0.8521828 0.5206604
vn -0.3114965 -0.7184586 0.6219222
vn -0.6575222 -0.5445891 0.5206604
vn -0.8934252 -0.3771625 0.2440081
vn -0.9559953 -0.2610406 -0.1339060
vn -0.9311230 -0.3340970 -0.1462500
vn -0.8121509 -0.3026558 -0.4988089
vn -0.5477131 -0.3565290 -0.7568999
vn -0.2086654 -0.4812813 -0.8513678
vn 0.1141446 -0.6434854 -0.7568999
vn 0.3342203 -0.7996790 -0.4988089
vn 0.3925924 -0.9080100 -0.1462500
vn 0.2736203 -0.9394512 0.2063088
vn 0.0091824 -0.8855780 0.4643999
vn -0.3298653 -0.7608257 0.5588677
vn -0.6526753 -0.5986215 0.4643999
vn -0.8727509 -0.4424280 0.2063088
vn -0.9311230 -0.3340970 -0.1462500
vn -0.9456245 -0.2938205 -0.1395125
vn -0.8218159 -0.2611011 -0.5064038
vn -0.5466280 -0.3171643 -0.7749868
vn -0.1937972 -0.4469882 -0.8732951
vn 0.1421359 -0.6157863 -0.7749868
vn 0.3711581 -0.7783295 -0.5064038
vn 0.4319032 -0.8910645 -0.1395125
vn 0.3080946 -0.9237839 0.2273788
vn 0.0329067 -0.8677206 0.4959618
vn -0.3199242 -0.7378968 0.5942700
vn -0.6558572 -0.5690986 0.4959618
vn -0.8848794 -0.4065554 0.2273788
vn -0.9456245 -0.2938205 -0.1395125
vn -0.3888129 -0.8967869 -0.2111817
vn -0.8257334 0.5626640 0.0396687
vn -0.6601980 0.6087715 -0.4399272
vn -0.2987099 0.5339162 -0.7910158
vn 0.1618703 0.3581554 -0.9195231
vn 0.5981306 0.1285842 -0.7910158
vn 0.8931753 -0.0932840 -0.4399272
vn 0.9679475 -0.2479999 0.0396687
vn 0.8024121 -0.2941074 0.5192645
vn 0.4409240 -0.2192521 0.8703531
vn -0.0196562 -0.0434914 0.9988604
vn -0.4559164 0.1860798 0.8703531
vn -0.7509612 0.4079481 0.5192645
vn -0.8257334 0.5626640 0.0396687
vn -0.9525859 0.3030978 -0.0266794
vn -0.7855883 0.3496126 -0.5105116
vn -0.4209071 0.2740961 -0.8647014
vn 0.0437415 0.0967828 -0.9943439
vn 0.4838554 -0.1348163 -0.8647014
vn 0.7815063 -0.3586443 -0.5105116
vn 0.8569390 -0.5147268 -0.0266794
vn 0.6899414 -0.5612416 0.4571529
vn 0.3252602 -0.4857251 0.8113427
vn -0.1393884 -0.3084118 0.9409851
vn -0.5795023 -0.0768128 0.8113427
vn -0.8771532 0.1470153 0.4571529
vn -0.9525859 0.3030978 -0.0266794
vn -0.9896462 -0.0893232 -0.1123463
vn -0.8441517 -0.0487978 -0.5338790
vn -0.5264279 -0.1145906 -0.8424623
vn -0.1216088 -0.2690725 -0.9554116
vn 0.2618348 -0.4708502 -0.8424623
vn 0.5211593 -0.6658575 -0.5338790
vn 0.5868791 -0.8018424 -0.1123463
vn 0.4413846 -0.8423678 0.3091863
vn 0.1236608 -0.7765750 0.6177696
vn -0.2811584 -0.6220931 0.7307189
vn -0.6646019 -0.4203154 0.6177696
vn -0.9239265 -0.2253081 0.3091863
vn -0.9896462 -0.0893232 -0.1123463
vn -0.9591548 -0.2446676 -0.1419851
vn -0.8290945 -0.2084412 -0.5188012
vn -0.5450752 -0.2672546 -0.7946496
vn -0.1831997 -0.4053489 -0.8956172
vn 0.1595678 -0.5857219 -0.7946496
vn 0.3913829 -0.7600426 -0.5188012
vn 0.4501311 -0.8816021 -0.1419851
vn 0.3200707 -0.9178285 0.2348309
vn 0.0360514 -0.8590151 0.5106794
vn -0.3258241 -0.7209208 0.6116469
vn -0.6685915 -0.5405478 0.5106794
vn -0.9004067 -0.3662271 0.2348309
vn -0.9591548 -0.2446676 -0.1419851
vn -0.9353406 -0.3179466 -0.1550739
vn -0.8140063 -0.2841507 -0.5066084
vn -0.5490426 -0.3390182 -0.7639495
vn -0.2114462 -0.4678474 -0.8581429
vn 0.1083241 -0.6361187 -0.7639495
vn 0.3245862 -0.7987438 -0.5066084
vn 0.3793928 -0.9121476 -0.1550739
vn 0.2580585 -0.9459435 0.1964605
vn -0.0069052 -0.8910760 0.4538017
vn -0.3445016 -0.7622468 0.5479950
vn -0.6642719 -0.5939755 0.4538017
vn -0.8805340 -0.4313504 0.1964605
vn -0.9353406 -0.3179466 -0.1550739
vn -0.9492583 -0.2775344 -0.1479299
vn -0.8229915 -0.2423646 -0.5137552
vn -0.5472563 -0.2994626 -0.7815578
vn -0.1959358 -0.4335291 -0.8795804
vn 0.1368340 -0.6086410 -0.7815578
vn 0.3618877 -0.7778772 -0.5137552
vn 0.4189223 -0.8958911 -0.1479299
vn 0.2926555 -0.9310609 0.2178953
vn 0.0169203 -0.8739629 0.4856980
vn -0.3344002 -0.7398965 0.5837206
vn -0.6671700 -0.5647846 0.4856980
vn -0.8922237 -0.3955483 0.2178953
vn -0.9492583 -0.2775344 -0.1479299
vn -0.4013879 -0.8881138 -0.2239232
vn -0.8116214 0.5827966 0.0402352
vn -0.6443128 0.6262133 -0.4389965
vn -0.2842865 0.5434778 -0.7898184
vn 0.1719888 0.3567591 -0.9182281
vn 0.6022545 0.1160883 -0.7898184
vn 0.8912213 -0.1140471 -0.4389965
vn 0.9614607 -0.2719824 0.0402352
vn 0.7941522 -0.3153991 0.5194668
vn 0.4341259 -0.2326636 0.8702887
vn -0.0221494 -0.0459449 0.9986984
vn -0.4524152 0.1947259 0.8702887
vn -0.7413819 0.4248613 0.5194668
vn -0.8116214 0.5827966 0.0402352
vn -0.9447597 0.3266449 -0.0270604
vn -0.7759733 0.3704451 -0.5105252
vn -0.4127668 0.2869788 -0.8644459
vn 0.0475389 0.0986107 -0.9939899
vn 0.4816053 -0.1441860 -0.8644459
vn 0.7731246 -0.3763542 -0.5105252
vn 0.8439844 -0.5356846 -0.0270604
vn 0.6751980 -0.5794848 0.4564044
vn 0.3119915 -0.4960185 0.8103252
vn -0.1483142 -0.3076505 0.9398692
vn -0.5823805 -0.0648538 0.8103252
vn -0.8738998 0.1673144 0.4564044
vn -0.9447597 0.3266449 -0.0270604
vn -0.9913915 -0.0644843 -0.1139507
vn -0.8443385 -0.0263240 -0.5351632
vn -0.5278995 -0.0990429 -0.8435121
vn -0.1268641 -0.2631562 -0.9563756
vn 0.2513107 -0.4746897 -0.8435121
vn 0.5052931 -0.6769633 -0.5351632
vn 0.5670289 -0.8157779 -0.1139507
vn 0.4199759 -0.8539382 0.3072618
vn 0.1035369 -0.7812193 0.6156107
vn -0.2974985 -0.6171060 0.7284743
vn -0.6756733 -0.4055725 0.6156107
vn -0.9296557 -0.2032989 0.3072618
vn -0.9913915 -0.0644843 -0.1139507
vn -0.9647090 -0.2204472 -0.1440127
vn -0.8332555 -0.1863349 -0.5205426
vn -0.5503847 -0.2513398 -0.7961815
vn -0.1918915 -0.3980437 -0.8970724
vn 0.1461661 -0.5871375 -0.7961815
vn 0.3732058 -0.7679537 -0.5205426
vn 0.4283925 -0.8920427 -0.1440127
vn 0.2969391 -0.9261550 0.2325171
vn 0.0140683 -0.8611501 0.5081560
vn -0.3444249 -0.7144462 0.6090469
vn -0.6824825 -0.5253524 0.5081560
vn -0.9095222 -0.3445362 0.2325171
vn -0.9647090 -0.2204472 -0.1440127
vn -0.9426956 -0.2942538 -0.1572885
vn -0.8200617 -0.2624302 -0.5085560
vn -0.5561694 -0.3230737 -0.7657016
vn -0.2217284 -0.4599349 -0.8598235
vn 0.0936480 -0.6363420 -0.7657016
vn 0.3054551 -0.8050267 -0.5085560
vn 0.3569392 -0.9207903 -0.1572885
vn 0.2343053 -0.9526139 0.1939790
vn -0.0295870 -0.8919704 0.4511247
vn -0.3640280 -0.7551092 0.5452465
vn -0.6794044 -0.5787021 0.4511247
vn -0.8912115 -0.4100173 0.1939790
vn -0.9426956 -0.2942538 -0.1572885
vn -0.9556199 -0.2535310 -0.1500424
vn -0.8280006 -0.2204137 -0.5155898
vn -0.5533804 -0.2835225 -0.7831891
vn -0.2053436 -0.4259475 -0.8811372
vn 0.1228537 -0.6095259 -0.7831891
vn 0.3432713 -0.7850681 -0.5155898
vn 0.3968484 -0.9055378 -0.1500424
vn 0.2692291 -0.9386551 0.2155050
vn -0.0053911 -0.8755462 0.4831042
vn -0.3534279 -0.7331213 0.5810524
vn -0.6816252 -0.5495429 0.4831042
vn -0.9020428 -0.3740006 0.2155050
vn -0.9556199 -0.2535310 -0.1500424
vn -0.4229094 -0.8772478 -0.2271209
vn -0.7928740 0.6081757 0.0383807
vn -0.6266745 0.6417901 -0.4420232
vn -0.2711435 0.5445331 -0.7937033
vn 0.1784548 0.3424648 -0.9224271
vn 0.6016509 0.0897290 -0.7937033
vn 0.8850497 -0.1459538 -0.4420232
vn 0.9527147 -0.3014325 0.0383807
vn 0.7865152 -0.3350469 0.5187845
vn 0.4309842 -0.2377900 0.8704646
vn -0.0186141 -0.0357216 0.9991884
vn -0.4418102 0.2170142 0.8704646
vn -0.7252090 0.4526970 0.5187845
vn -0.7928740 0.6081757 0.0383807
vn -0.9342548 0.3556706 -0.0258131
vn -0.7665872 0.3895819 -0.5104605
vn -0.4079157 0.2914659 -0.8652470
vn 0.0456540 0.0876126 -0.9951079
vn 0.4725883 -0.1673557 -0.8652470
vn 0.7584904 -0.4051203 -0.5104605
vn 0.8267531 -0.5619724 -0.0258131
vn 0.6590855 -0.5958837 0.4588343
vn 0.3004140 -0.4977677 0.8136208
vn -0.1531557 -0.2939144 0.9434817
vn -0.5800900 -0.0389462 0.8136208
vn -0.8659921 0.1988185 0.4588343
vn -0.9342548 0.3556706 -0.0258131
vn -0.9934716 -0.0346240 -0.1086985
vn -0.8473934 -0.0050792 -0.5309413
vn -0.5349054 -0.0905616 -0.8400445
vn -0.1397386 -0.2681662 -0.9531842
vn 0.2322224 -0.4903039 -0.8400445
vn 0.4813109 -0.6974533 -0.5309413
vn 0.5407839 -0.8341087 -0.1086985
vn 0.3947057 -0.8636535 0.3135443
vn 0.0822177 -0.7781712 0.6226475
vn -0.3129490 -0.6005666 0.7357871
vn -0.6849100 -0.3784288 0.6226475
vn -0.9339986 -0.1712794 0.3135443
vn -0.9934716 -0.0346240 -0.1086985
vn -0.9718071 -0.1916221 -0.1373750
vn -0.8412250 -0.1652115 -0.5148258
vn -0.5618861 -0.2416258 -0.7911391
vn -0.2086390 -0.4003898 -0.8922767
vn 0.1238640 -0.5989630 -0.7911391
vn 0.3465289 -0.7841378 -0.5148258
vn 0.3996930 -0.9062967 -0.1373750
vn 0.2691109 -0.9327073 0.2400759
vn -0.0102280 -0.8562930 0.5163891
vn -0.3634751 -0.6975289 0.6175267
vn -0.6959781 -0.4989557 0.5163891
vn -0.9186431 -0.3137810 0.2400759
vn -0.9718071 -0.1916221 -0.1373750
vn -0.9521684 -0.2662022 -0.1500388
vn -0.8303474 -0.2415635 -0.5021656
vn -0.5697500 -0.3128510 -0.7599402
vn -0.2402032 -0.4609632 -0.8542923
vn 0.0699913 -0.6462136 -0.7599402
vn 0.2777172 -0.8189645 -0.5021656
vn 0.3273143 -0.9329275 -0.1500388
vn 0.2054933 -0.9575662 0.2020879
vn -0.0551041 -0.8862787 0.4598626
vn -0.3846509 -0.7381665 0.5542147
vn -0.6948455 -0.5529161 0.4598626
vn -0.9025713 -0.3801652 0.2020879
vn -0.9521684 -0.2662022 -0.1500388
vn -0.9637825 -0.2250291 -0.1431267
vn -0.8370091 -0.1993888 -0.5095683
vn -0.5658178 -0.2735743 -0.7778222
vn -0.2228740 -0.4277077 -0.8760099
vn 0.0999307 -0.6204890 -0.7778222
vn 0.3161011 -0.8002626 -0.5095683
vn 0.3677145 -0.9188584 -0.1431267
vn 0.2409411 -0.9444987 0.2233148
vn -0.0302502 -0.8703133 0.4915687
vn -0.3731940 -0.7161799 0.5897564
vn -0.6959987 -0.5233986 0.4915687
vn -0.9121691 -0.3436249 0.2233148
vn -0.9637825 -0.2250291 -0.1431267
vn -0.4511375 -0.8657578 -0.2166526
vn -0.7727951 0.6337541 0.0338152
vn -0.6118293 0.6510444 -0.4492284
vn -0.2640970 0.5345085 -0.8028409
vn 0.1772270 0.3153720 -0.9322720
vn 0.5938904 0.0523525 -0.8028409
vn 0.8742486 -0.1840743 -0.4492284
vn 0.9431797 -0.3305579 0.0338152
vn 0.7822139 -0.3478482 0.5168588
vn 0.4344817 -0.2313123 0.8704713
vn -0.0068424 -0.0121758 0.9999025
vn -0.4235058 0.2508437 0.8704713
vn -0.7038639 0.4872705 0.5168588
vn -0.7727951 0.6337541 0.0338152
vn -0.9228628 0.3844568 -0.0227426
vn -0.7604751 0.4018999 -0.5100531
vn -0.4096713 0.2843346 -0.8667891
vn 0.0355511 0.0632625 -0.9973635
vn 0.4558950 -0.2020804 -0.8667891
vn 0.7387296 -0.4405956 -0.5100531
vn 0.8082697 -0.5883731 -0.0227426
vn 0.6458820 -0.6058162 0.4645678
vn 0.2950782 -0.4882509 0.8213038
vn -0.1501442 -0.2671787 0.9518783
vn -0.5704881 -0.0018359 0.8213038
vn -0.8533227 0.2366793 0.4645678
vn -0.9228628 0.3844568 -0.0227426
vn -0.9953881 -0.0055608 -0.0957687
vn -0.8539099 0.0096362 -0.5203317
vn -0.5482766 -0.0927911 -0.8311333
vn -0.1603823 -0.2853973 -0.9448946
vn 0.2058369 -0.5165739 -0.8311333
vn 0.4522529 -0.7243771 -0.5203317
vn 0.5128388 -0.8531264 -0.0957687
vn 0.3713606 -0.8683235 0.3287943
vn 0.0657273 -0.7658962 0.6395959
vn -0.3221669 -0.5732899 0.7533572
vn -0.6883861 -0.3421134 0.6395959
vn -0.9348022 -0.1343101 0.3287943
vn -0.9953881 -0.0055608 -0.0957687
vn -0.9790432 -0.1637841 -0.1210341
vn -0.8525731 -0.1501992 -0.5005590
vn -0.5793617 -0.2417608 -0.7783905
vn -0.2326157 -0.4139352 -0.8800839
vn 0.0947546 -0.6205883 -0.7783905
vn 0.3150306 -0.8063476 -0.5005590
vn 0.3691895 -0.9214390 -0.1210341
vn 0.2427194 -0.9350239 0.2584908
vn -0.0304920 -0.8434623 0.5363223
vn -0.3772380 -0.6712879 0.6380157
vn -0.7046083 -0.4646348 0.5363223
vn -0.9248843 -0.2788755 0.2584908
vn -0.9790432 -0.1637841 -0.1210341
vn -0.9619245 -0.2392209 -0.1321915
vn -0.8439397 -0.2265474 -0.4862531
vn -0.5890587 -0.3119660 -0.7454442
vn -0.2655767 -0.4725887 -0.8403148
vn 0.0398295 -0.6653770 -0.7454442
vn 0.2453266 -0.8386732 -0.4862531
vn 0.2958518 -0.9460429 -0.1321915
vn 0.1778670 -0.9587163 0.2218701
vn -0.0770140 -0.8732978 0.4810612
vn -0.4004960 -0.7126750 0.5759317
vn -0.7059022 -0.5198868 0.4810612
vn -0.9113993 -0.3465905 0.2218701
vn -0.9619245 -0.2392209 -0.1321915
vn -0.9721479 -0.1975521 -0.1261017
vn -0.8493667 -0.1843635 -0.4945568
vn -0.5841241 -0.2732545 -0.7642846
vn -0.2474918 -0.4404070 -0.8630119
vn 0.0703299 -0.6410326 -0.7642846
vn 0.2841810 -0.8213737 -0.4945568
vn 0.3367602 -0.9331082 -0.1261017
vn 0.2139790 -0.9462969 0.2423535
vn -0.0512636 -0.8574058 0.5120813
vn -0.3878959 -0.6902534 0.6108086
vn -0.7057176 -0.4896278 0.5120813
vn -0.9195687 -0.3092866 0.2423535
vn -0.9721479 -0.1975521 -0.1261017
vn -0.4808968 -0.8557468 -0.1908815
vn -0.9780041 -0.2082532 -0.0117724
vn -0.8435680 -0.1887034 -0.5027763
vn -0.5009963 -0.0747396 -0.8622162
vn -0.0420809 0.1031019 -0.9937803
vn 0.4102123 0.2971686 -0.8622162
vn 0.7346916 0.4554604 -0.5027763
vn 0.8444131 0.5355632 -0.0117724
vn 0.7099770 0.5160134 0.4792315
vn 0.3674053 0.4020495 0.8386713
vn -0.0915101 0.2242080 0.9702354
vn -0.5438033 0.0301414 0.8386713
vn -0.8682826 -0.1281504 0.4792315
vn -0.9780041 -0.2082532 -0.0117724
vn -0.8743339 -0.4852604 0.0079176
vn -0.7387102 -0.4655380 -0.4874234
vn -0.3931125 -0.3505674 -0.8500382
vn 0.0698566 -0.1711550 -0.9827645
vn 0.5261450 0.0246259 -0.8500382
vn 0.8534905 0.1843159 -0.4874234
vn 0.9641812 0.2651262 0.0079176
vn 0.8285576 0.2454038 0.5032587
vn 0.4829599 0.1304333 0.8658735
vn 0.0199907 -0.0489791 0.9985997
vn -0.4362976 -0.2447600 0.8658735
vn -0.7636432 -0.4044500 0.5032587
vn -0.8743339 -0.4852604 0.0079176
vn -0.6117186 -0.7903725 0.0333409
vn -0.4935583 -0.7731896 -0.3982186
vn -0.1924608 -0.6730230 -0.7141421
vn 0.2108952 -0.5167122 -0.8297781
vn 0.6084306 -0.3461406 -0.7141421
vn 0.8936261 -0.2070128 -0.3982186
vn 0.9900640 -0.1366078 0.0333409
vn 0.8719036 -0.1537907 0.4649005
vn 0.5708061 -0.2539573 0.7808240
vn 0.1674502 -0.4102681 0.8964600
vn -0.2300852 -0.5808397 0.7808240
vn -0.5152808 -0.7199675 0.4649005
vn -0.6117186 -0.7903725 0.0333409
vn -0.4768524 -0.8779728 0.0421368
vn -0.3712266 -0.8626127 -0.3436424
vn -0.1020698 -0.7730719 -0.6260524
vn 0.2584977 -0.6333427 -0.7294217
vn 0.6138621 -0.4808655 -0.6260524
vn 0.8688039 -0.3564965 -0.3436424
vn 0.9550115 -0.2935602 0.0421368
vn 0.8493857 -0.3089203 0.4279161
vn 0.5802289 -0.3984611 0.7103261
vn 0.2196614 -0.5381903 0.8136953
vn -0.1357030 -0.6906674 0.7103261
vn -0.3906448 -0.8150365 0.4279161
vn -0.4768524 -0.8779728 0.0421368
vn -0.4067793 -0.9123665 0.0460212
vn -0.3082403 -0.8980369 -0.3138752
vn -0.0571419 -0.8145036 -0.5773376
vn 0.2792343 -0.6841492 -0.6737715
vn 0.6107564 -0.5419021 -0.5773376
vn 0.8485935 -0.4258773 -0.3138752
vn 0.9290172 -0.3671635 0.0460212
vn 0.8304781 -0.3814931 0.4059176
vn 0.5793797 -0.4650264 0.6693800
vn 0.2430036 -0.5953808 0.7658139
vn -0.0885185 -0.7376279 0.6693800
vn -0.3263556 -0.8536527 0.4059176
vn -0.4067793 -0.9123665 0.0460212
vn -0.4459604 -0.8939754 0.0439011
vn -0.3434155 -0.8790633 -0.3306260
vn -0.0821093 -0.7921341 -0.6047988
vn 0.2679413 -0.6564805 -0.7051530
vn 0.6129407 -0.5084507 -0.6047988
vn 0.8604464 -0.3877092 -0.3306260
vn 0.9441396 -0.3266086 0.0439011
vn 0.8415946 -0.3415207 0.4184281
vn 0.5802885 -0.4284498 0.6926009
vn 0.2302378 -0.5641034 0.7929551
vn -0.1147615 -0.7121332 0.6926009
vn -0.3622673 -0.8328747 0.4184281
vn -0.4459604 -0.8939754 0.0439011
vn 0.3770497 -0.9238059 0.0664535
vn -0.9800055 -0.1984748 -0.0140357
vn -0.8430615 -0.1861343 -0.5045804
vn -0.4976555 -0.0799299 -0.8636841
vn -0.0363389 0.0916810 -0.9951252
vn 0.4172790 0.2827154 -0.8636841
vn 0.7416516 0.4419858 -0.5045804
vn 0.8498636 0.5268158 -0.0140357
vn 0.7129195 0.5144753 0.4765091
vn 0.3675136 0.4082709 0.8356127
vn -0.0938030 0.2366600 0.9670538
vn -0.5474209 0.0456256 0.8356127
vn -0.8717935 -0.1136448 0.4765091
vn -0.9800055 -0.1984748 -0.0140357
vn -0.8792525 -0.4762624 0.0094398
vn -0.7410988 -0.4638129 -0.4854381
vn -0.3926418 -0.3566704 -0.8477138
vn 0.0727497 -0.1835436 -0.9803159
vn 0.5303745 0.0091783 -0.8477138
vn 0.8576124 0.1698555 -0.4854381
vn 0.9667802 0.2554349 0.0094398
vn 0.8286265 0.2429853 0.5043176
vn 0.4801695 0.1358428 0.8665933
vn 0.0147779 -0.0372840 0.9991954
vn -0.4428469 -0.2300058 0.8665933
vn -0.7700847 -0.3906831 0.5043176
vn -0.8792525 -0.4762624 0.0094398
vn -0.6198776 -0.7836911 0.0397507
vn -0.4995129 -0.7728446 -0.3914052
vn -0.1959242 -0.6794980 -0.7070333
vn 0.2095422 -0.5286636 -0.8225612
vn 0.6082419 -0.3607571 -0.7070333
vn 0.8933437 -0.2207691 -0.3914052
vn 0.9884547 -0.1462092 0.0397507
vn 0.8680901 -0.1570557 0.4709067
vn 0.5645014 -0.2504023 0.7865347
vn 0.1590350 -0.4012367 0.9020626
vn -0.2396647 -0.5691432 0.7865347
vn -0.5247665 -0.7091312 0.4709067
vn -0.6198776 -0.7836911 0.0397507
vn -0.4859524 -0.8725402 0.0502376
vn -0.3783562 -0.8628443 -0.3351809
vn -0.1069725 -0.7794001 -0.6173268
vn 0.2554816 -0.6445663 -0.7205994
vn 0.6118869 -0.4944715 -0.6173268
vn 0.8667448 -0.3693336 -0.3351809
vn 0.9517663 -0.3026831 0.0502376
vn 0.8441701 -0.3123790 0.4356561
vn 0.5727864 -0.3958232 0.7178020
vn 0.2103323 -0.5306570 0.8210746
vn -0.1460730 -0.6807518 0.7178020
vn -0.4009308 -0.8058897 0.4356561
vn -0.4859524 -0.8725402 0.0502376
vn -0.4162520 -0.9075923 0.0548687
vn -0.3158746 -0.8985469 -0.3046911
vn -0.0626988 -0.8207011 -0.5679071
vn 0.2754374 -0.6949137 -0.6642509
vn 0.6079305 -0.5548892 -0.5679071
vn 0.8456894 -0.4381470 -0.3046911
vn 0.9250066 -0.3759683 0.0548687
vn 0.8246293 -0.3850136 0.4144285
vn 0.5714534 -0.4628594 0.6776445
vn 0.2333173 -0.5886469 0.7739883
vn -0.0991759 -0.7286714 0.6776445
vn -0.3369347 -0.8454135 0.4144285
vn -0.4162520 -0.9075923 0.0548687
vn -0.4552335 -0.8888323 0.0523410
vn -0.3507756 -0.8794192 -0.3218358
vn -0.0873075 -0.7984088 -0.5957522
vn 0.2645747 -0.6675078 -0.6960126
vn 0.6105846 -0.5217909 -0.5957522
vn 0.8580089 -0.4003030 -0.3218358
vn 0.9405506 -0.3355965 0.0523410
vn 0.8360927 -0.3450096 0.4265178
vn 0.5726246 -0.4260199 0.7004342
vn 0.2207423 -0.5569210 0.8006946
vn -0.1252675 -0.7026379 0.7004342
vn -0.3726918 -0.8241258 0.4265178
vn -0.4552335 -0.8888323 0.0523410
vn 0.3673150 -0.9267159 0.0792292
vn -0.9811608 -0.1926723 -0.0141750
vn -0.8440055 -0.1815044 -0.5046888
vn -0.4978732 -0.0776134 -0.8637699
vn -0.0355098 0.0911631 -0.9952027
vn 0.4191950 0.2796018 -0.8637699
vn 0.7444032 0.4372106 -0.5046888
vn 0.8529756 0.5217582 -0.0141750
vn 0.7158204 0.5105904 0.4763388
vn 0.3696881 0.4066994 0.8354198
vn -0.0926754 0.2379228 0.9668526
vn -0.5473801 0.0494842 0.8354198
vn -0.8725883 -0.1081246 0.4763388
vn -0.9811608 -0.1926723 -0.0141750
vn -0.8820631 -0.4710349 0.0095335
vn -0.7436963 -0.4597684 -0.4853132
vn -0.3945065 -0.3549597 -0.8475660
vn 0.0719411 -0.1846923 -0.9801598
vn 0.5306624 0.0054109 -0.8475660
vn 0.8587432 0.1644118 -0.4853132
vn 0.9682747 0.2497063 0.0095335
vn 0.8299079 0.2384398 0.5043801
vn 0.4807181 0.1336312 0.8666330
vn 0.0142705 -0.0366363 0.9992268
vn -0.4444507 -0.2267395 0.8666330
vn -0.7725316 -0.3857404 0.5043801
vn -0.8820631 -0.4710349 0.0095335
vn -0.6245238 -0.7799733 0.0401453
vn -0.5039735 -0.7701575 -0.3909835
vn -0.1997464 -0.6788443 -0.7065916
vn 0.2066401 -0.5305010 -0.8221122
vn 0.6062951 -0.3648761 -0.7065916
vn 0.8921313 -0.2263485 -0.3909835
vn 0.9875592 -0.1520368 0.0401453
vn 0.8670089 -0.1618526 0.4712741
vn 0.5627818 -0.2531658 0.7868823
vn 0.1563953 -0.4015091 0.9024029
vn -0.2432597 -0.5671341 0.7868823
vn -0.5290959 -0.7056616 0.4712741
vn -0.6245238 -0.7799733 0.0401453
vn -0.4911307 -0.8696071 0.0507363
vn -0.3833685 -0.8608325 -0.3346579
vn -0.1114142 -0.7792059 -0.6167860
vn 0.2518624 -0.6465990 -0.7200521
vn 0.6091216 -0.4985438 -0.6167860
vn 0.8646360 -0.3747114 -0.3346579
vn 0.9499408 -0.3082827 0.0507363
vn 0.8421787 -0.3170572 0.4361305
vn 0.5702243 -0.3986838 0.7182586
vn 0.2069477 -0.5312907 0.8215247
vn -0.1503115 -0.6793460 0.7182586
vn -0.4058259 -0.8031784 0.4361305
vn -0.4911307 -0.8696071 0.0507363
vn -0.4216406 -0.9050683 0.0554134
vn -0.3211085 -0.8968824 -0.3041237
vn -0.0674002 -0.8207324 -0.5673232
vn 0.2715033 -0.6970224 -0.6636609
vn 0.6047930 -0.5589005 -0.5673232
vn 0.8431644 -0.4433764 -0.3041237
vn 0.9227459 -0.3814045 0.0554134
vn 0.8222137 -0.3895904 0.4149505
vn 0.5685054 -0.4657404 0.6781500
vn 0.2296020 -0.5894504 0.7744877
vn -0.1036878 -0.7275723 0.6781500
vn -0.3420591 -0.8430964 0.4149505
vn -0.4216406 -0.9050683 0.0554134
vn -0.4605095 -0.8860794 0.0528606
vn -0.3558905 -0.8775608 -0.3212926
vn -0.0918684 -0.7983151 -0.5951918
vn 0.2608124 -0.6695760 -0.6954458
vn 0.6076512 -0.5258391 -0.5951918
vn 0.8557129 -0.4056186 -0.3212926
vn 0.9385296 -0.3411275 0.0528606
vn 0.8339106 -0.3496460 0.4270138
vn 0.5698884 -0.4288918 0.7009130
vn 0.2172077 -0.5576309 0.8011670
vn -0.1296311 -0.7013678 0.7009130
vn -0.3776929 -0.8215883 0.4270138
vn -0.4605095 -0.8860794 0.0528606
vn 0.3617922 -0.9288185 0.0800157
vn -0.9813923 -0.1916203 -0.0122823
vn -0.8461302 -0.1756803 -0.5031898
vn -0.5012943 -0.0685263 -0.8625591
vn -0.0392829 0.1011300 -0.9940974
vn 0.4161084 0.2878292 -0.8625591
vn 0.7428577 0.4415454 -0.5031898
vn 0.8534130 0.5210906 -0.0122823
vn 0.7181510 0.5051506 0.4786252
vn 0.3733150 0.3979965 0.8379944
vn -0.0886964 0.2283402 0.9695327
vn -0.5440876 0.0416410 0.8379944
vn -0.8708370 -0.1120752 0.4786252
vn -0.9813923 -0.1916203 -0.0122823
vn -0.8824697 -0.4702967 0.0082605
vn -0.7460129 -0.4542159 -0.4869833
vn -0.3981309 -0.3461153 -0.8495269
vn 0.0679616 -0.1749605 -0.9822271
vn 0.5273754 0.0133879 -0.8495269
vn 0.8570110 0.1684619 -0.4869833
vn 0.9685428 0.2487097 0.0082605
vn 0.8320860 0.2326289 0.5035044
vn 0.4842040 0.1245283 0.8660480
vn 0.0181116 -0.0466265 0.9987482
vn -0.4413022 -0.2349749 0.8660480
vn -0.7709379 -0.3900489 0.5035044
vn -0.8824697 -0.4702967 0.0082605
vn -0.6251093 -0.7797617 0.0347850
vn -0.5062230 -0.7657515 -0.3966898
vn -0.2031353 -0.6715703 -0.7125513
vn 0.2029417 -0.5224538 -0.8281646
vn 0.6032001 -0.3583577 -0.7125513
vn 0.8903909 -0.2232515 -0.3966898
vn 0.9875616 -0.1533366 0.0347850
vn 0.8686753 -0.1673468 0.4662598
vn 0.5655876 -0.2615280 0.7821213
vn 0.1595106 -0.4106445 0.8977346
vn -0.2407478 -0.5747406 0.7821213
vn -0.5279386 -0.7098469 0.4662598
vn -0.6251093 -0.7797617 0.0347850
vn -0.4917620 -0.8696192 0.0439618
vn -0.3854873 -0.8570952 -0.3417417
vn -0.1145514 -0.7729048 -0.6240962
vn 0.2484486 -0.6396068 -0.7274452
vn 0.6062471 -0.4929182 -0.6240962
vn 0.8629724 -0.3721441 -0.3417417
vn 0.9498351 -0.3096459 0.0439618
vn 0.8435605 -0.3221699 0.4296654
vn 0.5726246 -0.4063603 0.7120199
vn 0.2096246 -0.5396583 0.8153689
vn -0.1481739 -0.6863469 0.7120199
vn -0.4048992 -0.8071210 0.4296654
vn -0.4917620 -0.8696192 0.0439618
vn -0.4222882 -0.9051891 0.0480144
vn -0.3231437 -0.8935054 -0.3118113
vn -0.0703857 -0.8149635 -0.5752220
vn 0.2682598 -0.6906088 -0.6716370
vn 0.6020527 -0.5537619 -0.5752220
vn 0.8415537 -0.4410908 -0.3118113
vn 0.9225886 -0.3827858 0.0480144
vn 0.8234441 -0.3944695 0.4078402
vn 0.5706860 -0.4730114 0.6712509
vn 0.2320406 -0.5973661 0.7676659
vn -0.1017523 -0.7342130 0.6712509
vn -0.3412533 -0.8468840 0.4078402
vn -0.4222882 -0.9051891 0.0480144
vn -0.4611485 -0.8861400 0.0458025
vn -0.3579736 -0.8739813 -0.3286510
vn -0.0949403 -0.7922466 -0.6027700
vn 0.2574719 -0.6628365 -0.7031046
vn 0.6048344 -0.5204264 -0.6027700
vn 0.8540717 -0.4031750 -0.3286510
vn 0.9384008 -0.3424997 0.0458025
vn 0.8352259 -0.3546584 0.4202560
vn 0.5721926 -0.4363932 0.6943750
vn 0.2197804 -0.5658033 0.7947095
vn -0.1275821 -0.7082133 0.6943750
vn -0.3768194 -0.8254647 0.4202560
vn -0.4611485 -0.8861400 0.0458025
vn 0.3612111 -0.9299030 0.0693318
vn -0.9806799 -0.1954427 -0.0083165
vn -0.8495155 -0.1686941 -0.4998656
vn -0.5080743 -0.0526167 -0.8597046
vn -0.0478452 0.1216866 -0.9914148
vn 0.4078539 0.3075114 -0.8597046
vn 0.7369188 0.4550660 -0.4998656
vn 0.8511767 0.5248134 -0.0083165
vn 0.7200124 0.4980647 0.4832326
vn 0.3785712 0.3819873 0.8430715
vn -0.0816580 0.2076840 0.9747817
vn -0.5373571 0.0218593 0.8430715
vn -0.8664219 -0.1256954 0.4832326
vn -0.9806799 -0.1954427 -0.0083165
vn -0.8804698 -0.4740692 0.0055933
vn -0.7481469 -0.4470842 -0.4902977
vn -0.4036897 -0.3299815 -0.8533152
vn 0.0606048 -0.1541386 -0.9861888
vn 0.5203292 0.0333276 -0.8533152
vn 0.8523007 0.1821857 -0.4902977
vn 0.9675679 0.2525491 0.0055933
vn 0.8352450 0.2255642 0.5014844
vn 0.4907878 0.1084615 0.8645019
vn 0.0264933 -0.0673815 0.9973755
vn -0.4332311 -0.2548477 0.8645019
vn -0.7652027 -0.4037057 0.5014844
vn -0.8804698 -0.4740692 0.0055933
vn -0.6216555 -0.7829366 0.0235534
vn -0.5063709 -0.7594263 -0.4084853
vn -0.2062669 -0.6574021 -0.7247596
vn 0.1982437 -0.5042011 -0.8405240
vn 0.5987726 -0.3408736 -0.7247596
vn 0.8879986 -0.2111830 -0.4084853
vn 0.9884236 -0.1498797 0.0235534
vn 0.8731390 -0.1733900 0.4555921
vn 0.5730351 -0.2754142 0.7718664
vn 0.1685245 -0.4286152 0.8876309
vn -0.2320045 -0.5919427 0.7718664
vn -0.5212304 -0.7216333 0.4555921
vn -0.6216555 -0.7829366 0.0235534
vn -0.4878763 -0.8724051 0.0297672
vn -0.3848212 -0.8513888 -0.3564404
vn -0.1165526 -0.7601874 -0.6391640
vn 0.2450471 -0.6232382 -0.7426480
vn 0.6030875 -0.4772366 -0.6391640
vn 0.8616321 -0.3613037 -0.3564404
vn 0.9514040 -0.3065035 0.0297672
vn 0.8483488 -0.3275198 0.4159748
vn 0.5800802 -0.4187212 0.6986984
vn 0.2184805 -0.5556704 0.8021824
vn -0.1395599 -0.7016720 0.6986984
vn -0.3981045 -0.8176049 0.4159748
vn -0.4878763 -0.8724051 0.0297672
vn -0.4182289 -0.9077597 0.0325113
vn -0.3220880 -0.8881534 -0.3277847
vn -0.0718182 -0.8030710 -0.5915397
vn 0.2655209 -0.6753100 -0.6880807
vn 0.5995395 -0.5391041 -0.5915397
vn 0.8407377 -0.4309494 -0.3277847
vn 0.9244865 -0.3798259 0.0325113
vn 0.8283456 -0.3994321 0.3928072
vn 0.5780758 -0.4845146 0.6565622
vn 0.2407368 -0.6122756 0.7531032
vn -0.0932819 -0.7484815 0.6565622
vn -0.3344800 -0.8566362 0.3928072
vn -0.4182289 -0.9077597 0.0325113
vn -0.4571825 -0.8888320 0.0310135
vn -0.3571332 -0.8684287 -0.3439294
vn -0.0966894 -0.7798874 -0.6184067
vn 0.2543634 -0.6469327 -0.7188723
vn 0.6019607 -0.5051896 -0.6184067
vn 0.8529642 -0.3926382 -0.3439294
vn 0.9401176 -0.3394364 0.0310135
vn 0.8400683 -0.3598397 0.4059564
vn 0.5796245 -0.4483810 0.6804337
vn 0.2285717 -0.5813357 0.7808993
vn -0.1190256 -0.7230788 0.6804337
vn -0.3700291 -0.8356302 0.4059564
vn -0.4571825 -0.8888320 0.0310135
vn 0.3655122 -0.9296219 0.0469455
vn -0.9790571 -0.2035748 -0.0021188
vn -0.8545592 -0.1597478 -0.4941753
vn -0.5188245 -0.0290924 -0.8543856
vn -0.0618129 0.1533824 -0.9862317
vn 0.3940198 0.3387826 -0.8543856
vn 0.7265336 0.4774304 -0.4941753
vn 0.8466316 0.5321752 -0.0021188
vn 0.7221337 0.4883482 0.4899377
vn 0.3863990 0.3576928 0.8501480
vn -0.0706126 0.1752180 0.9819941
vn -0.5264453 -0.0101822 0.8501480
vn -0.8589591 -0.1488300 0.4899377
vn -0.9790571 -0.2035748 -0.0021188
vn -0.8763759 -0.4816256 0.0014250
vn -0.7507783 -0.4374114 -0.4949779
vn -0.4120780 -0.3056019 -0.8583701
vn 0.0489705 -0.1215153 -0.9913808
vn 0.5088297 0.0655226 -0.8583701
vn 0.8442806 0.2053951 -0.4949779
vn 0.9654395 0.2606235 0.0014250
vn 0.8398419 0.2164094 0.4978279
vn 0.5011416 0.0845999 0.8612201
vn 0.0400930 -0.0994868 0.9942308
vn -0.4197661 -0.2865247 0.8612201
vn -0.7552171 -0.4263972 0.4978279
vn -0.8763759 -0.4816256 0.0014250
vn -0.6148067 -0.7886550 0.0060007
vn -0.5053814 -0.7501340 -0.4264840
vn -0.2102931 -0.6352967 -0.7430847
vn 0.1913895 -0.4749136 -0.8589687
vn 0.5920359 -0.3119592 -0.7430847
vn 0.8842932 -0.1900971 -0.4264840
vn 0.9898513 -0.1419800 0.0060007
vn 0.8804260 -0.1805010 0.4384853
vn 0.5853378 -0.2953384 0.7550861
vn 0.1836551 -0.4557215 0.8709700
vn -0.2169913 -0.6186759 0.7550861
vn -0.5092486 -0.7405380 0.4384853
vn -0.6148067 -0.7886550 0.0060007
vn -0.4802233 -0.8771135 0.0075837
vn -0.3824060 -0.8426788 -0.3790225
vn -0.1186209 -0.7400236 -0.6620379
vn 0.2404508 -0.5966540 -0.7656288
vn 0.5985962 -0.4509860 -0.6620379
vn 0.8598505 -0.3420512 -0.3790225
vn 0.9542109 -0.2990385 0.0075837
vn 0.8563936 -0.3334731 0.3941900
vn 0.5926086 -0.4361284 0.6772054
vn 0.2335369 -0.5794979 0.7807962
vn -0.1246086 -0.7251659 0.6772054
vn -0.3858629 -0.8341008 0.3941900
vn -0.4802233 -0.8771135 0.0075837
vn -0.4102563 -0.9119327 0.0082828
vn -0.3190017 -0.8798083 -0.3523850
vn -0.0729147 -0.7840404 -0.6164122
vn 0.2620660 -0.6502899 -0.7130529
vn 0.5961825 -0.5143952 -0.6164122
vn 0.8399086 -0.4127690 -0.3523850
vn 0.9279382 -0.3726421 0.0082828
vn 0.8366836 -0.4047665 0.3689507
vn 0.5905966 -0.5005344 0.6329779
vn 0.2556159 -0.6342848 0.7296186
vn -0.0785006 -0.7701796 0.6329779
vn -0.3222268 -0.8718058 0.3689507
vn -0.4102563 -0.9119327 0.0082828
vn -0.4493812 -0.8933052 0.0079012
vn -0.3544169 -0.8598749 -0.3674287
vn -0.0983259 -0.7602138 -0.6421892
vn 0.2502726 -0.6210260 -0.7427586
vn 0.5979718 -0.4796068 -0.6421892
vn 0.8516061 -0.3738493 -0.3674287
vn 0.9432142 -0.3320911 0.0079012
vn 0.8482500 -0.3655214 0.3832312
vn 0.5921589 -0.4651825 0.6579917
vn 0.2435604 -0.6043703 0.7585611
vn -0.1041388 -0.7457895 0.6579917
vn -0.3577730 -0.8515470 0.3832312
vn -0.4493812 -0.8933052 0.0079012
vn 0.3737604 -0.9274482 0.0119602
vn -0.9766640 -0.2146719 0.0065888
vn -0.8619595 -0.1471165 -0.4851624
vn -0.5345178 0.0036533 -0.8451493
vn -0.0820768 0.1972388 -0.9769136
vn 0.3741324 0.3817691 -0.8451493
vn 0.7118689 0.5077992 -0.4851624
vn 0.8406365 0.5415596 0.0065888
vn 0.7259320 0.4740043 0.4983400
vn 0.3984903 0.3232345 0.8583268
vn -0.0539507 0.1296489 0.9900911
vn -0.5101599 -0.0548813 0.8583268
vn -0.8478964 -0.1809114 0.4983400
vn -0.9766640 -0.2146719 0.0065888
vn -0.8709335 -0.4913808 -0.0044313
vn -0.7552158 -0.4232287 -0.5005262
vn -0.4248818 -0.2711271 -0.8636930
vn 0.0315557 -0.0758316 -0.9966212
vn 0.4917948 0.1103286 -0.8636930
vn 0.8325146 0.2374720 -0.5005262
vn 0.9624196 0.2715307 -0.0044313
vn 0.8467019 0.2033785 0.4916636
vn 0.5163679 0.0512770 0.8548303
vn 0.0599303 -0.1440186 0.9877586
vn -0.4003087 -0.3301788 0.8548303
vn -0.7410285 -0.4573222 0.4916636
vn -0.8709335 -0.4913808 -0.0044313
vn -0.6060198 -0.7952307 -0.0186601
vn -0.5052022 -0.7358540 -0.4508765
vn -0.2174029 -0.6033375 -0.7672808
vn 0.1802624 -0.4331888 -0.8830928
vn 0.5812398 -0.2709991 -0.7672808
vn 0.8780875 -0.1602270 -0.4508765
vn 0.9912656 -0.1305539 -0.0186601
vn 0.8904480 -0.1899305 0.4135562
vn 0.6026488 -0.3224470 0.7299605
vn 0.2049834 -0.4925958 0.8457726
vn -0.1959939 -0.6547855 0.7299605
vn -0.4928417 -0.7655575 0.4135562
vn -0.6060198 -0.7952307 -0.0186601
vn -0.4704818 -0.8820945 -0.0235830
vn -0.3803591 -0.8290166 -0.4099494
vn -0.1230899 -0.7105575 -0.6927892
vn 0.2323907 -0.5584584 -0.7963158
vn 0.5908320 -0.4134739 -0.6927892
vn 0.8561898 -0.3144527 -0.4099494
vn 0.9573619 -0.2879273 -0.0235830
vn 0.8672391 -0.3410052 0.3627834
vn 0.6099699 -0.4594642 0.6456232
vn 0.2544893 -0.6115634 0.7491498
vn -0.1039520 -0.7565478 0.6456232
vn -0.3693098 -0.8555691 0.3627834
vn -0.4704818 -0.8820945 -0.0235830
vn -0.4001417 -0.9160913 -0.0257570
vn -0.3160655 -0.8665745 -0.3862011
vn -0.0760571 -0.7560632 -0.6500645
vn 0.2555734 -0.6141687 -0.7466452
vn 0.5899660 -0.4789116 -0.6500645
vn 0.8375203 -0.3865340 -0.3862011
vn 0.9319044 -0.3617882 -0.0257570
vn 0.8478282 -0.4113050 0.3346871
vn 0.6078199 -0.5218163 0.5985505
vn 0.2761893 -0.6637108 0.6951312
vn -0.0582032 -0.7989679 0.5985505
vn -0.3057575 -0.8913455 0.3346871
vn -0.4001417 -0.9160913 -0.0257570
vn -0.4394659 -0.8979232 -0.0245704
vn -0.3519718 -0.8463934 -0.3996674
vn -0.1022065 -0.7313895 -0.6742575
vn 0.2429056 -0.5837267 -0.7747645
vn 0.5908920 -0.4429711 -0.6742575
vn 0.8485101 -0.3468380 -0.3996674
vn 0.9467312 -0.3210863 -0.0245704
vn 0.8592371 -0.3726161 0.3505267
vn 0.6094717 -0.4876200 0.6251168
vn 0.2643596 -0.6352828 0.7256237
vn -0.0836268 -0.7760384 0.6251168
vn -0.3412448 -0.8721714 0.3505267
vn -0.4394659 -0.8979232 -0.0245704
vn 0.3839266 -0.9226143 -0.0371925
vn -0.9739048 -0.2262358 0.0180801
vn -0.8725470 -0.1280787 -0.4714420
vn -0.5560154 0.0477890 -0.8297970
vn -0.1091242 0.2542438 -0.9609641
vn 0.3483823 0.4359663 -0.8297970
vn 0.6939157 0.5442641 -0.4714420
vn 0.8348906 0.5501188 0.0180801
vn 0.7335329 0.4519618 0.5076022
vn 0.4170012 0.2760940 0.8659573
vn -0.0298899 0.0696392 0.9971244
vn -0.4873965 -0.1120833 0.8659573
vn -0.8329299 -0.2203810 0.5076022
vn -0.9739048 -0.2262358 0.0180801
vn -0.8656391 -0.5005208 -0.0121599
vn -0.7633860 -0.4014967 -0.5060061
vn -0.4440584 -0.2240755 -0.8675265
vn 0.0067803 -0.0157970 -0.9998522
vn 0.4683281 0.1675307 -0.8675265
vn 0.8169136 0.2767850 -0.5060061
vn 0.9591338 0.2826915 -0.0121599
vn 0.8568807 0.1836674 0.4816863
vn 0.5375531 0.0062462 0.8432068
vn 0.0867145 -0.2020323 0.9755324
vn -0.3748333 -0.3853600 0.8432068
vn -0.7234189 -0.4946144 0.4816863
vn -0.8656391 -0.5005208 -0.0121599
vn -0.5980528 -0.7998193 -0.0512051
vn -0.5089661 -0.7135458 -0.4814622
vn -0.2307560 -0.5589698 -0.7964323
vn 0.1620313 -0.3775099 -0.9117193
vn 0.5641489 -0.2177880 -0.7964323
vn 0.8678497 -0.1226015 -0.4814622
vn 0.9917571 -0.1174556 -0.0512051
vn 0.9026705 -0.2037291 0.3790521
vn 0.6244604 -0.3583050 0.6940221
vn 0.2316730 -0.5397650 0.8093092
vn -0.1704446 -0.6994869 0.6940221
vn -0.4741453 -0.7946734 0.3790521
vn -0.5980528 -0.7998193 -0.0512051
vn -0.4617956 -0.8846225 -0.0647138
vn -0.3821594 -0.8075010 -0.4493288
vn -0.1334621 -0.6693226 -0.7308865
vn 0.2176580 -0.5071121 -0.8339438
vn 0.5771186 -0.3643337 -0.7308865
vn 0.8486024 -0.2792447 -0.4493288
vn 0.9593656 -0.2746446 -0.0647138
vn 0.8797294 -0.3517661 0.3199012
vn 0.6310321 -0.4899445 0.6014589
vn 0.2799120 -0.6521550 0.7045162
vn -0.0795485 -0.7949334 0.6014589
vn -0.3510324 -0.8800224 0.3199012
vn -0.4617956 -0.8846225 -0.0647138
vn -0.3911869 -0.9175932 -0.0706794
vn -0.3168936 -0.8456460 -0.4294896
vn -0.0848821 -0.7167383 -0.6921569
vn 0.2426805 -0.5654109 -0.7882999
vn 0.5780239 -0.4322119 -0.6921569
vn 0.8312932 -0.3528317 -0.4294896
vn 0.9346251 -0.3485403 -0.0706794
vn 0.8603319 -0.4204875 0.2881308
vn 0.6283203 -0.5493951 0.5507981
vn 0.3007577 -0.7007225 0.6469411
vn -0.0345857 -0.8339216 0.5507981
vn -0.2878550 -0.9133018 0.2881308
vn -0.3911869 -0.9175932 -0.0706794
vn -0.4306534 -0.8999954 -0.0674233
vn -0.3533399 -0.8251234 -0.4408201
vn -0.1118965 -0.6909753 -0.7141655
vn 0.2289823 -0.5334961 -0.8142168
vn 0.5779583 -0.3948821 -0.7141655
vn 0.8415236 -0.3122750 -0.4408201
vn 0.9490562 -0.3078091 -0.0674233
vn 0.8717427 -0.3826812 0.3059735
vn 0.6302993 -0.5168292 0.5793189
vn 0.2894205 -0.6743084 0.6793702
vn -0.0595555 -0.8129224 0.5793189
vn -0.3231208 -0.8955296 0.3059735
vn -0.4306534 -0.8999954 -0.0674233
vn 0.3923561 -0.9141338 -0.1020594
vn -0.9716582 -0.2341756 0.0322831
vn -0.8867010 -0.0992318 -0.4515687
vn -0.5828288 0.1050749 -0.8057728
vn -0.1414638 0.3240007 -0.9354205
vn 0.3191305 0.4988846 -0.8057728
vn 0.6755384 0.5828667 -0.4515687
vn 0.8322606 0.5534439 0.0322831
vn 0.7473034 0.4185002 0.5161349
vn 0.4434312 0.2141934 0.8703390
vn 0.0020662 -0.0047324 0.9999867
vn -0.4585281 -0.1796163 0.8703390
vn -0.8149360 -0.2635984 0.5161349
vn -0.9716582 -0.2341756 0.0322831
vn -0.8630503 -0.5046512 -0.0217122
vn -0.7773427 -0.3685154 -0.5098379
vn -0.4707863 -0.1624040 -0.8671708
vn -0.0255226 0.0584556 -0.9979637
vn 0.4391403 0.2348843 -0.8671708
vn 0.7986964 0.3196082 -0.5098379
vn 0.9568029 0.2899256 -0.0217122
vn 0.8710953 0.1537898 0.4664136
vn 0.5645389 -0.0523216 0.8237465
vn 0.1192753 -0.2731813 0.9545394
vn -0.3453876 -0.4496100 0.8237465
vn -0.7049437 -0.5343339 0.4664136
vn -0.8630503 -0.5046512 -0.0217122
vn -0.5953666 -0.7982351 -0.0914295
vn -0.5206950 -0.6796285 -0.5167028
vn -0.2536117 -0.5000566 -0.8280244
vn 0.1343185 -0.3076355 -0.9419761
vn 0.5391501 -0.1539242 -0.8280244
vn 0.8524088 -0.0801096 -0.5167028
vn 0.9901570 -0.1059703 -0.0914295
vn 0.9154854 -0.2245768 0.3338438
vn 0.6484021 -0.4041487 0.6451655
vn 0.2604719 -0.5965698 0.7591171
vn -0.1443597 -0.7502811 0.6451655
vn -0.4576184 -0.8240957 0.3338438
vn -0.5953666 -0.7982351 -0.0914295
vn -0.4591935 -0.8807891 -0.1155501
vn -0.3924432 -0.7747645 -0.4957099
vn -0.1536923 -0.6142418 -0.7740063
vn 0.1930859 -0.4422329 -0.8758698
vn 0.5549725 -0.3048274 -0.7740063
vn 0.8350004 -0.2388432 -0.4957099
vn 0.9581362 -0.2619605 -0.1155501
vn 0.8913858 -0.3679851 0.2646098
vn 0.6526349 -0.5285079 0.5429061
vn 0.3058567 -0.7005168 0.6447697
vn -0.0560299 -0.8379222 0.5429061
vn -0.3360577 -0.9039064 0.2646098
vn -0.4591935 -0.8807891 -0.1155501
vn -0.3886501 -0.9127016 -0.1262020
vn -0.3263782 -0.8137904 -0.4808560
vn -0.1036457 -0.6640375 -0.7404807
vn 0.2198663 -0.5035692 -0.8355100
vn 0.5574730 -0.3753826 -0.7404807
vn 0.8187131 -0.3138254 -0.4808560
vn 0.9335874 -0.3353917 -0.1262020
vn 0.8713155 -0.4343029 0.2284520
vn 0.6485830 -0.5840557 0.4880768
vn 0.3250711 -0.7445241 0.5831060
vn -0.0125357 -0.8727107 0.4880768
vn -0.2737758 -0.9342679 0.2284520
vn -0.3886501 -0.9127016 -0.1262020
vn -0.4280784 -0.8956872 -0.1203880
vn -0.3632750 -0.7927550 -0.4894596
vn -0.1314879 -0.6369144 -0.7596387
vn 0.2051756 -0.4699225 -0.8585312
vn 0.5565069 -0.3365249 -0.7596387
vn 0.8283671 -0.2724652 -0.4894596
vn 0.9479113 -0.2949082 -0.1203880
vn 0.8831079 -0.3978404 0.2486835
vn 0.6513208 -0.5536811 0.5188627
vn 0.3146572 -0.7206729 0.6177551
vn -0.0366741 -0.8540706 0.5188627
vn -0.3085342 -0.9181302 0.2486835
vn -0.4280784 -0.8956872 -0.1203880
vn 0.3934385 -0.9011090 -0.1822328
vn -0.9712905 -0.2328627 0.0486801
vn -0.9036777 -0.0565121 -0.4244679
vn -0.6119788 0.1768991 -0.7708363
vn -0.1743543 0.4048285 -0.8976160
vn 0.2919346 0.5662027 -0.7708363
vn 0.6619463 0.6177816 -0.4244679
vn 0.8365364 0.5457446 0.0486801
vn 0.7689236 0.3693940 0.5218282
vn 0.4772247 0.1359828 0.8681966
vn 0.0396002 -0.0919466 0.9949762
vn -0.4266887 -0.2533208 0.8681966
vn -0.7967004 -0.3048997 0.5218282
vn -0.9712905 -0.2328627 0.0486801
vn -0.8665831 -0.4979577 -0.0327401
vn -0.7983731 -0.3200493 -0.5100675
vn -0.5040975 -0.0845764 -0.8594955
vn -0.0626074 0.1453664 -0.9873950
vn 0.4078004 0.3081661 -0.8594955
vn 0.7810804 0.3602006 -0.5100675
vn 0.9572127 0.2875272 -0.0327401
vn 0.8890027 0.1096189 0.4445874
vn 0.5947271 -0.1258540 0.7940154
vn 0.1532370 -0.3557968 0.9219149
vn -0.3171708 -0.5185965 0.7940154
vn -0.6904508 -0.5706310 0.4445874
vn -0.8665831 -0.4979577 -0.0327401
vn -0.6036596 -0.7852309 -0.1378678
vn -0.5442325 -0.6302305 -0.5537332
vn -0.2878487 -0.4250778 -0.8581678
vn 0.0967939 -0.2247430 -0.9695986
vn 0.5066306 -0.0829059 -0.8581678
vn 0.8318461 -0.0375716 -0.5537332
vn 0.9852991 -0.1008873 -0.1378678
vn 0.9258719 -0.2558876 0.2779976
vn 0.6694882 -0.4610404 0.5824323
vn 0.2848456 -0.6613751 0.6938631
vn -0.1249912 -0.8032122 0.5824323
vn -0.4502066 -0.8485466 0.2779976
vn -0.6036596 -0.7852309 -0.1378678
vn -0.4690390 -0.8658192 -0.1742396
vn -0.4159160 -0.7272615 -0.5459896
vn -0.1867297 -0.5438715 -0.8181294
vn 0.1571096 -0.3647885 -0.9177396
vn 0.5234705 -0.2379976 -0.8181294
vn 0.8141867 -0.1974724 -0.5459896
vn 0.9513613 -0.2540715 -0.1742396
vn 0.8982382 -0.3926292 0.1975104
vn 0.6690519 -0.5760192 0.4696503
vn 0.3252126 -0.7551022 0.5692604
vn -0.0411482 -0.8818931 0.4696503
vn -0.3318645 -0.9224183 0.1975104
vn -0.4690390 -0.8658192 -0.1742396
vn -0.3991586 -0.8969156 -0.1903017
vn -0.3495998 -0.7676541 -0.5371101
vn -0.1357901 -0.5965682 -0.7909914
vn 0.1849801 -0.4295003 -0.8839185
vn 0.5267609 -0.3112161 -0.7909914
vn 0.7979723 -0.2734098 -0.5371101
vn 0.9259434 -0.3262116 -0.1903017
vn 0.8763846 -0.4554731 0.1565066
vn 0.6625749 -0.6265590 0.4103880
vn 0.3418047 -0.7936269 0.5033150
vn 0.0000239 -0.9119110 0.4103880
vn -0.2711875 -0.9497173 0.1565066
vn -0.3991586 -0.8969156 -0.1903017
vn -0.4382271 -0.8803420 -0.1815348
vn -0.3866535 -0.7458257 -0.5424418
vn -0.1641520 -0.5677847 -0.8066440
vn 0.1696584 -0.3939251 -0.9033488
vn 0.5253334 -0.2708324 -0.8066440
vn 0.8075702 -0.2314892 -0.5424418
vn 0.9407437 -0.2864374 -0.1815348
vn 0.8891701 -0.4209538 0.1793722
vn 0.6666686 -0.5989948 0.4435744
vn 0.3328582 -0.7728544 0.5402791
vn -0.0228168 -0.8959471 0.4435744
vn -0.3050536 -0.9352903 0.1793722
vn -0.4382271 -0.8803420 -0.1815348
vn 0.3803326 -0.8830837 -0.2747913
vn -0.9743021 -0.2153646 0.0659812
vn -0.9205076 0.0039160 -0.3907050
vn -0.6365293 0.2630072 -0.7250225
vn -0.1984590 0.4924857 -0.8473912
vn 0.2763227 0.6308630 -0.7250225
vn 0.6605986 0.6410609 -0.3907050
vn 0.8514021 0.5203470 0.0659812
vn 0.7976076 0.3010664 0.5226674
vn 0.5136293 0.0419752 0.8569848
vn 0.0755590 -0.1875034 0.9793535
vn -0.3992228 -0.3258806 0.8569848
vn -0.7834986 -0.3360785 0.5226674
vn -0.9743021 -0.2153646 0.0659812
vn -0.8795870 -0.4736639 -0.0443760
vn -0.8253173 -0.2524464 -0.5050962
vn -0.5388306 0.0089334 -0.8423668
vn -0.0968907 0.2404390 -0.9658164
vn 0.3820849 0.3800386 -0.8423668
vn 0.7697552 0.3903266 -0.5050962
vn 0.9622441 0.2685464 -0.0443760
vn 0.9079744 0.0473288 0.4163442
vn 0.6214877 -0.2140510 0.7536148
vn 0.1795478 -0.4455566 0.8770644
vn -0.2994278 -0.5851562 0.7536148
vn -0.6870981 -0.5954442 0.4163442
vn -0.8795870 -0.4736639 -0.0443760
vn -0.6283022 -0.7551936 -0.1868664
vn -0.5810204 -0.5624606 -0.5882630
vn -0.3314225 -0.3347368 -0.8821056
vn 0.0536119 -0.1330406 -0.9896595
vn 0.4709133 -0.0114162 -0.8821056
vn 0.8086660 -0.0024529 -0.5882630
vn 0.9763695 -0.1085524 -0.1868664
vn 0.9290877 -0.3012853 0.2145301
vn 0.6794898 -0.5290092 0.5083728
vn 0.2944554 -0.7307054 0.6159267
vn -0.1228460 -0.8523297 0.5083728
vn -0.4605987 -0.8612930 0.2145301
vn -0.6283022 -0.7551936 -0.1868664
vn -0.4972766 -0.8348306 -0.2361649
vn -0.4550106 -0.6625429 -0.5949809
vn -0.2318903 -0.4589763 -0.8576524
vn 0.1122993 -0.2786762 -0.9537969
vn 0.4853329 -0.1699539 -0.8576524
vn 0.7872565 -0.1619414 -0.5949809
vn 0.9371698 -0.2567858 -0.2361649
vn 0.8949037 -0.4290734 0.1226511
vn 0.6717835 -0.6326401 0.3853226
vn 0.3275939 -0.8129402 0.4814671
vn -0.0454397 -0.9216625 0.3853226
vn -0.3473633 -0.9296749 0.1226511
vn -0.4972766 -0.8348306 -0.2361649
vn -0.4288807 -0.8657543 -0.2579356
vn -0.3894504 -0.7050259 -0.5926777
vn -0.1812998 -0.5151171 -0.8377260
vn 0.1397973 -0.3469138 -0.9274198
vn 0.4878031 -0.2454859 -0.8377260
vn 0.7694699 -0.2380110 -0.5926777
vn 0.9093251 -0.3264920 -0.2579356
vn 0.8698948 -0.4872204 0.0768065
vn 0.6617442 -0.6771293 0.3218548
vn 0.3406472 -0.8453326 0.4115487
vn -0.0073587 -0.9467605 0.3218548
vn -0.2890254 -0.9542353 0.0768065
vn -0.4288807 -0.8657543 -0.2579356
vn -0.4671481 -0.8492530 -0.2460529
vn -0.4261148 -0.6819906 -0.5944031
vn -0.2095024 -0.4843614 -0.8494132
vn 0.1246481 -0.3093202 -0.9427533
vn 0.4868012 -0.2037691 -0.8494132
vn 0.7799184 -0.1959903 -0.5944031
vn 0.9254591 -0.2880683 -0.2460529
vn 0.8844259 -0.4553307 0.1022973
vn 0.6678135 -0.6529599 0.3573074
vn 0.3336630 -0.8280011 0.4506476
vn -0.0284901 -0.9335522 0.3573074
vn -0.3216073 -0.9413310 0.1022973
vn -0.4671481 -0.8492530 -0.2460529
vn 0.3468754 -0.8607881 -0.3724531
vn -0.9811042 -0.1751432 0.0822156
vn -0.9316011 0.0838767 -0.3536723
vn -0.6462906 0.3601342 -0.6727643
vn -0.2016213 0.5796065 -0.7895601
vn 0.2832580 0.6834860 -0.6727643
vn 0.6784242 0.6439383 -0.3536723
vn 0.8779928 0.4715603 0.0822156
vn 0.8284898 0.2125405 0.5181035
vn 0.5431792 -0.0637171 0.8371956
vn 0.0985099 -0.2831893 0.9539914
vn -0.3863693 -0.3870688 0.8371956
vn -0.7815355 -0.3475212 0.5181035
vn -0.9811042 -0.1751432 0.0822156
vn -0.9030854 -0.4258865 -0.0552946
vn -0.8531450 -0.1645786 -0.4950328
vn -0.5653143 0.1141191 -0.8169435
vn -0.1167171 0.3355300 -0.9347710
vn 0.3724452 0.4403271 -0.8169435
vn 0.7711020 0.4004302 -0.4950328
vn 0.9724335 0.2265295 -0.0552946
vn 0.9224931 -0.0347783 0.3844436
vn 0.6346624 -0.3134761 0.7063543
vn 0.1860652 -0.5348870 0.8241818
vn -0.3030971 -0.6396841 0.7063543
vn -0.7017539 -0.5997872 0.3844436
vn -0.9030854 -0.4258865 -0.0552946
vn -0.6709991 -0.7039486 -0.2328443
vn -0.6274892 -0.4762875 -0.6159606
vn -0.3767204 -0.2334757 -0.8964211
vn 0.0141141 -0.0405743 -0.9990768
vn 0.4402905 0.0507288 -0.8964211
vn 0.7876151 0.0159691 -0.6159606
vn 0.9630226 -0.1355396 -0.2328443
vn 0.9195127 -0.3632007 0.1502719
vn 0.6687438 -0.6060126 0.4307325
vn 0.2779093 -0.7989139 0.5333882
vn -0.1482670 -0.8902171 0.4307325
vn -0.4955916 -0.8554574 0.1502719
vn -0.6709991 -0.7039486 -0.2328443
vn -0.5458095 -0.7845353 -0.2942725
vn -0.5069151 -0.5810248 -0.6367474
vn -0.2827481 -0.3639706 -0.8874564
vn 0.0666263 -0.1915324 -0.9792223
vn 0.4475934 -0.1099148 -0.8874564
vn 0.7580735 -0.1409872 -0.6367474
vn 0.9148735 -0.2764237 -0.2942725
vn 0.8759792 -0.4799343 0.0482024
vn 0.6518122 -0.6969884 0.2989114
vn 0.3024378 -0.8694266 0.3906772
vn -0.0785293 -0.9510442 0.2989114
vn -0.3890094 -0.9199719 0.0482024
vn -0.5458095 -0.7845353 -0.2942725
vn -0.4797981 -0.8163920 -0.3213998
vn -0.4435133 -0.6265355 -0.6408972
vn -0.2343861 -0.4240441 -0.8747855
vn 0.0915478 -0.2631752 -0.9603946
vn 0.4469549 -0.1870335 -0.8747855
vn 0.7366041 -0.2160212 -0.6408972
vn 0.8828841 -0.3423709 -0.3213998
vn 0.8465993 -0.5322274 -0.0019025
vn 0.6374722 -0.7347189 0.2319859
vn 0.3115382 -0.8955878 0.3175949
vn -0.0438689 -0.9717294 0.2319859
vn -0.3335181 -0.9427418 -0.0019025
vn -0.4797981 -0.8163920 -0.3213998
vn -0.5167811 -0.7993358 -0.3065934
vn -0.4790212 -0.6017612 -0.6390792
vn -0.2613925 -0.3910380 -0.8824756
vn 0.0777915 -0.2236293 -0.9715649
vn 0.4476467 -0.1443923 -0.8824756
vn 0.7490709 -0.1745584 -0.6390792
vn 0.9012975 -0.3060446 -0.3065934
vn 0.8635376 -0.5036192 0.0258923
vn 0.6459090 -0.7143425 0.2692888
vn 0.3067250 -0.8817511 0.3583781
vn -0.0631303 -0.9609881 0.2692888
vn -0.3645544 -0.9308220 0.0258923
vn -0.5167811 -0.7993358 -0.3065934
vn 0.2910235 -0.8366135 -0.4640940
vn -0.9893278 -0.1101463 0.0953847
vn -0.9304285 0.1798870 -0.3192858
vn -0.6325593 0.4603606 -0.6228458
vn -0.1755341 0.6561218 -0.7339564
vn 0.3181876 0.7147166 -0.6228458
vn 0.7163136 0.6204446 -0.3192858
vn 0.9121661 0.3985658 0.0953847
vn 0.8532668 0.1085325 0.5100553
vn 0.5553977 -0.1719410 0.8136152
vn 0.0983724 -0.3677022 0.9247259
vn -0.3953493 -0.4262971 0.8136152
vn -0.7934753 -0.3320250 0.5100553
vn -0.9893278 -0.1101463 0.0953847
vn -0.9331974 -0.3535919 -0.0641515
vn -0.8737778 -0.0609967 -0.4824850
vn -0.5732775 0.2219544 -0.7887263
vn -0.1122152 0.4194448 -0.9008184
vn 0.3858677 0.4785572 -0.7887263
vn 0.7875103 0.3834524 -0.4824850
vn 0.9850929 0.1596137 -0.0641515
vn 0.9256733 -0.1329814 0.3541819
vn 0.6251730 -0.4159325 0.6604233
vn 0.1641108 -0.6134229 0.7725154
vn -0.3339721 -0.6725353 0.6604233
vn -0.7356148 -0.5774305 0.3541819
vn -0.9331974 -0.3535919 -0.0641515
vn -0.7263774 -0.6319809 -0.2701408
vn -0.6746089 -0.3770611 -0.6346084
vn -0.4128018 -0.1305436 -0.9014172
vn -0.0111073 0.0415174 -0.9990760
vn 0.4228411 0.0930183 -0.9014172
vn 0.7727671 0.0101595 -0.6346084
vn 0.9449084 -0.1848571 -0.2701408
vn 0.8931398 -0.4397769 0.0943269
vn 0.6313328 -0.6862943 0.3611357
vn 0.2296382 -0.8583553 0.4587945
vn -0.2043101 -0.9098562 0.3611357
vn -0.5542361 -0.8269974 0.0943269
vn -0.7263774 -0.6319809 -0.2701408
vn -0.6089055 -0.7160129 -0.3414083
vn -0.5626286 -0.4881352 -0.6672129
vn -0.3285943 -0.2677686 -0.9057184
vn 0.0304880 -0.1139600 -0.9930174
vn 0.4184027 -0.0679224 -0.9057184
vn 0.7312082 -0.1419914 -0.6672129
vn 0.8850885 -0.3163204 -0.3414083
vn 0.8388117 -0.5441980 -0.0156038
vn 0.6047774 -0.7645647 0.2229017
vn 0.2456950 -0.9183733 0.3102007
vn -0.1422196 -0.9644109 0.2229017
vn -0.4550251 -0.8903419 -0.0156038
vn -0.6089055 -0.7160129 -0.3414083
vn -0.5460577 -0.7501872 -0.3728809
vn -0.5028857 -0.5375984 -0.6768264
vn -0.2845533 -0.3320167 -0.8993299
vn 0.0504373 -0.1885276 -0.9807719
vn 0.4123258 -0.1455787 -0.8993299
vn 0.7041444 -0.2146783 -0.6768264
vn 0.8477005 -0.3773111 -0.3728809
vn 0.8045285 -0.5898999 -0.0689354
vn 0.5861961 -0.7954815 0.1535682
vn 0.2512055 -0.9389707 0.2350101
vn -0.1106830 -0.9819196 0.1535682
vn -0.4025016 -0.9128200 -0.0689354
vn -0.5460577 -0.7501872 -0.3728809
vn -0.5813357 -0.7317953 -0.3557028
vn -0.5364086 -0.5105642 -0.6720044
vn -0.3092005 -0.2966251 -0.9035533
vn 0.0394083 -0.1473028 -0.9883061
vn 0.4160085 -0.1026079 -0.9035533
vn 0.7196902 -0.1745166 -0.6720044
vn 0.8690823 -0.3437608 -0.3557028
vn 0.8241552 -0.5649918 -0.0394011
vn 0.5969471 -0.7789309 0.1921477
vn 0.2483382 -0.9282533 0.2769005
vn -0.1282619 -0.9729482 0.1921477
vn -0.4319437 -0.9010395 -0.0394011
vn -0.5813357 -0.7317953 -0.3557028
vn 0.2177826 -0.8140408 -0.5384314

o Tentacle_Variant_02
g Tentacle_Variant_02
s 1
usemtl KrakenSkin
f 1/1/1 23/23/23 22/22/22
f 1/1/1 2/2/2 23/23/23
f 2/2/2 24/24/24 23/23/23
f 2/2/2 3/3/3 24/24/24
f 3/3/3 25/25/25 24/24/24
f 3/3/3 4/4/4 25/25/25
f 4/4/4 26/26/26 25/25/25
f 4/4/4 5/5/5 26/26/26
f 5/5/5 27/27/27 26/26/26
f 5/5/5 6/6/6 27/27/27
f 6/6/6 28/28/28 27/27/27
f 6/6/6 7/7/7 28/28/28
f 7/7/7 29/29/29 28/28/28
f 7/7/7 8/8/8 29/29/29
f 8/8/8 30/30/30 29/29/29
f 8/8/8 9/9/9 30/30/30
f 9/9/9 31/31/31 30/30/30
f 9/9/9 10/10/10 31/31/31
f 10/10/10 32/32/32 31/31/31
f 10/10/10 11/11/11 32/32/32
f 11/11/11 33/33/33 32/32/32
f 11/11/11 12/12/12 33/33/33
f 12/12/12 34/34/34 33/33/33
f 12/12/12 13/13/13 34/34/34
f 13/13/13 35/35/35 34/34/34
f 13/13/13 14/14/14 35/35/35
f 14/14/14 36/36/36 35/35/35
f 14/14/14 15/15/15 36/36/36
f 15/15/15 37/37/37 36/36/36
f 15/15/15 16/16/16 37/37/37
f 16/16/16 38/38/38 37/37/37
f 16/16/16 17/17/17 38/38/38
f 17/17/17 39/39/39 38/38/38
f 17/17/17 18/18/18 39/39/39
f 18/18/18 40/40/40 39/39/39
f 18/18/18 19/19/19 40/40/40
f 19/19/19 41/41/41 40/40/40
f 19/19/19 20/20/20 41/41/41
f 20/20/20 42/42/42 41/41/41
f 20/20/20 21/21/21 42/42/42
f 22/22/22 44/44/44 43/43/43
f 22/22/22 23/23/23 44/44/44
f 23/23/23 45/45/45 44/44/44
f 23/23/23 24/24/24 45/45/45
f 24/24/24 46/46/46 45/45/45
f 24/24/24 25/25/25 46/46/46
f 25/25/25 47/47/47 46/46/46
f 25/25/25 26/26/26 47/47/47
f 26/26/26 48/48/48 47/47/47
f 26/26/26 27/27/27 48/48/48
f 27/27/27 49/49/49 48/48/48
f 27/27/27 28/28/28 49/49/49
f 28/28/28 50/50/50 49/49/49
f 28/28/28 29/29/29 50/50/50
f 29/29/29 51/51/51 50/50/50
f 29/29/29 30/30/30 51/51/51
f 30/30/30 52/52/52 51/51/51
f 30/30/30 31/31/31 52/52/52
f 31/31/31 53/53/53 52/52/52
f 31/31/31 32/32/32 53/53/53
f 32/32/32 54/54/54 53/53/53
f 32/32/32 33/33/33 54/54/54
f 33/33/33 55/55/55 54/54/54
f 33/33/33 34/34/34 55/55/55
f 34/34/34 56/56/56 55/55/55
f 34/34/34 35/35/35 56/56/56
f 35/35/35 57/57/57 56/56/56
f 35/35/35 36/36/36 57/57/57
f 36/36/36 58/58/58 57/57/57
f 36/36/36 37/37/37 58/58/58
f 37/37/37 59/59/59 58/58/58
f 37/37/37 38/38/38 59/59/59
f 38/38/38 60/60/60 59/59/59
f 38/38/38 39/39/39 60/60/60
f 39/39/39 61/61/61 60/60/60
f 39/39/39 40/40/40 61/61/61
f 40/40/40 62/62/62 61/61/61
f 40/40/40 41/41/41 62/62/62
f 41/41/41 63/63/63 62/62/62
f 41/41/41 42/42/42 63/63/63
f 43/43/43 65/65/65 64/64/64
f 43/43/43 44/44/44 65/65/65
f 44/44/44 66/66/66 65/65/65
f 44/44/44 45/45/45 66/66/66
f 45/45/45 67/67/67 66/66/66
f 45/45/45 46/46/46 67/67/67
f 46/46/46 68/68/68 67/67/67
f 46/46/46 47/47/47 68/68/68
f 47/47/47 69/69/69 68/68/68
f 47/47/47 48/48/48 69/69/69
f 48/48/48 70/70/70 69/69/69
f 48/48/48 49/49/49 70/70/70
f 49/49/49 71/71/71 70/70/70
f 49/49/49 50/50/50 71/71/71
f 50/50/50 72/72/72 71/71/71
f 50/50/50 51/51/51 72/72/72
f 51/51/51 73/73/73 72/72/72
f 51/51/51 52/52/52 73/73/73
f 52/52/52 74/74/74 73/73/73
f 52/52/52 53/53/53 74/74/74
f 53/53/53 75/75/75 74/74/74
f 53/53/53 54/54/54 75/75/75
f 54/54/54 76/76/76 75/75/75
f 54/54/54 55/55/55 76/76/76
f 55/55/55 77/77/77 76/76/76
f 55/55/55 56/56/56 77/77/77
f 56/56/56 78/78/78 77/77/77
f 56/56/56 57/57/57 78/78/78
f 57/57/57 79/79/79 78/78/78
f 57/57/57 58/58/58 79/79/79
f 58/58/58 80/80/80 79/79/79
f 58/58/58 59/59/59 80/80/80
f 59/59/59 81/81/81 80/80/80
f 59/59/59 60/60/60 81/81/81
f 60/60/60 82/82/82 81/81/81
f 60/60/60 61/61/61 82/82/82
f 61/61/61 83/83/83 82/82/82
f 61/61/61 62/62/62 83/83/83
f 62/62/62 84/84/84 83/83/83
f 62/62/62 63/63/63 84/84/84
f 64/64/64 86/86/86 85/85/85
f 64/64/64 65/65/65 86/86/86
f 65/65/65 87/87/87 86/86/86
f 65/65/65 66/66/66 87/87/87
f 66/66/66 88/88/88 87/87/87
f 66/66/66 67/67/67 88/88/88
f 67/67/67 89/89/89 88/88/88
f 67/67/67 68/68/68 89/89/89
f 68/68/68 90/90/90 89/89/89
f 68/68/68 69/69/69 90/90/90
f 69/69/69 91/91/91 90/90/90
f 69/69/69 70/70/70 91/91/91
f 70/70/70 92/92/92 91/91/91
f 70/70/70 71/71/71 92/92/92
f 71/71/71 93/93/93 92/92/92
f 71/71/71 72/72/72 93/93/93
f 72/72/72 94/94/94 93/93/93
f 72/72/72 73/73/73 94/94/94
f 73/73/73 95/95/95 94/94/94
f 73/73/73 74/74/74 95/95/95
f 74/74/74 96/96/96 95/95/95
f 74/74/74 75/75/75 96/96/96
f 75/75/75 97/97/97 96/96/96
f 75/75/75 76/76/76 97/97/97
f 76/76/76 98/98/98 97/97/97
f 76/76/76 77/77/77 98/98/98
f 77/77/77 99/99/99 98/98/98
f 77/77/77 78/78/78 99/99/99
f 78/78/78 100/100/100 99/99/99
f 78/78/78 79/79/79 100/100/100
f 79/79/79 101/101/101 100/100/100
f 79/79/79 80/80/80 101/101/101
f 80/80/80 102/102/102 101/101/101
f 80/80/80 81/81/81 102/102/102
f 81/81/81 103/103/103 102/102/102
f 81/81/81 82/82/82 103/103/103
f 82/82/82 104/104/104 103/103/103
f 82/82/82 83/83/83 104/104/104
f 83/83/83 105/105/105 104/104/104
f 83/83/83 84/84/84 105/105/105
f 85/85/85 107/107/107 106/106/106
f 85/85/85 86/86/86 107/107/107
f 86/86/86 108/108/108 107/107/107
f 86/86/86 87/87/87 108/108/108
f 87/87/87 109/109/109 108/108/108
f 87/87/87 88/88/88 109/109/109
f 88/88/88 110/110/110 109/109/109
f 88/88/88 89/89/89 110/110/110
f 89/89/89 111/111/111 110/110/110
f 89/89/89 90/90/90 111/111/111
f 90/90/90 112/112/112 111/111/111
f 90/90/90 91/91/91 112/112/112
f 91/91/91 113/113/113 112/112/112
f 91/91/91 92/92/92 113/113/113
f 92/92/92 114/114/114 113/113/113
f 92/92/92 93/93/93 114/114/114
f 93/93/93 115/115/115 114/114/114
f 93/93/93 94/94/94 115/115/115
f 94/94/94 116/116/116 115/115/115
f 94/94/94 95/95/95 116/116/116
f 95/95/95 117/117/117 116/116/116
f 95/95/95 96/96/96 117/117/117
f 96/96/96 118/118/118 117/117/117
f 96/96/96 97/97/97 118/118/118
f 97/97/97 119/119/119 118/118/118
f 97/97/97 98/98/98 119/119/119
f 98/98/98 120/120/120 119/119/119
f 98/98/98 99/99/99 120/120/120
f 99/99/99 121/121/121 120/120/120
f 99/99/99 100/100/100 121/121/121
f 100/100/100 122/122/122 121/121/121
f 100/100/100 101/101/101 122/122/122
f 101/101/101 123/123/123 122/122/122
f 101/101/101 102/102/102 123/123/123
f 102/102/102 124/124/124 123/123/123
f 102/102/102 103/103/103 124/124/124
f 103/103/103 125/125/125 124/124/124
f 103/103/103 104/104/104 125/125/125
f 104/104/104 126/126/126 125/125/125
f 104/104/104 105/105/105 126/126/126
f 106/106/106 128/128/128 127/127/127
f 106/106/106 107/107/107 128/128/128
f 107/107/107 129/129/129 128/128/128
f 107/107/107 108/108/108 129/129/129
f 108/108/108 130/130/130 129/129/129
f 108/108/108 109/109/109 130/130/130
f 109/109/109 131/131/131 130/130/130
f 109/109/109 110/110/110 131/131/131
f 110/110/110 132/132/132 131/131/131
f 110/110/110 111/111/111 132/132/132
f 111/111/111 133/133/133 132/132/132
f 111/111/111 112/112/112 133/133/133
f 112/112/112 134/134/134 133/133/133
f 112/112/112 113/113/113 134/134/134
f 113/113/113 135/135/135 134/134/134
f 113/113/113 114/114/114 135/135/135
f 114/114/114 136/136/136 135/135/135
f 114/114/114 115/115/115 136/136/136
f 115/115/115 137/137/137 136/136/136
f 115/115/115 116/116/116 137/137/137
f 116/116/116 138/138/138 137/137/137
f 116/116/116 117/117/117 138/138/138
f 117/117/117 139/139/139 138/138/138
f 117/117/117 118/118/118 139/139/139
f 118/118/118 140/140/140 139/139/139
f 118/118/118 119/119/119 140/140/140
f 119/119/119 141/141/141 140/140/140
f 119/119/119 120/120/120 141/141/141
f 120/120/120 142/142/142 141/141/141
f 120/120/120 121/121/121 142/142/142
f 121/121/121 143/143/143 142/142/142
f 121/121/121 122/122/122 143/143/143
f 122/122/122 144/144/144 143/143/143
f 122/122/122 123/123/123 144/144/144
f 123/123/123 145/145/145 144/144/144
f 123/123/123 124/124/124 145/145/145
f 124/124/124 146/146/146 145/145/145
f 124/124/124 125/125/125 146/146/146
f 125/125/125 147/147/147 146/146/146
f 125/125/125 126/126/126 147/147/147
f 127/127/127 149/149/149 148/148/148
f 127/127/127 128/128/128 149/149/149
f 128/128/128 150/150/150 149/149/149
f 128/128/128 129/129/129 150/150/150
f 129/129/129 151/151/151 150/150/150
f 129/129/129 130/130/130 151/151/151
f 130/130/130 152/152/152 151/151/151
f 130/130/130 131/131/131 152/152/152
f 131/131/131 153/153/153 152/152/152
f 131/131/131 132/132/132 153/153/153
f 132/132/132 154/154/154 153/153/153
f 132/132/132 133/133/133 154/154/154
f 133/133/133 155/155/155 154/154/154
f 133/133/133 134/134/134 155/155/155
f 134/134/134 156/156/156 155/155/155
f 134/134/134 135/135/135 156/156/156
f 135/135/135 157/157/157 156/156/156
f 135/135/135 136/136/136 157/157/157
f 136/136/136 158/158/158 157/157/157
f 136/136/136 137/137/137 158/158/158
f 137/137/137 159/159/159 158/158/158
f 137/137/137 138/138/138 159/159/159
f 138/138/138 160/160/160 159/159/159
f 138/138/138 139/139/139 160/160/160
f 139/139/139 161/161/161 160/160/160
f 139/139/139 140/140/140 161/161/161
f 140/140/140 162/162/162 161/161/161
f 140/140/140 141/141/141 162/162/162
f 141/141/141 163/163/163 162/162/162
f 141/141/141 142/142/142 163/163/163
f 142/142/142 164/164/164 163/163/163
f 142/142/142 143/143/143 164/164/164
f 143/143/143 165/165/165 164/164/164
f 143/143/143 144/144/144 165/165/165
f 144/144/144 166/166/166 165/165/165
f 144/144/144 145/145/145 166/166/166
f 145/145/145 167/167/167 166/166/166
f 145/145/145 146/146/146 167/167/167
f 146/146/146 168/168/168 167/167/167
f 146/146/146 147/147/147 168/168/168
f 148/148/148 170/170/170 169/169/169
f 148/148/148 149/149/149 170/170/170
f 149/149/149 171/171/171 170/170/170
f 149/149/149 150/150/150 171/171/171
f 150/150/150 172/172/172 171/171/171
f 150/150/150 151/151/151 172/172/172
f 151/151/151 173/173/173 172/172/172
f 151/151/151 152/152/152 173/173/173
f 152/152/152 174/174/174 173/173/173
f 152/152/152 153/153/153 174/174/174
f 153/153/153 175/175/175 174/174/174
f 153/153/153 154/154/154 175/175/175
f 154/154/154 176/176/176 175/175/175
f 154/154/154 155/155/155 176/176/176
f 155/155/155 177/177/177 176/176/176
f 155/155/155 156/156/156 177/177/177
f 156/156/156 178/178/178 177/177/177
f 156/156/156 157/157/157 178/178/178
f 157/157/157 179/179/179 178/178/178
f 157/157/157 158/158/158 179/179/179
f 158/158/158 180/180/180 179/179/179
f 158/158/158 159/159/159 180/180/180
f 159/159/159 181/181/181 180/180/180
f 159/159/159 160/160/160 181/181/181
f 160/160/160 182/182/182 181/181/181
f 160/160/160 161/161/161 182/182/182
f 161/161/161 183/183/183 182/182/182
f 161/161/161 162/162/162 183/183/183
f 162/162/162 184/184/184 183/183/183
f 162/162/162 163/163/163 184/184/184
f 163/163/163 185/185/185 184/184/184
f 163/163/163 164/164/164 185/185/185
f 164/164/164 186/186/186 185/185/185
f 164/164/164 165/165/165 186/186/186
f 165/165/165 187/187/187 186/186/186
f 165/165/165 166/166/166 187/187/187
f 166/166/166 188/188/188 187/187/187
f 166/166/166 167/167/167 188/188/188
f 167/167/167 189/189/189 188/188/188
f 167/167/167 168/168/168 189/189/189
f 169/169/169 191/191/191 190/190/190
f 169/169/169 170/170/170 191/191/191
f 170/170/170 192/192/192 191/191/191
f 170/170/170 171/171/171 192/192/192
f 171/171/171 193/193/193 192/192/192
f 171/171/171 172/172/172 193/193/193
f 172/172/172 194/194/194 193/193/193
f 172/172/172 173/173/173 194/194/194
f 173/173/173 195/195/195 194/194/194
f 173/173/173 174/174/174 195/195/195
f 174/174/174 196/196/196 195/195/195
f 174/174/174 175/175/175 196/196/196
f 175/175/175 197/197/197 196/196/196
f 175/175/175 176/176/176 197/197/197
f 176/176/176 198/198/198 197/197/197
f 176/176/176 177/177/177 198/198/198
f 177/177/177 199/199/199 198/198/198
f 177/177/177 178/178/178 199/199/199
f 178/178/178 200/200/200 199/199/199
f 178/178/178 179/179/179 200/200/200
f 179/179/179 201/201/201 200/200/200
f 179/179/179 180/180/180 201/201/201
f 180/180/180 202/202/202 201/201/201
f 180/180/180 181/181/181 202/202/202
f 181/181/181 203/203/203 202/202/202
f 181/181/181 182/182/182 203/203/203
f 182/182/182 204/204/204 203/203/203
f 182/182/182 183/183/183 204/204/204
f 183/183/183 205/205/205 204/204/204
f 183/183/183 184/184/184 205/205/205
f 184/184/184 206/206/206 205/205/205
f 184/184/184 185/185/185 206/206/206
f 185/185/185 207/207/207 206/206/206
f 185/185/185 186/186/186 207/207/207
f 186/186/186 208/208/208 207/207/207
f 186/186/186 187/187/187 208/208/208
f 187/187/187 209/209/209 208/208/208
f 187/187/187 188/188/188 209/209/209
f 188/188/188 210/210/210 209/209/209
f 188/188/188 189/189/189 210/210/210
f 190/190/190 212/212/212 211/211/211
f 190/190/190 191/191/191 212/212/212
f 191/191/191 213/213/213 212/212/212
f 191/191/191 192/192/192 213/213/213
f 192/192/192 214/214/214 213/213/213
f 192/192/192 193/193/193 214/214/214
f 193/193/193 215/215/215 214/214/214
f 193/193/193 194/194/194 215/215/215
f 194/194/194 216/216/216 215/215/215
f 194/194/194 195/195/195 216/216/216
f 195/195/195 217/217/217 216/216/216
f 195/195/195 196/196/196 217/217/217
f 196/196/196 218/218/218 217/217/217
f 196/196/196 197/197/197 218/218/218
f 197/197/197 219/219/219 218/218/218
f 197/197/197 198/198/198 219/219/219
f 198/198/198 220/220/220 219/219/219
f 198/198/198 199/199/199 220/220/220
f 199/199/199 221/221/221 220/220/220
f 199/199/199 200/200/200 221/221/221
f 200/200/200 222/222/222 221/221/221
f 200/200/200 201/201/201 222/222/222
f 201/201/201 223/223/223 222/222/222
f 201/201/201 202/202/202 223/223/223
f 202/202/202 224/224/224 223/223/223
f 202/202/202 203/203/203 224/224/224
f 203/203/203 225/225/225 224/224/224
f 203/203/203 204/204/204 225/225/225
f 204/204/204 226/226/226 225/225/225
f 204/204/204 205/205/205 226/226/226
f 205/205/205 227/227/227 226/226/226
f 205/205/205 206/206/206 227/227/227
f 206/206/206 228/228/228 227/227/227
f 206/206/206 207/207/207 228/228/228
f 207/207/207 229/229/229 228/228/228
f 207/207/207 208/208/208 229/229/229
f 208/208/208 230/230/230 229/229/229
f 208/208/208 209/209/209 230/230/230
f 209/209/209 231/231/231 230/230/230
f 209/209/209 210/210/210 231/231/231
f 211/211/211 233/233/233 232/232/232
f 211/211/211 212/212/212 233/233/233
f 212/212/212 234/234/234 233/233/233
f 212/212/212 213/213/213 234/234/234
f 213/213/213 235/235/235 234/234/234
f 213/213/213 214/214/214 235/235/235
f 214/214/214 236/236/236 235/235/235
f 214/214/214 215/215/215 236/236/236
f 215/215/215 237/237/237 236/236/236
f 215/215/215 216/216/216 237/237/237
f 216/216/216 238/238/238 237/237/237
f 216/216/216 217/217/217 238/238/238
f 217/217/217 239/239/239 238/238/238
f 217/217/217 218/218/218 239/239/239
f 218/218/218 240/240/240 239/239/239
f 218/218/218 219/219/219 240/240/240
f 219/219/219 241/241/241 240/240/240
f 219/219/219 220/220/220 241/241/241
f 220/220/220 242/242/242 241/241/241
f 220/220/220 221/221/221 242/242/242
f 221/221/221 243/243/243 242/242/242
f 221/221/221 222/222/222 243/243/243
f 222/222/222 244/244/244 243/243/243
f 222/222/222 223/223/223 244/244/244
f 223/223/223 245/245/245 244/244/244
f 223/223/223 224/224/224 245/245/245
f 224/224/224 246/246/246 245/245/245
f 224/224/224 225/225/225 246/246/246
f 225/225/225 247/247/247 246/246/246
f 225/225/225 226/226/226 247/247/247
f 226/226/226 248/248/248 247/247/247
f 226/226/226 227/227/227 248/248/248
f 227/227/227 249/249/249 248/248/248
f 227/227/227 228/228/228 249/249/249
f 228/228/228 250/250/250 249/249/249
f 228/228/228 229/229/229 250/250/250
f 229/229/229 251/251/251 250/250/250
f 229/229/229 230/230/230 251/251/251
f 230/230/230 252/252/252 251/251/251
f 230/230/230 231/231/231 252/252/252
f 232/232/232 254/254/254 253/253/253
f 232/232/232 233/233/233 254/254/254
f 233/233/233 255/255/255 254/254/254
f 233/233/233 234/234/234 255/255/255
f 234/234/234 256/256/256 255/255/255
f 234/234/234 235/235/235 256/256/256
f 235/235/235 257/257/257 256/256/256
f 235/235/235 236/236/236 257/257/257
f 236/236/236 258/258/258 257/257/257
f 236/236/236 237/237/237 258/258/258
f 237/237/237 259/259/259 258/258/258
f 237/237/237 238/238/238 259/259/259
f 238/238/238 260/260/260 259/259/259
f 238/238/238 239/239/239 260/260/260
f 239/239/239 261/261/261 260/260/260
f 239/239/239 240/240/240 261/261/261
f 240/240/240 262/262/262 261/261/261
f 240/240/240 241/241/241 262/262/262
f 241/241/241 263/263/263 262/262/262
f 241/241/241 242/242/242 263/263/263
f 242/242/242 264/264/264 263/263/263
f 242/242/242 243/243/243 264/264/264
f 243/243/243 265/265/265 264/264/264
f 243/243/243 244/244/244 265/265/265
f 244/244/244 266/266/266 265/265/265
f 244/244/244 245/245/245 266/266/266
f 245/245/245 267/267/267 266/266/266
f 245/245/245 246/246/246 267/267/267
f 246/246/246 268/268/268 267/267/267
f 246/246/246 247/247/247 268/268/268
f 247/247/247 269/269/269 268/268/268
f 247/247/247 248/248/248 269/269/269
f 248/248/248 270/270/270 269/269/269
f 248/248/248 249/249/249 270/270/270
f 249/249/249 271/271/271 270/270/270
f 249/249/249 250/250/250 271/271/271
f 250/250/250 272/272/272 271/271/271
f 250/250/250 251/251/251 272/272/272
f 251/251/251 273/273/273 272/272/272
f 251/251/251 252/252/252 273/273/273
f 253/253/253 275/275/275 274/274/274
f 253/253/253 254/254/254 275/275/275
f 254/254/254 276/276/276 275/275/275
f 254/254/254 255/255/255 276/276/276
f 255/255/255 277/277/277 276/276/276
f 255/255/255 256/256/256 277/277/277
f 256/256/256 278/278/278 277/277/277
f 256/256/256 257/257/257 278/278/278
f 257/257/257 279/279/279 278/278/278
f 257/257/257 258/258/258 279/279/279
f 258/258/258 280/280/280 279/279/279
f 258/258/258 259/259/259 280/280/280
f 259/259/259 281/281/281 280/280/280
f 259/259/259 260/260/260 281/281/281
f 260/260/260 282/282/282 281/281/281
f 260/260/260 261/261/261 282/282/282
f 261/261/261 283/283/283 282/282/282
f 261/261/261 262/262/262 283/283/283
f 262/262/262 284/284/284 283/283/283
f 262/262/262 263/263/263 284/284/284
f 263/263/263 285/285/285 284/284/284
f 263/263/263 264/264/264 285/285/285
f 264/264/264 286/286/286 285/285/285
f 264/264/264 265/265/265 286/286/286
f 265/265/265 287/287/287 286/286/286
f 265/265/265 266/266/266 287/287/287
f 266/266/266 288/288/288 287/287/287
f 266/266/266 267/267/267 288/288/288
f 267/267/267 289/289/289 288/288/288
f 267/267/267 268/268/268 289/289/289
f 268/268/268 290/290/290 289/289/289
f 268/268/268 269/269/269 290/290/290
f 269/269/269 291/291/291 290/290/290
f 269/269/269 270/270/270 291/291/291
f 270/270/270 292/292/292 291/291/291
f 270/270/270 271/271/271 292/292/292
f 271/271/271 293/293/293 292/292/292
f 271/271/271 272/272/272 293/293/293
f 272/272/272 294/294/294 293/293/293
f 272/272/272 273/273/273 294/294/294
f 274/274/274 296/296/296 295/295/295
f 274/274/274 275/275/275 296/296/296
f 275/275/275 297/297/297 296/296/296
f 275/275/275 276/276/276 297/297/297
f 276/276/276 298/298/298 297/297/297
f 276/276/276 277/277/277 298/298/298
f 277/277/277 299/299/299 298/298/298
f 277/277/277 278/278/278 299/299/299
f 278/278/278 300/300/300 299/299/299
f 278/278/278 279/279/279 300/300/300
f 279/279/279 301/301/301 300/300/300
f 279/279/279 280/280/280 301/301/301
f 280/280/280 302/302/302 301/301/301
f 280/280/280 281/281/281 302/302/302
f 281/281/281 303/303/303 302/302/302
f 281/281/281 282/282/282 303/303/303
f 282/282/282 304/304/304 303/303/303
f 282/282/282 283/283/283 304/304/304
f 283/283/283 305/305/305 304/304/304
f 283/283/283 284/284/284 305/305/305
f 284/284/284 306/306/306 305/305/305
f 284/284/284 285/285/285 306/306/306
f 285/285/285 307/307/307 306/306/306
f 285/285/285 286/286/286 307/307/307
f 286/286/286 308/308/308 307/307/307
f 286/286/286 287/287/287 308/308/308
f 287/287/287 309/309/309 308/308/308
f 287/287/287 288/288/288 309/309/309
f 288/288/288 310/310/310 309/309/309
f 288/288/288 289/289/289 310/310/310
f 289/289/289 311/311/311 310/310/310
f 289/289/289 290/290/290 311/311/311
f 290/290/290 312/312/312 311/311/311
f 290/290/290 291/291/291 312/312/312
f 291/291/291 313/313/313 312/312/312
f 291/291/291 292/292/292 313/313/313
f 292/292/292 314/314/314 313/313/313
f 292/292/292 293/293/293 314/314/314
f 293/293/293 315/315/315 314/314/314
f 293/293/293 294/294/294 315/315/315
f 295/295/295 317/317/317 316/316/316
f 295/295/295 296/296/296 317/317/317
f 296/296/296 318/318/318 317/317/317
f 296/296/296 297/297/297 318/318/318
f 297/297/297 319/319/319 318/318/318
f 297/297/297 298/298/298 319/319/319
f 298/298/298 320/320/320 319/319/319
f 298/298/298 299/299/299 320/320/320
f 299/299/299 321/321/321 320/320/320
f 299/299/299 300/300/300 321/321/321
f 300/300/300 322/322/322 321/321/321
f 300/300/300 301/301/301 322/322/322
f 301/301/301 323/323/323 322/322/322
f 301/301/301 302/302/302 323/323/323
f 302/302/302 324/324/324 323/323/323
f 302/302/302 303/303/303 324/324/324
f 303/303/303 325/325/325 324/324/324
f 303/303/303 304/304/304 325/325/325
f 304/304/304 326/326/326 325/325/325
f 304/304/304 305/305/305 326/326/326
f 305/305/305 327/327/327 326/326/326
f 305/305/305 306/306/306 327/327/327
f 306/306/306 328/328/328 327/327/327
f 306/306/306 307/307/307 328/328/328
f 307/307/307 329/329/329 328/328/328
f 307/307/307 308/308/308 329/329/329
f 308/308/308 330/330/330 329/329/329
f 308/308/308 309/309/309 330/330/330
f 309/309/309 331/331/331 330/330/330
f 309/309/309 310/310/310 331/331/331
f 310/310/310 332/332/332 331/331/331
f 310/310/310 311/311/311 332/332/332
f 311/311/311 333/333/333 332/332/332
f 311/311/311 312/312/312 333/333/333
f 312/312/312 334/334/334 333/333/333
f 312/312/312 313/313/313 334/334/334
f 313/313/313 335/335/335 334/334/334
f 313/313/313 314/314/314 335/335/335
f 314/314/314 336/336/336 335/335/335
f 314/314/314 315/315/315 336/336/336
f 316/316/316 338/338/338 337/337/337
f 316/316/316 317/317/317 338/338/338
f 317/317/317 339/339/339 338/338/338
f 317/317/317 318/318/318 339/339/339
f 318/318/318 340/340/340 339/339/339
f 318/318/318 319/319/319 340/340/340
f 319/319/319 341/341/341 340/340/340
f 319/319/319 320/320/320 341/341/341
f 320/320/320 342/342/342 341/341/341
f 320/320/320 321/321/321 342/342/342
f 321/321/321 343/343/343 342/342/342
f 321/321/321 322/322/322 343/343/343
f 322/322/322 344/344/344 343/343/343
f 322/322/322 323/323/323 344/344/344
f 323/323/323 345/345/345 344/344/344
f 323/323/323 324/324/324 345/345/345
f 324/324/324 346/346/346 345/345/345
f 324/324/324 325/325/325 346/346/346
f 325/325/325 347/347/347 346/346/346
f 325/325/325 326/326/326 347/347/347
f 326/326/326 348/348/348 347/347/347
f 326/326/326 327/327/327 348/348/348
f 327/327/327 349/349/349 348/348/348
f 327/327/327 328/328/328 349/349/349
f 328/328/328 350/350/350 349/349/349
f 328/328/328 329/329/329 350/350/350
f 329/329/329 351/351/351 350/350/350
f 329/329/329 330/330/330 351/351/351
f 330/330/330 352/352/352 351/351/351
f 330/330/330 331/331/331 352/352/352
f 331/331/331 353/353/353 352/352/352
f 331/331/331 332/332/332 353/353/353
f 332/332/332 354/354/354 353/353/353
f 332/332/332 333/333/333 354/354/354
f 333/333/333 355/355/355 354/354/354
f 333/333/333 334/334/334 355/355/355
f 334/334/334 356/356/356 355/355/355
f 334/334/334 335/335/335 356/356/356
f 335/335/335 357/357/357 356/356/356
f 335/335/335 336/336/336 357/357/357
f 337/337/337 359/359/359 358/358/358
f 337/337/337 338/338/338 359/359/359
f 338/338/338 360/360/360 359/359/359
f 338/338/338 339/339/339 360/360/360
f 339/339/339 361/361/361 360/360/360
f 339/339/339 340/340/340 361/361/361
f 340/340/340 362/362/362 361/361/361
f 340/340/340 341/341/341 362/362/362
f 341/341/341 363/363/363 362/362/362
f 341/341/341 342/342/342 363/363/363
f 342/342/342 364/364/364 363/363/363
f 342/342/342 343/343/343 364/364/364
f 343/343/343 365/365/365 364/364/364
f 343/343/343 344/344/344 365/365/365
f 344/344/344 366/366/366 365/365/365
f 344/344/344 345/345/345 366/366/366
f 345/345/345 367/367/367 366/366/366
f 345/345/345 346/346/346 367/367/367
f 346/346/346 368/368/368 367/367/367
f 346/346/346 347/347/347 368/368/368
f 347/347/347 369/369/369 368/368/368
f 347/347/347 348/348/348 369/369/369
f 348/348/348 370/370/370 369/369/369
f 348/348/348 349/349/349 370/370/370
f 349/349/349 371/371/371 370/370/370
f 349/349/349 350/350/350 371/371/371
f 350/350/350 372/372/372 371/371/371
f 350/350/350 351/351/351 372/372/372
f 351/351/351 373/373/373 372/372/372
f 351/351/351 352/352/352 373/373/373
f 352/352/352 374/374/374 373/373/373
f 352/352/352 353/353/353 374/374/374
f 353/353/353 375/375/375 374/374/374
f 353/353/353 354/354/354 375/375/375
f 354/354/354 376/376/376 375/375/375
f 354/354/354 355/355/355 376/376/376
f 355/355/355 377/377/377 376/376/376
f 355/355/355 356/356/356 377/377/377
f 356/356/356 378/378/378 377/377/377
f 356/356/356 357/357/357 378/378/378
f 358/358/358 380/380/380 379/379/379
f 358/358/358 359/359/359 380/380/380
f 359/359/359 381/381/381 380/380/380
f 359/359/359 360/360/360 381/381/381
f 360/360/360 382/382/382 381/381/381
f 360/360/360 361/361/361 382/382/382
f 361/361/361 383/383/383 382/382/382
f 361/361/361 362/362/362 383/383/383
f 362/362/362 384/384/384 383/383/383
f 362/362/362 363/363/363 384/384/384
f 363/363/363 385/385/385 384/384/384
f 363/363/363 364/364/364 385/385/385
f 364/364/364 386/386/386 385/385/385
f 364/364/364 365/365/365 386/386/386
f 365/365/365 387/387/387 386/386/386
f 365/365/365 366/366/366 387/387/387
f 366/366/366 388/388/388 387/387/387
f 366/366/366 367/367/367 388/388/388
f 367/367/367 389/389/389 388/388/388
f 367/367/367 368/368/368 389/389/389
f 368/368/368 390/390/390 389/389/389
f 368/368/368 369/369/369 390/390/390
f 369/369/369 391/391/391 390/390/390
f 369/369/369 370/370/370 391/391/391
f 370/370/370 392/392/392 391/391/391
f 370/370/370 371/371/371 392/392/392
f 371/371/371 393/393/393 392/392/392
f 371/371/371 372/372/372 393/393/393
f 372/372/372 394/394/394 393/393/393
f 372/372/372 373/373/373 394/394/394
f 373/373/373 395/395/395 394/394/394
f 373/373/373 374/374/374 395/395/395
f 374/374/374 396/396/396 395/395/395
f 374/374/374 375/375/375 396/396/396
f 375/375/375 397/397/397 396/396/396
f 375/375/375 376/376/376 397/397/397
f 376/376/376 398/398/398 397/397/397
f 376/376/376 377/377/377 398/398/398
f 377/377/377 399/399/399 398/398/398
f 377/377/377 378/378/378 399/399/399
f 379/379/379 401/401/401 400/400/400
f 379/379/379 380/380/380 401/401/401
f 380/380/380 402/402/402 401/401/401
f 380/380/380 381/381/381 402/402/402
f 381/381/381 403/403/403 402/402/402
f 381/381/381 382/382/382 403/403/403
f 382/382/382 404/404/404 403/403/403
f 382/382/382 383/383/383 404/404/404
f 383/383/383 405/405/405 404/404/404
f 383/383/383 384/384/384 405/405/405
f 384/384/384 406/406/406 405/405/405
f 384/384/384 385/385/385 406/406/406
f 385/385/385 407/407/407 406/406/406
f 385/385/385 386/386/386 407/407/407
f 386/386/386 408/408/408 407/407/407
f 386/386/386 387/387/387 408/408/408
f 387/387/387 409/409/409 408/408/408
f 387/387/387 388/388/388 409/409/409
f 388/388/388 410/410/410 409/409/409
f 388/388/388 389/389/389 410/410/410
f 389/389/389 411/411/411 410/410/410
f 389/389/389 390/390/390 411/411/411
f 390/390/390 412/412/412 411/411/411
f 390/390/390 391/391/391 412/412/412
f 391/391/391 413/413/413 412/412/412
f 391/391/391 392/392/392 413/413/413
f 392/392/392 414/414/414 413/413/413
f 392/392/392 393/393/393 414/414/414
f 393/393/393 415/415/415 414/414/414
f 393/393/393 394/394/394 415/415/415
f 394/394/394 416/416/416 415/415/415
f 394/394/394 395/395/395 416/416/416
f 395/395/395 417/417/417 416/416/416
f 395/395/395 396/396/396 417/417/417
f 396/396/396 418/418/418 417/417/417
f 396/396/396 397/397/397 418/418/418
f 397/397/397 419/419/419 418/418/418
f 397/397/397 398/398/398 419/419/419
f 398/398/398 420/420/420 419/419/419
f 398/398/398 399/399/399 420/420/420
f 400/400/400 422/422/422 421/421/421
f 400/400/400 401/401/401 422/422/422
f 401/401/401 423/423/423 422/422/422
f 401/401/401 402/402/402 423/423/423
f 402/402/402 424/424/424 423/423/423
f 402/402/402 403/403/403 424/424/424
f 403/403/403 425/425/425 424/424/424
f 403/403/403 404/404/404 425/425/425
f 404/404/404 426/426/426 425/425/425
f 404/404/404 405/405/405 426/426/426
f 405/405/405 427/427/427 426/426/426
f 405/405/405 406/406/406 427/427/427
f 406/406/406 428/428/428 427/427/427
f 406/406/406 407/407/407 428/428/428
f 407/407/407 429/429/429 428/428/428
f 407/407/407 408/408/408 429/429/429
f 408/408/408 430/430/430 429/429/429
f 408/408/408 409/409/409 430/430/430
f 409/409/409 431/431/431 430/430/430
f 409/409/409 410/410/410 431/431/431
f 410/410/410 432/432/432 431/431/431
f 410/410/410 411/411/411 432/432/432
f 411/411/411 433/433/433 432/432/432
f 411/411/411 412/412/412 433/433/433
f 412/412/412 434/434/434 433/433/433
f 412/412/412 413/413/413 434/434/434
f 413/413/413 435/435/435 434/434/434
f 413/413/413 414/414/414 435/435/435
f 414/414/414 436/436/436 435/435/435
f 414/414/414 415/415/415 436/436/436
f 415/415/415 437/437/437 436/436/436
f 415/415/415 416/416/416 437/437/437
f 416/416/416 438/438/438 437/437/437
f 416/416/416 417/417/417 438/438/438
f 417/417/417 439/439/439 438/438/438
f 417/417/417 418/418/418 439/439/439
f 418/418/418 440/440/440 439/439/439
f 418/418/418 419/419/419 440/440/440
f 419/419/419 441/441/441 440/440/440
f 419/419/419 420/420/420 441/441/441
f 421/421/421 443/443/443 442/442/442
f 421/421/421 422/422/422 443/443/443
f 422/422/422 444/444/444 443/443/443
f 422/422/422 423/423/423 444/444/444
f 423/423/423 445/445/445 444/444/444
f 423/423/423 424/424/424 445/445/445
f 424/424/424 446/446/446 445/445/445
f 424/424/424 425/425/425 446/446/446
f 425/425/425 447/447/447 446/446/446
f 425/425/425 426/426/426 447/447/447
f 426/426/426 448/448/448 447/447/447
f 426/426/426 427/427/427 448/448/448
f 427/427/427 449/449/449 448/448/448
f 427/427/427 428/428/428 449/449/449
f 428/428/428 450/450/450 449/449/449
f 428/428/428 429/429/429 450/450/450
f 429/429/429 451/451/451 450/450/450
f 429/429/429 430/430/430 451/451/451
f 430/430/430 452/452/452 451/451/451
f 430/430/430 431/431/431 452/452/452
f 431/431/431 453/453/453 452/452/452
f 431/431/431 432/432/432 453/453/453
f 432/432/432 454/454/454 453/453/453
f 432/432/432 433/433/433 454/454/454
f 433/433/433 455/455/455 454/454/454
f 433/433/433 434/434/434 455/455/455
f 434/434/434 456/456/456 455/455/455
f 434/434/434 435/435/435 456/456/456
f 435/435/435 457/457/457 456/456/456
f 435/435/435 436/436/436 457/457/457
f 436/436/436 458/458/458 457/457/457
f 436/436/436 437/437/437 458/458/458
f 437/437/437 459/459/459 458/458/458
f 437/437/437 438/438/438 459/459/459
f 438/438/438 460/460/460 459/459/459
f 438/438/438 439/439/439 460/460/460
f 439/439/439 461/461/461 460/460/460
f 439/439/439 440/440/440 461/461/461
f 440/440/440 462/462/462 461/461/461
f 440/440/440 441/441/441 462/462/462
f 442/442/442 464/464/464 463/463/463
f 442/442/442 443/443/443 464/464/464
f 443/443/443 465/465/465 464/464/464
f 443/443/443 444/444/444 465/465/465
f 444/444/444 466/466/466 465/465/465
f 444/444/444 445/445/445 466/466/466
f 445/445/445 467/467/467 466/466/466
f 445/445/445 446/446/446 467/467/467
f 446/446/446 468/468/468 467/467/467
f 446/446/446 447/447/447 468/468/468
f 447/447/447 469/469/469 468/468/468
f 447/447/447 448/448/448 469/469/469
f 448/448/448 470/470/470 469/469/469
f 448/448/448 449/449/449 470/470/470
f 449/449/449 471/471/471 470/470/470
f 449/449/449 450/450/450 471/471/471
f 450/450/450 472/472/472 471/471/471
f 450/450/450 451/451/451 472/472/472
f 451/451/451 473/473/473 472/472/472
f 451/451/451 452/452/452 473/473/473
f 452/452/452 474/474/474 473/473/473
f 452/452/452 453/453/453 474/474/474
f 453/453/453 475/475/475 474/474/474
f 453/453/453 454/454/454 475/475/475
f 454/454/454 476/476/476 475/475/475
f 454/454/454 455/455/455 476/476/476
f 455/455/455 477/477/477 476/476/476
f 455/455/455 456/456/456 477/477/477
f 456/456/456 478/478/478 477/477/477
f 456/456/456 457/457/457 478/478/478
f 457/457/457 479/479/479 478/478/478
f 457/457/457 458/458/458 479/479/479
f 458/458/458 480/480/480 479/479/479
f 458/458/458 459/459/459 480/480/480
f 459/459/459 481/481/481 480/480/480
f 459/459/459 460/460/460 481/481/481
f 460/460/460 482/482/482 481/481/481
f 460/460/460 461/461/461 482/482/482
f 461/461/461 483/483/483 482/482/482
f 461/461/461 462/462/462 483/483/483
f 463/463/463 485/485/485 484/484/484
f 463/463/463 464/464/464 485/485/485
f 464/464/464 486/486/486 485/485/485
f 464/464/464 465/465/465 486/486/486
f 465/465/465 487/487/487 486/486/486
f 465/465/465 466/466/466 487/487/487
f 466/466/466 488/488/488 487/487/487
f 466/466/466 467/467/467 488/488/488
f 467/467/467 489/489/489 488/488/488
f 467/467/467 468/468/468 489/489/489
f 468/468/468 490/490/490 489/489/489
f 468/468/468 469/469/469 490/490/490
f 469/469/469 491/491/491 490/490/490
f 469/469/469 470/470/470 491/491/491
f 470/470/470 492/492/492 491/491/491
f 470/470/470 471/471/471 492/492/492
f 471/471/471 493/493/493 492/492/492
f 471/471/471 472/472/472 493/493/493
f 472/472/472 494/494/494 493/493/493
f 472/472/472 473/473/473 494/494/494
f 473/473/473 495/495/495 494/494/494
f 473/473/473 474/474/474 495/495/495
f 474/474/474 496/496/496 495/495/495
f 474/474/474 475/475/475 496/496/496
f 475/475/475 497/497/497 496/496/496
f 475/475/475 476/476/476 497/497/497
f 476/476/476 498/498/498 497/497/497
f 476/476/476 477/477/477 498/498/498
f 477/477/477 499/499/499 498/498/498
f 477/477/477 478/478/478 499/499/499
f 478/478/478 500/500/500 499/499/499
f 478/478/478 479/479/479 500/500/500
f 479/479/479 501/501/501 500/500/500
f 479/479/479 480/480/480 501/501/501
f 480/480/480 502/502/502 501/501/501
f 480/480/480 481/481/481 502/502/502
f 481/481/481 503/503/503 502/502/502
f 481/481/481 482/482/482 503/503/503
f 482/482/482 504/504/504 503/503/503
f 482/482/482 483/483/483 504/504/504
f 484/484/484 506/506/506 505/505/505
f 484/484/484 485/485/485 506/506/506
f 485/485/485 507/507/507 506/506/506
f 485/485/485 486/486/486 507/507/507
f 486/486/486 508/508/508 507/507/507
f 486/486/486 487/487/487 508/508/508
f 487/487/487 509/509/509 508/508/508
f 487/487/487 488/488/488 509/509/509
f 488/488/488 510/510/510 509/509/509
f 488/488/488 489/489/489 510/510/510
f 489/489/489 511/511/511 510/510/510
f 489/489/489 490/490/490 511/511/511
f 490/490/490 512/512/512 511/511/511
f 490/490/490 491/491/491 512/512/512
f 491/491/491 513/513/513 512/512/512
f 491/491/491 492/492/492 513/513/513
f 492/492/492 514/514/514 513/513/513
f 492/492/492 493/493/493 514/514/514
f 493/493/493 515/515/515 514/514/514
f 493/493/493 494/494/494 515/515/515
f 494/494/494 516/516/516 515/515/515
f 494/494/494 495/495/495 516/516/516
f 495/495/495 517/517/517 516/516/516
f 495/495/495 496/496/496 517/517/517
f 496/496/496 518/518/518 517/517/517
f 496/496/496 497/497/497 518/518/518
f 497/497/497 519/519/519 518/518/518
f 497/497/497 498/498/498 519/519/519
f 498/498/498 520/520/520 519/519/519
f 498/498/498 499/499/499 520/520/520
f 499/499/499 521/521/521 520/520/520
f 499/499/499 500/500/500 521/521/521
f 500/500/500 522/522/522 521/521/521
f 500/500/500 501/501/501 522/522/522
f 501/501/501 523/523/523 522/522/522
f 501/501/501 502/502/502 523/523/523
f 502/502/502 524/524/524 523/523/523
f 502/502/502 503/503/503 524/524/524
f 503/503/503 525/525/525 524/524/524
f 503/503/503 504/504/504 525/525/525
f 505/505/505 527/527/527 526/526/526
f 505/505/505 506/506/506 527/527/527
f 506/506/506 528/528/528 527/527/527
f 506/506/506 507/507/507 528/528/528
f 507/507/507 529/529/529 528/528/528
f 507/507/507 508/508/508 529/529/529
f 508/508/508 530/530/530 529/529/529
f 508/508/508 509/509/509 530/530/530
f 509/509/509 531/531/531 530/530/530
f 509/509/509 510/510/510 531/531/531
f 510/510/510 532/532/532 531/531/531
f 510/510/510 511/511/511 532/532/532
f 511/511/511 533/533/533 532/532/532
f 511/511/511 512/512/512 533/533/533
f 512/512/512 534/534/534 533/533/533
f 512/512/512 513/513/513 534/534/534
f 513/513/513 535/535/535 534/534/534
f 513/513/513 514/514/514 535/535/535
f 514/514/514 536/536/536 535/535/535
f 514/514/514 515/515/515 536/536/536
f 515/515/515 537/537/537 536/536/536
f 515/515/515 516/516/516 537/537/537
f 516/516/516 538/538/538 537/537/537
f 516/516/516 517/517/517 538/538/538
f 517/517/517 539/539/539 538/538/538
f 517/517/517 518/518/518 539/539/539
f 518/518/518 540/540/540 539/539/539
f 518/518/518 519/519/519 540/540/540
f 519/519/519 541/541/541 540/540/540
f 519/519/519 520/520/520 541/541/541
f 520/520/520 542/542/542 541/541/541
f 520/520/520 521/521/521 542/542/542
f 521/521/521 543/543/543 542/542/542
f 521/521/521 522/522/522 543/543/543
f 522/522/522 544/544/544 543/543/543
f 522/522/522 523/523/523 544/544/544
f 523/523/523 545/545/545 544/544/544
f 523/523/523 524/524/524 545/545/545
f 524/524/524 546/546/546 545/545/545
f 524/524/524 525/525/525 546/546/546
f 526/526/526 548/548/548 547/547/547
f 526/526/526 527/527/527 548/548/548
f 527/527/527 549/549/549 548/548/548
f 527/527/527 528/528/528 549/549/549
f 528/528/528 550/550/550 549/549/549
f 528/528/528 529/529/529 550/550/550
f 529/529/529 551/551/551 550/550/550
f 529/529/529 530/530/530 551/551/551
f 530/530/530 552/552/552 551/551/551
f 530/530/530 531/531/531 552/552/552
f 531/531/531 553/553/553 552/552/552
f 531/531/531 532/532/532 553/553/553
f 532/532/532 554/554/554 553/553/553
f 532/532/532 533/533/533 554/554/554
f 533/533/533 555/555/555 554/554/554
f 533/533/533 534/534/534 555/555/555
f 534/534/534 556/556/556 555/555/555
f 534/534/534 535/535/535 556/556/556
f 535/535/535 557/557/557 556/556/556
f 535/535/535 536/536/536 557/557/557
f 536/536/536 558/558/558 557/557/557
f 536/536/536 537/537/537 558/558/558
f 537/537/537 559/559/559 558/558/558
f 537/537/537 538/538/538 559/559/559
f 538/538/538 560/560/560 559/559/559
f 538/538/538 539/539/539 560/560/560
f 539/539/539 561/561/561 560/560/560
f 539/539/539 540/540/540 561/561/561
f 540/540/540 562/562/562 561/561/561
f 540/540/540 541/541/541 562/562/562
f 541/541/541 563/563/563 562/562/562
f 541/541/541 542/542/542 563/563/563
f 542/542/542 564/564/564 563/563/563
f 542/542/542 543/543/543 564/564/564
f 543/543/543 565/565/565 564/564/564
f 543/543/543 544/544/544 565/565/565
f 544/544/544 566/566/566 565/565/565
f 544/544/544 545/545/545 566/566/566
f 545/545/545 567/567/567 566/566/566
f 545/545/545 546/546/546 567/567/567
f 547/547/547 569/569/569 568/568/568
f 547/547/547 548/548/548 569/569/569
f 548/548/548 570/570/570 569/569/569
f 548/548/548 549/549/549 570/570/570
f 549/549/549 571/571/571 570/570/570
f 549/549/549 550/550/550 571/571/571
f 550/550/550 572/572/572 571/571/571
f 550/550/550 551/551/551 572/572/572
f 551/551/551 573/573/573 572/572/572
f 551/551/551 552/552/552 573/573/573
f 552/552/552 574/574/574 573/573/573
f 552/552/552 553/553/553 574/574/574
f 553/553/553 575/575/575 574/574/574
f 553/553/553 554/554/554 575/575/575
f 554/554/554 576/576/576 575/575/575
f 554/554/554 555/555/555 576/576/576
f 555/555/555 577/577/577 576/576/576
f 555/555/555 556/556/556 577/577/577
f 556/556/556 578/578/578 577/577/577
f 556/556/556 557/557/557 578/578/578
f 557/557/557 579/579/579 578/578/578
f 557/557/557 558/558/558 579/579/579
f 558/558/558 580/580/580 579/579/579
f 558/558/558 559/559/559 580/580/580
f 559/559/559 581/581/581 580/580/580
f 559/559/559 560/560/560 581/581/581
f 560/560/560 582/582/582 581/581/581
f 560/560/560 561/561/561 582/582/582
f 561/561/561 583/583/583 582/582/582
f 561/561/561 562/562/562 583/583/583
f 562/562/562 584/584/584 583/583/583
f 562/562/562 563/563/563 584/584/584
f 563/563/563 585/585/585 584/584/584
f 563/563/563 564/564/564 585/585/585
f 564/564/564 586/586/586 585/585/585
f 564/564/564 565/565/565 586/586/586
f 565/565/565 587/587/587 586/586/586
f 565/565/565 566/566/566 587/587/587
f 566/566/566 588/588/588 587/587/587
f 566/566/566 567/567/567 588/588/588
f 568/568/568 590/590/590 589/589/589
f 568/568/568 569/569/569 590/590/590
f 569/569/569 591/591/591 590/590/590
f 569/569/569 570/570/570 591/591/591
f 570/570/570 592/592/592 591/591/591
f 570/570/570 571/571/571 592/592/592
f 571/571/571 593/593/593 592/592/592
f 571/571/571 572/572/572 593/593/593
f 572/572/572 594/594/594 593/593/593
f 572/572/572 573/573/573 594/594/594
f 573/573/573 595/595/595 594/594/594
f 573/573/573 574/574/574 595/595/595
f 574/574/574 596/596/596 595/595/595
f 574/574/574 575/575/575 596/596/596
f 575/575/575 597/597/597 596/596/596
f 575/575/575 576/576/576 597/597/597
f 576/576/576 598/598/598 597/597/597
f 576/576/576 577/577/577 598/598/598
f 577/577/577 599/599/599 598/598/598
f 577/577/577 578/578/578 599/599/599
f 578/578/578 600/600/600 599/599/599
f 578/578/578 579/579/579 600/600/600
f 579/579/579 601/601/601 600/600/600
f 579/579/579 580/580/580 601/601/601
f 580/580/580 602/602/602 601/601/601
f 580/580/580 581/581/581 602/602/602
f 581/581/581 603/603/603 602/602/602
f 581/581/581 582/582/582 603/603/603
f 582/582/582 604/604/604 603/603/603
f 582/582/582 583/583/583 604/604/604
f 583/583/583 605/605/605 604/604/604
f 583/583/583 584/584/584 605/605/605
f 584/584/584 606/606/606 605/605/605
f 584/584/584 585/585/585 606/606/606
f 585/585/585 607/607/607 606/606/606
f 585/585/585 586/586/586 607/607/607
f 586/586/586 608/608/608 607/607/607
f 586/586/586 587/587/587 608/608/608
f 587/587/587 609/609/609 608/608/608
f 587/587/587 588/588/588 609/609/609
f 589/589/589 611/611/611 610/610/610
f 589/589/589 590/590/590 611/611/611
f 590/590/590 612/612/612 611/611/611
f 590/590/590 591/591/591 612/612/612
f 591/591/591 613/613/613 612/612/612
f 591/591/591 592/592/592 613/613/613
f 592/592/592 614/614/614 613/613/613
f 592/592/592 593/593/593 614/614/614
f 593/593/593 615/615/615 614/614/614
f 593/593/593 594/594/594 615/615/615
f 594/594/594 616/616/616 615/615/615
f 594/594/594 595/595/595 616/616/616
f 595/595/595 617/617/617 616/616/616
f 595/595/595 596/596/596 617/617/617
f 596/596/596 618/618/618 617/617/617
f 596/596/596 597/597/597 618/618/618
f 597/597/597 619/619/619 618/618/618
f 597/597/597 598/598/598 619/619/619
f 598/598/598 620/620/620 619/619/619
f 598/598/598 599/599/599 620/620/620
f 599/599/599 621/621/621 620/620/620
f 599/599/599 600/600/600 621/621/621
f 600/600/600 622/622/622 621/621/621
f 600/600/600 601/601/601 622/622/622
f 601/601/601 623/623/623 622/622/622
f 601/601/601 602/602/602 623/623/623
f 602/602/602 624/624/624 623/623/623
f 602/602/602 603/603/603 624/624/624
f 603/603/603 625/625/625 624/624/624
f 603/603/603 604/604/604 625/625/625
f 604/604/604 626/626/626 625/625/625
f 604/604/604 605/605/605 626/626/626
f 605/605/605 627/627/627 626/626/626
f 605/605/605 606/606/606 627/627/627
f 606/606/606 628/628/628 627/627/627
f 606/606/606 607/607/607 628/628/628
f 607/607/607 629/629/629 628/628/628
f 607/607/607 608/608/608 629/629/629
f 608/608/608 630/630/630 629/629/629
f 608/608/608 609/609/609 630/630/630
f 610/610/610 632/632/632 631/631/631
f 610/610/610 611/611/611 632/632/632
f 611/611/611 633/633/633 632/632/632
f 611/611/611 612/612/612 633/633/633
f 612/612/612 634/634/634 633/633/633
f 612/612/612 613/613/613 634/634/634
f 613/613/613 635/635/635 634/634/634
f 613/613/613 614/614/614 635/635/635
f 614/614/614 636/636/636 635/635/635
f 614/614/614 615/615/615 636/636/636
f 615/615/615 637/637/637 636/636/636
f 615/615/615 616/616/616 637/637/637
f 616/616/616 638/638/638 637/637/637
f 616/616/616 617/617/617 638/638/638
f 617/617/617 639/639/639 638/638/638
f 617/617/617 618/618/618 639/639/639
f 618/618/618 640/640/640 639/639/639
f 618/618/618 619/619/619 640/640/640
f 619/619/619 641/641/641 640/640/640
f 619/619/619 620/620/620 641/641/641
f 620/620/620 642/642/642 641/641/641
f 620/620/620 621/621/621 642/642/642
f 621/621/621 643/643/643 642/642/642
f 621/621/621 622/622/622 643/643/643
f 622/622/622 644/644/644 643/643/643
f 622/622/622 623/623/623 644/644/644
f 623/623/623 645/645/645 644/644/644
f 623/623/623 624/624/624 645/645/645
f 624/624/624 646/646/646 645/645/645
f 624/624/624 625/625/625 646/646/646
f 625/625/625 647/647/647 646/646/646
f 625/625/625 626/626/626 647/647/647
f 626/626/626 648/648/648 647/647/647
f 626/626/626 627/627/627 648/648/648
f 627/627/627 649/649/649 648/648/648
f 627/627/627 628/628/628 649/649/649
f 628/628/628 650/650/650 649/649/649
f 628/628/628 629/629/629 650/650/650
f 629/629/629 651/651/651 650/650/650
f 629/629/629 630/630/630 651/651/651
f 631/631/631 653/653/653 652/652/652
f 631/631/631 632/632/632 653/653/653
f 632/632/632 654/654/654 653/653/653
f 632/632/632 633/633/633 654/654/654
f 633/633/633 655/655/655 654/654/654
f 633/633/633 634/634/634 655/655/655
f 634/634/634 656/656/656 655/655/655
f 634/634/634 635/635/635 656/656/656
f 635/635/635 657/657/657 656/656/656
f 635/635/635 636/636/636 657/657/657
f 636/636/636 658/658/658 657/657/657
f 636/636/636 637/637/637 658/658/658
f 637/637/637 659/659/659 658/658/658
f 637/637/637 638/638/638 659/659/659
f 638/638/638 660/660/660 659/659/659
f 638/638/638 639/639/639 660/660/660
f 639/639/639 661/661/661 660/660/660
f 639/639/639 640/640/640 661/661/661
f 640/640/640 662/662/662 661/661/661
f 640/640/640 641/641/641 662/662/662
f 641/641/641 663/663/663 662/662/662
f 641/641/641 642/642/642 663/663/663
f 642/642/642 664/664/664 663/663/663
f 642/642/642 643/643/643 664/664/664
f 643/643/643 665/665/665 664/664/664
f 643/643/643 644/644/644 665/665/665
f 644/644/644 666/666/666 665/665/665
f 644/644/644 645/645/645 666/666/666
f 645/645/645 667/667/667 666/666/666
f 645/645/645 646/646/646 667/667/667
f 646/646/646 668/668/668 667/667/667
f 646/646/646 647/647/647 668/668/668
f 647/647/647 669/669/669 668/668/668
f 647/647/647 648/648/648 669/669/669
f 648/648/648 670/670/670 669/669/669
f 648/648/648 649/649/649 670/670/670
f 649/649/649 671/671/671 670/670/670
f 649/649/649 650/650/650 671/671/671
f 650/650/650 672/672/672 671/671/671
f 650/650/650 651/651/651 672/672/672
f 652/652/652 674/674/674 673/673/673
f 652/652/652 653/653/653 674/674/674
f 653/653/653 675/675/675 674/674/674
f 653/653/653 654/654/654 675/675/675
f 654/654/654 676/676/676 675/675/675
f 654/654/654 655/655/655 676/676/676
f 655/655/655 677/677/677 676/676/676
f 655/655/655 656/656/656 677/677/677
f 656/656/656 678/678/678 677/677/677
f 656/656/656 657/657/657 678/678/678
f 657/657/657 679/679/679 678/678/678
f 657/657/657 658/658/658 679/679/679
f 658/658/658 680/680/680 679/679/679
f 658/658/658 659/659/659 680/680/680
f 659/659/659 681/681/681 680/680/680
f 659/659/659 660/660/660 681/681/681
f 660/660/660 682/682/682 681/681/681
f 660/660/660 661/661/661 682/682/682
f 661/661/661 683/683/683 682/682/682
f 661/661/661 662/662/662 683/683/683
f 662/662/662 684/684/684 683/683/683
f 662/662/662 663/663/663 684/684/684
f 663/663/663 685/685/685 684/684/684
f 663/663/663 664/664/664 685/685/685
f 664/664/664 686/686/686 685/685/685
f 664/664/664 665/665/665 686/686/686
f 665/665/665 687/687/687 686/686/686
f 665/665/665 666/666/666 687/687/687
f 666/666/666 688/688/688 687/687/687
f 666/666/666 667/667/667 688/688/688
f 667/667/667 689/689/689 688/688/688
f 667/667/667 668/668/668 689/689/689
f 668/668/668 690/690/690 689/689/689
f 668/668/668 669/669/669 690/690/690
f 669/669/669 691/691/691 690/690/690
f 669/669/669 670/670/670 691/691/691
f 670/670/670 692/692/692 691/691/691
f 670/670/670 671/671/671 692/692/692
f 671/671/671 693/693/693 692/692/692
f 671/671/671 672/672/672 693/693/693
f 673/673/673 695/695/695 694/694/694
f 673/673/673 674/674/674 695/695/695
f 674/674/674 696/696/696 695/695/695
f 674/674/674 675/675/675 696/696/696
f 675/675/675 697/697/697 696/696/696
f 675/675/675 676/676/676 697/697/697
f 676/676/676 698/698/698 697/697/697
f 676/676/676 677/677/677 698/698/698
f 677/677/677 699/699/699 698/698/698
f 677/677/677 678/678/678 699/699/699
f 678/678/678 700/700/700 699/699/699
f 678/678/678 679/679/679 700/700/700
f 679/679/679 701/701/701 700/700/700
f 679/679/679 680/680/680 701/701/701
f 680/680/680 702/702/702 701/701/701
f 680/680/680 681/681/681 702/702/702
f 681/681/681 703/703/703 702/702/702
f 681/681/681 682/682/682 703/703/703
f 682/682/682 704/704/704 703/703/703
f 682/682/682 683/683/683 704/704/704
f 683/683/683 705/705/705 704/704/704
f 683/683/683 684/684/684 705/705/705
f 684/684/684 706/706/706 705/705/705
f 684/684/684 685/685/685 706/706/706
f 685/685/685 707/707/707 706/706/706
f 685/685/685 686/686/686 707/707/707
f 686/686/686 708/708/708 707/707/707
f 686/686/686 687/687/687 708/708/708
f 687/687/687 709/709/709 708/708/708
f 687/687/687 688/688/688 709/709/709
f 688/688/688 710/710/710 709/709/709
f 688/688/688 689/689/689 710/710/710
f 689/689/689 711/711/711 710/710/710
f 689/689/689 690/690/690 711/711/711
f 690/690/690 712/712/712 711/711/711
f 690/690/690 691/691/691 712/712/712
f 691/691/691 713/713/713 712/712/712
f 691/691/691 692/692/692 713/713/713
f 692/692/692 714/714/714 713/713/713
f 692/692/692 693/693/693 714/714/714
f 694/694/694 716/716/716 715/715/715
f 694/694/694 695/695/695 716/716/716
f 695/695/695 717/717/717 716/716/716
f 695/695/695 696/696/696 717/717/717
f 696/696/696 718/718/718 717/717/717
f 696/696/696 697/697/697 718/718/718
f 697/697/697 719/719/719 718/718/718
f 697/697/697 698/698/698 719/719/719
f 698/698/698 720/720/720 719/719/719
f 698/698/698 699/699/699 720/720/720
f 699/699/699 721/721/721 720/720/720
f 699/699/699 700/700/700 721/721/721
f 700/700/700 722/722/722 721/721/721
f 700/700/700 701/701/701 722/722/722
f 701/701/701 723/723/723 722/722/722
f 701/701/701 702/702/702 723/723/723
f 702/702/702 724/724/724 723/723/723
f 702/702/702 703/703/703 724/724/724
f 703/703/703 725/725/725 724/724/724
f 703/703/703 704/704/704 725/725/725
f 704/704/704 726/726/726 725/725/725
f 704/704/704 705/705/705 726/726/726
f 705/705/705 727/727/727 726/726/726
f 705/705/705 706/706/706 727/727/727
f 706/706/706 728/728/728 727/727/727
f 706/706/706 707/707/707 728/728/728
f 707/707/707 729/729/729 728/728/728
f 707/707/707 708/708/708 729/729/729
f 708/708/708 730/730/730 729/729/729
f 708/708/708 709/709/709 730/730/730
f 709/709/709 731/731/731 730/730/730
f 709/709/709 710/710/710 731/731/731
f 710/710/710 732/732/732 731/731/731
f 710/710/710 711/711/711 732/732/732
f 711/711/711 733/733/733 732/732/732
f 711/711/711 712/712/712 733/733/733
f 712/712/712 734/734/734 733/733/733
f 712/712/712 713/713/713 734/734/734
f 713/713/713 735/735/735 734/734/734
f 713/713/713 714/714/714 735/735/735
f 715/715/715 737/737/737 736/736/736
f 715/715/715 716/716/716 737/737/737
f 716/716/716 738/738/738 737/737/737
f 716/716/716 717/717/717 738/738/738
f 717/717/717 739/739/739 738/738/738
f 717/717/717 718/718/718 739/739/739
f 718/718/718 740/740/740 739/739/739
f 718/718/718 719/719/719 740/740/740
f 719/719/719 741/741/741 740/740/740
f 719/719/719 720/720/720 741/741/741
f 720/720/720 742/742/742 741/741/741
f 720/720/720 721/721/721 742/742/742
f 721/721/721 743/743/743 742/742/742
f 721/721/721 722/722/722 743/743/743
f 722/722/722 744/744/744 743/743/743
f 722/722/722 723/723/723 744/744/744
f 723/723/723 745/745/745 744/744/744
f 723/723/723 724/724/724 745/745/745
f 724/724/724 746/746/746 745/745/745
f 724/724/724 725/725/725 746/746/746
f 725/725/725 747/747/747 746/746/746
f 725/725/725 726/726/726 747/747/747
f 726/726/726 748/748/748 747/747/747
f 726/726/726 727/727/727 748/748/748
f 727/727/727 749/749/749 748/748/748
f 727/727/727 728/728/728 749/749/749
f 728/728/728 750/750/750 749/749/749
f 728/728/728 729/729/729 750/750/750
f 729/729/729 751/751/751 750/750/750
f 729/729/729 730/730/730 751/751/751
f 730/730/730 752/752/752 751/751/751
f 730/730/730 731/731/731 752/752/752
f 731/731/731 753/753/753 752/752/752
f 731/731/731 732/732/732 753/753/753
f 732/732/732 754/754/754 753/753/753
f 732/732/732 733/733/733 754/754/754
f 733/733/733 755/755/755 754/754/754
f 733/733/733 734/734/734 755/755/755
f 734/734/734 756/756/756 755/755/755
f 734/734/734 735/735/735 756/756/756
f 736/736/736 758/758/758 757/757/757
f 736/736/736 737/737/737 758/758/758
f 737/737/737 759/759/759 758/758/758
f 737/737/737 738/738/738 759/759/759
f 738/738/738 760/760/760 759/759/759
f 738/738/738 739/739/739 760/760/760
f 739/739/739 761/761/761 760/760/760
f 739/739/739 740/740/740 761/761/761
f 740/740/740 762/762/762 761/761/761
f 740/740/740 741/741/741 762/762/762
f 741/741/741 763/763/763 762/762/762
f 741/741/741 742/742/742 763/763/763
f 742/742/742 764/764/764 763/763/763
f 742/742/742 743/743/743 764/764/764
f 743/743/743 765/765/765 764/764/764
f 743/743/743 744/744/744 765/765/765
f 744/744/744 766/766/766 765/765/765
f 744/744/744 745/745/745 766/766/766
f 745/745/745 767/767/767 766/766/766
f 745/745/745 746/746/746 767/767/767
f 746/746/746 768/768/768 767/767/767
f 746/746/746 747/747/747 768/768/768
f 747/747/747 769/769/769 768/768/768
f 747/747/747 748/748/748 769/769/769
f 748/748/748 770/770/770 769/769/769
f 748/748/748 749/749/749 770/770/770
f 749/749/749 771/771/771 770/770/770
f 749/749/749 750/750/750 771/771/771
f 750/750/750 772/772/772 771/771/771
f 750/750/750 751/751/751 772/772/772
f 751/751/751 773/773/773 772/772/772
f 751/751/751 752/752/752 773/773/773
f 752/752/752 774/774/774 773/773/773
f 752/752/752 753/753/753 774/774/774
f 753/753/753 775/775/775 774/774/774
f 753/753/753 754/754/754 775/775/775
f 754/754/754 776/776/776 775/775/775
f 754/754/754 755/755/755 776/776/776
f 755/755/755 777/777/777 776/776/776
f 755/755/755 756/756/756 777/777/777
f 778/778/778 2/2/2 1/1/1
f 779/779/779 757/757/757 758/758/758
f 778/778/778 3/3/3 2/2/2
f 779/779/779 758/758/758 759/759/759
f 778/778/778 4/4/4 3/3/3
f 779/779/779 759/759/759 760/760/760
f 778/778/778 5/5/5 4/4/4
f 779/779/779 760/760/760 761/761/761
f 778/778/778 6/6/6 5/5/5
f 779/779/779 761/761/761 762/762/762
f 778/778/778 7/7/7 6/6/6
f 779/779/779 762/762/762 763/763/763
f 778/778/778 8/8/8 7/7/7
f 779/779/779 763/763/763 764/764/764
f 778/778/778 9/9/9 8/8/8
f 779/779/779 764/764/764 765/765/765
f 778/778/778 10/10/10 9/9/9
f 779/779/779 765/765/765 766/766/766
f 778/778/778 11/11/11 10/10/10
f 779/779/779 766/766/766 767/767/767
f 778/778/778 12/12/12 11/11/11
f 779/779/779 767/767/767 768/768/768
f 778/778/778 13/13/13 12/12/12
f 779/779/779 768/768/768 769/769/769
f 778/778/778 14/14/14 13/13/13
f 779/779/779 769/769/769 770/770/770
f 778/778/778 15/15/15 14/14/14
f 779/779/779 770/770/770 771/771/771
f 778/778/778 16/16/16 15/15/15
f 779/779/779 771/771/771 772/772/772
f 778/778/778 17/17/17 16/16/16
f 779/779/779 772/772/772 773/773/773
f 778/778/778 18/18/18 17/17/17
f 779/779/779 773/773/773 774/774/774
f 778/778/778 19/19/19 18/18/18
f 779/779/779 774/774/774 775/775/775
f 778/778/778 20/20/20 19/19/19
f 779/779/779 775/775/775 776/776/776
f 778/778/778 21/21/21 20/20/20
f 779/779/779 776/776/776 777/777/777
usemtl KrakenSucker
f 780/780/780 793/793/793 794/794/794
f 780/780/780 794/794/794 781/781/781
f 781/781/781 794/794/794 795/795/795
f 781/781/781 795/795/795 782/782/782
f 782/782/782 795/795/795 796/796/796
f 782/782/782 796/796/796 783/783/783
f 783/783/783 796/796/796 797/797/797
f 783/783/783 797/797/797 784/784/784
f 784/784/784 797/797/797 798/798/798
f 784/784/784 798/798/798 785/785/785
f 785/785/785 798/798/798 799/799/799
f 785/785/785 799/799/799 786/786/786
f 786/786/786 799/799/799 800/800/800
f 786/786/786 800/800/800 787/787/787
f 787/787/787 800/800/800 801/801/801
f 787/787/787 801/801/801 788/788/788
f 788/788/788 801/801/801 802/802/802
f 788/788/788 802/802/802 789/789/789
f 789/789/789 802/802/802 803/803/803
f 789/789/789 803/803/803 790/790/790
f 790/790/790 803/803/803 804/804/804
f 790/790/790 804/804/804 791/791/791
f 791/791/791 804/804/804 805/805/805
f 791/791/791 805/805/805 792/792/792
f 793/793/793 806/806/806 807/807/807
f 793/793/793 807/807/807 794/794/794
f 794/794/794 807/807/807 808/808/808
f 794/794/794 808/808/808 795/795/795
f 795/795/795 808/808/808 809/809/809
f 795/795/795 809/809/809 796/796/796
f 796/796/796 809/809/809 810/810/810
f 796/796/796 810/810/810 797/797/797
f 797/797/797 810/810/810 811/811/811
f 797/797/797 811/811/811 798/798/798
f 798/798/798 811/811/811 812/812/812
f 798/798/798 812/812/812 799/799/799
f 799/799/799 812/812/812 813/813/813
f 799/799/799 813/813/813 800/800/800
f 800/800/800 813/813/813 814/814/814
f 800/800/800 814/814/814 801/801/801
f 801/801/801 814/814/814 815/815/815
f 801/801/801 815/815/815 802/802/802
f 802/802/802 815/815/815 816/816/816
f 802/802/802 816/816/816 803/803/803
f 803/803/803 816/816/816 817/817/817
f 803/803/803 817/817/817 804/804/804
f 804/804/804 817/817/817 818/818/818
f 804/804/804 818/818/818 805/805/805
usemtl KrakenSuckerInner
f 819/819/819 833/833/833 832/832/832
f 819/819/819 820/820/820 833/833/833
f 820/820/820 834/834/834 833/833/833
f 820/820/820 821/821/821 834/834/834
f 821/821/821 835/835/835 834/834/834
f 821/821/821 822/822/822 835/835/835
f 822/822/822 836/836/836 835/835/835
f 822/822/822 823/823/823 836/836/836
f 823/823/823 837/837/837 836/836/836
f 823/823/823 824/824/824 837/837/837
f 824/824/824 838/838/838 837/837/837
f 824/824/824 825/825/825 838/838/838
f 825/825/825 839/839/839 838/838/838
f 825/825/825 826/826/826 839/839/839
f 826/826/826 840/840/840 839/839/839
f 826/826/826 827/827/827 840/840/840
f 827/827/827 841/841/841 840/840/840
f 827/827/827 828/828/828 841/841/841
f 828/828/828 842/842/842 841/841/841
f 828/828/828 829/829/829 842/842/842
f 829/829/829 843/843/843 842/842/842
f 829/829/829 830/830/830 843/843/843
f 830/830/830 844/844/844 843/843/843
f 830/830/830 831/831/831 844/844/844
f 832/832/832 846/846/846 845/845/845
f 832/832/832 833/833/833 846/846/846
f 833/833/833 847/847/847 846/846/846
f 833/833/833 834/834/834 847/847/847
f 834/834/834 848/848/848 847/847/847
f 834/834/834 835/835/835 848/848/848
f 835/835/835 849/849/849 848/848/848
f 835/835/835 836/836/836 849/849/849
f 836/836/836 850/850/850 849/849/849
f 836/836/836 837/837/837 850/850/850
f 837/837/837 851/851/851 850/850/850
f 837/837/837 838/838/838 851/851/851
f 838/838/838 852/852/852 851/851/851
f 838/838/838 839/839/839 852/852/852
f 839/839/839 853/853/853 852/852/852
f 839/839/839 840/840/840 853/853/853
f 840/840/840 854/854/854 853/853/853
f 840/840/840 841/841/841 854/854/854
f 841/841/841 855/855/855 854/854/854
f 841/841/841 842/842/842 855/855/855
f 842/842/842 856/856/856 855/855/855
f 842/842/842 843/843/843 856/856/856
f 843/843/843 857/857/857 856/856/856
f 843/843/843 844/844/844 857/857/857
f 858/858/858 845/845/845 846/846/846
f 858/858/858 846/846/846 847/847/847
f 858/858/858 847/847/847 848/848/848
f 858/858/858 848/848/848 849/849/849
f 858/858/858 849/849/849 850/850/850
f 858/858/858 850/850/850 851/851/851
f 858/858/858 851/851/851 852/852/852
f 858/858/858 852/852/852 853/853/853
f 858/858/858 853/853/853 854/854/854
f 858/858/858 854/854/854 855/855/855
f 858/858/858 855/855/855 856/856/856
f 858/858/858 856/856/856 857/857/857
usemtl KrakenSucker
f 859/859/859 872/872/872 873/873/873
f 859/859/859 873/873/873 860/860/860
f 860/860/860 873/873/873 874/874/874
f 860/860/860 874/874/874 861/861/861
f 861/861/861 874/874/874 875/875/875
f 861/861/861 875/875/875 862/862/862
f 862/862/862 875/875/875 876/876/876
f 862/862/862 876/876/876 863/863/863
f 863/863/863 876/876/876 877/877/877
f 863/863/863 877/877/877 864/864/864
f 864/864/864 877/877/877 878/878/878
f 864/864/864 878/878/878 865/865/865
f 865/865/865 878/878/878 879/879/879
f 865/865/865 879/879/879 866/866/866
f 866/866/866 879/879/879 880/880/880
f 866/866/866 880/880/880 867/867/867
f 867/867/867 880/880/880 881/881/881
f 867/867/867 881/881/881 868/868/868
f 868/868/868 881/881/881 882/882/882
f 868/868/868 882/882/882 869/869/869
f 869/869/869 882/882/882 883/883/883
f 869/869/869 883/883/883 870/870/870
f 870/870/870 883/883/883 884/884/884
f 870/870/870 884/884/884 871/871/871
f 872/872/872 885/885/885 886/886/886
f 872/872/872 886/886/886 873/873/873
f 873/873/873 886/886/886 887/887/887
f 873/873/873 887/887/887 874/874/874
f 874/874/874 887/887/887 888/888/888
f 874/874/874 888/888/888 875/875/875
f 875/875/875 888/888/888 889/889/889
f 875/875/875 889/889/889 876/876/876
f 876/876/876 889/889/889 890/890/890
f 876/876/876 890/890/890 877/877/877
f 877/877/877 890/890/890 891/891/891
f 877/877/877 891/891/891 878/878/878
f 878/878/878 891/891/891 892/892/892
f 878/878/878 892/892/892 879/879/879
f 879/879/879 892/892/892 893/893/893
f 879/879/879 893/893/893 880/880/880
f 880/880/880 893/893/893 894/894/894
f 880/880/880 894/894/894 881/881/881
f 881/881/881 894/894/894 895/895/895
f 881/881/881 895/895/895 882/882/882
f 882/882/882 895/895/895 896/896/896
f 882/882/882 896/896/896 883/883/883
f 883/883/883 896/896/896 897/897/897
f 883/883/883 897/897/897 884/884/884
usemtl KrakenSuckerInner
f 898/898/898 912/912/912 911/911/911
f 898/898/898 899/899/899 912/912/912
f 899/899/899 913/913/913 912/912/912
f 899/899/899 900/900/900 913/913/913
f 900/900/900 914/914/914 913/913/913
f 900/900/900 901/901/901 914/914/914
f 901/901/901 915/915/915 914/914/914
f 901/901/901 902/902/902 915/915/915
f 902/902/902 916/916/916 915/915/915
f 902/902/902 903/903/903 916/916/916
f 903/903/903 917/917/917 916/916/916
f 903/903/903 904/904/904 917/917/917
f 904/904/904 918/918/918 917/917/917
f 904/904/904 905/905/905 918/918/918
f 905/905/905 919/919/919 918/918/918
f 905/905/905 906/906/906 919/919/919
f 906/906/906 920/920/920 919/919/919
f 906/906/906 907/907/907 920/920/920
f 907/907/907 921/921/921 920/920/920
f 907/907/907 908/908/908 921/921/921
f 908/908/908 922/922/922 921/921/921
f 908/908/908 909/909/909 922/922/922
f 909/909/909 923/923/923 922/922/922
f 909/909/909 910/910/910 923/923/923
f 911/911/911 925/925/925 924/924/924
f 911/911/911 912/912/912 925/925/925
f 912/912/912 926/926/926 925/925/925
f 912/912/912 913/913/913 926/926/926
f 913/913/913 927/927/927 926/926/926
f 913/913/913 914/914/914 927/927/927
f 914/914/914 928/928/928 927/927/927
f 914/914/914 915/915/915 928/928/928
f 915/915/915 929/929/929 928/928/928
f 915/915/915 916/916/916 929/929/929
f 916/916/916 930/930/930 929/929/929
f 916/916/916 917/917/917 930/930/930
f 917/917/917 931/931/931 930/930/930
f 917/917/917 918/918/918 931/931/931
f 918/918/918 932/932/932 931/931/931
f 918/918/918 919/919/919 932/932/932
f 919/919/919 933/933/933 932/932/932
f 919/919/919 920/920/920 933/933/933
f 920/920/920 934/934/934 933/933/933
f 920/920/920 921/921/921 934/934/934
f 921/921/921 935/935/935 934/934/934
f 921/921/921 922/922/922 935/935/935
f 922/922/922 936/936/936 935/935/935
f 922/922/922 923/923/923 936/936/936
f 937/937/937 924/924/924 925/925/925
f 937/937/937 925/925/925 926/926/926
f 937/937/937 926/926/926 927/927/927
f 937/937/937 927/927/927 928/928/928
f 937/937/937 928/928/928 929/929/929
f 937/937/937 929/929/929 930/930/930
f 937/937/937 930/930/930 931/931/931
f 937/937/937 931/931/931 932/932/932
f 937/937/937 932/932/932 933/933/933
f 937/937/937 933/933/933 934/934/934
f 937/937/937 934/934/934 935/935/935
f 937/937/937 935/935/935 936/936/936
usemtl KrakenSucker
f 938/938/938 951/951/951 952/952/952
f 938/938/938 952/952/952 939/939/939
f 939/939/939 952/952/952 953/953/953
f 939/939/939 953/953/953 940/940/940
f 940/940/940 953/953/953 954/954/954
f 940/940/940 954/954/954 941/941/941
f 941/941/941 954/954/954 955/955/955
f 941/941/941 955/955/955 942/942/942
f 942/942/942 955/955/955 956/956/956
f 942/942/942 956/956/956 943/943/943
f 943/943/943 956/956/956 957/957/957
f 943/943/943 957/957/957 944/944/944
f 944/944/944 957/957/957 958/958/958
f 944/944/944 958/958/958 945/945/945
f 945/945/945 958/958/958 959/959/959
f 945/945/945 959/959/959 946/946/946
f 946/946/946 959/959/959 960/960/960
f 946/946/946 960/960/960 947/947/947
f 947/947/947 960/960/960 961/961/961
f 947/947/947 961/961/961 948/948/948
f 948/948/948 961/961/961 962/962/962
f 948/948/948 962/962/962 949/949/949
f 949/949/949 962/962/962 963/963/963
f 949/949/949 963/963/963 950/950/950
f 951/951/951 964/964/964 965/965/965
f 951/951/951 965/965/965 952/952/952
f 952/952/952 965/965/965 966/966/966
f 952/952/952 966/966/966 953/953/953
f 953/953/953 966/966/966 967/967/967
f 953/953/953 967/967/967 954/954/954
f 954/954/954 967/967/967 968/968/968
f 954/954/954 968/968/968 955/955/955
f 955/955/955 968/968/968 969/969/969
f 955/955/955 969/969/969 956/956/956
f 956/956/956 969/969/969 970/970/970
f 956/956/956 970/970/970 957/957/957
f 957/957/957 970/970/970 971/971/971
f 957/957/957 971/971/971 958/958/958
f 958/958/958 971/971/971 972/972/972
f 958/958/958 972/972/972 959/959/959
f 959/959/959 972/972/972 973/973/973
f 959/959/959 973/973/973 960/960/960
f 960/960/960 973/973/973 974/974/974
f 960/960/960 974/974/974 961/961/961
f 961/961/961 974/974/974 975/975/975
f 961/961/961 975/975/975 962/962/962
f 962/962/962 975/975/975 976/976/976
f 962/962/962 976/976/976 963/963/963
usemtl KrakenSuckerInner
f 977/977/977 991/991/991 990/990/990
f 977/977/977 978/978/978 991/991/991
f 978/978/978 992/992/992 991/991/991
f 978/978/978 979/979/979 992/992/992
f 979/979/979 993/993/993 992/992/992
f 979/979/979 980/980/980 993/993/993
f 980/980/980 994/994/994 993/993/993
f 980/980/980 981/981/981 994/994/994
f 981/981/981 995/995/995 994/994/994
f 981/981/981 982/982/982 995/995/995
f 982/982/982 996/996/996 995/995/995
f 982/982/982 983/983/983 996/996/996
f 983/983/983 997/997/997 996/996/996
f 983/983/983 984/984/984 997/997/997
f 984/984/984 998/998/998 997/997/997
f 984/984/984 985/985/985 998/998/998
f 985/985/985 999/999/999 998/998/998
f 985/985/985 986/986/986 999/999/999
f 986/986/986 1000/1000/1000 999/999/999
f 986/986/986 987/987/987 1000/1000/1000
f 987/987/987 1001/1001/1001 1000/1000/1000
f 987/987/987 988/988/988 1001/1001/1001
f 988/988/988 1002/1002/1002 1001/1001/1001
f 988/988/988 989/989/989 1002/1002/1002
f 990/990/990 1004/1004/1004 1003/1003/1003
f 990/990/990 991/991/991 1004/1004/1004
f 991/991/991 1005/1005/1005 1004/1004/1004
f 991/991/991 992/992/992 1005/1005/1005
f 992/992/992 1006/1006/1006 1005/1005/1005
f 992/992/992 993/993/993 1006/1006/1006
f 993/993/993 1007/1007/1007 1006/1006/1006
f 993/993/993 994/994/994 1007/1007/1007
f 994/994/994 1008/1008/1008 1007/1007/1007
f 994/994/994 995/995/995 1008/1008/1008
f 995/995/995 1009/1009/1009 1008/1008/1008
f 995/995/995 996/996/996 1009/1009/1009
f 996/996/996 1010/1010/1010 1009/1009/1009
f 996/996/996 997/997/997 1010/1010/1010
f 997/997/997 1011/1011/1011 1010/1010/1010
f 997/997/997 998/998/998 1011/1011/1011
f 998/998/998 1012/1012/1012 1011/1011/1011
f 998/998/998 999/999/999 1012/1012/1012
f 999/999/999 1013/1013/1013 1012/1012/1012
f 999/999/999 1000/1000/1000 1013/1013/1013
f 1000/1000/1000 1014/1014/1014 1013/1013/1013
f 1000/1000/1000 1001/1001/1001 1014/1014/1014
f 1001/1001/1001 1015/1015/1015 1014/1014/1014
f 1001/1001/1001 1002/1002/1002 1015/1015/1015
f 1016/1016/1016 1003/1003/1003 1004/1004/1004
f 1016/1016/1016 1004/1004/1004 1005/1005/1005
f 1016/1016/1016 1005/1005/1005 1006/1006/1006
f 1016/1016/1016 1006/1006/1006 1007/1007/1007
f 1016/1016/1016 1007/1007/1007 1008/1008/1008
f 1016/1016/1016 1008/1008/1008 1009/1009/1009
f 1016/1016/1016 1009/1009/1009 1010/1010/1010
f 1016/1016/1016 1010/1010/1010 1011/1011/1011
f 1016/1016/1016 1011/1011/1011 1012/1012/1012
f 1016/1016/1016 1012/1012/1012 1013/1013/1013
f 1016/1016/1016 1013/1013/1013 1014/1014/1014
f 1016/1016/1016 1014/1014/1014 1015/1015/1015
usemtl KrakenSucker
f 1017/1017/1017 1030/1030/1030 1031/1031/1031
f 1017/1017/1017 1031/1031/1031 1018/1018/1018
f 1018/1018/1018 1031/1031/1031 1032/1032/1032
f 1018/1018/1018 1032/1032/1032 1019/1019/1019
f 1019/1019/1019 1032/1032/1032 1033/1033/1033
f 1019/1019/1019 1033/1033/1033 1020/1020/1020
f 1020/1020/1020 1033/1033/1033 1034/1034/1034
f 1020/1020/1020 1034/1034/1034 1021/1021/1021
f 1021/1021/1021 1034/1034/1034 1035/1035/1035
f 1021/1021/1021 1035/1035/1035 1022/1022/1022
f 1022/1022/1022 1035/1035/1035 1036/1036/1036
f 1022/1022/1022 1036/1036/1036 1023/1023/1023
f 1023/1023/1023 1036/1036/1036 1037/1037/1037
f 1023/1023/1023 1037/1037/1037 1024/1024/1024
f 1024/1024/1024 1037/1037/1037 1038/1038/1038
f 1024/1024/1024 1038/1038/1038 1025/1025/1025
f 1025/1025/1025 1038/1038/1038 1039/1039/1039
f 1025/1025/1025 1039/1039/1039 1026/1026/1026
f 1026/1026/1026 1039/1039/1039 1040/1040/1040
f 1026/1026/1026 1040/1040/1040 1027/1027/1027
f 1027/1027/1027 1040/1040/1040 1041/1041/1041
f 1027/1027/1027 1041/1041/1041 1028/1028/1028
f 1028/1028/1028 1041/1041/1041 1042/1042/1042
f 1028/1028/1028 1042/1042/1042 1029/1029/1029
f 1030/1030/1030 1043/1043/1043 1044/1044/1044
f 1030/1030/1030 1044/1044/1044 1031/1031/1031
f 1031/1031/1031 1044/1044/1044 1045/1045/1045
f 1031/1031/1031 1045/1045/1045 1032/1032/1032
f 1032/1032/1032 1045/1045/1045 1046/1046/1046
f 1032/1032/1032 1046/1046/1046 1033/1033/1033
f 1033/1033/1033 1046/1046/1046 1047/1047/1047
f 1033/1033/1033 1047/1047/1047 1034/1034/1034
f 1034/1034/1034 1047/1047/1047 1048/1048/1048
f 1034/1034/1034 1048/1048/1048 1035/1035/1035
f 1035/1035/1035 1048/1048/1048 1049/1049/1049
f 1035/1035/1035 1049/1049/1049 1036/1036/1036
f 1036/1036/1036 1049/1049/1049 1050/1050/1050
f 1036/1036/1036 1050/1050/1050 1037/1037/1037
f 1037/1037/1037 1050/1050/1050 1051/1051/1051
f 1037/1037/1037 1051/1051/1051 1038/1038/1038
f 1038/1038/1038 1051/1051/1051 1052/1052/1052
f 1038/1038/1038 1052/1052/1052 1039/1039/1039
f 1039/1039/1039 1052/1052/1052 1053/1053/1053
f 1039/1039/1039 1053/1053/1053 1040/1040/1040
f 1040/1040/1040 1053/1053/1053 1054/1054/1054
f 1040/1040/1040 1054/1054/1054 1041/1041/1041
f 1041/1041/1041 1054/1054/1054 1055/1055/1055
f 1041/1041/1041 1055/1055/1055 1042/1042/1042
usemtl KrakenSuckerInner
f 1056/1056/1056 1070/1070/1070 1069/1069/1069
f 1056/1056/1056 1057/1057/1057 1070/1070/1070
f 1057/1057/1057 1071/1071/1071 1070/1070/1070
f 1057/1057/1057 1058/1058/1058 1071/1071/1071
f 1058/1058/1058 1072/1072/1072 1071/1071/1071
f 1058/1058/1058 1059/1059/1059 1072/1072/1072
f 1059/1059/1059 1073/1073/1073 1072/1072/1072
f 1059/1059/1059 1060/1060/1060 1073/1073/1073
f 1060/1060/1060 1074/1074/1074 1073/1073/1073
f 1060/1060/1060 1061/1061/1061 1074/1074/1074
f 1061/1061/1061 1075/1075/1075 1074/1074/1074
f 1061/1061/1061 1062/1062/1062 1075/1075/1075
f 1062/1062/1062 1076/1076/1076 1075/1075/1075
f 1062/1062/1062 1063/1063/1063 1076/1076/1076
f 1063/1063/1063 1077/1077/1077 1076/1076/1076
f 1063/1063/1063 1064/1064/1064 1077/1077/1077
f 1064/1064/1064 1078/1078/1078 1077/1077/1077
f 1064/1064/1064 1065/1065/1065 1078/1078/1078
f 1065/1065/1065 1079/1079/1079 1078/1078/1078
f 1065/1065/1065 1066/1066/1066 1079/1079/1079
f 1066/1066/1066 1080/1080/1080 1079/1079/1079
f 1066/1066/1066 1067/1067/1067 1080/1080/1080
f 1067/1067/1067 1081/1081/1081 1080/1080/1080
f 1067/1067/1067 1068/1068/1068 1081/1081/1081
f 1069/1069/1069 1083/1083/1083 1082/1082/1082
f 1069/1069/1069 1070/1070/1070 1083/1083/1083
f 1070/1070/1070 1084/1084/1084 1083/1083/1083
f 1070/1070/1070 1071/1071/1071 1084/1084/1084
f 1071/1071/1071 1085/1085/1085 1084/1084/1084
f 1071/1071/1071 1072/1072/1072 1085/1085/1085
f 1072/1072/1072 1086/1086/1086 1085/1085/1085
f 1072/1072/1072 1073/1073/1073 1086/1086/1086
f 1073/1073/1073 1087/1087/1087 1086/1086/1086
f 1073/1073/1073 1074/1074/1074 1087/1087/1087
f 1074/1074/1074 1088/1088/1088 1087/1087/1087
f 1074/1074/1074 1075/1075/1075 1088/1088/1088
f 1075/1075/1075 1089/1089/1089 1088/1088/1088
f 1075/1075/1075 1076/1076/1076 1089/1089/1089
f 1076/1076/1076 1090/1090/1090 1089/1089/1089
f 1076/1076/1076 1077/1077/1077 1090/1090/1090
f 1077/1077/1077 1091/1091/1091 1090/1090/1090
f 1077/1077/1077 1078/1078/1078 1091/1091/1091
f 1078/1078/1078 1092/1092/1092 1091/1091/1091
f 1078/1078/1078 1079/1079/1079 1092/1092/1092
f 1079/1079/1079 1093/1093/1093 1092/1092/1092
f 1079/1079/1079 1080/1080/1080 1093/1093/1093
f 1080/1080/1080 1094/1094/1094 1093/1093/1093
f 1080/1080/1080 1081/1081/1081 1094/1094/1094
f 1095/1095/1095 1082/1082/1082 1083/1083/1083
f 1095/1095/1095 1083/1083/1083 1084/1084/1084
f 1095/1095/1095 1084/1084/1084 1085/1085/1085
f 1095/1095/1095 1085/1085/1085 1086/1086/1086
f 1095/1095/1095 1086/1086/1086 1087/1087/1087
f 1095/1095/1095 1087/1087/1087 1088/1088/1088
f 1095/1095/1095 1088/1088/1088 1089/1089/1089
f 1095/1095/1095 1089/1089/1089 1090/1090/1090
f 1095/1095/1095 1090/1090/1090 1091/1091/1091
f 1095/1095/1095 1091/1091/1091 1092/1092/1092
f 1095/1095/1095 1092/1092/1092 1093/1093/1093
f 1095/1095/1095 1093/1093/1093 1094/1094/1094
usemtl KrakenSucker
f 1096/1096/1096 1109/1109/1109 1110/1110/1110
f 1096/1096/1096 1110/1110/1110 1097/1097/1097
f 1097/1097/1097 1110/1110/1110 1111/1111/1111
f 1097/1097/1097 1111/1111/1111 1098/1098/1098
f 1098/1098/1098 1111/1111/1111 1112/1112/1112
f 1098/1098/1098 1112/1112/1112 1099/1099/1099
f 1099/1099/1099 1112/1112/1112 1113/1113/1113
f 1099/1099/1099 1113/1113/1113 1100/1100/1100
f 1100/1100/1100 1113/1113/1113 1114/1114/1114
f 1100/1100/1100 1114/1114/1114 1101/1101/1101
f 1101/1101/1101 1114/1114/1114 1115/1115/1115
f 1101/1101/1101 1115/1115/1115 1102/1102/1102
f 1102/1102/1102 1115/1115/1115 1116/1116/1116
f 1102/1102/1102 1116/1116/1116 1103/1103/1103
f 1103/1103/1103 1116/1116/1116 1117/1117/1117
f 1103/1103/1103 1117/1117/1117 1104/1104/1104
f 1104/1104/1104 1117/1117/1117 1118/1118/1118
f 1104/1104/1104 1118/1118/1118 1105/1105/1105
f 1105/1105/1105 1118/1118/1118 1119/1119/1119
f 1105/1105/1105 1119/1119/1119 1106/1106/1106
f 1106/1106/1106 1119/1119/1119 1120/1120/1120
f 1106/1106/1106 1120/1120/1120 1107/1107/1107
f 1107/1107/1107 1120/1120/1120 1121/1121/1121
f 1107/1107/1107 1121/1121/1121 1108/1108/1108
f 1109/1109/1109 1122/1122/1122 1123/1123/1123
f 1109/1109/1109 1123/1123/1123 1110/1110/1110
f 1110/1110/1110 1123/1123/1123 1124/1124/1124
f 1110/1110/1110 1124/1124/1124 1111/1111/1111
f 1111/1111/1111 1124/1124/1124 1125/1125/1125
f 1111/1111/1111 1125/1125/1125 1112/1112/1112
f 1112/1112/1112 1125/1125/1125 1126/1126/1126
f 1112/1112/1112 1126/1126/1126 1113/1113/1113
f 1113/1113/1113 1126/1126/1126 1127/1127/1127
f 1113/1113/1113 1127/1127/1127 1114/1114/1114
f 1114/1114/1114 1127/1127/1127 1128/1128/1128
f 1114/1114/1114 1128/1128/1128 1115/1115/1115
f 1115/1115/1115 1128/1128/1128 1129/1129/1129
f 1115/1115/1115 1129/1129/1129 1116/1116/1116
f 1116/1116/1116 1129/1129/1129 1130/1130/1130
f 1116/1116/1116 1130/1130/1130 1117/1117/1117
f 1117/1117/1117 1130/1130/1130 1131/1131/1131
f 1117/1117/1117 1131/1131/1131 1118/1118/1118
f 1118/1118/1118 1131/1131/1131 1132/1132/1132
f 1118/1118/1118 1132/1132/1132 1119/1119/1119
f 1119/1119/1119 1132/1132/1132 1133/1133/1133
f 1119/1119/1119 1133/1133/1133 1120/1120/1120
f 1120/1120/1120 1133/1133/1133 1134/1134/1134
f 1120/1120/1120 1134/1134/1134 1121/1121/1121
usemtl KrakenSuckerInner
f 1135/1135/1135 1149/1149/1149 1148/1148/1148
f 1135/1135/1135 1136/1136/1136 1149/1149/1149
f 1136/1136/1136 1150/1150/1150 1149/1149/1149
f 1136/1136/1136 1137/1137/1137 1150/1150/1150
f 1137/1137/1137 1151/1151/1151 1150/1150/1150
f 1137/1137/1137 1138/1138/1138 1151/1151/1151
f 1138/1138/1138 1152/1152/1152 1151/1151/1151
f 1138/1138/1138 1139/1139/1139 1152/1152/1152
f 1139/1139/1139 1153/1153/1153 1152/1152/1152
f 1139/1139/1139 1140/1140/1140 1153/1153/1153
f 1140/1140/1140 1154/1154/1154 1153/1153/1153
f 1140/1140/1140 1141/1141/1141 1154/1154/1154
f 1141/1141/1141 1155/1155/1155 1154/1154/1154
f 1141/1141/1141 1142/1142/1142 1155/1155/1155
f 1142/1142/1142 1156/1156/1156 1155/1155/1155
f 1142/1142/1142 1143/1143/1143 1156/1156/1156
f 1143/1143/1143 1157/1157/1157 1156/1156/1156
f 1143/1143/1143 1144/1144/1144 1157/1157/1157
f 1144/1144/1144 1158/1158/1158 1157/1157/1157
f 1144/1144/1144 1145/1145/1145 1158/1158/1158
f 1145/1145/1145 1159/1159/1159 1158/1158/1158
f 1145/1145/1145 1146/1146/1146 1159/1159/1159
f 1146/1146/1146 1160/1160/1160 1159/1159/1159
f 1146/1146/1146 1147/1147/1147 1160/1160/1160
f 1148/1148/1148 1162/1162/1162 1161/1161/1161
f 1148/1148/1148 1149/1149/1149 1162/1162/1162
f 1149/1149/1149 1163/1163/1163 1162/1162/1162
f 1149/1149/1149 1150/1150/1150 1163/1163/1163
f 1150/1150/1150 1164/1164/1164 1163/1163/1163
f 1150/1150/1150 1151/1151/1151 1164/1164/1164
f 1151/1151/1151 1165/1165/1165 1164/1164/1164
f 1151/1151/1151 1152/1152/1152 1165/1165/1165
f 1152/1152/1152 1166/1166/1166 1165/1165/1165
f 1152/1152/1152 1153/1153/1153 1166/1166/1166
f 1153/1153/1153 1167/1167/1167 1166/1166/1166
f 1153/1153/1153 1154/1154/1154 1167/1167/1167
f 1154/1154/1154 1168/1168/1168 1167/1167/1167
f 1154/1154/1154 1155/1155/1155 1168/1168/1168
f 1155/1155/1155 1169/1169/1169 1168/1168/1168
f 1155/1155/1155 1156/1156/1156 1169/1169/1169
f 1156/1156/1156 1170/1170/1170 1169/1169/1169
f 1156/1156/1156 1157/1157/1157 1170/1170/1170
f 1157/1157/1157 1171/1171/1171 1170/1170/1170
f 1157/1157/1157 1158/1158/1158 1171/1171/1171
f 1158/1158/1158 1172/1172/1172 1171/1171/1171
f 1158/1158/1158 1159/1159/1159 1172/1172/1172
f 1159/1159/1159 1173/1173/1173 1172/1172/1172
f 1159/1159/1159 1160/1160/1160 1173/1173/1173
f 1174/1174/1174 1161/1161/1161 1162/1162/1162
f 1174/1174/1174 1162/1162/1162 1163/1163/1163
f 1174/1174/1174 1163/1163/1163 1164/1164/1164
f 1174/1174/1174 1164/1164/1164 1165/1165/1165
f 1174/1174/1174 1165/1165/1165 1166/1166/1166
f 1174/1174/1174 1166/1166/1166 1167/1167/1167
f 1174/1174/1174 1167/1167/1167 1168/1168/1168
f 1174/1174/1174 1168/1168/1168 1169/1169/1169
f 1174/1174/1174 1169/1169/1169 1170/1170/1170
f 1174/1174/1174 1170/1170/1170 1171/1171/1171
f 1174/1174/1174 1171/1171/1171 1172/1172/1172
f 1174/1174/1174 1172/1172/1172 1173/1173/1173
usemtl KrakenSucker
f 1175/1175/1175 1188/1188/1188 1189/1189/1189
f 1175/1175/1175 1189/1189/1189 1176/1176/1176
f 1176/1176/1176 1189/1189/1189 1190/1190/1190
f 1176/1176/1176 1190/1190/1190 1177/1177/1177
f 1177/1177/1177 1190/1190/1190 1191/1191/1191
f 1177/1177/1177 1191/1191/1191 1178/1178/1178
f 1178/1178/1178 1191/1191/1191 1192/1192/1192
f 1178/1178/1178 1192/1192/1192 1179/1179/1179
f 1179/1179/1179 1192/1192/1192 1193/1193/1193
f 1179/1179/1179 1193/1193/1193 1180/1180/1180
f 1180/1180/1180 1193/1193/1193 1194/1194/1194
f 1180/1180/1180 1194/1194/1194 1181/1181/1181
f 1181/1181/1181 1194/1194/1194 1195/1195/1195
f 1181/1181/1181 1195/1195/1195 1182/1182/1182
f 1182/1182/1182 1195/1195/1195 1196/1196/1196
f 1182/1182/1182 1196/1196/1196 1183/1183/1183
f 1183/1183/1183 1196/1196/1196 1197/1197/1197
f 1183/1183/1183 1197/1197/1197 1184/1184/1184
f 1184/1184/1184 1197/1197/1197 1198/1198/1198
f 1184/1184/1184 1198/1198/1198 1185/1185/1185
f 1185/1185/1185 1198/1198/1198 1199/1199/1199
f 1185/1185/1185 1199/1199/1199 1186/1186/1186
f 1186/1186/1186 1199/1199/1199 1200/1200/1200
f 1186/1186/1186 1200/1200/1200 1187/1187/1187
f 1188/1188/1188 1201/1201/1201 1202/1202/1202
f 1188/1188/1188 1202/1202/1202 1189/1189/1189
f 1189/1189/1189 1202/1202/1202 1203/1203/1203
f 1189/1189/1189 1203/1203/1203 1190/1190/1190
f 1190/1190/1190 1203/1203/1203 1204/1204/1204
f 1190/1190/1190 1204/1204/1204 1191/1191/1191
f 1191/1191/1191 1204/1204/1204 1205/1205/1205
f 1191/1191/1191 1205/1205/1205 1192/1192/1192
f 1192/1192/1192 1205/1205/1205 1206/1206/1206
f 1192/1192/1192 1206/1206/1206 1193/1193/1193
f 1193/1193/1193 1206/1206/1206 1207/1207/1207
f 1193/1193/1193 1207/1207/1207 1194/1194/1194
f 1194/1194/1194 1207/1207/1207 1208/1208/1208
f 1194/1194/1194 1208/1208/1208 1195/1195/1195
f 1195/1195/1195 1208/1208/1208 1209/1209/1209
f 1195/1195/1195 1209/1209/1209 1196/1196/1196
f 1196/1196/1196 1209/1209/1209 1210/1210/1210
f 1196/1196/1196 1210/1210/1210 1197/1197/1197
f 1197/1197/1197 1210/1210/1210 1211/1211/1211
f 1197/1197/1197 1211/1211/1211 1198/1198/1198
f 1198/1198/1198 1211/1211/1211 1212/1212/1212
f 1198/1198/1198 1212/1212/1212 1199/1199/1199
f 1199/1199/1199 1212/1212/1212 1213/1213/1213
f 1199/1199/1199 1213/1213/1213 1200/1200/1200
usemtl KrakenSuckerInner
f 1214/1214/1214 1228/1228/1228 1227/1227/1227
f 1214/1214/1214 1215/1215/1215 1228/1228/1228
f 1215/1215/1215 1229/1229/1229 1228/1228/1228
f 1215/1215/1215 1216/1216/1216 1229/1229/1229
f 1216/1216/1216 1230/1230/1230 1229/1229/1229
f 1216/1216/1216 1217/1217/1217 1230/1230/1230
f 1217/1217/1217 1231/1231/1231 1230/1230/1230
f 1217/1217/1217 1218/1218/1218 1231/1231/1231
f 1218/1218/1218 1232/1232/1232 1231/1231/1231
f 1218/1218/1218 1219/1219/1219 1232/1232/1232
f 1219/1219/1219 1233/1233/1233 1232/1232/1232
f 1219/1219/1219 1220/1220/1220 1233/1233/1233
f 1220/1220/1220 1234/1234/1234 1233/1233/1233
f 1220/1220/1220 1221/1221/1221 1234/1234/1234
f 1221/1221/1221 1235/1235/1235 1234/1234/1234
f 1221/1221/1221 1222/1222/1222 1235/1235/1235
f 1222/1222/1222 1236/1236/1236 1235/1235/1235
f 1222/1222/1222 1223/1223/1223 1236/1236/1236
f 1223/1223/1223 1237/1237/1237 1236/1236/1236
f 1223/1223/1223 1224/1224/1224 1237/1237/1237
f 1224/1224/1224 1238/1238/1238 1237/1237/1237
f 1224/1224/1224 1225/1225/1225 1238/1238/1238
f 1225/1225/1225 1239/1239/1239 1238/1238/1238
f 1225/1225/1225 1226/1226/1226 1239/1239/1239
f 1227/1227/1227 1241/1241/1241 1240/1240/1240
f 1227/1227/1227 1228/1228/1228 1241/1241/1241
f 1228/1228/1228 1242/1242/1242 1241/1241/1241
f 1228/1228/1228 1229/1229/1229 1242/1242/1242
f 1229/1229/1229 1243/1243/1243 1242/1242/1242
f 1229/1229/1229 1230/1230/1230 1243/1243/1243
f 1230/1230/1230 1244/1244/1244 1243/1243/1243
f 1230/1230/1230 1231/1231/1231 1244/1244/1244
f 1231/1231/1231 1245/1245/1245 1244/1244/1244
f 1231/1231/1231 1232/1232/1232 1245/1245/1245
f 1232/1232/1232 1246/1246/1246 1245/1245/1245
f 1232/1232/1232 1233/1233/1233 1246/1246/1246
f 1233/1233/1233 1247/1247/1247 1246/1246/1246
f 1233/1233/1233 1234/1234/1234 1247/1247/1247
f 1234/1234/1234 1248/1248/1248 1247/1247/1247
f 1234/1234/1234 1235/1235/1235 1248/1248/1248
f 1235/1235/1235 1249/1249/1249 1248/1248/1248
f 1235/1235/1235 1236/1236/1236 1249/1249/1249
f 1236/1236/1236 1250/1250/1250 1249/1249/1249
f 1236/1236/1236 1237/1237/1237 1250/1250/1250
f 1237/1237/1237 1251/1251/1251 1250/1250/1250
f 1237/1237/1237 1238/1238/1238 1251/1251/1251
f 1238/1238/1238 1252/1252/1252 1251/1251/1251
f 1238/1238/1238 1239/1239/1239 1252/1252/1252
f 1253/1253/1253 1240/1240/1240 1241/1241/1241
f 1253/1253/1253 1241/1241/1241 1242/1242/1242
f 1253/1253/1253 1242/1242/1242 1243/1243/1243
f 1253/1253/1253 1243/1243/1243 1244/1244/1244
f 1253/1253/1253 1244/1244/1244 1245/1245/1245
f 1253/1253/1253 1245/1245/1245 1246/1246/1246
f 1253/1253/1253 1246/1246/1246 1247/1247/1247
f 1253/1253/1253 1247/1247/1247 1248/1248/1248
f 1253/1253/1253 1248/1248/1248 1249/1249/1249
f 1253/1253/1253 1249/1249/1249 1250/1250/1250
f 1253/1253/1253 1250/1250/1250 1251/1251/1251
f 1253/1253/1253 1251/1251/1251 1252/1252/1252
usemtl KrakenSucker
f 1254/1254/1254 1267/1267/1267 1268/1268/1268
f 1254/1254/1254 1268/1268/1268 1255/1255/1255
f 1255/1255/1255 1268/1268/1268 1269/1269/1269
f 1255/1255/1255 1269/1269/1269 1256/1256/1256
f 1256/1256/1256 1269/1269/1269 1270/1270/1270
f 1256/1256/1256 1270/1270/1270 1257/1257/1257
f 1257/1257/1257 1270/1270/1270 1271/1271/1271
f 1257/1257/1257 1271/1271/1271 1258/1258/1258
f 1258/1258/1258 1271/1271/1271 1272/1272/1272
f 1258/1258/1258 1272/1272/1272 1259/1259/1259
f 1259/1259/1259 1272/1272/1272 1273/1273/1273
f 1259/1259/1259 1273/1273/1273 1260/1260/1260
f 1260/1260/1260 1273/1273/1273 1274/1274/1274
f 1260/1260/1260 1274/1274/1274 1261/1261/1261
f 1261/1261/1261 1274/1274/1274 1275/1275/1275
f 1261/1261/1261 1275/1275/1275 1262/1262/1262
f 1262/1262/1262 1275/1275/1275 1276/1276/1276
f 1262/1262/1262 1276/1276/1276 1263/1263/1263
f 1263/1263/1263 1276/1276/1276 1277/1277/1277
f 1263/1263/1263 1277/1277/1277 1264/1264/1264
f 1264/1264/1264 1277/1277/1277 1278/1278/1278
f 1264/1264/1264 1278/1278/1278 1265/1265/1265
f 1265/1265/1265 1278/1278/1278 1279/1279/1279
f 1265/1265/1265 1279/1279/1279 1266/1266/1266
f 1267/1267/1267 1280/1280/1280 1281/1281/1281
f 1267/1267/1267 1281/1281/1281 1268/1268/1268
f 1268/1268/1268 1281/1281/1281 1282/1282/1282
f 1268/1268/1268 1282/1282/1282 1269/1269/1269
f 1269/1269/1269 1282/1282/1282 1283/1283/1283
f 1269/1269/1269 1283/1283/1283 1270/1270/1270
f 1270/1270/1270 1283/1283/1283 1284/1284/1284
f 1270/1270/1270 1284/1284/1284 1271/1271/1271
f 1271/1271/1271 1284/1284/1284 1285/1285/1285
f 1271/1271/1271 1285/1285/1285 1272/1272/1272
f 1272/1272/1272 1285/1285/1285 1286/1286/1286
f 1272/1272/1272 1286/1286/1286 1273/1273/1273
f 1273/1273/1273 1286/1286/1286 1287/1287/1287
f 1273/1273/1273 1287/1287/1287 1274/1274/1274
f 1274/1274/1274 1287/1287/1287 1288/1288/1288
f 1274/1274/1274 1288/1288/1288 1275/1275/1275
f 1275/1275/1275 1288/1288/1288 1289/1289/1289
f 1275/1275/1275 1289/1289/1289 1276/1276/1276
f 1276/1276/1276 1289/1289/1289 1290/1290/1290
f 1276/1276/1276 1290/1290/1290 1277/1277/1277
f 1277/1277/1277 1290/1290/1290 1291/1291/1291
f 1277/1277/1277 1291/1291/1291 1278/1278/1278
f 1278/1278/1278 1291/1291/1291 1292/1292/1292
f 1278/1278/1278 1292/1292/1292 1279/1279/1279
usemtl KrakenSuckerInner
f 1293/1293/1293 1307/1307/1307 1306/1306/1306
f 1293/1293/1293 1294/1294/1294 1307/1307/1307
f 1294/1294/1294 1308/1308/1308 1307/1307/1307
f 1294/1294/1294 1295/1295/1295 1308/1308/1308
f 1295/1295/1295 1309/1309/1309 1308/1308/1308
f 1295/1295/1295 1296/1296/1296 1309/1309/1309
f 1296/1296/1296 1310/1310/1310 1309/1309/1309
f 1296/1296/1296 1297/1297/1297 1310/1310/1310
f 1297/1297/1297 1311/1311/1311 1310/1310/1310
f 1297/1297/1297 1298/1298/1298 1311/1311/1311
f 1298/1298/1298 1312/1312/1312 1311/1311/1311
f 1298/1298/1298 1299/1299/1299 1312/1312/1312
f 1299/1299/1299 1313/1313/1313 1312/1312/1312
f 1299/1299/1299 1300/1300/1300 1313/1313/1313
f 1300/1300/1300 1314/1314/1314 1313/1313/1313
f 1300/1300/1300 1301/1301/1301 1314/1314/1314
f 1301/1301/1301 1315/1315/1315 1314/1314/1314
f 1301/1301/1301 1302/1302/1302 1315/1315/1315
f 1302/1302/1302 1316/1316/1316 1315/1315/1315
f 1302/1302/1302 1303/1303/1303 1316/1316/1316
f 1303/1303/1303 1317/1317/1317 1316/1316/1316
f 1303/1303/1303 1304/1304/1304 1317/1317/1317
f 1304/1304/1304 1318/1318/1318 1317/1317/1317
f 1304/1304/1304 1305/1305/1305 1318/1318/1318
f 1306/1306/1306 1320/1320/1320 1319/1319/1319
f 1306/1306/1306 1307/1307/1307 1320/1320/1320
f 1307/1307/1307 1321/1321/1321 1320/1320/1320
f 1307/1307/1307 1308/1308/1308 1321/1321/1321
f 1308/1308/1308 1322/1322/1322 1321/1321/1321
f 1308/1308/1308 1309/1309/1309 1322/1322/1322
f 1309/1309/1309 1323/1323/1323 1322/1322/1322
f 1309/1309/1309 1310/1310/1310 1323/1323/1323
f 1310/1310/1310 1324/1324/1324 1323/1323/1323
f 1310/1310/1310 1311/1311/1311 1324/1324/1324
f 1311/1311/1311 1325/1325/1325 1324/1324/1324
f 1311/1311/1311 1312/1312/1312 1325/1325/1325
f 1312/1312/1312 1326/1326/1326 1325/1325/1325
f 1312/1312/1312 1313/1313/1313 1326/1326/1326
f 1313/1313/1313 1327/1327/1327 1326/1326/1326
f 1313/1313/1313 1314/1314/1314 1327/1327/1327
f 1314/1314/1314 1328/1328/1328 1327/1327/1327
f 1314/1314/1314 1315/1315/1315 1328/1328/1328
f 1315/1315/1315 1329/1329/1329 1328/1328/1328
f 1315/1315/1315 1316/1316/1316 1329/1329/1329
f 1316/1316/1316 1330/1330/1330 1329/1329/1329
f 1316/1316/1316 1317/1317/1317 1330/1330/1330
f 1317/1317/1317 1331/1331/1331 1330/1330/1330
f 1317/1317/1317 1318/1318/1318 1331/1331/1331
f 1332/1332/1332 1319/1319/1319 1320/1320/1320
f 1332/1332/1332 1320/1320/1320 1321/1321/1321
f 1332/1332/1332 1321/1321/1321 1322/1322/1322
f 1332/1332/1332 1322/1322/1322 1323/1323/1323
f 1332/1332/1332 1323/1323/1323 1324/1324/1324
f 1332/1332/1332 1324/1324/1324 1325/1325/1325
f 1332/1332/1332 1325/1325/1325 1326/1326/1326
f 1332/1332/1332 1326/1326/1326 1327/1327/1327
f 1332/1332/1332 1327/1327/1327 1328/1328/1328
f 1332/1332/1332 1328/1328/1328 1329/1329/1329
f 1332/1332/1332 1329/1329/1329 1330/1330/1330
f 1332/1332/1332 1330/1330/1330 1331/1331/1331
usemtl KrakenSucker
f 1333/1333/1333 1346/1346/1346 1347/1347/1347
f 1333/1333/1333 1347/1347/1347 1334/1334/1334
f 1334/1334/1334 1347/1347/1347 1348/1348/1348
f 1334/1334/1334 1348/1348/1348 1335/1335/1335
f 1335/1335/1335 1348/1348/1348 1349/1349/1349
f 1335/1335/1335 1349/1349/1349 1336/1336/1336
f 1336/1336/1336 1349/1349/1349 1350/1350/1350
f 1336/1336/1336 1350/1350/1350 1337/1337/1337
f 1337/1337/1337 1350/1350/1350 1351/1351/1351
f 1337/1337/1337 1351/1351/1351 1338/1338/1338
f 1338/1338/1338 1351/1351/1351 1352/1352/1352
f 1338/1338/1338 1352/1352/1352 1339/1339/1339
f 1339/1339/1339 1352/1352/1352 1353/1353/1353
f 1339/1339/1339 1353/1353/1353 1340/1340/1340
f 1340/1340/1340 1353/1353/1353 1354/1354/1354
f 1340/1340/1340 1354/1354/1354 1341/1341/1341
f 1341/1341/1341 1354/1354/1354 1355/1355/1355
f 1341/1341/1341 1355/1355/1355 1342/1342/1342
f 1342/1342/1342 1355/1355/1355 1356/1356/1356
f 1342/1342/1342 1356/1356/1356 1343/1343/1343
f 1343/1343/1343 1356/1356/1356 1357/1357/1357
f 1343/1343/1343 1357/1357/1357 1344/1344/1344
f 1344/1344/1344 1357/1357/1357 1358/1358/1358
f 1344/1344/1344 1358/1358/1358 1345/1345/1345
f 1346/1346/1346 1359/1359/1359 1360/1360/1360
f 1346/1346/1346 1360/1360/1360 1347/1347/1347
f 1347/1347/1347 1360/1360/1360 1361/1361/1361
f 1347/1347/1347 1361/1361/1361 1348/1348/1348
f 1348/1348/1348 1361/1361/1361 1362/1362/1362
f 1348/1348/1348 1362/1362/1362 1349/1349/1349
f 1349/1349/1349 1362/1362/1362 1363/1363/1363
f 1349/1349/1349 1363/1363/1363 1350/1350/1350
f 1350/1350/1350 1363/1363/1363 1364/1364/1364
f 1350/1350/1350 1364/1364/1364 1351/1351/1351
f 1351/1351/1351 1364/1364/1364 1365/1365/1365
f 1351/1351/1351 1365/1365/1365 1352/1352/1352
f 1352/1352/1352 1365/1365/1365 1366/1366/1366
f 1352/1352/1352 1366/1366/1366 1353/1353/1353
f 1353/1353/1353 1366/1366/1366 1367/1367/1367
f 1353/1353/1353 1367/1367/1367 1354/1354/1354
f 1354/1354/1354 1367/1367/1367 1368/1368/1368
f 1354/1354/1354 1368/1368/1368 1355/1355/1355
f 1355/1355/1355 1368/1368/1368 1369/1369/1369
f 1355/1355/1355 1369/1369/1369 1356/1356/1356
f 1356/1356/1356 1369/1369/1369 1370/1370/1370
f 1356/1356/1356 1370/1370/1370 1357/1357/1357
f 1357/1357/1357 1370/1370/1370 1371/1371/1371
f 1357/1357/1357 1371/1371/1371 1358/1358/1358
usemtl KrakenSuckerInner
f 1372/1372/1372 1386/1386/1386 1385/1385/1385
f 1372/1372/1372 1373/1373/1373 1386/1386/1386
f 1373/1373/1373 1387/1387/1387 1386/1386/1386
f 1373/1373/1373 1374/1374/1374 1387/1387/1387
f 1374/1374/1374 1388/1388/1388 1387/1387/1387
f 1374/1374/1374 1375/1375/1375 1388/1388/1388
f 1375/1375/1375 1389/1389/1389 1388/1388/1388
f 1375/1375/1375 1376/1376/1376 1389/1389/1389
f 1376/1376/1376 1390/1390/1390 1389/1389/1389
f 1376/1376/1376 1377/1377/1377 1390/1390/1390
f 1377/1377/1377 1391/1391/1391 1390/1390/1390
f 1377/1377/1377 1378/1378/1378 1391/1391/1391
f 1378/1378/1378 1392/1392/1392 1391/1391/1391
f 1378/1378/1378 1379/1379/1379 1392/1392/1392
f 1379/1379/1379 1393/1393/1393 1392/1392/1392
f 1379/1379/1379 1380/1380/1380 1393/1393/1393
f 1380/1380/1380 1394/1394/1394 1393/1393/1393
f 1380/1380/1380 1381/1381/1381 1394/1394/1394
f 1381/1381/1381 1395/1395/1395 1394/1394/1394
f 1381/1381/1381 1382/1382/1382 1395/1395/1395
f 1382/1382/1382 1396/1396/1396 1395/1395/1395
f 1382/1382/1382 1383/1383/1383 1396/1396/1396
f 1383/1383/1383 1397/1397/1397 1396/1396/1396
f 1383/1383/1383 1384/1384/1384 1397/1397/1397
f 1385/1385/1385 1399/1399/1399 1398/1398/1398
f 1385/1385/1385 1386/1386/1386 1399/1399/1399
f 1386/1386/1386 1400/1400/1400 1399/1399/1399
f 1386/1386/1386 1387/1387/1387 1400/1400/1400
f 1387/1387/1387 1401/1401/1401 1400/1400/1400
f 1387/1387/1387 1388/1388/1388 1401/1401/1401
f 1388/1388/1388 1402/1402/1402 1401/1401/1401
f 1388/1388/1388 1389/1389/1389 1402/1402/1402
f 1389/1389/1389 1403/1403/1403 1402/1402/1402
f 1389/1389/1389 1390/1390/1390 1403/1403/1403
f 1390/1390/1390 1404/1404/1404 1403/1403/1403
f 1390/1390/1390 1391/1391/1391 1404/1404/1404
f 1391/1391/1391 1405/1405/1405 1404/1404/1404
f 1391/1391/1391 1392/1392/1392 1405/1405/1405
f 1392/1392/1392 1406/1406/1406 1405/1405/1405
f 1392/1392/1392 1393/1393/1393 1406/1406/1406
f 1393/1393/1393 1407/1407/1407 1406/1406/1406
f 1393/1393/1393 1394/1394/1394 1407/1407/1407
f 1394/1394/1394 1408/1408/1408 1407/1407/1407
f 1394/1394/1394 1395/1395/1395 1408/1408/1408
f 1395/1395/1395 1409/1409/1409 1408/1408/1408
f 1395/1395/1395 1396/1396/1396 1409/1409/1409
f 1396/1396/1396 1410/1410/1410 1409/1409/1409
f 1396/1396/1396 1397/1397/1397 1410/1410/1410
f 1411/1411/1411 1398/1398/1398 1399/1399/1399
f 1411/1411/1411 1399/1399/1399 1400/1400/1400
f 1411/1411/1411 1400/1400/1400 1401/1401/1401
f 1411/1411/1411 1401/1401/1401 1402/1402/1402
f 1411/1411/1411 1402/1402/1402 1403/1403/1403
f 1411/1411/1411 1403/1403/1403 1404/1404/1404
f 1411/1411/1411 1404/1404/1404 1405/1405/1405
f 1411/1411/1411 1405/1405/1405 1406/1406/1406
f 1411/1411/1411 1406/1406/1406 1407/1407/1407
f 1411/1411/1411 1407/1407/1407 1408/1408/1408
f 1411/1411/1411 1408/1408/1408 1409/1409/1409
f 1411/1411/1411 1409/1409/1409 1410/1410/1410
usemtl KrakenSucker
f 1412/1412/1412 1425/1425/1425 1426/1426/1426
f 1412/1412/1412 1426/1426/1426 1413/1413/1413
f 1413/1413/1413 1426/1426/1426 1427/1427/1427
f 1413/1413/1413 1427/1427/1427 1414/1414/1414
f 1414/1414/1414 1427/1427/1427 1428/1428/1428
f 1414/1414/1414 1428/1428/1428 1415/1415/1415
f 1415/1415/1415 1428/1428/1428 1429/1429/1429
f 1415/1415/1415 1429/1429/1429 1416/1416/1416
f 1416/1416/1416 1429/1429/1429 1430/1430/1430
f 1416/1416/1416 1430/1430/1430 1417/1417/1417
f 1417/1417/1417 1430/1430/1430 1431/1431/1431
f 1417/1417/1417 1431/1431/1431 1418/1418/1418
f 1418/1418/1418 1431/1431/1431 1432/1432/1432
f 1418/1418/1418 1432/1432/1432 1419/1419/1419
f 1419/1419/1419 1432/1432/1432 1433/1433/1433
f 1419/1419/1419 1433/1433/1433 1420/1420/1420
f 1420/1420/1420 1433/1433/1433 1434/1434/1434
f 1420/1420/1420 1434/1434/1434 1421/1421/1421
f 1421/1421/1421 1434/1434/1434 1435/1435/1435
f 1421/1421/1421 1435/1435/1435 1422/1422/1422
f 1422/1422/1422 1435/1435/1435 1436/1436/1436
f 1422/1422/1422 1436/1436/1436 1423/1423/1423
f 1423/1423/1423 1436/1436/1436 1437/1437/1437
f 1423/1423/1423 1437/1437/1437 1424/1424/1424
f 1425/1425/1425 1438/1438/1438 1439/1439/1439
f 1425/1425/1425 1439/1439/1439 1426/1426/1426
f 1426/1426/1426 1439/1439/1439 1440/1440/1440
f 1426/1426/1426 1440/1440/1440 1427/1427/1427
f 1427/1427/1427 1440/1440/1440 1441/1441/1441
f 1427/1427/1427 1441/1441/1441 1428/1428/1428
f 1428/1428/1428 1441/1441/1441 1442/1442/1442
f 1428/1428/1428 1442/1442/1442 1429/1429/1429
f 1429/1429/1429 1442/1442/1442 1443/1443/1443
f 1429/1429/1429 1443/1443/1443 1430/1430/1430
f 1430/1430/1430 1443/1443/1443 1444/1444/1444
f 1430/1430/1430 1444/1444/1444 1431/1431/1431
f 1431/1431/1431 1444/1444/1444 1445/1445/1445
f 1431/1431/1431 1445/1445/1445 1432/1432/1432
f 1432/1432/1432 1445/1445/1445 1446/1446/1446
f 1432/1432/1432 1446/1446/1446 1433/1433/1433
f 1433/1433/1433 1446/1446/1446 1447/1447/1447
f 1433/1433/1433 1447/1447/1447 1434/1434/1434
f 1434/1434/1434 1447/1447/1447 1448/1448/1448
f 1434/1434/1434 1448/1448/1448 1435/1435/1435
f 1435/1435/1435 1448/1448/1448 1449/1449/1449
f 1435/1435/1435 1449/1449/1449 1436/1436/1436
f 1436/1436/1436 1449/1449/1449 1450/1450/1450
f 1436/1436/1436 1450/1450/1450 1437/1437/1437
usemtl KrakenSuckerInner
f 1451/1451/1451 1465/1465/1465 1464/1464/1464
f 1451/1451/1451 1452/1452/1452 1465/1465/1465
f 1452/1452/1452 1466/1466/1466 1465/1465/1465
f 1452/1452/1452 1453/1453/1453 1466/1466/1466
f 1453/1453/1453 1467/1467/1467 1466/1466/1466
f 1453/1453/1453 1454/1454/1454 1467/1467/1467
f 1454/1454/1454 1468/1468/1468 1467/1467/1467
f 1454/1454/1454 1455/1455/1455 1468/1468/1468
f 1455/1455/1455 1469/1469/1469 1468/1468/1468
f 1455/1455/1455 1456/1456/1456 1469/1469/1469
f 1456/1456/1456 1470/1470/1470 1469/1469/1469
f 1456/1456/1456 1457/1457/1457 1470/1470/1470
f 1457/1457/1457 1471/1471/1471 1470/1470/1470
f 1457/1457/1457 1458/1458/1458 1471/1471/1471
f 1458/1458/1458 1472/1472/1472 1471/1471/1471
f 1458/1458/1458 1459/1459/1459 1472/1472/1472
f 1459/1459/1459 1473/1473/1473 1472/1472/1472
f 1459/1459/1459 1460/1460/1460 1473/1473/1473
f 1460/1460/1460 1474/1474/1474 1473/1473/1473
f 1460/1460/1460 1461/1461/1461 1474/1474/1474
f 1461/1461/1461 1475/1475/1475 1474/1474/1474
f 1461/1461/1461 1462/1462/1462 1475/1475/1475
f 1462/1462/1462 1476/1476/1476 1475/1475/1475
f 1462/1462/1462 1463/1463/1463 1476/1476/1476
f 1464/1464/1464 1478/1478/1478 1477/1477/1477
f 1464/1464/1464 1465/1465/1465 1478/1478/1478
f 1465/1465/1465 1479/1479/1479 1478/1478/1478
f 1465/1465/1465 1466/1466/1466 1479/1479/1479
f 1466/1466/1466 1480/1480/1480 1479/1479/1479
f 1466/1466/1466 1467/1467/1467 1480/1480/1480
f 1467/1467/1467 1481/1481/1481 1480/1480/1480
f 1467/1467/1467 1468/1468/1468 1481/1481/1481
f 1468/1468/1468 1482/1482/1482 1481/1481/1481
f 1468/1468/1468 1469/1469/1469 1482/1482/1482
f 1469/1469/1469 1483/1483/1483 1482/1482/1482
f 1469/1469/1469 1470/1470/1470 1483/1483/1483
f 1470/1470/1470 1484/1484/1484 1483/1483/1483
f 1470/1470/1470 1471/1471/1471 1484/1484/1484
f 1471/1471/1471 1485/1485/1485 1484/1484/1484
f 1471/1471/1471 1472/1472/1472 1485/1485/1485
f 1472/1472/1472 1486/1486/1486 1485/1485/1485
f 1472/1472/1472 1473/1473/1473 1486/1486/1486
f 1473/1473/1473 1487/1487/1487 1486/1486/1486
f 1473/1473/1473 1474/1474/1474 1487/1487/1487
f 1474/1474/1474 1488/1488/1488 1487/1487/1487
f 1474/1474/1474 1475/1475/1475 1488/1488/1488
f 1475/1475/1475 1489/1489/1489 1488/1488/1488
f 1475/1475/1475 1476/1476/1476 1489/1489/1489
f 1490/1490/1490 1477/1477/1477 1478/1478/1478
f 1490/1490/1490 1478/1478/1478 1479/1479/1479
f 1490/1490/1490 1479/1479/1479 1480/1480/1480
f 1490/1490/1490 1480/1480/1480 1481/1481/1481
f 1490/1490/1490 1481/1481/1481 1482/1482/1482
f 1490/1490/1490 1482/1482/1482 1483/1483/1483
f 1490/1490/1490 1483/1483/1483 1484/1484/1484
f 1490/1490/1490 1484/1484/1484 1485/1485/1485
f 1490/1490/1490 1485/1485/1485 1486/1486/1486
f 1490/1490/1490 1486/1486/1486 1487/1487/1487
f 1490/1490/1490 1487/1487/1487 1488/1488/1488
f 1490/1490/1490 1488/1488/1488 1489/1489/1489
usemtl KrakenSucker
f 1491/1491/1491 1504/1504/1504 1505/1505/1505
f 1491/1491/1491 1505/1505/1505 1492/1492/1492
f 1492/1492/1492 1505/1505/1505 1506/1506/1506
f 1492/1492/1492 1506/1506/1506 1493/1493/1493
f 1493/1493/1493 1506/1506/1506 1507/1507/1507
f 1493/1493/1493 1507/1507/1507 1494/1494/1494
f 1494/1494/1494 1507/1507/1507 1508/1508/1508
f 1494/1494/1494 1508/1508/1508 1495/1495/1495
f 1495/1495/1495 1508/1508/1508 1509/1509/1509
f 1495/1495/1495 1509/1509/1509 1496/1496/1496
f 1496/1496/1496 1509/1509/1509 1510/1510/1510
f 1496/1496/1496 1510/1510/1510 1497/1497/1497
f 1497/1497/1497 1510/1510/1510 1511/1511/1511
f 1497/1497/1497 1511/1511/1511 1498/1498/1498
f 1498/1498/1498 1511/1511/1511 1512/1512/1512
f 1498/1498/1498 1512/1512/1512 1499/1499/1499
f 1499/1499/1499 1512/1512/1512 1513/1513/1513
f 1499/1499/1499 1513/1513/1513 1500/1500/1500
f 1500/1500/1500 1513/1513/1513 1514/1514/1514
f 1500/1500/1500 1514/1514/1514 1501/1501/1501
f 1501/1501/1501 1514/1514/1514 1515/1515/1515
f 1501/1501/1501 1515/1515/1515 1502/1502/1502
f 1502/1502/1502 1515/1515/1515 1516/1516/1516
f 1502/1502/1502 1516/1516/1516 1503/1503/1503
f 1504/1504/1504 1517/1517/1517 1518/1518/1518
f 1504/1504/1504 1518/1518/1518 1505/1505/1505
f 1505/1505/1505 1518/1518/1518 1519/1519/1519
f 1505/1505/1505 1519/1519/1519 1506/1506/1506
f 1506/1506/1506 1519/1519/1519 1520/1520/1520
f 1506/1506/1506 1520/1520/1520 1507/1507/1507
f 1507/1507/1507 1520/1520/1520 1521/1521/1521
f 1507/1507/1507 1521/1521/1521 1508/1508/1508
f 1508/1508/1508 1521/1521/1521 1522/1522/1522
f 1508/1508/1508 1522/1522/1522 1509/1509/1509
f 1509/1509/1509 1522/1522/1522 1523/1523/1523
f 1509/1509/1509 1523/1523/1523 1510/1510/1510
f 1510/1510/1510 1523/1523/1523 1524/1524/1524
f 1510/1510/1510 1524/1524/1524 1511/1511/1511
f 1511/1511/1511 1524/1524/1524 1525/1525/1525
f 1511/1511/1511 1525/1525/1525 1512/1512/1512
f 1512/1512/1512 1525/1525/1525 1526/1526/1526
f 1512/1512/1512 1526/1526/1526 1513/1513/1513
f 1513/1513/1513 1526/1526/1526 1527/1527/1527
f 1513/1513/1513 1527/1527/1527 1514/1514/1514
f 1514/1514/1514 1527/1527/1527 1528/1528/1528
f 1514/1514/1514 1528/1528/1528 1515/1515/1515
f 1515/1515/1515 1528/1528/1528 1529/1529/1529
f 1515/1515/1515 1529/1529/1529 1516/1516/1516
usemtl KrakenSuckerInner
f 1530/1530/1530 1544/1544/1544 1543/1543/1543
f 1530/1530/1530 1531/1531/1531 1544/1544/1544
f 1531/1531/1531 1545/1545/1545 1544/1544/1544
f 1531/1531/1531 1532/1532/1532 1545/1545/1545
f 1532/1532/1532 1546/1546/1546 1545/1545/1545
f 1532/1532/1532 1533/1533/1533 1546/1546/1546
f 1533/1533/1533 1547/1547/1547 1546/1546/1546
f 1533/1533/1533 1534/1534/1534 1547/1547/1547
f 1534/1534/1534 1548/1548/1548 1547/1547/1547
f 1534/1534/1534 1535/1535/1535 1548/1548/1548
f 1535/1535/1535 1549/1549/1549 1548/1548/1548
f 1535/1535/1535 1536/1536/1536 1549/1549/1549
f 1536/1536/1536 1550/1550/1550 1549/1549/1549
f 1536/1536/1536 1537/1537/1537 1550/1550/1550
f 1537/1537/1537 1551/1551/1551 1550/1550/1550
f 1537/1537/1537 1538/1538/1538 1551/1551/1551
f 1538/1538/1538 1552/1552/1552 1551/1551/1551
f 1538/1538/1538 1539/1539/1539 1552/1552/1552
f 1539/1539/1539 1553/1553/1553 1552/1552/1552
f 1539/1539/1539 1540/1540/1540 1553/1553/1553
f 1540/1540/1540 1554/1554/1554 1553/1553/1553
f 1540/1540/1540 1541/1541/1541 1554/1554/1554
f 1541/1541/1541 1555/1555/1555 1554/1554/1554
f 1541/1541/1541 1542/1542/1542 1555/1555/1555
f 1543/1543/1543 1557/1557/1557 1556/1556/1556
f 1543/1543/1543 1544/1544/1544 1557/1557/1557
f 1544/1544/1544 1558/1558/1558 1557/1557/1557
f 1544/1544/1544 1545/1545/1545 1558/1558/1558
f 1545/1545/1545 1559/1559/1559 1558/1558/1558
f 1545/1545/1545 1546/1546/1546 1559/1559/1559
f 1546/1546/1546 1560/1560/1560 1559/1559/1559
f 1546/1546/1546 1547/1547/1547 1560/1560/1560
f 1547/1547/1547 1561/1561/1561 1560/1560/1560
f 1547/1547/1547 1548/1548/1548 1561/1561/1561
f 1548/1548/1548 1562/1562/1562 1561/1561/1561
f 1548/1548/1548 1549/1549/1549 1562/1562/1562
f 1549/1549/1549 1563/1563/1563 1562/1562/1562
f 1549/1549/1549 1550/1550/1550 1563/1563/1563
f 1550/1550/1550 1564/1564/1564 1563/1563/1563
f 1550/1550/1550 1551/1551/1551 1564/1564/1564
f 1551/1551/1551 1565/1565/1565 1564/1564/1564
f 1551/1551/1551 1552/1552/1552 1565/1565/1565
f 1552/1552/1552 1566/1566/1566 1565/1565/1565
f 1552/1552/1552 1553/1553/1553 1566/1566/1566
f 1553/1553/1553 1567/1567/1567 1566/1566/1566
f 1553/1553/1553 1554/1554/1554 1567/1567/1567
f 1554/1554/1554 1568/1568/1568 1567/1567/1567
f 1554/1554/1554 1555/1555/1555 1568/1568/1568
f 1569/1569/1569 1556/1556/1556 1557/1557/1557
f 1569/1569/1569 1557/1557/1557 1558/1558/1558
f 1569/1569/1569 1558/1558/1558 1559/1559/1559
f 1569/1569/1569 1559/1559/1559 1560/1560/1560
f 1569/1569/1569 1560/1560/1560 1561/1561/1561
f 1569/1569/1569 1561/1561/1561 1562/1562/1562
f 1569/1569/1569 1562/1562/1562 1563/1563/1563
f 1569/1569/1569 1563/1563/1563 1564/1564/1564
f 1569/1569/1569 1564/1564/1564 1565/1565/1565
f 1569/1569/1569 1565/1565/1565 1566/1566/1566
f 1569/1569/1569 1566/1566/1566 1567/1567/1567
f 1569/1569/1569 1567/1567/1567 1568/1568/1568
usemtl KrakenSucker
f 1570/1570/1570 1583/1583/1583 1584/1584/1584
f 1570/1570/1570 1584/1584/1584 1571/1571/1571
f 1571/1571/1571 1584/1584/1584 1585/1585/1585
f 1571/1571/1571 1585/1585/1585 1572/1572/1572
f 1572/1572/1572 1585/1585/1585 1586/1586/1586
f 1572/1572/1572 1586/1586/1586 1573/1573/1573
f 1573/1573/1573 1586/1586/1586 1587/1587/1587
f 1573/1573/1573 1587/1587/1587 1574/1574/1574
f 1574/1574/1574 1587/1587/1587 1588/1588/1588
f 1574/1574/1574 1588/1588/1588 1575/1575/1575
f 1575/1575/1575 1588/1588/1588 1589/1589/1589
f 1575/1575/1575 1589/1589/1589 1576/1576/1576
f 1576/1576/1576 1589/1589/1589 1590/1590/1590
f 1576/1576/1576 1590/1590/1590 1577/1577/1577
f 1577/1577/1577 1590/1590/1590 1591/1591/1591
f 1577/1577/1577 1591/1591/1591 1578/1578/1578
f 1578/1578/1578 1591/1591/1591 1592/1592/1592
f 1578/1578/1578 1592/1592/1592 1579/1579/1579
f 1579/1579/1579 1592/1592/1592 1593/1593/1593
f 1579/1579/1579 1593/1593/1593 1580/1580/1580
f 1580/1580/1580 1593/1593/1593 1594/1594/1594
f 1580/1580/1580 1594/1594/1594 1581/1581/1581
f 1581/1581/1581 1594/1594/1594 1595/1595/1595
f 1581/1581/1581 1595/1595/1595 1582/1582/1582
f 1583/1583/1583 1596/1596/1596 1597/1597/1597
f 1583/1583/1583 1597/1597/1597 1584/1584/1584
f 1584/1584/1584 1597/1597/1597 1598/1598/1598
f 1584/1584/1584 1598/1598/1598 1585/1585/1585
f 1585/1585/1585 1598/1598/1598 1599/1599/1599
f 1585/1585/1585 1599/1599/1599 1586/1586/1586
f 1586/1586/1586 1599/1599/1599 1600/1600/1600
f 1586/1586/1586 1600/1600/1600 1587/1587/1587
f 1587/1587/1587 1600/1600/1600 1601/1601/1601
f 1587/1587/1587 1601/1601/1601 1588/1588/1588
f 1588/1588/1588 1601/1601/1601 1602/1602/1602
f 1588/1588/1588 1602/1602/1602 1589/1589/1589
f 1589/1589/1589 1602/1602/1602 1603/1603/1603
f 1589/1589/1589 1603/1603/1603 1590/1590/1590
f 1590/1590/1590 1603/1603/1603 1604/1604/1604
f 1590/1590/1590 1604/1604/1604 1591/1591/1591
f 1591/1591/1591 1604/1604/1604 1605/1605/1605
f 1591/1591/1591 1605/1605/1605 1592/1592/1592
f 1592/1592/1592 1605/1605/1605 1606/1606/1606
f 1592/1592/1592 1606/1606/1606 1593/1593/1593
f 1593/1593/1593 1606/1606/1606 1607/1607/1607
f 1593/1593/1593 1607/1607/1607 1594/1594/1594
f 1594/1594/1594 1607/1607/1607 1608/1608/1608
f 1594/1594/1594 1608/1608/1608 1595/1595/1595
usemtl KrakenSuckerInner
f 1609/1609/1609 1623/1623/1623 1622/1622/1622
f 1609/1609/1609 1610/1610/1610 1623/1623/1623
f 1610/1610/1610 1624/1624/1624 1623/1623/1623
f 1610/1610/1610 1611/1611/1611 1624/1624/1624
f 1611/1611/1611 1625/1625/1625 1624/1624/1624
f 1611/1611/1611 1612/1612/1612 1625/1625/1625
f 1612/1612/1612 1626/1626/1626 1625/1625/1625
f 1612/1612/1612 1613/1613/1613 1626/1626/1626
f 1613/1613/1613 1627/1627/1627 1626/1626/1626
f 1613/1613/1613 1614/1614/1614 1627/1627/1627
f 1614/1614/1614 1628/1628/1628 1627/1627/1627
f 1614/1614/1614 1615/1615/1615 1628/1628/1628
f 1615/1615/1615 1629/1629/1629 1628/1628/1628
f 1615/1615/1615 1616/1616/1616 1629/1629/1629
f 1616/1616/1616 1630/1630/1630 1629/1629/1629
f 1616/1616/1616 1617/1617/1617 1630/1630/1630
f 1617/1617/1617 1631/1631/1631 1630/1630/1630
f 1617/1617/1617 1618/1618/1618 1631/1631/1631
f 1618/1618/1618 1632/1632/1632 1631/1631/1631
f 1618/1618/1618 1619/1619/1619 1632/1632/1632
f 1619/1619/1619 1633/1633/1633 1632/1632/1632
f 1619/1619/1619 1620/1620/1620 1633/1633/1633
f 1620/1620/1620 1634/1634/1634 1633/1633/1633
f 1620/1620/1620 1621/1621/1621 1634/1634/1634
f 1622/1622/1622 1636/1636/1636 1635/1635/1635
f 1622/1622/1622 1623/1623/1623 1636/1636/1636
f 1623/1623/1623 1637/1637/1637 1636/1636/1636
f 1623/1623/1623 1624/1624/1624 1637/1637/1637
f 1624/1624/1624 1638/1638/1638 1637/1637/1637
f 1624/1624/1624 1625/1625/1625 1638/1638/1638
f 1625/1625/1625 1639/1639/1639 1638/1638/1638
f 1625/1625/1625 1626/1626/1626 1639/1639/1639
f 1626/1626/1626 1640/1640/1640 1639/1639/1639
f 1626/1626/1626 1627/1627/1627 1640/1640/1640
f 1627/1627/1627 1641/1641/1641 1640/1640/1640
f 1627/1627/1627 1628/1628/1628 1641/1641/1641
f 1628/1628/1628 1642/1642/1642 1641/1641/1641
f 1628/1628/1628 1629/1629/1629 1642/1642/1642
f 1629/1629/1629 1643/1643/1643 1642/1642/1642
f 1629/1629/1629 1630/1630/1630 1643/1643/1643
f 1630/1630/1630 1644/1644/1644 1643/1643/1643
f 1630/1630/1630 1631/1631/1631 1644/1644/1644
f 1631/1631/1631 1645/1645/1645 1644/1644/1644
f 1631/1631/1631 1632/1632/1632 1645/1645/1645
f 1632/1632/1632 1646/1646/1646 1645/1645/1645
f 1632/1632/1632 1633/1633/1633 1646/1646/1646
f 1633/1633/1633 1647/1647/1647 1646/1646/1646
f 1633/1633/1633 1634/1634/1634 1647/1647/1647
f 1648/1648/1648 1635/1635/1635 1636/1636/1636
f 1648/1648/1648 1636/1636/1636 1637/1637/1637
f 1648/1648/1648 1637/1637/1637 1638/1638/1638
f 1648/1648/1648 1638/1638/1638 1639/1639/1639
f 1648/1648/1648 1639/1639/1639 1640/1640/1640
f 1648/1648/1648 1640/1640/1640 1641/1641/1641
f 1648/1648/1648 1641/1641/1641 1642/1642/1642
f 1648/1648/1648 1642/1642/1642 1643/1643/1643
f 1648/1648/1648 1643/1643/1643 1644/1644/1644
f 1648/1648/1648 1644/1644/1644 1645/1645/1645
f 1648/1648/1648 1645/1645/1645 1646/1646/1646
f 1648/1648/1648 1646/1646/1646 1647/1647/1647
usemtl KrakenSucker
f 1649/1649/1649 1662/1662/1662 1663/1663/1663
f 1649/1649/1649 1663/1663/1663 1650/1650/1650
f 1650/1650/1650 1663/1663/1663 1664/1664/1664
f 1650/1650/1650 1664/1664/1664 1651/1651/1651
f 1651/1651/1651 1664/1664/1664 1665/1665/1665
f 1651/1651/1651 1665/1665/1665 1652/1652/1652
f 1652/1652/1652 1665/1665/1665 1666/1666/1666
f 1652/1652/1652 1666/1666/1666 1653/1653/1653
f 1653/1653/1653 1666/1666/1666 1667/1667/1667
f 1653/1653/1653 1667/1667/1667 1654/1654/1654
f 1654/1654/1654 1667/1667/1667 1668/1668/1668
f 1654/1654/1654 1668/1668/1668 1655/1655/1655
f 1655/1655/1655 1668/1668/1668 1669/1669/1669
f 1655/1655/1655 1669/1669/1669 1656/1656/1656
f 1656/1656/1656 1669/1669/1669 1670/1670/1670
f 1656/1656/1656 1670/1670/1670 1657/1657/1657
f 1657/1657/1657 1670/1670/1670 1671/1671/1671
f 1657/1657/1657 1671/1671/1671 1658/1658/1658
f 1658/1658/1658 1671/1671/1671 1672/1672/1672
f 1658/1658/1658 1672/1672/1672 1659/1659/1659
f 1659/1659/1659 1672/1672/1672 1673/1673/1673
f 1659/1659/1659 1673/1673/1673 1660/1660/1660
f 1660/1660/1660 1673/1673/1673 1674/1674/1674
f 1660/1660/1660 1674/1674/1674 1661/1661/1661
f 1662/1662/1662 1675/1675/1675 1676/1676/1676
f 1662/1662/1662 1676/1676/1676 1663/1663/1663
f 1663/1663/1663 1676/1676/1676 1677/1677/1677
f 1663/1663/1663 1677/1677/1677 1664/1664/1664
f 1664/1664/1664 1677/1677/1677 1678/1678/1678
f 1664/1664/1664 1678/1678/1678 1665/1665/1665
f 1665/1665/1665 1678/1678/1678 1679/1679/1679
f 1665/1665/1665 1679/1679/1679 1666/1666/1666
f 1666/1666/1666 1679/1679/1679 1680/1680/1680
f 1666/1666/1666 1680/1680/1680 1667/1667/1667
f 1667/1667/1667 1680/1680/1680 1681/1681/1681
f 1667/1667/1667 1681/1681/1681 1668/1668/1668
f 1668/1668/1668 1681/1681/1681 1682/1682/1682
f 1668/1668/1668 1682/1682/1682 1669/1669/1669
f 1669/1669/1669 1682/1682/1682 1683/1683/1683
f 1669/1669/1669 1683/1683/1683 1670/1670/1670
f 1670/1670/1670 1683/1683/1683 1684/1684/1684
f 1670/1670/1670 1684/1684/1684 1671/1671/1671
f 1671/1671/1671 1684/1684/1684 1685/1685/1685
f 1671/1671/1671 1685/1685/1685 1672/1672/1672
f 1672/1672/1672 1685/1685/1685 1686/1686/1686
f 1672/1672/1672 1686/1686/1686 1673/1673/1673
f 1673/1673/1673 1686/1686/1686 1687/1687/1687
f 1673/1673/1673 1687/1687/1687 1674/1674/1674
usemtl KrakenSuckerInner
f 1688/1688/1688 1702/1702/1702 1701/1701/1701
f 1688/1688/1688 1689/1689/1689 1702/1702/1702
f 1689/1689/1689 1703/1703/1703 1702/1702/1702
f 1689/1689/1689 1690/1690/1690 1703/1703/1703
f 1690/1690/1690 1704/1704/1704 1703/1703/1703
f 1690/1690/1690 1691/1691/1691 1704/1704/1704
f 1691/1691/1691 1705/1705/1705 1704/1704/1704
f 1691/1691/1691 1692/1692/1692 1705/1705/1705
f 1692/1692/1692 1706/1706/1706 1705/1705/1705
f 1692/1692/1692 1693/1693/1693 1706/1706/1706
f 1693/1693/1693 1707/1707/1707 1706/1706/1706
f 1693/1693/1693 1694/1694/1694 1707/1707/1707
f 1694/1694/1694 1708/1708/1708 1707/1707/1707
f 1694/1694/1694 1695/1695/1695 1708/1708/1708
f 1695/1695/1695 1709/1709/1709 1708/1708/1708
f 1695/1695/1695 1696/1696/1696 1709/1709/1709
f 1696/1696/1696 1710/1710/1710 1709/1709/1709
f 1696/1696/1696 1697/1697/1697 1710/1710/1710
f 1697/1697/1697 1711/1711/1711 1710/1710/1710
f 1697/1697/1697 1698/1698/1698 1711/1711/1711
f 1698/1698/1698 1712/1712/1712 1711/1711/1711
f 1698/1698/1698 1699/1699/1699 1712/1712/1712
f 1699/1699/1699 1713/1713/1713 1712/1712/1712
f 1699/1699/1699 1700/1700/1700 1713/1713/1713
f 1701/1701/1701 1715/1715/1715 1714/1714/1714
f 1701/1701/1701 1702/1702/1702 1715/1715/1715
f 1702/1702/1702 1716/1716/1716 1715/1715/1715
f 1702/1702/1702 1703/1703/1703 1716/1716/1716
f 1703/1703/1703 1717/1717/1717 1716/1716/1716
f 1703/1703/1703 1704/1704/1704 1717/1717/1717
f 1704/1704/1704 1718/1718/1718 1717/1717/1717
f 1704/1704/1704 1705/1705/1705 1718/1718/1718
f 1705/1705/1705 1719/1719/1719 1718/1718/1718
f 1705/1705/1705 1706/1706/1706 1719/1719/1719
f 1706/1706/1706 1720/1720/1720 1719/1719/1719
f 1706/1706/1706 1707/1707/1707 1720/1720/1720
f 1707/1707/1707 1721/1721/1721 1720/1720/1720
f 1707/1707/1707 1708/1708/1708 1721/1721/1721
f 1708/1708/1708 1722/1722/1722 1721/1721/1721
f 1708/1708/1708 1709/1709/1709 1722/1722/1722
f 1709/1709/1709 1723/1723/1723 1722/1722/1722
f 1709/1709/1709 1710/1710/1710 1723/1723/1723
f 1710/1710/1710 1724/1724/1724 1723/1723/1723
f 1710/1710/1710 1711/1711/1711 1724/1724/1724
f 1711/1711/1711 1725/1725/1725 1724/1724/1724
f 1711/1711/1711 1712/1712/1712 1725/1725/1725
f 1712/1712/1712 1726/1726/1726 1725/1725/1725
f 1712/1712/1712 1713/1713/1713 1726/1726/1726
f 1727/1727/1727 1714/1714/1714 1715/1715/1715
f 1727/1727/1727 1715/1715/1715 1716/1716/1716
f 1727/1727/1727 1716/1716/1716 1717/1717/1717
f 1727/1727/1727 1717/1717/1717 1718/1718/1718
f 1727/1727/1727 1718/1718/1718 1719/1719/1719
f 1727/1727/1727 1719/1719/1719 1720/1720/1720
f 1727/1727/1727 1720/1720/1720 1721/1721/1721
f 1727/1727/1727 1721/1721/1721 1722/1722/1722
f 1727/1727/1727 1722/1722/1722 1723/1723/1723
f 1727/1727/1727 1723/1723/1723 1724/1724/1724
f 1727/1727/1727 1724/1724/1724 1725/1725/1725
f 1727/1727/1727 1725/1725/1725 1726/1726/1726
usemtl KrakenSucker
f 1728/1728/1728 1741/1741/1741 1742/1742/1742
f 1728/1728/1728 1742/1742/1742 1729/1729/1729
f 1729/1729/1729 1742/1742/1742 1743/1743/1743
f 1729/1729/1729 1743/1743/1743 1730/1730/1730
f 1730/1730/1730 1743/1743/1743 1744/1744/1744
f 1730/1730/1730 1744/1744/1744 1731/1731/1731
f 1731/1731/1731 1744/1744/1744 1745/1745/1745
f 1731/1731/1731 1745/1745/1745 1732/1732/1732
f 1732/1732/1732 1745/1745/1745 1746/1746/1746
f 1732/1732/1732 1746/1746/1746 1733/1733/1733
f 1733/1733/1733 1746/1746/1746 1747/1747/1747
f 1733/1733/1733 1747/1747/1747 1734/1734/1734
f 1734/1734/1734 1747/1747/1747 1748/1748/1748
f 1734/1734/1734 1748/1748/1748 1735/1735/1735
f 1735/1735/1735 1748/1748/1748 1749/1749/1749
f 1735/1735/1735 1749/1749/1749 1736/1736/1736
f 1736/1736/1736 1749/1749/1749 1750/1750/1750
f 1736/1736/1736 1750/1750/1750 1737/1737/1737
f 1737/1737/1737 1750/1750/1750 1751/1751/1751
f 1737/1737/1737 1751/1751/1751 1738/1738/1738
f 1738/1738/1738 1751/1751/1751 1752/1752/1752
f 1738/1738/1738 1752/1752/1752 1739/1739/1739
f 1739/1739/1739 1752/1752/1752 1753/1753/1753
f 1739/1739/1739 1753/1753/1753 1740/1740/1740
f 1741/1741/1741 1754/1754/1754 1755/1755/1755
f 1741/1741/1741 1755/1755/1755 1742/1742/1742
f 1742/1742/1742 1755/1755/1755 1756/1756/1756
f 1742/1742/1742 1756/1756/1756 1743/1743/1743
f 1743/1743/1743 1756/1756/1756 1757/1757/1757
f 1743/1743/1743 1757/1757/1757 1744/1744/1744
f 1744/1744/1744 1757/1757/1757 1758/1758/1758
f 1744/1744/1744 1758/1758/1758 1745/1745/1745
f 1745/1745/1745 1758/1758/1758 1759/1759/1759
f 1745/1745/1745 1759/1759/1759 1746/1746/1746
f 1746/1746/1746 1759/1759/1759 1760/1760/1760
f 1746/1746/1746 1760/1760/1760 1747/1747/1747
f 1747/1747/1747 1760/1760/1760 1761/1761/1761
f 1747/1747/1747 1761/1761/1761 1748/1748/1748
f 1748/1748/1748 1761/1761/1761 1762/1762/1762
f 1748/1748/1748 1762/1762/1762 1749/1749/1749
f 1749/1749/1749 1762/1762/1762 1763/1763/1763
f 1749/1749/1749 1763/1763/1763 1750/1750/1750
f 1750/1750/1750 1763/1763/1763 1764/1764/1764
f 1750/1750/1750 1764/1764/1764 1751/1751/1751
f 1751/1751/1751 1764/1764/1764 1765/1765/1765
f 1751/1751/1751 1765/1765/1765 1752/1752/1752
f 1752/1752/1752 1765/1765/1765 1766/1766/1766
f 1752/1752/1752 1766/1766/1766 1753/1753/1753
usemtl KrakenSuckerInner
f 1767/1767/1767 1781/1781/1781 1780/1780/1780
f 1767/1767/1767 1768/1768/1768 1781/1781/1781
f 1768/1768/1768 1782/1782/1782 1781/1781/1781
f 1768/1768/1768 1769/1769/1769 1782/1782/1782
f 1769/1769/1769 1783/1783/1783 1782/1782/1782
f 1769/1769/1769 1770/1770/1770 1783/1783/1783
f 1770/1770/1770 1784/1784/1784 1783/1783/1783
f 1770/1770/1770 1771/1771/1771 1784/1784/1784
f 1771/1771/1771 1785/1785/1785 1784/1784/1784
f 1771/1771/1771 1772/1772/1772 1785/1785/1785
f 1772/1772/1772 1786/1786/1786 1785/1785/1785
f 1772/1772/1772 1773/1773/1773 1786/1786/1786
f 1773/1773/1773 1787/1787/1787 1786/1786/1786
f 1773/1773/1773 1774/1774/1774 1787/1787/1787
f 1774/1774/1774 1788/1788/1788 1787/1787/1787
f 1774/1774/1774 1775/1775/1775 1788/1788/1788
f 1775/1775/1775 1789/1789/1789 1788/1788/1788
f 1775/1775/1775 1776/1776/1776 1789/1789/1789
f 1776/1776/1776 1790/1790/1790 1789/1789/1789
f 1776/1776/1776 1777/1777/1777 1790/1790/1790
f 1777/1777/1777 1791/1791/1791 1790/1790/1790
f 1777/1777/1777 1778/1778/1778 1791/1791/1791
f 1778/1778/1778 1792/1792/1792 1791/1791/1791
f 1778/1778/1778 1779/1779/1779 1792/1792/1792
f 1780/1780/1780 1794/1794/1794 1793/1793/1793
f 1780/1780/1780 1781/1781/1781 1794/1794/1794
f 1781/1781/1781 1795/1795/1795 1794/1794/1794
f 1781/1781/1781 1782/1782/1782 1795/1795/1795
f 1782/1782/1782 1796/1796/1796 1795/1795/1795
f 1782/1782/1782 1783/1783/1783 1796/1796/1796
f 1783/1783/1783 1797/1797/1797 1796/1796/1796
f 1783/1783/1783 1784/1784/1784 1797/1797/1797
f 1784/1784/1784 1798/1798/1798 1797/1797/1797
f 1784/1784/1784 1785/1785/1785 1798/1798/1798
f 1785/1785/1785 1799/1799/1799 1798/1798/1798
f 1785/1785/1785 1786/1786/1786 1799/1799/1799
f 1786/1786/1786 1800/1800/1800 1799/1799/1799
f 1786/1786/1786 1787/1787/1787 1800/1800/1800
f 1787/1787/1787 1801/1801/1801 1800/1800/1800
f 1787/1787/1787 1788/1788/1788 1801/1801/1801
f 1788/1788/1788 1802/1802/1802 1801/1801/1801
f 1788/1788/1788 1789/1789/1789 1802/1802/1802
f 1789/1789/1789 1803/1803/1803 1802/1802/1802
f 1789/1789/1789 1790/1790/1790 1803/1803/1803
f 1790/1790/1790 1804/1804/1804 1803/1803/1803
f 1790/1790/1790 1791/1791/1791 1804/1804/1804
f 1791/1791/1791 1805/1805/1805 1804/1804/1804
f 1791/1791/1791 1792/1792/1792 1805/1805/1805
f 1806/1806/1806 1793/1793/1793 1794/1794/1794
f 1806/1806/1806 1794/1794/1794 1795/1795/1795
f 1806/1806/1806 1795/1795/1795 1796/1796/1796
f 1806/1806/1806 1796/1796/1796 1797/1797/1797
f 1806/1806/1806 1797/1797/1797 1798/1798/1798
f 1806/1806/1806 1798/1798/1798 1799/1799/1799
f 1806/1806/1806 1799/1799/1799 1800/1800/1800
f 1806/1806/1806 1800/1800/1800 1801/1801/1801
f 1806/1806/1806 1801/1801/1801 1802/1802/1802
f 1806/1806/1806 1802/1802/1802 1803/1803/1803
f 1806/1806/1806 1803/1803/1803 1804/1804/1804
f 1806/1806/1806 1804/1804/1804 1805/1805/1805
usemtl KrakenSucker
f 1807/1807/1807 1820/1820/1820 1821/1821/1821
f 1807/1807/1807 1821/1821/1821 1808/1808/1808
f 1808/1808/1808 1821/1821/1821 1822/1822/1822
f 1808/1808/1808 1822/1822/1822 1809/1809/1809
f 1809/1809/1809 1822/1822/1822 1823/1823/1823
f 1809/1809/1809 1823/1823/1823 1810/1810/1810
f 1810/1810/1810 1823/1823/1823 1824/1824/1824
f 1810/1810/1810 1824/1824/1824 1811/1811/1811
f 1811/1811/1811 1824/1824/1824 1825/1825/1825
f 1811/1811/1811 1825/1825/1825 1812/1812/1812
f 1812/1812/1812 1825/1825/1825 1826/1826/1826
f 1812/1812/1812 1826/1826/1826 1813/1813/1813
f 1813/1813/1813 1826/1826/1826 1827/1827/1827
f 1813/1813/1813 1827/1827/1827 1814/1814/1814
f 1814/1814/1814 1827/1827/1827 1828/1828/1828
f 1814/1814/1814 1828/1828/1828 1815/1815/1815
f 1815/1815/1815 1828/1828/1828 1829/1829/1829
f 1815/1815/1815 1829/1829/1829 1816/1816/1816
f 1816/1816/1816 1829/1829/1829 1830/1830/1830
f 1816/1816/1816 1830/1830/1830 1817/1817/1817
f 1817/1817/1817 1830/1830/1830 1831/1831/1831
f 1817/1817/1817 1831/1831/1831 1818/1818/1818
f 1818/1818/1818 1831/1831/1831 1832/1832/1832
f 1818/1818/1818 1832/1832/1832 1819/1819/1819
f 1820/1820/1820 1833/1833/1833 1834/1834/1834
f 1820/1820/1820 1834/1834/1834 1821/1821/1821
f 1821/1821/1821 1834/1834/1834 1835/1835/1835
f 1821/1821/1821 1835/1835/1835 1822/1822/1822
f 1822/1822/1822 1835/1835/1835 1836/1836/1836
f 1822/1822/1822 1836/1836/1836 1823/1823/1823
f 1823/1823/1823 1836/1836/1836 1837/1837/1837
f 1823/1823/1823 1837/1837/1837 1824/1824/1824
f 1824/1824/1824 1837/1837/1837 1838/1838/1838
f 1824/1824/1824 1838/1838/1838 1825/1825/1825
f 1825/1825/1825 1838/1838/1838 1839/1839/1839
f 1825/1825/1825 1839/1839/1839 1826/1826/1826
f 1826/1826/1826 1839/1839/1839 1840/1840/1840
f 1826/1826/1826 1840/1840/1840 1827/1827/1827
f 1827/1827/1827 1840/1840/1840 1841/1841/1841
f 1827/1827/1827 1841/1841/1841 1828/1828/1828
f 1828/1828/1828 1841/1841/1841 1842/1842/1842
f 1828/1828/1828 1842/1842/1842 1829/1829/1829
f 1829/1829/1829 1842/1842/1842 1843/1843/1843
f 1829/1829/1829 1843/1843/1843 1830/1830/1830
f 1830/1830/1830 1843/1843/1843 1844/1844/1844
f 1830/1830/1830 1844/1844/1844 1831/1831/1831
f 1831/1831/1831 1844/1844/1844 1845/1845/1845
f 1831/1831/1831 1845/1845/1845 1832/1832/1832
usemtl KrakenSuckerInner
f 1846/1846/1846 1860/1860/1860 1859/1859/1859
f 1846/1846/1846 1847/1847/1847 1860/1860/1860
f 1847/1847/1847 1861/1861/1861 1860/1860/1860
f 1847/1847/1847 1848/1848/1848 1861/1861/1861
f 1848/1848/1848 1862/1862/1862 1861/1861/1861
f 1848/1848/1848 1849/1849/1849 1862/1862/1862
f 1849/1849/1849 1863/1863/1863 1862/1862/1862
f 1849/1849/1849 1850/1850/1850 1863/1863/1863
f 1850/1850/1850 1864/1864/1864 1863/1863/1863
f 1850/1850/1850 1851/1851/1851 1864/1864/1864
f 1851/1851/1851 1865/1865/1865 1864/1864/1864
f 1851/1851/1851 1852/1852/1852 1865/1865/1865
f 1852/1852/1852 1866/1866/1866 1865/1865/1865
f 1852/1852/1852 1853/1853/1853 1866/1866/1866
f 1853/1853/1853 1867/1867/1867 1866/1866/1866
f 1853/1853/1853 1854/1854/1854 1867/1867/1867
f 1854/1854/1854 1868/1868/1868 1867/1867/1867
f 1854/1854/1854 1855/1855/1855 1868/1868/1868
f 1855/1855/1855 1869/1869/1869 1868/1868/1868
f 1855/1855/1855 1856/1856/1856 1869/1869/1869
f 1856/1856/1856 1870/1870/1870 1869/1869/1869
f 1856/1856/1856 1857/1857/1857 1870/1870/1870
f 1857/1857/1857 1871/1871/1871 1870/1870/1870
f 1857/1857/1857 1858/1858/1858 1871/1871/1871
f 1859/1859/1859 1873/1873/1873 1872/1872/1872
f 1859/1859/1859 1860/1860/1860 1873/1873/1873
f 1860/1860/1860 1874/1874/1874 1873/1873/1873
f 1860/1860/1860 1861/1861/1861 1874/1874/1874
f 1861/1861/1861 1875/1875/1875 1874/1874/1874
f 1861/1861/1861 1862/1862/1862 1875/1875/1875
f 1862/1862/1862 1876/1876/1876 1875/1875/1875
f 1862/1862/1862 1863/1863/1863 1876/1876/1876
f 1863/1863/1863 1877/1877/1877 1876/1876/1876
f 1863/1863/1863 1864/1864/1864 1877/1877/1877
f 1864/1864/1864 1878/1878/1878 1877/1877/1877
f 1864/1864/1864 1865/1865/1865 1878/1878/1878
f 1865/1865/1865 1879/1879/1879 1878/1878/1878
f 1865/1865/1865 1866/1866/1866 1879/1879/1879
f 1866/1866/1866 1880/1880/1880 1879/1879/1879
f 1866/1866/1866 1867/1867/1867 1880/1880/1880
f 1867/1867/1867 1881/1881/1881 1880/1880/1880
f 1867/1867/1867 1868/1868/1868 1881/1881/1881
f 1868/1868/1868 1882/1882/1882 1881/1881/1881
f 1868/1868/1868 1869/1869/1869 1882/1882/1882
f 1869/1869/1869 1883/1883/1883 1882/1882/1882
f 1869/1869/1869 1870/1870/1870 1883/1883/1883
f 1870/1870/1870 1884/1884/1884 1883/1883/1883
f 1870/1870/1870 1871/1871/1871 1884/1884/1884
f 1885/1885/1885 1872/1872/1872 1873/1873/1873
f 1885/1885/1885 1873/1873/1873 1874/1874/1874
f 1885/1885/1885 1874/1874/1874 1875/1875/1875
f 1885/1885/1885 1875/1875/1875 1876/1876/1876
f 1885/1885/1885 1876/1876/1876 1877/1877/1877
f 1885/1885/1885 1877/1877/1877 1878/1878/1878
f 1885/1885/1885 1878/1878/1878 1879/1879/1879
f 1885/1885/1885 1879/1879/1879 1880/1880/1880
f 1885/1885/1885 1880/1880/1880 1881/1881/1881
f 1885/1885/1885 1881/1881/1881 1882/1882/1882
f 1885/1885/1885 1882/1882/1882 1883/1883/1883
f 1885/1885/1885 1883/1883/1883 1884/1884/1884
usemtl KrakenSucker
f 1886/1886/1886 1899/1899/1899 1900/1900/1900
f 1886/1886/1886 1900/1900/1900 1887/1887/1887
f 1887/1887/1887 1900/1900/1900 1901/1901/1901
f 1887/1887/1887 1901/1901/1901 1888/1888/1888
f 1888/1888/1888 1901/1901/1901 1902/1902/1902
f 1888/1888/1888 1902/1902/1902 1889/1889/1889
f 1889/1889/1889 1902/1902/1902 1903/1903/1903
f 1889/1889/1889 1903/1903/1903 1890/1890/1890
f 1890/1890/1890 1903/1903/1903 1904/1904/1904
f 1890/1890/1890 1904/1904/1904 1891/1891/1891
f 1891/1891/1891 1904/1904/1904 1905/1905/1905
f 1891/1891/1891 1905/1905/1905 1892/1892/1892
f 1892/1892/1892 1905/1905/1905 1906/1906/1906
f 1892/1892/1892 1906/1906/1906 1893/1893/1893
f 1893/1893/1893 1906/1906/1906 1907/1907/1907
f 1893/1893/1893 1907/1907/1907 1894/1894/1894
f 1894/1894/1894 1907/1907/1907 1908/1908/1908
f 1894/1894/1894 1908/1908/1908 1895/1895/1895
f 1895/1895/1895 1908/1908/1908 1909/1909/1909
f 1895/1895/1895 1909/1909/1909 1896/1896/1896
f 1896/1896/1896 1909/1909/1909 1910/1910/1910
f 1896/1896/1896 1910/1910/1910 1897/1897/1897
f 1897/1897/1897 1910/1910/1910 1911/1911/1911
f 1897/1897/1897 1911/1911/1911 1898/1898/1898
f 1899/1899/1899 1912/1912/1912 1913/1913/1913
f 1899/1899/1899 1913/1913/1913 1900/1900/1900
f 1900/1900/1900 1913/1913/1913 1914/1914/1914
f 1900/1900/1900 1914/1914/1914 1901/1901/1901
f 1901/1901/1901 1914/1914/1914 1915/1915/1915
f 1901/1901/1901 1915/1915/1915 1902/1902/1902
f 1902/1902/1902 1915/1915/1915 1916/1916/1916
f 1902/1902/1902 1916/1916/1916 1903/1903/1903
f 1903/1903/1903 1916/1916/1916 1917/1917/1917
f 1903/1903/1903 1917/1917/1917 1904/1904/1904
f 1904/1904/1904 1917/1917/1917 1918/1918/1918
f 1904/1904/1904 1918/1918/1918 1905/1905/1905
f 1905/1905/1905 1918/1918/1918 1919/1919/1919
f 1905/1905/1905 1919/1919/1919 1906/1906/1906
f 1906/1906/1906 1919/1919/1919 1920/1920/1920
f 1906/1906/1906 1920/1920/1920 1907/1907/1907
f 1907/1907/1907 1920/1920/1920 1921/1921/1921
f 1907/1907/1907 1921/1921/1921 1908/1908/1908
f 1908/1908/1908 1921/1921/1921 1922/1922/1922
f 1908/1908/1908 1922/1922/1922 1909/1909/1909
f 1909/1909/1909 1922/1922/1922 1923/1923/1923
f 1909/1909/1909 1923/1923/1923 1910/1910/1910
f 1910/1910/1910 1923/1923/1923 1924/1924/1924
f 1910/1910/1910 1924/1924/1924 1911/1911/1911
usemtl KrakenSuckerInner
f 1925/1925/1925 1939/1939/1939 1938/1938/1938
f 1925/1925/1925 1926/1926/1926 1939/1939/1939
f 1926/1926/1926 1940/1940/1940 1939/1939/1939
f 1926/1926/1926 1927/1927/1927 1940/1940/1940
f 1927/1927/1927 1941/1941/1941 1940/1940/1940
f 1927/1927/1927 1928/1928/1928 1941/1941/1941
f 1928/1928/1928 1942/1942/1942 1941/1941/1941
f 1928/1928/1928 1929/1929/1929 1942/1942/1942
f 1929/1929/1929 1943/1943/1943 1942/1942/1942
f 1929/1929/1929 1930/1930/1930 1943/1943/1943
f 1930/1930/1930 1944/1944/1944 1943/1943/1943
f 1930/1930/1930 1931/1931/1931 1944/1944/1944
f 1931/1931/1931 1945/1945/1945 1944/1944/1944
f 1931/1931/1931 1932/1932/1932 1945/1945/1945
f 1932/1932/1932 1946/1946/1946 1945/1945/1945
f 1932/1932/1932 1933/1933/1933 1946/1946/1946
f 1933/1933/1933 1947/1947/1947 1946/1946/1946
f 1933/1933/1933 1934/1934/1934 1947/1947/1947
f 1934/1934/1934 1948/1948/1948 1947/1947/1947
f 1934/1934/1934 1935/1935/1935 1948/1948/1948
f 1935/1935/1935 1949/1949/1949 1948/1948/1948
f 1935/1935/1935 1936/1936/1936 1949/1949/1949
f 1936/1936/1936 1950/1950/1950 1949/1949/1949
f 1936/1936/1936 1937/1937/1937 1950/1950/1950
f 1938/1938/1938 1952/1952/1952 1951/1951/1951
f 1938/1938/1938 1939/1939/1939 1952/1952/1952
f 1939/1939/1939 1953/1953/1953 1952/1952/1952
f 1939/1939/1939 1940/1940/1940 1953/1953/1953
f 1940/1940/1940 1954/1954/1954 1953/1953/1953
f 1940/1940/1940 1941/1941/1941 1954/1954/1954
f 1941/1941/1941 1955/1955/1955 1954/1954/1954
f 1941/1941/1941 1942/1942/1942 1955/1955/1955
f 1942/1942/1942 1956/1956/1956 1955/1955/1955
f 1942/1942/1942 1943/1943/1943 1956/1956/1956
f 1943/1943/1943 1957/1957/1957 1956/1956/1956
f 1943/1943/1943 1944/1944/1944 1957/1957/1957
f 1944/1944/1944 1958/1958/1958 1957/1957/1957
f 1944/1944/1944 1945/1945/1945 1958/1958/1958
f 1945/1945/1945 1959/1959/1959 1958/1958/1958
f 1945/1945/1945 1946/1946/1946 1959/1959/1959
f 1946/1946/1946 1960/1960/1960 1959/1959/1959
f 1946/1946/1946 1947/1947/1947 1960/1960/1960
f 1947/1947/1947 1961/1961/1961 1960/1960/1960
f 1947/1947/1947 1948/1948/1948 1961/1961/1961
f 1948/1948/1948 1962/1962/1962 1961/1961/1961
f 1948/1948/1948 1949/1949/1949 1962/1962/1962
f 1949/1949/1949 1963/1963/1963 1962/1962/1962
f 1949/1949/1949 1950/1950/1950 1963/1963/1963
f 1964/1964/1964 1951/1951/1951 1952/1952/1952
f 1964/1964/1964 1952/1952/1952 1953/1953/1953
f 1964/1964/1964 1953/1953/1953 1954/1954/1954
f 1964/1964/1964 1954/1954/1954 1955/1955/1955
f 1964/1964/1964 1955/1955/1955 1956/1956/1956
f 1964/1964/1964 1956/1956/1956 1957/1957/1957
f 1964/1964/1964 1957/1957/1957 1958/1958/1958
f 1964/1964/1964 1958/1958/1958 1959/1959/1959
f 1964/1964/1964 1959/1959/1959 1960/1960/1960
f 1964/1964/1964 1960/1960/1960 1961/1961/1961
f 1964/1964/1964 1961/1961/1961 1962/1962/1962
f 1964/1964/1964 1962/1962/1962 1963/1963/1963
usemtl KrakenSucker
f 1965/1965/1965 1978/1978/1978 1979/1979/1979
f 1965/1965/1965 1979/1979/1979 1966/1966/1966
f 1966/1966/1966 1979/1979/1979 1980/1980/1980
f 1966/1966/1966 1980/1980/1980 1967/1967/1967
f 1967/1967/1967 1980/1980/1980 1981/1981/1981
f 1967/1967/1967 1981/1981/1981 1968/1968/1968
f 1968/1968/1968 1981/1981/1981 1982/1982/1982
f 1968/1968/1968 1982/1982/1982 1969/1969/1969
f 1969/1969/1969 1982/1982/1982 1983/1983/1983
f 1969/1969/1969 1983/1983/1983 1970/1970/1970
f 1970/1970/1970 1983/1983/1983 1984/1984/1984
f 1970/1970/1970 1984/1984/1984 1971/1971/1971
f 1971/1971/1971 1984/1984/1984 1985/1985/1985
f 1971/1971/1971 1985/1985/1985 1972/1972/1972
f 1972/1972/1972 1985/1985/1985 1986/1986/1986
f 1972/1972/1972 1986/1986/1986 1973/1973/1973
f 1973/1973/1973 1986/1986/1986 1987/1987/1987
f 1973/1973/1973 1987/1987/1987 1974/1974/1974
f 1974/1974/1974 1987/1987/1987 1988/1988/1988
f 1974/1974/1974 1988/1988/1988 1975/1975/1975
f 1975/1975/1975 1988/1988/1988 1989/1989/1989
f 1975/1975/1975 1989/1989/1989 1976/1976/1976
f 1976/1976/1976 1989/1989/1989 1990/1990/1990
f 1976/1976/1976 1990/1990/1990 1977/1977/1977
f 1978/1978/1978 1991/1991/1991 1992/1992/1992
f 1978/1978/1978 1992/1992/1992 1979/1979/1979
f 1979/1979/1979 1992/1992/1992 1993/1993/1993
f 1979/1979/1979 1993/1993/1993 1980/1980/1980
f 1980/1980/1980 1993/1993/1993 1994/1994/1994
f 1980/1980/1980 1994/1994/1994 1981/1981/1981
f 1981/1981/1981 1994/1994/1994 1995/1995/1995
f 1981/1981/1981 1995/1995/1995 1982/1982/1982
f 1982/1982/1982 1995/1995/1995 1996/1996/1996
f 1982/1982/1982 1996/1996/1996 1983/1983/1983
f 1983/1983/1983 1996/1996/1996 1997/1997/1997
f 1983/1983/1983 1997/1997/1997 1984/1984/1984
f 1984/1984/1984 1997/1997/1997 1998/1998/1998
f 1984/1984/1984 1998/1998/1998 1985/1985/1985
f 1985/1985/1985 1998/1998/1998 1999/1999/1999
f 1985/1985/1985 1999/1999/1999 1986/1986/1986
f 1986/1986/1986 1999/1999/1999 2000/2000/2000
f 1986/1986/1986 2000/2000/2000 1987/1987/1987
f 1987/1987/1987 2000/2000/2000 2001/2001/2001
f 1987/1987/1987 2001/2001/2001 1988/1988/1988
f 1988/1988/1988 2001/2001/2001 2002/2002/2002
f 1988/1988/1988 2002/2002/2002 1989/1989/1989
f 1989/1989/1989 2002/2002/2002 2003/2003/2003
f 1989/1989/1989 2003/2003/2003 1990/1990/1990
usemtl KrakenSuckerInner
f 2004/2004/2004 2018/2018/2018 2017/2017/2017
f 2004/2004/2004 2005/2005/2005 2018/2018/2018
f 2005/2005/2005 2019/2019/2019 2018/2018/2018
f 2005/2005/2005 2006/2006/2006 2019/2019/2019
f 2006/2006/2006 2020/2020/2020 2019/2019/2019
f 2006/2006/2006 2007/2007/2007 2020/2020/2020
f 2007/2007/2007 2021/2021/2021 2020/2020/2020
f 2007/2007/2007 2008/2008/2008 2021/2021/2021
f 2008/2008/2008 2022/2022/2022 2021/2021/2021
f 2008/2008/2008 2009/2009/2009 2022/2022/2022
f 2009/2009/2009 2023/2023/2023 2022/2022/2022
f 2009/2009/2009 2010/2010/2010 2023/2023/2023
f 2010/2010/2010 2024/2024/2024 2023/2023/2023
f 2010/2010/2010 2011/2011/2011 2024/2024/2024
f 2011/2011/2011 2025/2025/2025 2024/2024/2024
f 2011/2011/2011 2012/2012/2012 2025/2025/2025
f 2012/2012/2012 2026/2026/2026 2025/2025/2025
f 2012/2012/2012 2013/2013/2013 2026/2026/2026
f 2013/2013/2013 2027/2027/2027 2026/2026/2026
f 2013/2013/2013 2014/2014/2014 2027/2027/2027
f 2014/2014/2014 2028/2028/2028 2027/2027/2027
f 2014/2014/2014 2015/2015/2015 2028/2028/2028
f 2015/2015/2015 2029/2029/2029 2028/2028/2028
f 2015/2015/2015 2016/2016/2016 2029/2029/2029
f 2017/2017/2017 2031/2031/2031 2030/2030/2030
f 2017/2017/2017 2018/2018/2018 2031/2031/2031
f 2018/2018/2018 2032/2032/2032 2031/2031/2031
f 2018/2018/2018 2019/2019/2019 2032/2032/2032
f 2019/2019/2019 2033/2033/2033 2032/2032/2032
f 2019/2019/2019 2020/2020/2020 2033/2033/2033
f 2020/2020/2020 2034/2034/2034 2033/2033/2033
f 2020/2020/2020 2021/2021/2021 2034/2034/2034
f 2021/2021/2021 2035/2035/2035 2034/2034/2034
f 2021/2021/2021 2022/2022/2022 2035/2035/2035
f 2022/2022/2022 2036/2036/2036 2035/2035/2035
f 2022/2022/2022 2023/2023/2023 2036/2036/2036
f 2023/2023/2023 2037/2037/2037 2036/2036/2036
f 2023/2023/2023 2024/2024/2024 2037/2037/2037
f 2024/2024/2024 2038/2038/2038 2037/2037/2037
f 2024/2024/2024 2025/2025/2025 2038/2038/2038
f 2025/2025/2025 2039/2039/2039 2038/2038/2038
f 2025/2025/2025 2026/2026/2026 2039/2039/2039
f 2026/2026/2026 2040/2040/2040 2039/2039/2039
f 2026/2026/2026 2027/2027/2027 2040/2040/2040
f 2027/2027/2027 2041/2041/2041 2040/2040/2040
f 2027/2027/2027 2028/2028/2028 2041/2041/2041
f 2028/2028/2028 2042/2042/2042 2041/2041/2041
f 2028/2028/2028 2029/2029/2029 2042/2042/2042
f 2043/2043/2043 2030/2030/2030 2031/2031/2031
f 2043/2043/2043 2031/2031/2031 2032/2032/2032
f 2043/2043/2043 2032/2032/2032 2033/2033/2033
f 2043/2043/2043 2033/2033/2033 2034/2034/2034
f 2043/2043/2043 2034/2034/2034 2035/2035/2035
f 2043/2043/2043 2035/2035/2035 2036/2036/2036
f 2043/2043/2043 2036/2036/2036 2037/2037/2037
f 2043/2043/2043 2037/2037/2037 2038/2038/2038
f 2043/2043/2043 2038/2038/2038 2039/2039/2039
f 2043/2043/2043 2039/2039/2039 2040/2040/2040
f 2043/2043/2043 2040/2040/2040 2041/2041/2041
f 2043/2043/2043 2041/2041/2041 2042/2042/2042
usemtl KrakenSucker
f 2044/2044/2044 2057/2057/2057 2058/2058/2058
f 2044/2044/2044 2058/2058/2058 2045/2045/2045
f 2045/2045/2045 2058/2058/2058 2059/2059/2059
f 2045/2045/2045 2059/2059/2059 2046/2046/2046
f 2046/2046/2046 2059/2059/2059 2060/2060/2060
f 2046/2046/2046 2060/2060/2060 2047/2047/2047
f 2047/2047/2047 2060/2060/2060 2061/2061/2061
f 2047/2047/2047 2061/2061/2061 2048/2048/2048
f 2048/2048/2048 2061/2061/2061 2062/2062/2062
f 2048/2048/2048 2062/2062/2062 2049/2049/2049
f 2049/2049/2049 2062/2062/2062 2063/2063/2063
f 2049/2049/2049 2063/2063/2063 2050/2050/2050
f 2050/2050/2050 2063/2063/2063 2064/2064/2064
f 2050/2050/2050 2064/2064/2064 2051/2051/2051
f 2051/2051/2051 2064/2064/2064 2065/2065/2065
f 2051/2051/2051 2065/2065/2065 2052/2052/2052
f 2052/2052/2052 2065/2065/2065 2066/2066/2066
f 2052/2052/2052 2066/2066/2066 2053/2053/2053
f 2053/2053/2053 2066/2066/2066 2067/2067/2067
f 2053/2053/2053 2067/2067/2067 2054/2054/2054
f 2054/2054/2054 2067/2067/2067 2068/2068/2068
f 2054/2054/2054 2068/2068/2068 2055/2055/2055
f 2055/2055/2055 2068/2068/2068 2069/2069/2069
f 2055/2055/2055 2069/2069/2069 2056/2056/2056
f 2057/2057/2057 2070/2070/2070 2071/2071/2071
f 2057/2057/2057 2071/2071/2071 2058/2058/2058
f 2058/2058/2058 2071/2071/2071 2072/2072/2072
f 2058/2058/2058 2072/2072/2072 2059/2059/2059
f 2059/2059/2059 2072/2072/2072 2073/2073/2073
f 2059/2059/2059 2073/2073/2073 2060/2060/2060
f 2060/2060/2060 2073/2073/2073 2074/2074/2074
f 2060/2060/2060 2074/2074/2074 2061/2061/2061
f 2061/2061/2061 2074/2074/2074 2075/2075/2075
f 2061/2061/2061 2075/2075/2075 2062/2062/2062
f 2062/2062/2062 2075/2075/2075 2076/2076/2076
f 2062/2062/2062 2076/2076/2076 2063/2063/2063
f 2063/2063/2063 2076/2076/2076 2077/2077/2077
f 2063/2063/2063 2077/2077/2077 2064/2064/2064
f 2064/2064/2064 2077/2077/2077 2078/2078/2078
f 2064/2064/2064 2078/2078/2078 2065/2065/2065
f 2065/2065/2065 2078/2078/2078 2079/2079/2079
f 2065/2065/2065 2079/2079/2079 2066/2066/2066
f 2066/2066/2066 2079/2079/2079 2080/2080/2080
f 2066/2066/2066 2080/2080/2080 2067/2067/2067
f 2067/2067/2067 2080/2080/2080 2081/2081/2081
f 2067/2067/2067 2081/2081/2081 2068/2068/2068
f 2068/2068/2068 2081/2081/2081 2082/2082/2082
f 2068/2068/2068 2082/2082/2082 2069/2069/2069
usemtl KrakenSuckerInner
f 2083/2083/2083 2097/2097/2097 2096/2096/2096
f 2083/2083/2083 2084/2084/2084 2097/2097/2097
f 2084/2084/2084 2098/2098/2098 2097/2097/2097
f 2084/2084/2084 2085/2085/2085 2098/2098/2098
f 2085/2085/2085 2099/2099/2099 2098/2098/2098
f 2085/2085/2085 2086/2086/2086 2099/2099/2099
f 2086/2086/2086 2100/2100/2100 2099/2099/2099
f 2086/2086/2086 2087/2087/2087 2100/2100/2100
f 2087/2087/2087 2101/2101/2101 2100/2100/2100
f 2087/2087/2087 2088/2088/2088 2101/2101/2101
f 2088/2088/2088 2102/2102/2102 2101/2101/2101
f 2088/2088/2088 2089/2089/2089 2102/2102/2102
f 2089/2089/2089 2103/2103/2103 2102/2102/2102
f 2089/2089/2089 2090/2090/2090 2103/2103/2103
f 2090/2090/2090 2104/2104/2104 2103/2103/2103
f 2090/2090/2090 2091/2091/2091 2104/2104/2104
f 2091/2091/2091 2105/2105/2105 2104/2104/2104
f 2091/2091/2091 2092/2092/2092 2105/2105/2105
f 2092/2092/2092 2106/2106/2106 2105/2105/2105
f 2092/2092/2092 2093/2093/2093 2106/2106/2106
f 2093/2093/2093 2107/2107/2107 2106/2106/2106
f 2093/2093/2093 2094/2094/2094 2107/2107/2107
f 2094/2094/2094 2108/2108/2108 2107/2107/2107
f 2094/2094/2094 2095/2095/2095 2108/2108/2108
f 2096/2096/2096 2110/2110/2110 2109/2109/2109
f 2096/2096/2096 2097/2097/2097 2110/2110/2110
f 2097/2097/2097 2111/2111/2111 2110/2110/2110
f 2097/2097/2097 2098/2098/2098 2111/2111/2111
f 2098/2098/2098 2112/2112/2112 2111/2111/2111
f 2098/2098/2098 2099/2099/2099 2112/2112/2112
f 2099/2099/2099 2113/2113/2113 2112/2112/2112
f 2099/2099/2099 2100/2100/2100 2113/2113/2113
f 2100/2100/2100 2114/2114/2114 2113/2113/2113
f 2100/2100/2100 2101/2101/2101 2114/2114/2114
f 2101/2101/2101 2115/2115/2115 2114/2114/2114
f 2101/2101/2101 2102/2102/2102 2115/2115/2115
f 2102/2102/2102 2116/2116/2116 2115/2115/2115
f 2102/2102/2102 2103/2103/2103 2116/2116/2116
f 2103/2103/2103 2117/2117/2117 2116/2116/2116
f 2103/2103/2103 2104/2104/2104 2117/2117/2117
f 2104/2104/2104 2118/2118/2118 2117/2117/2117
f 2104/2104/2104 2105/2105/2105 2118/2118/2118
f 2105/2105/2105 2119/2119/2119 2118/2118/2118
f 2105/2105/2105 2106/2106/2106 2119/2119/2119
f 2106/2106/2106 2120/2120/2120 2119/2119/2119
f 2106/2106/2106 2107/2107/2107 2120/2120/2120
f 2107/2107/2107 2121/2121/2121 2120/2120/2120
f 2107/2107/2107 2108/2108/2108 2121/2121/2121
f 2122/2122/2122 2109/2109/2109 2110/2110/2110
f 2122/2122/2122 2110/2110/2110 2111/2111/2111
f 2122/2122/2122 2111/2111/2111 2112/2112/2112
f 2122/2122/2122 2112/2112/2112 2113/2113/2113
f 2122/2122/2122 2113/2113/2113 2114/2114/2114
f 2122/2122/2122 2114/2114/2114 2115/2115/2115
f 2122/2122/2122 2115/2115/2115 2116/2116/2116
f 2122/2122/2122 2116/2116/2116 2117/2117/2117
f 2122/2122/2122 2117/2117/2117 2118/2118/2118
f 2122/2122/2122 2118/2118/2118 2119/2119/2119
f 2122/2122/2122 2119/2119/2119 2120/2120/2120
f 2122/2122/2122 2120/2120/2120 2121/2121/2121
usemtl KrakenSucker
f 2123/2123/2123 2136/2136/2136 2137/2137/2137
f 2123/2123/2123 2137/2137/2137 2124/2124/2124
f 2124/2124/2124 2137/2137/2137 2138/2138/2138
f 2124/2124/2124 2138/2138/2138 2125/2125/2125
f 2125/2125/2125 2138/2138/2138 2139/2139/2139
f 2125/2125/2125 2139/2139/2139 2126/2126/2126
f 2126/2126/2126 2139/2139/2139 2140/2140/2140
f 2126/2126/2126 2140/2140/2140 2127/2127/2127
f 2127/2127/2127 2140/2140/2140 2141/2141/2141
f 2127/2127/2127 2141/2141/2141 2128/2128/2128
f 2128/2128/2128 2141/2141/2141 2142/2142/2142
f 2128/2128/2128 2142/2142/2142 2129/2129/2129
f 2129/2129/2129 2142/2142/2142 2143/2143/2143
f 2129/2129/2129 2143/2143/2143 2130/2130/2130
f 2130/2130/2130 2143/2143/2143 2144/2144/2144
f 2130/2130/2130 2144/2144/2144 2131/2131/2131
f 2131/2131/2131 2144/2144/2144 2145/2145/2145
f 2131/2131/2131 2145/2145/2145 2132/2132/2132
f 2132/2132/2132 2145/2145/2145 2146/2146/2146
f 2132/2132/2132 2146/2146/2146 2133/2133/2133
f 2133/2133/2133 2146/2146/2146 2147/2147/2147
f 2133/2133/2133 2147/2147/2147 2134/2134/2134
f 2134/2134/2134 2147/2147/2147 2148/2148/2148
f 2134/2134/2134 2148/2148/2148 2135/2135/2135
f 2136/2136/2136 2149/2149/2149 2150/2150/2150
f 2136/2136/2136 2150/2150/2150 2137/2137/2137
f 2137/2137/2137 2150/2150/2150 2151/2151/2151
f 2137/2137/2137 2151/2151/2151 2138/2138/2138
f 2138/2138/2138 2151/2151/2151 2152/2152/2152
f 2138/2138/2138 2152/2152/2152 2139/2139/2139
f 2139/2139/2139 2152/2152/2152 2153/2153/2153
f 2139/2139/2139 2153/2153/2153 2140/2140/2140
f 2140/2140/2140 2153/2153/2153 2154/2154/2154
f 2140/2140/2140 2154/2154/2154 2141/2141/2141
f 2141/2141/2141 2154/2154/2154 2155/2155/2155
f 2141/2141/2141 2155/2155/2155 2142/2142/2142
f 2142/2142/2142 2155/2155/2155 2156/2156/2156
f 2142/2142/2142 2156/2156/2156 2143/2143/2143
f 2143/2143/2143 2156/2156/2156 2157/2157/2157
f 2143/2143/2143 2157/2157/2157 2144/2144/2144
f 2144/2144/2144 2157/2157/2157 2158/2158/2158
f 2144/2144/2144 2158/2158/2158 2145/2145/2145
f 2145/2145/2145 2158/2158/2158 2159/2159/2159
f 2145/2145/2145 2159/2159/2159 2146/2146/2146
f 2146/2146/2146 2159/2159/2159 2160/2160/2160
f 2146/2146/2146 2160/2160/2160 2147/2147/2147
f 2147/2147/2147 2160/2160/2160 2161/2161/2161
f 2147/2147/2147 2161/2161/2161 2148/2148/2148
usemtl KrakenSuckerInner
f 2162/2162/2162 2176/2176/2176 2175/2175/2175
f 2162/2162/2162 2163/2163/2163 2176/2176/2176
f 2163/2163/2163 2177/2177/2177 2176/2176/2176
f 2163/2163/2163 2164/2164/2164 2177/2177/2177
f 2164/2164/2164 2178/2178/2178 2177/2177/2177
f 2164/2164/2164 2165/2165/2165 2178/2178/2178
f 2165/2165/2165 2179/2179/2179 2178/2178/2178
f 2165/2165/2165 2166/2166/2166 2179/2179/2179
f 2166/2166/2166 2180/2180/2180 2179/2179/2179
f 2166/2166/2166 2167/2167/2167 2180/2180/2180
f 2167/2167/2167 2181/2181/2181 2180/2180/2180
f 2167/2167/2167 2168/2168/2168 2181/2181/2181
f 2168/2168/2168 2182/2182/2182 2181/2181/2181
f 2168/2168/2168 2169/2169/2169 2182/2182/2182
f 2169/2169/2169 2183/2183/2183 2182/2182/2182
f 2169/2169/2169 2170/2170/2170 2183/2183/2183
f 2170/2170/2170 2184/2184/2184 2183/2183/2183
f 2170/2170/2170 2171/2171/2171 2184/2184/2184
f 2171/2171/2171 2185/2185/2185 2184/2184/2184
f 2171/2171/2171 2172/2172/2172 2185/2185/2185
f 2172/2172/2172 2186/2186/2186 2185/2185/2185
f 2172/2172/2172 2173/2173/2173 2186/2186/2186
f 2173/2173/2173 2187/2187/2187 2186/2186/2186
f 2173/2173/2173 2174/2174/2174 2187/2187/2187
f 2175/2175/2175 2189/2189/2189 2188/2188/2188
f 2175/2175/2175 2176/2176/2176 2189/2189/2189
f 2176/2176/2176 2190/2190/2190 2189/2189/2189
f 2176/2176/2176 2177/2177/2177 2190/2190/2190
f 2177/2177/2177 2191/2191/2191 2190/2190/2190
f 2177/2177/2177 2178/2178/2178 2191/2191/2191
f 2178/2178/2178 2192/2192/2192 2191/2191/2191
f 2178/2178/2178 2179/2179/2179 2192/2192/2192
f 2179/2179/2179 2193/2193/2193 2192/2192/2192
f 2179/2179/2179 2180/2180/2180 2193/2193/2193
f 2180/2180/2180 2194/2194/2194 2193/2193/2193
f 2180/2180/2180 2181/2181/2181 2194/2194/2194
f 2181/2181/2181 2195/2195/2195 2194/2194/2194
f 2181/2181/2181 2182/2182/2182 2195/2195/2195
f 2182/2182/2182 2196/2196/2196 2195/2195/2195
f 2182/2182/2182 2183/2183/2183 2196/2196/2196
f 2183/2183/2183 2197/2197/2197 2196/2196/2196
f 2183/2183/2183 2184/2184/2184 2197/2197/2197
f 2184/2184/2184 2198/2198/2198 2197/2197/2197
f 2184/2184/2184 2185/2185/2185 2198/2198/2198
f 2185/2185/2185 2199/2199/2199 2198/2198/2198
f 2185/2185/2185 2186/2186/2186 2199/2199/2199
f 2186/2186/2186 2200/2200/2200 2199/2199/2199
f 2186/2186/2186 2187/2187/2187 2200/2200/2200
f 2201/2201/2201 2188/2188/2188 2189/2189/2189
f 2201/2201/2201 2189/2189/2189 2190/2190/2190
f 2201/2201/2201 2190/2190/2190 2191/2191/2191
f 2201/2201/2201 2191/2191/2191 2192/2192/2192
f 2201/2201/2201 2192/2192/2192 2193/2193/2193
f 2201/2201/2201 2193/2193/2193 2194/2194/2194
f 2201/2201/2201 2194/2194/2194 2195/2195/2195
f 2201/2201/2201 2195/2195/2195 2196/2196/2196
f 2201/2201/2201 2196/2196/2196 2197/2197/2197
f 2201/2201/2201 2197/2197/2197 2198/2198/2198
f 2201/2201/2201 2198/2198/2198 2199/2199/2199
f 2201/2201/2201 2199/2199/2199 2200/2200/2200
usemtl KrakenSucker
f 2202/2202/2202 2215/2215/2215 2216/2216/2216
f 2202/2202/2202 2216/2216/2216 2203/2203/2203
f 2203/2203/2203 2216/2216/2216 2217/2217/2217
f 2203/2203/2203 2217/2217/2217 2204/2204/2204
f 2204/2204/2204 2217/2217/2217 2218/2218/2218
f 2204/2204/2204 2218/2218/2218 2205/2205/2205
f 2205/2205/2205 2218/2218/2218 2219/2219/2219
f 2205/2205/2205 2219/2219/2219 2206/2206/2206
f 2206/2206/2206 2219/2219/2219 2220/2220/2220
f 2206/2206/2206 2220/2220/2220 2207/2207/2207
f 2207/2207/2207 2220/2220/2220 2221/2221/2221
f 2207/2207/2207 2221/2221/2221 2208/2208/2208
f 2208/2208/2208 2221/2221/2221 2222/2222/2222
f 2208/2208/2208 2222/2222/2222 2209/2209/2209
f 2209/2209/2209 2222/2222/2222 2223/2223/2223
f 2209/2209/2209 2223/2223/2223 2210/2210/2210
f 2210/2210/2210 2223/2223/2223 2224/2224/2224
f 2210/2210/2210 2224/2224/2224 2211/2211/2211
f 2211/2211/2211 2224/2224/2224 2225/2225/2225
f 2211/2211/2211 2225/2225/2225 2212/2212/2212
f 2212/2212/2212 2225/2225/2225 2226/2226/2226
f 2212/2212/2212 2226/2226/2226 2213/2213/2213
f 2213/2213/2213 2226/2226/2226 2227/2227/2227
f 2213/2213/2213 2227/2227/2227 2214/2214/2214
f 2215/2215/2215 2228/2228/2228 2229/2229/2229
f 2215/2215/2215 2229/2229/2229 2216/2216/2216
f 2216/2216/2216 2229/2229/2229 2230/2230/2230
f 2216/2216/2216 2230/2230/2230 2217/2217/2217
f 2217/2217/2217 2230/2230/2230 2231/2231/2231
f 2217/2217/2217 2231/2231/2231 2218/2218/2218
f 2218/2218/2218 2231/2231/2231 2232/2232/2232
f 2218/2218/2218 2232/2232/2232 2219/2219/2219
f 2219/2219/2219 2232/2232/2232 2233/2233/2233
f 2219/2219/2219 2233/2233/2233 2220/2220/2220
f 2220/2220/2220 2233/2233/2233 2234/2234/2234
f 2220/2220/2220 2234/2234/2234 2221/2221/2221
f 2221/2221/2221 2234/2234/2234 2235/2235/2235
f 2221/2221/2221 2235/2235/2235 2222/2222/2222
f 2222/2222/2222 2235/2235/2235 2236/2236/2236
f 2222/2222/2222 2236/2236/2236 2223/2223/2223
f 2223/2223/2223 2236/2236/2236 2237/2237/2237
f 2223/2223/2223 2237/2237/2237 2224/2224/2224
f 2224/2224/2224 2237/2237/2237 2238/2238/2238
f 2224/2224/2224 2238/2238/2238 2225/2225/2225
f 2225/2225/2225 2238/2238/2238 2239/2239/2239
f 2225/2225/2225 2239/2239/2239 2226/2226/2226
f 2226/2226/2226 2239/2239/2239 2240/2240/2240
f 2226/2226/2226 2240/2240/2240 2227/2227/2227
usemtl KrakenSuckerInner
f 2241/2241/2241 2255/2255/2255 2254/2254/2254
f 2241/2241/2241 2242/2242/2242 2255/2255/2255
f 2242/2242/2242 2256/2256/2256 2255/2255/2255
f 2242/2242/2242 2243/2243/2243 2256/2256/2256
f 2243/2243/2243 2257/2257/2257 2256/2256/2256
f 2243/2243/2243 2244/2244/2244 2257/2257/2257
f 2244/2244/2244 2258/2258/2258 2257/2257/2257
f 2244/2244/2244 2245/2245/2245 2258/2258/2258
f 2245/2245/2245 2259/2259/2259 2258/2258/2258
f 2245/2245/2245 2246/2246/2246 2259/2259/2259
f 2246/2246/2246 2260/2260/2260 2259/2259/2259
f 2246/2246/2246 2247/2247/2247 2260/2260/2260
f 2247/2247/2247 2261/2261/2261 2260/2260/2260
f 2247/2247/2247 2248/2248/2248 2261/2261/2261
f 2248/2248/2248 2262/2262/2262 2261/2261/2261
f 2248/2248/2248 2249/2249/2249 2262/2262/2262
f 2249/2249/2249 2263/2263/2263 2262/2262/2262
f 2249/2249/2249 2250/2250/2250 2263/2263/2263
f 2250/2250/2250 2264/2264/2264 2263/2263/2263
f 2250/2250/2250 2251/2251/2251 2264/2264/2264
f 2251/2251/2251 2265/2265/2265 2264/2264/2264
f 2251/2251/2251 2252/2252/2252 2265/2265/2265
f 2252/2252/2252 2266/2266/2266 2265/2265/2265
f 2252/2252/2252 2253/2253/2253 2266/2266/2266
f 2254/2254/2254 2268/2268/2268 2267/2267/2267
f 2254/2254/2254 2255/2255/2255 2268/2268/2268
f 2255/2255/2255 2269/2269/2269 2268/2268/2268
f 2255/2255/2255 2256/2256/2256 2269/2269/2269
f 2256/2256/2256 2270/2270/2270 2269/2269/2269
f 2256/2256/2256 2257/2257/2257 2270/2270/2270
f 2257/2257/2257 2271/2271/2271 2270/2270/2270
f 2257/2257/2257 2258/2258/2258 2271/2271/2271
f 2258/2258/2258 2272/2272/2272 2271/2271/2271
f 2258/2258/2258 2259/2259/2259 2272/2272/2272
f 2259/2259/2259 2273/2273/2273 2272/2272/2272
f 2259/2259/2259 2260/2260/2260 2273/2273/2273
f 2260/2260/2260 2274/2274/2274 2273/2273/2273
f 2260/2260/2260 2261/2261/2261 2274/2274/2274
f 2261/2261/2261 2275/2275/2275 2274/2274/2274
f 2261/2261/2261 2262/2262/2262 2275/2275/2275
f 2262/2262/2262 2276/2276/2276 2275/2275/2275
f 2262/2262/2262 2263/2263/2263 2276/2276/2276
f 2263/2263/2263 2277/2277/2277 2276/2276/2276
f 2263/2263/2263 2264/2264/2264 2277/2277/2277
f 2264/2264/2264 2278/2278/2278 2277/2277/2277
f 2264/2264/2264 2265/2265/2265 2278/2278/2278
f 2265/2265/2265 2279/2279/2279 2278/2278/2278
f 2265/2265/2265 2266/2266/2266 2279/2279/2279
f 2280/2280/2280 2267/2267/2267 2268/2268/2268
f 2280/2280/2280 2268/2268/2268 2269/2269/2269
f 2280/2280/2280 2269/2269/2269 2270/2270/2270
f 2280/2280/2280 2270/2270/2270 2271/2271/2271
f 2280/2280/2280 2271/2271/2271 2272/2272/2272
f 2280/2280/2280 2272/2272/2272 2273/2273/2273
f 2280/2280/2280 2273/2273/2273 2274/2274/2274
f 2280/2280/2280 2274/2274/2274 2275/2275/2275
f 2280/2280/2280 2275/2275/2275 2276/2276/2276
f 2280/2280/2280 2276/2276/2276 2277/2277/2277
f 2280/2280/2280 2277/2277/2277 2278/2278/2278
f 2280/2280/2280 2278/2278/2278 2279/2279/2279
usemtl KrakenSucker
f 2281/2281/2281 2294/2294/2294 2295/2295/2295
f 2281/2281/2281 2295/2295/2295 2282/2282/2282
f 2282/2282/2282 2295/2295/2295 2296/2296/2296
f 2282/2282/2282 2296/2296/2296 2283/2283/2283
f 2283/2283/2283 2296/2296/2296 2297/2297/2297
f 2283/2283/2283 2297/2297/2297 2284/2284/2284
f 2284/2284/2284 2297/2297/2297 2298/2298/2298
f 2284/2284/2284 2298/2298/2298 2285/2285/2285
f 2285/2285/2285 2298/2298/2298 2299/2299/2299
f 2285/2285/2285 2299/2299/2299 2286/2286/2286
f 2286/2286/2286 2299/2299/2299 2300/2300/2300
f 2286/2286/2286 2300/2300/2300 2287/2287/2287
f 2287/2287/2287 2300/2300/2300 2301/2301/2301
f 2287/2287/2287 2301/2301/2301 2288/2288/2288
f 2288/2288/2288 2301/2301/2301 2302/2302/2302
f 2288/2288/2288 2302/2302/2302 2289/2289/2289
f 2289/2289/2289 2302/2302/2302 2303/2303/2303
f 2289/2289/2289 2303/2303/2303 2290/2290/2290
f 2290/2290/2290 2303/2303/2303 2304/2304/2304
f 2290/2290/2290 2304/2304/2304 2291/2291/2291
f 2291/2291/2291 2304/2304/2304 2305/2305/2305
f 2291/2291/2291 2305/2305/2305 2292/2292/2292
f 2292/2292/2292 2305/2305/2305 2306/2306/2306
f 2292/2292/2292 2306/2306/2306 2293/2293/2293
f 2294/2294/2294 2307/2307/2307 2308/2308/2308
f 2294/2294/2294 2308/2308/2308 2295/2295/2295
f 2295/2295/2295 2308/2308/2308 2309/2309/2309
f 2295/2295/2295 2309/2309/2309 2296/2296/2296
f 2296/2296/2296 2309/2309/2309 2310/2310/2310
f 2296/2296/2296 2310/2310/2310 2297/2297/2297
f 2297/2297/2297 2310/2310/2310 2311/2311/2311
f 2297/2297/2297 2311/2311/2311 2298/2298/2298
f 2298/2298/2298 2311/2311/2311 2312/2312/2312
f 2298/2298/2298 2312/2312/2312 2299/2299/2299
f 2299/2299/2299 2312/2312/2312 2313/2313/2313
f 2299/2299/2299 2313/2313/2313 2300/2300/2300
f 2300/2300/2300 2313/2313/2313 2314/2314/2314
f 2300/2300/2300 2314/2314/2314 2301/2301/2301
f 2301/2301/2301 2314/2314/2314 2315/2315/2315
f 2301/2301/2301 2315/2315/2315 2302/2302/2302
f 2302/2302/2302 2315/2315/2315 2316/2316/2316
f 2302/2302/2302 2316/2316/2316 2303/2303/2303
f 2303/2303/2303 2316/2316/2316 2317/2317/2317
f 2303/2303/2303 2317/2317/2317 2304/2304/2304
f 2304/2304/2304 2317/2317/2317 2318/2318/2318
f 2304/2304/2304 2318/2318/2318 2305/2305/2305
f 2305/2305/2305 2318/2318/2318 2319/2319/2319
f 2305/2305/2305 2319/2319/2319 2306/2306/2306
usemtl KrakenSuckerInner
f 2320/2320/2320 2334/2334/2334 2333/2333/2333
f 2320/2320/2320 2321/2321/2321 2334/2334/2334
f 2321/2321/2321 2335/2335/2335 2334/2334/2334
f 2321/2321/2321 2322/2322/2322 2335/2335/2335
f 2322/2322/2322 2336/2336/2336 2335/2335/2335
f 2322/2322/2322 2323/2323/2323 2336/2336/2336
f 2323/2323/2323 2337/2337/2337 2336/2336/2336
f 2323/2323/2323 2324/2324/2324 2337/2337/2337
f 2324/2324/2324 2338/2338/2338 2337/2337/2337
f 2324/2324/2324 2325/2325/2325 2338/2338/2338
f 2325/2325/2325 2339/2339/2339 2338/2338/2338
f 2325/2325/2325 2326/2326/2326 2339/2339/2339
f 2326/2326/2326 2340/2340/2340 2339/2339/2339
f 2326/2326/2326 2327/2327/2327 2340/2340/2340
f 2327/2327/2327 2341/2341/2341 2340/2340/2340
f 2327/2327/2327 2328/2328/2328 2341/2341/2341
f 2328/2328/2328 2342/2342/2342 2341/2341/2341
f 2328/2328/2328 2329/2329/2329 2342/2342/2342
f 2329/2329/2329 2343/2343/2343 2342/2342/2342
f 2329/2329/2329 2330/2330/2330 2343/2343/2343
f 2330/2330/2330 2344/2344/2344 2343/2343/2343
f 2330/2330/2330 2331/2331/2331 2344/2344/2344
f 2331/2331/2331 2345/2345/2345 2344/2344/2344
f 2331/2331/2331 2332/2332/2332 2345/2345/2345
f 2333/2333/2333 2347/2347/2347 2346/2346/2346
f 2333/2333/2333 2334/2334/2334 2347/2347/2347
f 2334/2334/2334 2348/2348/2348 2347/2347/2347
f 2334/2334/2334 2335/2335/2335 2348/2348/2348
f 2335/2335/2335 2349/2349/2349 2348/2348/2348
f 2335/2335/2335 2336/2336/2336 2349/2349/2349
f 2336/2336/2336 2350/2350/2350 2349/2349/2349
f 2336/2336/2336 2337/2337/2337 2350/2350/2350
f 2337/2337/2337 2351/2351/2351 2350/2350/2350
f 2337/2337/2337 2338/2338/2338 2351/2351/2351
f 2338/2338/2338 2352/2352/2352 2351/2351/2351
f 2338/2338/2338 2339/2339/2339 2352/2352/2352
f 2339/2339/2339 2353/2353/2353 2352/2352/2352
f 2339/2339/2339 2340/2340/2340 2353/2353/2353
f 2340/2340/2340 2354/2354/2354 2353/2353/2353
f 2340/2340/2340 2341/2341/2341 2354/2354/2354
f 2341/2341/2341 2355/2355/2355 2354/2354/2354
f 2341/2341/2341 2342/2342/2342 2355/2355/2355
f 2342/2342/2342 2356/2356/2356 2355/2355/2355
f 2342/2342/2342 2343/2343/2343 2356/2356/2356
f 2343/2343/2343 2357/2357/2357 2356/2356/2356
f 2343/2343/2343 2344/2344/2344 2357/2357/2357
f 2344/2344/2344 2358/2358/2358 2357/2357/2357
f 2344/2344/2344 2345/2345/2345 2358/2358/2358
f 2359/2359/2359 2346/2346/2346 2347/2347/2347
f 2359/2359/2359 2347/2347/2347 2348/2348/2348
f 2359/2359/2359 2348/2348/2348 2349/2349/2349
f 2359/2359/2359 2349/2349/2349 2350/2350/2350
f 2359/2359/2359 2350/2350/2350 2351/2351/2351
f 2359/2359/2359 2351/2351/2351 2352/2352/2352
f 2359/2359/2359 2352/2352/2352 2353/2353/2353
f 2359/2359/2359 2353/2353/2353 2354/2354/2354
f 2359/2359/2359 2354/2354/2354 2355/2355/2355
f 2359/2359/2359 2355/2355/2355 2356/2356/2356
f 2359/2359/2359 2356/2356/2356 2357/2357/2357
f 2359/2359/2359 2357/2357/2357 2358/2358/2358
usemtl KrakenSucker
f 2360/2360/2360 2373/2373/2373 2374/2374/2374
f 2360/2360/2360 2374/2374/2374 2361/2361/2361
f 2361/2361/2361 2374/2374/2374 2375/2375/2375
f 2361/2361/2361 2375/2375/2375 2362/2362/2362
f 2362/2362/2362 2375/2375/2375 2376/2376/2376
f 2362/2362/2362 2376/2376/2376 2363/2363/2363
f 2363/2363/2363 2376/2376/2376 2377/2377/2377
f 2363/2363/2363 2377/2377/2377 2364/2364/2364
f 2364/2364/2364 2377/2377/2377 2378/2378/2378
f 2364/2364/2364 2378/2378/2378 2365/2365/2365
f 2365/2365/2365 2378/2378/2378 2379/2379/2379
f 2365/2365/2365 2379/2379/2379 2366/2366/2366
f 2366/2366/2366 2379/2379/2379 2380/2380/2380
f 2366/2366/2366 2380/2380/2380 2367/2367/2367
f 2367/2367/2367 2380/2380/2380 2381/2381/2381
f 2367/2367/2367 2381/2381/2381 2368/2368/2368
f 2368/2368/2368 2381/2381/2381 2382/2382/2382
f 2368/2368/2368 2382/2382/2382 2369/2369/2369
f 2369/2369/2369 2382/2382/2382 2383/2383/2383
f 2369/2369/2369 2383/2383/2383 2370/2370/2370
f 2370/2370/2370 2383/2383/2383 2384/2384/2384
f 2370/2370/2370 2384/2384/2384 2371/2371/2371
f 2371/2371/2371 2384/2384/2384 2385/2385/2385
f 2371/2371/2371 2385/2385/2385 2372/2372/2372
f 2373/2373/2373 2386/2386/2386 2387/2387/2387
f 2373/2373/2373 2387/2387/2387 2374/2374/2374
f 2374/2374/2374 2387/2387/2387 2388/2388/2388
f 2374/2374/2374 2388/2388/2388 2375/2375/2375
f 2375/2375/2375 2388/2388/2388 2389/2389/2389
f 2375/2375/2375 2389/2389/2389 2376/2376/2376
f 2376/2376/2376 2389/2389/2389 2390/2390/2390
f 2376/2376/2376 2390/2390/2390 2377/2377/2377
f 2377/2377/2377 2390/2390/2390 2391/2391/2391
f 2377/2377/2377 2391/2391/2391 2378/2378/2378
f 2378/2378/2378 2391/2391/2391 2392/2392/2392
f 2378/2378/2378 2392/2392/2392 2379/2379/2379
f 2379/2379/2379 2392/2392/2392 2393/2393/2393
f 2379/2379/2379 2393/2393/2393 2380/2380/2380
f 2380/2380/2380 2393/2393/2393 2394/2394/2394
f 2380/2380/2380 2394/2394/2394 2381/2381/2381
f 2381/2381/2381 2394/2394/2394 2395/2395/2395
f 2381/2381/2381 2395/2395/2395 2382/2382/2382
f 2382/2382/2382 2395/2395/2395 2396/2396/2396
f 2382/2382/2382 2396/2396/2396 2383/2383/2383
f 2383/2383/2383 2396/2396/2396 2397/2397/2397
f 2383/2383/2383 2397/2397/2397 2384/2384/2384
f 2384/2384/2384 2397/2397/2397 2398/2398/2398
f 2384/2384/2384 2398/2398/2398 2385/2385/2385
usemtl KrakenSuckerInner
f 2399/2399/2399 2413/2413/2413 2412/2412/2412
f 2399/2399/2399 2400/2400/2400 2413/2413/2413
f 2400/2400/2400 2414/2414/2414 2413/2413/2413
f 2400/2400/2400 2401/2401/2401 2414/2414/2414
f 2401/2401/2401 2415/2415/2415 2414/2414/2414
f 2401/2401/2401 2402/2402/2402 2415/2415/2415
f 2402/2402/2402 2416/2416/2416 2415/2415/2415
f 2402/2402/2402 2403/2403/2403 2416/2416/2416
f 2403/2403/2403 2417/2417/2417 2416/2416/2416
f 2403/2403/2403 2404/2404/2404 2417/2417/2417
f 2404/2404/2404 2418/2418/2418 2417/2417/2417
f 2404/2404/2404 2405/2405/2405 2418/2418/2418
f 2405/2405/2405 2419/2419/2419 2418/2418/2418
f 2405/2405/2405 2406/2406/2406 2419/2419/2419
f 2406/2406/2406 2420/2420/2420 2419/2419/2419
f 2406/2406/2406 2407/2407/2407 2420/2420/2420
f 2407/2407/2407 2421/2421/2421 2420/2420/2420
f 2407/2407/2407 2408/2408/2408 2421/2421/2421
f 2408/2408/2408 2422/2422/2422 2421/2421/2421
f 2408/2408/2408 2409/2409/2409 2422/2422/2422
f 2409/2409/2409 2423/2423/2423 2422/2422/2422
f 2409/2409/2409 2410/2410/2410 2423/2423/2423
f 2410/2410/2410 2424/2424/2424 2423/2423/2423
f 2410/2410/2410 2411/2411/2411 2424/2424/2424
f 2412/2412/2412 2426/2426/2426 2425/2425/2425
f 2412/2412/2412 2413/2413/2413 2426/2426/2426
f 2413/2413/2413 2427/2427/2427 2426/2426/2426
f 2413/2413/2413 2414/2414/2414 2427/2427/2427
f 2414/2414/2414 2428/2428/2428 2427/2427/2427
f 2414/2414/2414 2415/2415/2415 2428/2428/2428
f 2415/2415/2415 2429/2429/2429 2428/2428/2428
f 2415/2415/2415 2416/2416/2416 2429/2429/2429
f 2416/2416/2416 2430/2430/2430 2429/2429/2429
f 2416/2416/2416 2417/2417/2417 2430/2430/2430
f 2417/2417/2417 2431/2431/2431 2430/2430/2430
f 2417/2417/2417 2418/2418/2418 2431/2431/2431
f 2418/2418/2418 2432/2432/2432 2431/2431/2431
f 2418/2418/2418 2419/2419/2419 2432/2432/2432
f 2419/2419/2419 2433/2433/2433 2432/2432/2432
f 2419/2419/2419 2420/2420/2420 2433/2433/2433
f 2420/2420/2420 2434/2434/2434 2433/2433/2433
f 2420/2420/2420 2421/2421/2421 2434/2434/2434
f 2421/2421/2421 2435/2435/2435 2434/2434/2434
f 2421/2421/2421 2422/2422/2422 2435/2435/2435
f 2422/2422/2422 2436/2436/2436 2435/2435/2435
f 2422/2422/2422 2423/2423/2423 2436/2436/2436
f 2423/2423/2423 2437/2437/2437 2436/2436/2436
f 2423/2423/2423 2424/2424/2424 2437/2437/2437
f 2438/2438/2438 2425/2425/2425 2426/2426/2426
f 2438/2438/2438 2426/2426/2426 2427/2427/2427
f 2438/2438/2438 2427/2427/2427 2428/2428/2428
f 2438/2438/2438 2428/2428/2428 2429/2429/2429
f 2438/2438/2438 2429/2429/2429 2430/2430/2430
f 2438/2438/2438 2430/2430/2430 2431/2431/2431
f 2438/2438/2438 2431/2431/2431 2432/2432/2432
f 2438/2438/2438 2432/2432/2432 2433/2433/2433
f 2438/2438/2438 2433/2433/2433 2434/2434/2434
f 2438/2438/2438 2434/2434/2434 2435/2435/2435
f 2438/2438/2438 2435/2435/2435 2436/2436/2436
f 2438/2438/2438 2436/2436/2436 2437/2437/2437
usemtl KrakenSucker
f 2439/2439/2439 2452/2452/2452 2453/2453/2453
f 2439/2439/2439 2453/2453/2453 2440/2440/2440
f 2440/2440/2440 2453/2453/2453 2454/2454/2454
f 2440/2440/2440 2454/2454/2454 2441/2441/2441
f 2441/2441/2441 2454/2454/2454 2455/2455/2455
f 2441/2441/2441 2455/2455/2455 2442/2442/2442
f 2442/2442/2442 2455/2455/2455 2456/2456/2456
f 2442/2442/2442 2456/2456/2456 2443/2443/2443
f 2443/2443/2443 2456/2456/2456 2457/2457/2457
f 2443/2443/2443 2457/2457/2457 2444/2444/2444
f 2444/2444/2444 2457/2457/2457 2458/2458/2458
f 2444/2444/2444 2458/2458/2458 2445/2445/2445
f 2445/2445/2445 2458/2458/2458 2459/2459/2459
f 2445/2445/2445 2459/2459/2459 2446/2446/2446
f 2446/2446/2446 2459/2459/2459 2460/2460/2460
f 2446/2446/2446 2460/2460/2460 2447/2447/2447
f 2447/2447/2447 2460/2460/2460 2461/2461/2461
f 2447/2447/2447 2461/2461/2461 2448/2448/2448
f 2448/2448/2448 2461/2461/2461 2462/2462/2462
f 2448/2448/2448 2462/2462/2462 2449/2449/2449
f 2449/2449/2449 2462/2462/2462 2463/2463/2463
f 2449/2449/2449 2463/2463/2463 2450/2450/2450
f 2450/2450/2450 2463/2463/2463 2464/2464/2464
f 2450/2450/2450 2464/2464/2464 2451/2451/2451
f 2452/2452/2452 2465/2465/2465 2466/2466/2466
f 2452/2452/2452 2466/2466/2466 2453/2453/2453
f 2453/2453/2453 2466/2466/2466 2467/2467/2467
f 2453/2453/2453 2467/2467/2467 2454/2454/2454
f 2454/2454/2454 2467/2467/2467 2468/2468/2468
f 2454/2454/2454 2468/2468/2468 2455/2455/2455
f 2455/2455/2455 2468/2468/2468 2469/2469/2469
f 2455/2455/2455 2469/2469/2469 2456/2456/2456
f 2456/2456/2456 2469/2469/2469 2470/2470/2470
f 2456/2456/2456 2470/2470/2470 2457/2457/2457
f 2457/2457/2457 2470/2470/2470 2471/2471/2471
f 2457/2457/2457 2471/2471/2471 2458/2458/2458
f 2458/2458/2458 2471/2471/2471 2472/2472/2472
f 2458/2458/2458 2472/2472/2472 2459/2459/2459
f 2459/2459/2459 2472/2472/2472 2473/2473/2473
f 2459/2459/2459 2473/2473/2473 2460/2460/2460
f 2460/2460/2460 2473/2473/2473 2474/2474/2474
f 2460/2460/2460 2474/2474/2474 2461/2461/2461
f 2461/2461/2461 2474/2474/2474 2475/2475/2475
f 2461/2461/2461 2475/2475/2475 2462/2462/2462
f 2462/2462/2462 2475/2475/2475 2476/2476/2476
f 2462/2462/2462 2476/2476/2476 2463/2463/2463
f 2463/2463/2463 2476/2476/2476 2477/2477/2477
f 2463/2463/2463 2477/2477/2477 2464/2464/2464
usemtl KrakenSuckerInner
f 2478/2478/2478 2492/2492/2492 2491/2491/2491
f 2478/2478/2478 2479/2479/2479 2492/2492/2492
f 2479/2479/2479 2493/2493/2493 2492/2492/2492
f 2479/2479/2479 2480/2480/2480 2493/2493/2493
f 2480/2480/2480 2494/2494/2494 2493/2493/2493
f 2480/2480/2480 2481/2481/2481 2494/2494/2494
f 2481/2481/2481 2495/2495/2495 2494/2494/2494
f 2481/2481/2481 2482/2482/2482 2495/2495/2495
f 2482/2482/2482 2496/2496/2496 2495/2495/2495
f 2482/2482/2482 2483/2483/2483 2496/2496/2496
f 2483/2483/2483 2497/2497/2497 2496/2496/2496
f 2483/2483/2483 2484/2484/2484 2497/2497/2497
f 2484/2484/2484 2498/2498/2498 2497/2497/2497
f 2484/2484/2484 2485/2485/2485 2498/2498/2498
f 2485/2485/2485 2499/2499/2499 2498/2498/2498
f 2485/2485/2485 2486/2486/2486 2499/2499/2499
f 2486/2486/2486 2500/2500/2500 2499/2499/2499
f 2486/2486/2486 2487/2487/2487 2500/2500/2500
f 2487/2487/2487 2501/2501/2501 2500/2500/2500
f 2487/2487/2487 2488/2488/2488 2501/2501/2501
f 2488/2488/2488 2502/2502/2502 2501/2501/2501
f 2488/2488/2488 2489/2489/2489 2502/2502/2502
f 2489/2489/2489 2503/2503/2503 2502/2502/2502
f 2489/2489/2489 2490/2490/2490 2503/2503/2503
f 2491/2491/2491 2505/2505/2505 2504/2504/2504
f 2491/2491/2491 2492/2492/2492 2505/2505/2505
f 2492/2492/2492 2506/2506/2506 2505/2505/2505
f 2492/2492/2492 2493/2493/2493 2506/2506/2506
f 2493/2493/2493 2507/2507/2507 2506/2506/2506
f 2493/2493/2493 2494/2494/2494 2507/2507/2507
f 2494/2494/2494 2508/2508/2508 2507/2507/2507
f 2494/2494/2494 2495/2495/2495 2508/2508/2508
f 2495/2495/2495 2509/2509/2509 2508/2508/2508
f 2495/2495/2495 2496/2496/2496 2509/2509/2509
f 2496/2496/2496 2510/2510/2510 2509/2509/2509
f 2496/2496/2496 2497/2497/2497 2510/2510/2510
f 2497/2497/2497 2511/2511/2511 2510/2510/2510
f 2497/2497/2497 2498/2498/2498 2511/2511/2511
f 2498/2498/2498 2512/2512/2512 2511/2511/2511
f 2498/2498/2498 2499/2499/2499 2512/2512/2512
f 2499/2499/2499 2513/2513/2513 2512/2512/2512
f 2499/2499/2499 2500/2500/2500 2513/2513/2513
f 2500/2500/2500 2514/2514/2514 2513/2513/2513
f 2500/2500/2500 2501/2501/2501 2514/2514/2514
f 2501/2501/2501 2515/2515/2515 2514/2514/2514
f 2501/2501/2501 2502/2502/2502 2515/2515/2515
f 2502/2502/2502 2516/2516/2516 2515/2515/2515
f 2502/2502/2502 2503/2503/2503 2516/2516/2516
f 2517/2517/2517 2504/2504/2504 2505/2505/2505
f 2517/2517/2517 2505/2505/2505 2506/2506/2506
f 2517/2517/2517 2506/2506/2506 2507/2507/2507
f 2517/2517/2517 2507/2507/2507 2508/2508/2508
f 2517/2517/2517 2508/2508/2508 2509/2509/2509
f 2517/2517/2517 2509/2509/2509 2510/2510/2510
f 2517/2517/2517 2510/2510/2510 2511/2511/2511
f 2517/2517/2517 2511/2511/2511 2512/2512/2512
f 2517/2517/2517 2512/2512/2512 2513/2513/2513
f 2517/2517/2517 2513/2513/2513 2514/2514/2514
f 2517/2517/2517 2514/2514/2514 2515/2515/2515
f 2517/2517/2517 2515/2515/2515 2516/2516/2516
usemtl KrakenSucker
f 2518/2518/2518 2531/2531/2531 2532/2532/2532
f 2518/2518/2518 2532/2532/2532 2519/2519/2519
f 2519/2519/2519 2532/2532/2532 2533/2533/2533
f 2519/2519/2519 2533/2533/2533 2520/2520/2520
f 2520/2520/2520 2533/2533/2533 2534/2534/2534
f 2520/2520/2520 2534/2534/2534 2521/2521/2521
f 2521/2521/2521 2534/2534/2534 2535/2535/2535
f 2521/2521/2521 2535/2535/2535 2522/2522/2522
f 2522/2522/2522 2535/2535/2535 2536/2536/2536
f 2522/2522/2522 2536/2536/2536 2523/2523/2523
f 2523/2523/2523 2536/2536/2536 2537/2537/2537
f 2523/2523/2523 2537/2537/2537 2524/2524/2524
f 2524/2524/2524 2537/2537/2537 2538/2538/2538
f 2524/2524/2524 2538/2538/2538 2525/2525/2525
f 2525/2525/2525 2538/2538/2538 2539/2539/2539
f 2525/2525/2525 2539/2539/2539 2526/2526/2526
f 2526/2526/2526 2539/2539/2539 2540/2540/2540
f 2526/2526/2526 2540/2540/2540 2527/2527/2527
f 2527/2527/2527 2540/2540/2540 2541/2541/2541
f 2527/2527/2527 2541/2541/2541 2528/2528/2528
f 2528/2528/2528 2541/2541/2541 2542/2542/2542
f 2528/2528/2528 2542/2542/2542 2529/2529/2529
f 2529/2529/2529 2542/2542/2542 2543/2543/2543
f 2529/2529/2529 2543/2543/2543 2530/2530/2530
f 2531/2531/2531 2544/2544/2544 2545/2545/2545
f 2531/2531/2531 2545/2545/2545 2532/2532/2532
f 2532/2532/2532 2545/2545/2545 2546/2546/2546
f 2532/2532/2532 2546/2546/2546 2533/2533/2533
f 2533/2533/2533 2546/2546/2546 2547/2547/2547
f 2533/2533/2533 2547/2547/2547 2534/2534/2534
f 2534/2534/2534 2547/2547/2547 2548/2548/2548
f 2534/2534/2534 2548/2548/2548 2535/2535/2535
f 2535/2535/2535 2548/2548/2548 2549/2549/2549
f 2535/2535/2535 2549/2549/2549 2536/2536/2536
f 2536/2536/2536 2549/2549/2549 2550/2550/2550
f 2536/2536/2536 2550/2550/2550 2537/2537/2537
f 2537/2537/2537 2550/2550/2550 2551/2551/2551
f 2537/2537/2537 2551/2551/2551 2538/2538/2538
f 2538/2538/2538 2551/2551/2551 2552/2552/2552
f 2538/2538/2538 2552/2552/2552 2539/2539/2539
f 2539/2539/2539 2552/2552/2552 2553/2553/2553
f 2539/2539/2539 2553/2553/2553 2540/2540/2540
f 2540/2540/2540 2553/2553/2553 2554/2554/2554
f 2540/2540/2540 2554/2554/2554 2541/2541/2541
f 2541/2541/2541 2554/2554/2554 2555/2555/2555
f 2541/2541/2541 2555/2555/2555 2542/2542/2542
f 2542/2542/2542 2555/2555/2555 2556/2556/2556
f 2542/2542/2542 2556/2556/2556 2543/2543/2543
usemtl KrakenSuckerInner
f 2557/2557/2557 2571/2571/2571 2570/2570/2570
f 2557/2557/2557 2558/2558/2558 2571/2571/2571
f 2558/2558/2558 2572/2572/2572 2571/2571/2571
f 2558/2558/2558 2559/2559/2559 2572/2572/2572
f 2559/2559/2559 2573/2573/2573 2572/2572/2572
f 2559/2559/2559 2560/2560/2560 2573/2573/2573
f 2560/2560/2560 2574/2574/2574 2573/2573/2573
f 2560/2560/2560 2561/2561/2561 2574/2574/2574
f 2561/2561/2561 2575/2575/2575 2574/2574/2574
f 2561/2561/2561 2562/2562/2562 2575/2575/2575
f 2562/2562/2562 2576/2576/2576 2575/2575/2575
f 2562/2562/2562 2563/2563/2563 2576/2576/2576
f 2563/2563/2563 2577/2577/2577 2576/2576/2576
f 2563/2563/2563 2564/2564/2564 2577/2577/2577
f 2564/2564/2564 2578/2578/2578 2577/2577/2577
f 2564/2564/2564 2565/2565/2565 2578/2578/2578
f 2565/2565/2565 2579/2579/2579 2578/2578/2578
f 2565/2565/2565 2566/2566/2566 2579/2579/2579
f 2566/2566/2566 2580/2580/2580 2579/2579/2579
f 2566/2566/2566 2567/2567/2567 2580/2580/2580
f 2567/2567/2567 2581/2581/2581 2580/2580/2580
f 2567/2567/2567 2568/2568/2568 2581/2581/2581
f 2568/2568/2568 2582/2582/2582 2581/2581/2581
f 2568/2568/2568 2569/2569/2569 2582/2582/2582
f 2570/2570/2570 2584/2584/2584 2583/2583/2583
f 2570/2570/2570 2571/2571/2571 2584/2584/2584
f 2571/2571/2571 2585/2585/2585 2584/2584/2584
f 2571/2571/2571 2572/2572/2572 2585/2585/2585
f 2572/2572/2572 2586/2586/2586 2585/2585/2585
f 2572/2572/2572 2573/2573/2573 2586/2586/2586
f 2573/2573/2573 2587/2587/2587 2586/2586/2586
f 2573/2573/2573 2574/2574/2574 2587/2587/2587
f 2574/2574/2574 2588/2588/2588 2587/2587/2587
f 2574/2574/2574 2575/2575/2575 2588/2588/2588
f 2575/2575/2575 2589/2589/2589 2588/2588/2588
f 2575/2575/2575 2576/2576/2576 2589/2589/2589
f 2576/2576/2576 2590/2590/2590 2589/2589/2589
f 2576/2576/2576 2577/2577/2577 2590/2590/2590
f 2577/2577/2577 2591/2591/2591 2590/2590/2590
f 2577/2577/2577 2578/2578/2578 2591/2591/2591
f 2578/2578/2578 2592/2592/2592 2591/2591/2591
f 2578/2578/2578 2579/2579/2579 2592/2592/2592
f 2579/2579/2579 2593/2593/2593 2592/2592/2592
f 2579/2579/2579 2580/2580/2580 2593/2593/2593
f 2580/2580/2580 2594/2594/2594 2593/2593/2593
f 2580/2580/2580 2581/2581/2581 2594/2594/2594
f 2581/2581/2581 2595/2595/2595 2594/2594/2594
f 2581/2581/2581 2582/2582/2582 2595/2595/2595
f 2596/2596/2596 2583/2583/2583 2584/2584/2584
f 2596/2596/2596 2584/2584/2584 2585/2585/2585
f 2596/2596/2596 2585/2585/2585 2586/2586/2586
f 2596/2596/2596 2586/2586/2586 2587/2587/2587
f 2596/2596/2596 2587/2587/2587 2588/2588/2588
f 2596/2596/2596 2588/2588/2588 2589/2589/2589
f 2596/2596/2596 2589/2589/2589 2590/2590/2590
f 2596/2596/2596 2590/2590/2590 2591/2591/2591
f 2596/2596/2596 2591/2591/2591 2592/2592/2592
f 2596/2596/2596 2592/2592/2592 2593/2593/2593
f 2596/2596/2596 2593/2593/2593 2594/2594/2594
f 2596/2596/2596 2594/2594/2594 2595/2595/2595
usemtl KrakenSucker
f 2597/2597/2597 2610/2610/2610 2611/2611/2611
f 2597/2597/2597 2611/2611/2611 2598/2598/2598
f 2598/2598/2598 2611/2611/2611 2612/2612/2612
f 2598/2598/2598 2612/2612/2612 2599/2599/2599
f 2599/2599/2599 2612/2612/2612 2613/2613/2613
f 2599/2599/2599 2613/2613/2613 2600/2600/2600
f 2600/2600/2600 2613/2613/2613 2614/2614/2614
f 2600/2600/2600 2614/2614/2614 2601/2601/2601
f 2601/2601/2601 2614/2614/2614 2615/2615/2615
f 2601/2601/2601 2615/2615/2615 2602/2602/2602
f 2602/2602/2602 2615/2615/2615 2616/2616/2616
f 2602/2602/2602 2616/2616/2616 2603/2603/2603
f 2603/2603/2603 2616/2616/2616 2617/2617/2617
f 2603/2603/2603 2617/2617/2617 2604/2604/2604
f 2604/2604/2604 2617/2617/2617 2618/2618/2618
f 2604/2604/2604 2618/2618/2618 2605/2605/2605
f 2605/2605/2605 2618/2618/2618 2619/2619/2619
f 2605/2605/2605 2619/2619/2619 2606/2606/2606
f 2606/2606/2606 2619/2619/2619 2620/2620/2620
f 2606/2606/2606 2620/2620/2620 2607/2607/2607
f 2607/2607/2607 2620/2620/2620 2621/2621/2621
f 2607/2607/2607 2621/2621/2621 2608/2608/2608
f 2608/2608/2608 2621/2621/2621 2622/2622/2622
f 2608/2608/2608 2622/2622/2622 2609/2609/2609
f 2610/2610/2610 2623/2623/2623 2624/2624/2624
f 2610/2610/2610 2624/2624/2624 2611/2611/2611
f 2611/2611/2611 2624/2624/2624 2625/2625/2625
f 2611/2611/2611 2625/2625/2625 2612/2612/2612
f 2612/2612/2612 2625/2625/2625 2626/2626/2626
f 2612/2612/2612 2626/2626/2626 2613/2613/2613
f 2613/2613/2613 2626/2626/2626 2627/2627/2627
f 2613/2613/2613 2627/2627/2627 2614/2614/2614
f 2614/2614/2614 2627/2627/2627 2628/2628/2628
f 2614/2614/2614 2628/2628/2628 2615/2615/2615
f 2615/2615/2615 2628/2628/2628 2629/2629/2629
f 2615/2615/2615 2629/2629/2629 2616/2616/2616
f 2616/2616/2616 2629/2629/2629 2630/2630/2630
f 2616/2616/2616 2630/2630/2630 2617/2617/2617
f 2617/2617/2617 2630/2630/2630 2631/2631/2631
f 2617/2617/2617 2631/2631/2631 2618/2618/2618
f 2618/2618/2618 2631/2631/2631 2632/2632/2632
f 2618/2618/2618 2632/2632/2632 2619/2619/2619
f 2619/2619/2619 2632/2632/2632 2633/2633/2633
f 2619/2619/2619 2633/2633/2633 2620/2620/2620
f 2620/2620/2620 2633/2633/2633 2634/2634/2634
f 2620/2620/2620 2634/2634/2634 2621/2621/2621
f 2621/2621/2621 2634/2634/2634 2635/2635/2635
f 2621/2621/2621 2635/2635/2635 2622/2622/2622
usemtl KrakenSuckerInner
f 2636/2636/2636 2650/2650/2650 2649/2649/2649
f 2636/2636/2636 2637/2637/2637 2650/2650/2650
f 2637/2637/2637 2651/2651/2651 2650/2650/2650
f 2637/2637/2637 2638/2638/2638 2651/2651/2651
f 2638/2638/2638 2652/2652/2652 2651/2651/2651
f 2638/2638/2638 2639/2639/2639 2652/2652/2652
f 2639/2639/2639 2653/2653/2653 2652/2652/2652
f 2639/2639/2639 2640/2640/2640 2653/2653/2653
f 2640/2640/2640 2654/2654/2654 2653/2653/2653
f 2640/2640/2640 2641/2641/2641 2654/2654/2654
f 2641/2641/2641 2655/2655/2655 2654/2654/2654
f 2641/2641/2641 2642/2642/2642 2655/2655/2655
f 2642/2642/2642 2656/2656/2656 2655/2655/2655
f 2642/2642/2642 2643/2643/2643 2656/2656/2656
f 2643/2643/2643 2657/2657/2657 2656/2656/2656
f 2643/2643/2643 2644/2644/2644 2657/2657/2657
f 2644/2644/2644 2658/2658/2658 2657/2657/2657
f 2644/2644/2644 2645/2645/2645 2658/2658/2658
f 2645/2645/2645 2659/2659/2659 2658/2658/2658
f 2645/2645/2645 2646/2646/2646 2659/2659/2659
f 2646/2646/2646 2660/2660/2660 2659/2659/2659
f 2646/2646/2646 2647/2647/2647 2660/2660/2660
f 2647/2647/2647 2661/2661/2661 2660/2660/2660
f 2647/2647/2647 2648/2648/2648 2661/2661/2661
f 2649/2649/2649 2663/2663/2663 2662/2662/2662
f 2649/2649/2649 2650/2650/2650 2663/2663/2663
f 2650/2650/2650 2664/2664/2664 2663/2663/2663
f 2650/2650/2650 2651/2651/2651 2664/2664/2664
f 2651/2651/2651 2665/2665/2665 2664/2664/2664
f 2651/2651/2651 2652/2652/2652 2665/2665/2665
f 2652/2652/2652 2666/2666/2666 2665/2665/2665
f 2652/2652/2652 2653/2653/2653 2666/2666/2666
f 2653/2653/2653 2667/2667/2667 2666/2666/2666
f 2653/2653/2653 2654/2654/2654 2667/2667/2667
f 2654/2654/2654 2668/2668/2668 2667/2667/2667
f 2654/2654/2654 2655/2655/2655 2668/2668/2668
f 2655/2655/2655 2669/2669/2669 2668/2668/2668
f 2655/2655/2655 2656/2656/2656 2669/2669/2669
f 2656/2656/2656 2670/2670/2670 2669/2669/2669
f 2656/2656/2656 2657/2657/2657 2670/2670/2670
f 2657/2657/2657 2671/2671/2671 2670/2670/2670
f 2657/2657/2657 2658/2658/2658 2671/2671/2671
f 2658/2658/2658 2672/2672/2672 2671/2671/2671
f 2658/2658/2658 2659/2659/2659 2672/2672/2672
f 2659/2659/2659 2673/2673/2673 2672/2672/2672
f 2659/2659/2659 2660/2660/2660 2673/2673/2673
f 2660/2660/2660 2674/2674/2674 2673/2673/2673
f 2660/2660/2660 2661/2661/2661 2674/2674/2674
f 2675/2675/2675 2662/2662/2662 2663/2663/2663
f 2675/2675/2675 2663/2663/2663 2664/2664/2664
f 2675/2675/2675 2664/2664/2664 2665/2665/2665
f 2675/2675/2675 2665/2665/2665 2666/2666/2666
f 2675/2675/2675 2666/2666/2666 2667/2667/2667
f 2675/2675/2675 2667/2667/2667 2668/2668/2668
f 2675/2675/2675 2668/2668/2668 2669/2669/2669
f 2675/2675/2675 2669/2669/2669 2670/2670/2670
f 2675/2675/2675 2670/2670/2670 2671/2671/2671
f 2675/2675/2675 2671/2671/2671 2672/2672/2672
f 2675/2675/2675 2672/2672/2672 2673/2673/2673
f 2675/2675/2675 2673/2673/2673 2674/2674/2674
usemtl KrakenSucker
f 2676/2676/2676 2689/2689/2689 2690/2690/2690
f 2676/2676/2676 2690/2690/2690 2677/2677/2677
f 2677/2677/2677 2690/2690/2690 2691/2691/2691
f 2677/2677/2677 2691/2691/2691 2678/2678/2678
f 2678/2678/2678 2691/2691/2691 2692/2692/2692
f 2678/2678/2678 2692/2692/2692 2679/2679/2679
f 2679/2679/2679 2692/2692/2692 2693/2693/2693
f 2679/2679/2679 2693/2693/2693 2680/2680/2680
f 2680/2680/2680 2693/2693/2693 2694/2694/2694
f 2680/2680/2680 2694/2694/2694 2681/2681/2681
f 2681/2681/2681 2694/2694/2694 2695/2695/2695
f 2681/2681/2681 2695/2695/2695 2682/2682/2682
f 2682/2682/2682 2695/2695/2695 2696/2696/2696
f 2682/2682/2682 2696/2696/2696 2683/2683/2683
f 2683/2683/2683 2696/2696/2696 2697/2697/2697
f 2683/2683/2683 2697/2697/2697 2684/2684/2684
f 2684/2684/2684 2697/2697/2697 2698/2698/2698
f 2684/2684/2684 2698/2698/2698 2685/2685/2685
f 2685/2685/2685 2698/2698/2698 2699/2699/2699
f 2685/2685/2685 2699/2699/2699 2686/2686/2686
f 2686/2686/2686 2699/2699/2699 2700/2700/2700
f 2686/2686/2686 2700/2700/2700 2687/2687/2687
f 2687/2687/2687 2700/2700/2700 2701/2701/2701
f 2687/2687/2687 2701/2701/2701 2688/2688/2688
f 2689/2689/2689 2702/2702/2702 2703/2703/2703
f 2689/2689/2689 2703/2703/2703 2690/2690/2690
f 2690/2690/2690 2703/2703/2703 2704/2704/2704
f 2690/2690/2690 2704/2704/2704 2691/2691/2691
f 2691/2691/2691 2704/2704/2704 2705/2705/2705
f 2691/2691/2691 2705/2705/2705 2692/2692/2692
f 2692/2692/2692 2705/2705/2705 2706/2706/2706
f 2692/2692/2692 2706/2706/2706 2693/2693/2693
f 2693/2693/2693 2706/2706/2706 2707/2707/2707
f 2693/2693/2693 2707/2707/2707 2694/2694/2694
f 2694/2694/2694 2707/2707/2707 2708/2708/2708
f 2694/2694/2694 2708/2708/2708 2695/2695/2695
f 2695/2695/2695 2708/2708/2708 2709/2709/2709
f 2695/2695/2695 2709/2709/2709 2696/2696/2696
f 2696/2696/2696 2709/2709/2709 2710/2710/2710
f 2696/2696/2696 2710/2710/2710 2697/2697/2697
f 2697/2697/2697 2710/2710/2710 2711/2711/2711
f 2697/2697/2697 2711/2711/2711 2698/2698/2698
f 2698/2698/2698 2711/2711/2711 2712/2712/2712
f 2698/2698/2698 2712/2712/2712 2699/2699/2699
f 2699/2699/2699 2712/2712/2712 2713/2713/2713
f 2699/2699/2699 2713/2713/2713 2700/2700/2700
f 2700/2700/2700 2713/2713/2713 2714/2714/2714
f 2700/2700/2700 2714/2714/2714 2701/2701/2701
usemtl KrakenSuckerInner
f 2715/2715/2715 2729/2729/2729 2728/2728/2728
f 2715/2715/2715 2716/2716/2716 2729/2729/2729
f 2716/2716/2716 2730/2730/2730 2729/2729/2729
f 2716/2716/2716 2717/2717/2717 2730/2730/2730
f 2717/2717/2717 2731/2731/2731 2730/2730/2730
f 2717/2717/2717 2718/2718/2718 2731/2731/2731
f 2718/2718/2718 2732/2732/2732 2731/2731/2731
f 2718/2718/2718 2719/2719/2719 2732/2732/2732
f 2719/2719/2719 2733/2733/2733 2732/2732/2732
f 2719/2719/2719 2720/2720/2720 2733/2733/2733
f 2720/2720/2720 2734/2734/2734 2733/2733/2733
f 2720/2720/2720 2721/2721/2721 2734/2734/2734
f 2721/2721/2721 2735/2735/2735 2734/2734/2734
f 2721/2721/2721 2722/2722/2722 2735/2735/2735
f 2722/2722/2722 2736/2736/2736 2735/2735/2735
f 2722/2722/2722 2723/2723/2723 2736/2736/2736
f 2723/2723/2723 2737/2737/2737 2736/2736/2736
f 2723/2723/2723 2724/2724/2724 2737/2737/2737
f 2724/2724/2724 2738/2738/2738 2737/2737/2737
f 2724/2724/2724 2725/2725/2725 2738/2738/2738
f 2725/2725/2725 2739/2739/2739 2738/2738/2738
f 2725/2725/2725 2726/2726/2726 2739/2739/2739
f 2726/2726/2726 2740/2740/2740 2739/2739/2739
f 2726/2726/2726 2727/2727/2727 2740/2740/2740
f 2728/2728/2728 2742/2742/2742 2741/2741/2741
f 2728/2728/2728 2729/2729/2729 2742/2742/2742
f 2729/2729/2729 2743/2743/2743 2742/2742/2742
f 2729/2729/2729 2730/2730/2730 2743/2743/2743
f 2730/2730/2730 2744/2744/2744 2743/2743/2743
f 2730/2730/2730 2731/2731/2731 2744/2744/2744
f 2731/2731/2731 2745/2745/2745 2744/2744/2744
f 2731/2731/2731 2732/2732/2732 2745/2745/2745
f 2732/2732/2732 2746/2746/2746 2745/2745/2745
f 2732/2732/2732 2733/2733/2733 2746/2746/2746
f 2733/2733/2733 2747/2747/2747 2746/2746/2746
f 2733/2733/2733 2734/2734/2734 2747/2747/2747
f 2734/2734/2734 2748/2748/2748 2747/2747/2747
f 2734/2734/2734 2735/2735/2735 2748/2748/2748
f 2735/2735/2735 2749/2749/2749 2748/2748/2748
f 2735/2735/2735 2736/2736/2736 2749/2749/2749
f 2736/2736/2736 2750/2750/2750 2749/2749/2749
f 2736/2736/2736 2737/2737/2737 2750/2750/2750
f 2737/2737/2737 2751/2751/2751 2750/2750/2750
f 2737/2737/2737 2738/2738/2738 2751/2751/2751
f 2738/2738/2738 2752/2752/2752 2751/2751/2751
f 2738/2738/2738 2739/2739/2739 2752/2752/2752
f 2739/2739/2739 2753/2753/2753 2752/2752/2752
f 2739/2739/2739 2740/2740/2740 2753/2753/2753
f 2754/2754/2754 2741/2741/2741 2742/2742/2742
f 2754/2754/2754 2742/2742/2742 2743/2743/2743
f 2754/2754/2754 2743/2743/2743 2744/2744/2744
f 2754/2754/2754 2744/2744/2744 2745/2745/2745
f 2754/2754/2754 2745/2745/2745 2746/2746/2746
f 2754/2754/2754 2746/2746/2746 2747/2747/2747
f 2754/2754/2754 2747/2747/2747 2748/2748/2748
f 2754/2754/2754 2748/2748/2748 2749/2749/2749
f 2754/2754/2754 2749/2749/2749 2750/2750/2750
f 2754/2754/2754 2750/2750/2750 2751/2751/2751
f 2754/2754/2754 2751/2751/2751 2752/2752/2752
f 2754/2754/2754 2752/2752/2752 2753/2753/2753
usemtl KrakenSucker
f 2755/2755/2755 2768/2768/2768 2769/2769/2769
f 2755/2755/2755 2769/2769/2769 2756/2756/2756
f 2756/2756/2756 2769/2769/2769 2770/2770/2770
f 2756/2756/2756 2770/2770/2770 2757/2757/2757
f 2757/2757/2757 2770/2770/2770 2771/2771/2771
f 2757/2757/2757 2771/2771/2771 2758/2758/2758
f 2758/2758/2758 2771/2771/2771 2772/2772/2772
f 2758/2758/2758 2772/2772/2772 2759/2759/2759
f 2759/2759/2759 2772/2772/2772 2773/2773/2773
f 2759/2759/2759 2773/2773/2773 2760/2760/2760
f 2760/2760/2760 2773/2773/2773 2774/2774/2774
f 2760/2760/2760 2774/2774/2774 2761/2761/2761
f 2761/2761/2761 2774/2774/2774 2775/2775/2775
f 2761/2761/2761 2775/2775/2775 2762/2762/2762
f 2762/2762/2762 2775/2775/2775 2776/2776/2776
f 2762/2762/2762 2776/2776/2776 2763/2763/2763
f 2763/2763/2763 2776/2776/2776 2777/2777/2777
f 2763/2763/2763 2777/2777/2777 2764/2764/2764
f 2764/2764/2764 2777/2777/2777 2778/2778/2778
f 2764/2764/2764 2778/2778/2778 2765/2765/2765
f 2765/2765/2765 2778/2778/2778 2779/2779/2779
f 2765/2765/2765 2779/2779/2779 2766/2766/2766
f 2766/2766/2766 2779/2779/2779 2780/2780/2780
f 2766/2766/2766 2780/2780/2780 2767/2767/2767
f 2768/2768/2768 2781/2781/2781 2782/2782/2782
f 2768/2768/2768 2782/2782/2782 2769/2769/2769
f 2769/2769/2769 2782/2782/2782 2783/2783/2783
f 2769/2769/2769 2783/2783/2783 2770/2770/2770
f 2770/2770/2770 2783/2783/2783 2784/2784/2784
f 2770/2770/2770 2784/2784/2784 2771/2771/2771
f 2771/2771/2771 2784/2784/2784 2785/2785/2785
f 2771/2771/2771 2785/2785/2785 2772/2772/2772
f 2772/2772/2772 2785/2785/2785 2786/2786/2786
f 2772/2772/2772 2786/2786/2786 2773/2773/2773
f 2773/2773/2773 2786/2786/2786 2787/2787/2787
f 2773/2773/2773 2787/2787/2787 2774/2774/2774
f 2774/2774/2774 2787/2787/2787 2788/2788/2788
f 2774/2774/2774 2788/2788/2788 2775/2775/2775
f 2775/2775/2775 2788/2788/2788 2789/2789/2789
f 2775/2775/2775 2789/2789/2789 2776/2776/2776
f 2776/2776/2776 2789/2789/2789 2790/2790/2790
f 2776/2776/2776 2790/2790/2790 2777/2777/2777
f 2777/2777/2777 2790/2790/2790 2791/2791/2791
f 2777/2777/2777 2791/2791/2791 2778/2778/2778
f 2778/2778/2778 2791/2791/2791 2792/2792/2792
f 2778/2778/2778 2792/2792/2792 2779/2779/2779
f 2779/2779/2779 2792/2792/2792 2793/2793/2793
f 2779/2779/2779 2793/2793/2793 2780/2780/2780
usemtl KrakenSuckerInner
f 2794/2794/2794 2808/2808/2808 2807/2807/2807
f 2794/2794/2794 2795/2795/2795 2808/2808/2808
f 2795/2795/2795 2809/2809/2809 2808/2808/2808
f 2795/2795/2795 2796/2796/2796 2809/2809/2809
f 2796/2796/2796 2810/2810/2810 2809/2809/2809
f 2796/2796/2796 2797/2797/2797 2810/2810/2810
f 2797/2797/2797 2811/2811/2811 2810/2810/2810
f 2797/2797/2797 2798/2798/2798 2811/2811/2811
f 2798/2798/2798 2812/2812/2812 2811/2811/2811
f 2798/2798/2798 2799/2799/2799 2812/2812/2812
f 2799/2799/2799 2813/2813/2813 2812/2812/2812
f 2799/2799/2799 2800/2800/2800 2813/2813/2813
f 2800/2800/2800 2814/2814/2814 2813/2813/2813
f 2800/2800/2800 2801/2801/2801 2814/2814/2814
f 2801/2801/2801 2815/2815/2815 2814/2814/2814
f 2801/2801/2801 2802/2802/2802 2815/2815/2815
f 2802/2802/2802 2816/2816/2816 2815/2815/2815
f 2802/2802/2802 2803/2803/2803 2816/2816/2816
f 2803/2803/2803 2817/2817/2817 2816/2816/2816
f 2803/2803/2803 2804/2804/2804 2817/2817/2817
f 2804/2804/2804 2818/2818/2818 2817/2817/2817
f 2804/2804/2804 2805/2805/2805 2818/2818/2818
f 2805/2805/2805 2819/2819/2819 2818/2818/2818
f 2805/2805/2805 2806/2806/2806 2819/2819/2819
f 2807/2807/2807 2821/2821/2821 2820/2820/2820
f 2807/2807/2807 2808/2808/2808 2821/2821/2821
f 2808/2808/2808 2822/2822/2822 2821/2821/2821
f 2808/2808/2808 2809/2809/2809 2822/2822/2822
f 2809/2809/2809 2823/2823/2823 2822/2822/2822
f 2809/2809/2809 2810/2810/2810 2823/2823/2823
f 2810/2810/2810 2824/2824/2824 2823/2823/2823
f 2810/2810/2810 2811/2811/2811 2824/2824/2824
f 2811/2811/2811 2825/2825/2825 2824/2824/2824
f 2811/2811/2811 2812/2812/2812 2825/2825/2825
f 2812/2812/2812 2826/2826/2826 2825/2825/2825
f 2812/2812/2812 2813/2813/2813 2826/2826/2826
f 2813/2813/2813 2827/2827/2827 2826/2826/2826
f 2813/2813/2813 2814/2814/2814 2827/2827/2827
f 2814/2814/2814 2828/2828/2828 2827/2827/2827
f 2814/2814/2814 2815/2815/2815 2828/2828/2828
f 2815/2815/2815 2829/2829/2829 2828/2828/2828
f 2815/2815/2815 2816/2816/2816 2829/2829/2829
f 2816/2816/2816 2830/2830/2830 2829/2829/2829
f 2816/2816/2816 2817/2817/2817 2830/2830/2830
f 2817/2817/2817 2831/2831/2831 2830/2830/2830
f 2817/2817/2817 2818/2818/2818 2831/2831/2831
f 2818/2818/2818 2832/2832/2832 2831/2831/2831
f 2818/2818/2818 2819/2819/2819 2832/2832/2832
f 2833/2833/2833 2820/2820/2820 2821/2821/2821
f 2833/2833/2833 2821/2821/2821 2822/2822/2822
f 2833/2833/2833 2822/2822/2822 2823/2823/2823
f 2833/2833/2833 2823/2823/2823 2824/2824/2824
f 2833/2833/2833 2824/2824/2824 2825/2825/2825
f 2833/2833/2833 2825/2825/2825 2826/2826/2826
f 2833/2833/2833 2826/2826/2826 2827/2827/2827
f 2833/2833/2833 2827/2827/2827 2828/2828/2828
f 2833/2833/2833 2828/2828/2828 2829/2829/2829
f 2833/2833/2833 2829/2829/2829 2830/2830/2830
f 2833/2833/2833 2830/2830/2830 2831/2831/2831
f 2833/2833/2833 2831/2831/2831 2832/2832/2832
usemtl KrakenSucker
f 2834/2834/2834 2847/2847/2847 2848/2848/2848
f 2834/2834/2834 2848/2848/2848 2835/2835/2835
f 2835/2835/2835 2848/2848/2848 2849/2849/2849
f 2835/2835/2835 2849/2849/2849 2836/2836/2836
f 2836/2836/2836 2849/2849/2849 2850/2850/2850
f 2836/2836/2836 2850/2850/2850 2837/2837/2837
f 2837/2837/2837 2850/2850/2850 2851/2851/2851
f 2837/2837/2837 2851/2851/2851 2838/2838/2838
f 2838/2838/2838 2851/2851/2851 2852/2852/2852
f 2838/2838/2838 2852/2852/2852 2839/2839/2839
f 2839/2839/2839 2852/2852/2852 2853/2853/2853
f 2839/2839/2839 2853/2853/2853 2840/2840/2840
f 2840/2840/2840 2853/2853/2853 2854/2854/2854
f 2840/2840/2840 2854/2854/2854 2841/2841/2841
f 2841/2841/2841 2854/2854/2854 2855/2855/2855
f 2841/2841/2841 2855/2855/2855 2842/2842/2842
f 2842/2842/2842 2855/2855/2855 2856/2856/2856
f 2842/2842/2842 2856/2856/2856 2843/2843/2843
f 2843/2843/2843 2856/2856/2856 2857/2857/2857
f 2843/2843/2843 2857/2857/2857 2844/2844/2844
f 2844/2844/2844 2857/2857/2857 2858/2858/2858
f 2844/2844/2844 2858/2858/2858 2845/2845/2845
f 2845/2845/2845 2858/2858/2858 2859/2859/2859
f 2845/2845/2845 2859/2859/2859 2846/2846/2846
f 2847/2847/2847 2860/2860/2860 2861/2861/2861
f 2847/2847/2847 2861/2861/2861 2848/2848/2848
f 2848/2848/2848 2861/2861/2861 2862/2862/2862
f 2848/2848/2848 2862/2862/2862 2849/2849/2849
f 2849/2849/2849 2862/2862/2862 2863/2863/2863
f 2849/2849/2849 2863/2863/2863 2850/2850/2850
f 2850/2850/2850 2863/2863/2863 2864/2864/2864
f 2850/2850/2850 2864/2864/2864 2851/2851/2851
f 2851/2851/2851 2864/2864/2864 2865/2865/2865
f 2851/2851/2851 2865/2865/2865 2852/2852/2852
f 2852/2852/2852 2865/2865/2865 2866/2866/2866
f 2852/2852/2852 2866/2866/2866 2853/2853/2853
f 2853/2853/2853 2866/2866/2866 2867/2867/2867
f 2853/2853/2853 2867/2867/2867 2854/2854/2854
f 2854/2854/2854 2867/2867/2867 2868/2868/2868
f 2854/2854/2854 2868/2868/2868 2855/2855/2855
f 2855/2855/2855 2868/2868/2868 2869/2869/2869
f 2855/2855/2855 2869/2869/2869 2856/2856/2856
f 2856/2856/2856 2869/2869/2869 2870/2870/2870
f 2856/2856/2856 2870/2870/2870 2857/2857/2857
f 2857/2857/2857 2870/2870/2870 2871/2871/2871
f 2857/2857/2857 2871/2871/2871 2858/2858/2858
f 2858/2858/2858 2871/2871/2871 2872/2872/2872
f 2858/2858/2858 2872/2872/2872 2859/2859/2859
usemtl KrakenSuckerInner
f 2873/2873/2873 2887/2887/2887 2886/2886/2886
f 2873/2873/2873 2874/2874/2874 2887/2887/2887
f 2874/2874/2874 2888/2888/2888 2887/2887/2887
f 2874/2874/2874 2875/2875/2875 2888/2888/2888
f 2875/2875/2875 2889/2889/2889 2888/2888/2888
f 2875/2875/2875 2876/2876/2876 2889/2889/2889
f 2876/2876/2876 2890/2890/2890 2889/2889/2889
f 2876/2876/2876 2877/2877/2877 2890/2890/2890
f 2877/2877/2877 2891/2891/2891 2890/2890/2890
f 2877/2877/2877 2878/2878/2878 2891/2891/2891
f 2878/2878/2878 2892/2892/2892 2891/2891/2891
f 2878/2878/2878 2879/2879/2879 2892/2892/2892
f 2879/2879/2879 2893/2893/2893 2892/2892/2892
f 2879/2879/2879 2880/2880/2880 2893/2893/2893
f 2880/2880/2880 2894/2894/2894 2893/2893/2893
f 2880/2880/2880 2881/2881/2881 2894/2894/2894
f 2881/2881/2881 2895/2895/2895 2894/2894/2894
f 2881/2881/2881 2882/2882/2882 2895/2895/2895
f 2882/2882/2882 2896/2896/2896 2895/2895/2895
f 2882/2882/2882 2883/2883/2883 2896/2896/2896
f 2883/2883/2883 2897/2897/2897 2896/2896/2896
f 2883/2883/2883 2884/2884/2884 2897/2897/2897
f 2884/2884/2884 2898/2898/2898 2897/2897/2897
f 2884/2884/2884 2885/2885/2885 2898/2898/2898
f 2886/2886/2886 2900/2900/2900 2899/2899/2899
f 2886/2886/2886 2887/2887/2887 2900/2900/2900
f 2887/2887/2887 2901/2901/2901 2900/2900/2900
f 2887/2887/2887 2888/2888/2888 2901/2901/2901
f 2888/2888/2888 2902/2902/2902 2901/2901/2901
f 2888/2888/2888 2889/2889/2889 2902/2902/2902
f 2889/2889/2889 2903/2903/2903 2902/2902/2902
f 2889/2889/2889 2890/2890/2890 2903/2903/2903
f 2890/2890/2890 2904/2904/2904 2903/2903/2903
f 2890/2890/2890 2891/2891/2891 2904/2904/2904
f 2891/2891/2891 2905/2905/2905 2904/2904/2904
f 2891/2891/2891 2892/2892/2892 2905/2905/2905
f 2892/2892/2892 2906/2906/2906 2905/2905/2905
f 2892/2892/2892 2893/2893/2893 2906/2906/2906
f 2893/2893/2893 2907/2907/2907 2906/2906/2906
f 2893/2893/2893 2894/2894/2894 2907/2907/2907
f 2894/2894/2894 2908/2908/2908 2907/2907/2907
f 2894/2894/2894 2895/2895/2895 2908/2908/2908
f 2895/2895/2895 2909/2909/2909 2908/2908/2908
f 2895/2895/2895 2896/2896/2896 2909/2909/2909
f 2896/2896/2896 2910/2910/2910 2909/2909/2909
f 2896/2896/2896 2897/2897/2897 2910/2910/2910
f 2897/2897/2897 2911/2911/2911 2910/2910/2910
f 2897/2897/2897 2898/2898/2898 2911/2911/2911
f 2912/2912/2912 2899/2899/2899 2900/2900/2900
f 2912/2912/2912 2900/2900/2900 2901/2901/2901
f 2912/2912/2912 2901/2901/2901 2902/2902/2902
f 2912/2912/2912 2902/2902/2902 2903/2903/2903
f 2912/2912/2912 2903/2903/2903 2904/2904/2904
f 2912/2912/2912 2904/2904/2904 2905/2905/2905
f 2912/2912/2912 2905/2905/2905 2906/2906/2906
f 2912/2912/2912 2906/2906/2906 2907/2907/2907
f 2912/2912/2912 2907/2907/2907 2908/2908/2908
f 2912/2912/2912 2908/2908/2908 2909/2909/2909
f 2912/2912/2912 2909/2909/2909 2910/2910/2910
f 2912/2912/2912 2910/2910/2910 2911/2911/2911
