# Kraken Reusable Tentacle Variant 03 - Rigged Root at Origin
# Generated as a triangulated Z-up game asset.
mtllib kraken_midboss.mtl

v -0.9303342 0.0000000 -0.4844556
v -0.8840477 -0.2904283 -0.4830827
v -0.7512245 -0.5524275 -0.4686828
v -0.5448662 -0.7603512 -0.4426653
v -0.2851726 -0.8938464 -0.4075772
v 0.0024357 -0.9398458 -0.3668529
v 0.2898055 -0.8938464 -0.3244790
v 0.5488072 -0.7603512 -0.2846033
v 0.7540878 -0.5524275 -0.2511290
v 0.8855530 -0.2904283 -0.2273329
v 0.9303342 -0.0000000 -0.2155444
v 0.8840477 0.2904283 -0.2169173
v 0.7512245 0.5524275 -0.2313172
v 0.5448662 0.7603512 -0.2573347
v 0.2851726 0.8938464 -0.2924228
v -0.0024357 0.9398458 -0.3331471
v -0.2898055 0.8938464 -0.3755210
v -0.5488072 0.7603512 -0.4153967
v -0.7540878 0.5524275 -0.4488710
v -0.8855530 0.2904283 -0.4726671
v -0.9303342 0.0000000 -0.4844556
v -0.9602058 -0.0062612 -0.1365348
v -0.9150342 -0.2905126 -0.1342412
v -0.7849314 -0.5469142 -0.1209712
v -0.5826328 -0.7503676 -0.0980237
v -0.3279407 -0.8809573 -0.0676451
v -0.0457861 -0.9259004 -0.0328089
v 0.2362115 -0.8807974 0.0030748
v 0.4904485 -0.7500635 0.0364935
v 0.6920382 -0.5464956 0.0641759
v 0.8212477 -0.2900205 0.0834123
v 0.8654291 -0.0057437 0.0923197
v 0.8202575 0.2785077 0.0900261
v 0.6901547 0.5349093 0.0767561
v 0.4878561 0.7383627 0.0538086
v 0.2331640 0.8689524 0.0234300
v -0.0489905 0.9138955 -0.0114062
v -0.3309882 0.8687926 -0.0472900
v -0.5852252 0.7380586 -0.0807086
v -0.7868149 0.5344907 -0.1083910
v -0.9160244 0.2780156 -0.1276274
v -0.9602058 -0.0062612 -0.1365348
v -0.9782097 -0.0081850 0.2242699
v -0.9342110 -0.2862157 0.2282260
v -0.8067806 -0.5369875 0.2395242
v -0.6083924 -0.7359531 0.2570586
v -0.3584658 -0.8636362 0.2791128
v -0.0814656 -0.9075384 0.3035279
v 0.1954937 -0.8633623 0.3279142
v 0.4453012 -0.7354321 0.3498843
v 0.6435042 -0.5362704 0.3672879
v 0.7707010 -0.2853727 0.3784212
v 0.8144409 -0.0072986 0.3821945
v 0.7704422 0.2707322 0.3782384
v 0.6430118 0.5215040 0.3669402
v 0.4446235 0.7204695 0.3494057
v 0.1946970 0.8481527 0.3273516
v -0.0823033 0.8920549 0.3029364
v -0.3592625 0.8478788 0.2785502
v -0.6090701 0.7199485 0.2565800
v -0.8072730 0.5207869 0.2391765
v -0.9344699 0.2698892 0.2280432
v -0.9782097 -0.0081850 0.2242699
v -0.9827373 -0.0060814 0.5791631
v -0.9398262 -0.2778335 0.5843764
v -0.8151461 -0.5229587 0.5936654
v -0.6209015 -0.7174622 0.6061207
v -0.3761065 -0.8423049 0.6205232
v -0.1047233 -0.8852663 0.6354630
v 0.1666833 -0.8421409 0.6494778
v 0.4115461 -0.7171502 0.6611957
v 0.6058961 -0.5225291 0.6694696
v 0.7307091 -0.2773286 0.6734897
v 0.7737674 -0.0055505 0.6728623
v 0.7308563 0.2662016 0.6676491
v 0.6061762 0.5113267 0.6583601
v 0.4119316 0.7058303 0.6459048
v 0.1671366 0.8306730 0.6315023
v -0.1042467 0.8736343 0.6165624
v -0.3756532 0.8305089 0.6025476
v -0.6205160 0.7055182 0.5908298
v -0.8148660 0.5108972 0.5825559
v -0.9396790 0.2656967 0.5785358
v -0.9827373 -0.0060814 0.5791631
v -0.9750637 -0.0006646 0.9280456
v -0.9331859 -0.2660889 0.9341147
v -0.8113345 -0.5055472 0.9413695
v -0.6214371 -0.6955995 0.9490999
v -0.3820823 -0.8176422 0.9565492
v -0.1166998 -0.8597290 0.9629881
v 0.1487330 -0.8177401 0.9677864
v 0.3882336 -0.6957857 0.9704743
v 0.5783580 -0.5058035 0.9707889
v 0.7004956 -0.2663902 0.9686992
v 0.7426906 -0.0009815 0.9644099
v 0.7008128 0.2644428 0.9583407
v 0.5789613 0.5039011 0.9510859
v 0.3890640 0.6939534 0.9433555
v 0.1497092 0.8159961 0.9359062
v -0.1156733 0.8580829 0.9294673
v -0.3811061 0.8160940 0.9246691
v -0.6206067 0.6941396 0.9219811
v -0.8107311 0.5041574 0.9216665
v -0.9328687 0.2647442 0.9237562
v -0.9750637 -0.0006646 0.9280456
v -0.9564534 0.0073640 1.2708842
v -0.9155823 -0.2516900 1.2774180
v -0.7966370 -0.4854570 1.2826257
v -0.6112605 -0.6710542 1.2859975
v -0.3775989 -0.7903141 1.2872034
v -0.1185245 -0.8315626 1.2861253
v 0.1406026 -0.7907621 1.2828688
v 0.3744172 -0.6719065 1.2777526
v 0.5600320 -0.4866301 1.2712776
v 0.6792777 -0.2530690 1.2640775
v 0.7204816 0.0059140 1.2568571
v 0.6796106 0.2649681 1.2503233
v 0.5606652 0.4987350 1.2451157
v 0.3752887 0.6843322 1.2417438
v 0.1416271 0.8035921 1.2405379
v -0.1174473 0.8448406 1.2416160
v -0.3765744 0.8040402 1.2448725
v -0.6103890 0.6851845 1.2499887
v -0.7960038 0.4999081 1.2564638
v -0.9152495 0.2663471 1.2636639
v -0.9564534 0.0073640 1.2708842
v -0.9281506 0.0173186 1.6077019
v -0.8882840 -0.2353270 1.6143241
v -0.7723196 -0.4633736 1.6174822
v -0.5916089 -0.6444986 1.6168671
v -0.3638410 -0.7609721 1.6125389
v -0.1113115 -0.8013929 1.6049213
v 0.1412602 -0.7618042 1.5947601
v 0.3691508 -0.6460814 1.5830498
v 0.5500526 -0.4655522 1.5709367
v 0.6662578 -0.2378880 1.5596065
v 0.7063913 0.0146258 1.5501684
v 0.6665247 0.2672714 1.5435462
v 0.5505603 0.4953181 1.5403881
v 0.3698496 0.6764431 1.5410033
v 0.1420817 0.7929165 1.5453315
v -0.1104477 0.8333373 1.5529490
v -0.3630195 0.7937487 1.5631103
v -0.5909100 0.6780259 1.5748206
v -0.7718119 0.4974966 1.5869337
v -0.8880170 0.2698324 1.5982638
v -0.9281506 0.0173186 1.6077019
v -0.8913725 0.0285305 1.9385662
v -0.8525281 -0.2176703 1.9449190
v -0.7396162 -0.4399624 1.9460345
v -0.5636894 -0.6165862 1.9418034
v -0.3419686 -0.7302526 1.9326399
v -0.0961574 -0.7698350 1.9194410
v 0.1496824 -0.7314590 1.9034988
v 0.3714865 -0.6188809 1.8863736
v 0.5475429 -0.4431208 1.8697419
v 0.6606182 -0.2213832 1.8552318
v 0.6996437 0.0246266 1.8442634
v 0.6607993 0.2708275 1.8379106
v 0.5478874 0.4931196 1.8367952
v 0.3719606 0.6697434 1.8410263
v 0.1502398 0.7834097 1.8501897
v -0.0955714 0.8229922 1.8633886
v -0.3414113 0.7846161 1.8793309
v -0.5632153 0.6720381 1.8964560
v -0.7392718 0.4962779 1.9130877
v -0.8523470 0.2745403 1.9275979
v -0.8913725 0.0285305 1.9385662
v -0.8473058 0.0403486 2.2635780
v -0.8095172 -0.1993708 2.2693244
v -0.6997249 -0.4158683 2.2684123
v -0.5286761 -0.5879518 2.2609312
v -0.3131143 -0.6987764 2.2476132
v -0.0741401 -0.7374939 2.2297621
v 0.1648539 -0.7003144 2.2091252
v 0.3804735 -0.5908772 2.1877227
v 0.5516122 -0.4198948 2.1676495
v 0.6615178 -0.2041042 2.1508705
v 0.6994320 0.0353716 2.1390283
v 0.6616434 0.2750910 2.1332819
v 0.5518511 0.4915885 2.1341940
v 0.3808023 0.6636720 2.1416751
v 0.1652405 0.7744966 2.1549931
v -0.0737337 0.8132141 2.1728442
v -0.3127277 0.7760345 2.1934811
v -0.5283473 0.6665973 2.2148836
v -0.6994860 0.4956149 2.2349568
v -0.8093916 0.2798243 2.2517358
v -0.8473058 0.0403486 2.2635780
v -0.7971045 0.0521388 2.5828619
v -0.7604170 -0.1810595 2.5876868
v -0.6538065 -0.3917165 2.5847695
v -0.4877089 -0.5592117 2.5743956
v -0.2783829 -0.6671495 2.5575806
v -0.0463188 -0.7049642 2.5359704
v 0.1857673 -0.6689542 2.5116803
v 0.3951572 -0.5626444 2.4870882
v 0.5613544 -0.3964412 2.4646011
v 0.6680904 -0.1866137 2.4464204
v 0.7049170 0.0462987 2.4343256
v 0.6682295 0.2794970 2.4295007
v 0.5616190 0.4901540 2.4324180
v 0.3955214 0.6576492 2.4427919
v 0.1861954 0.7655870 2.4596069
v -0.0458687 0.8034017 2.4812171
v -0.2779548 0.7673917 2.5055072
v -0.4873447 0.6610819 2.5300993
v -0.6535419 0.4948787 2.5525864
v -0.7602779 0.2850512 2.5707671
v -0.7971045 0.0521388 2.5828619
v -0.7418903 0.0632837 2.8965576
v -0.7063566 -0.1633490 2.9001688
v -0.6029848 -0.3681132 2.8952748
v -0.4418936 -0.5309651 2.8823545
v -0.2388518 -0.6359638 2.8626728
v -0.0137345 -0.6728311 2.8381562
v 0.2114223 -0.6379582 2.8112046
v 0.4145785 -0.5347588 2.7844561
v 0.5758479 -0.3733348 2.7605291
v 0.6794444 -0.1694873 2.7417658
v 0.7152271 0.0568295 2.7300028
v 0.6796933 0.2834622 2.7263916
v 0.5763215 0.4882263 2.7312856
v 0.4152303 0.6510783 2.7442058
v 0.2121885 0.7560769 2.7638875
v -0.0129288 0.7929442 2.7884042
v -0.2380855 0.7580714 2.8153558
v -0.4412417 0.6548720 2.8421043
v -0.6025112 0.4934479 2.8660312
v -0.7061076 0.2896005 2.8847946
v -0.7418903 0.0632837 2.8965576
v -0.6827531 0.0731811 3.2048134
v -0.6484298 -0.1468346 3.2069417
v -0.5483477 -0.3456470 3.2001050
v -0.3923036 -0.5037949 3.1849724
v -0.1955722 -0.6057977 3.1630253
v 0.0225892 -0.6416708 3.1364121
v 0.2408253 -0.6079025 3.1077377
v 0.4377737 -0.5077983 3.0798090
v 0.5941557 -0.3511572 3.0553599
v 0.6946635 -0.1533123 3.0367837
v 0.7294588 0.0663701 3.0258986
v 0.6951355 0.2863858 3.0237703
v 0.5950534 0.4851981 3.0306070
v 0.4390093 0.6433461 3.0457396
v 0.2422779 0.7453489 3.0676867
v 0.0241165 0.7812219 3.0943000
v -0.1941196 0.7474536 3.1229744
v -0.3910680 0.6473495 3.1509030
v -0.5474500 0.4907084 3.1753521
v -0.6479579 0.2928634 3.1939284
v -0.6827531 0.0731811 3.2048134
v -0.6207530 0.0812429 3.5077817
v -0.5876969 -0.1320956 3.5081809
v -0.4909497 -0.3248902 3.4994408
v -0.3399817 -0.4782689 3.4824168
v -0.1495707 -0.5772178 3.4587756
v 0.0616447 -0.6120513 3.4308311
v 0.2729890 -0.5793594 3.4013189
v 0.4637746 -0.4823424 3.3731277
v 0.6153259 -0.3304969 3.3490172
v 0.7128081 -0.1386866 3.3313474
v 0.7466789 0.0743127 3.3218479
v 0.7136228 0.2876512 3.3214487
v 0.6168757 0.4804458 3.3301889
v 0.4659076 0.6338245 3.3472128
v 0.2754966 0.7327734 3.3708541
v 0.0642813 0.7676068 3.3987985
v -0.1470631 0.7349149 3.4283107
v -0.3378487 0.6378979 3.4565019
v -0.4894000 0.4860524 3.4806125
v -0.5868822 0.2942422 3.4982823
v -0.6207530 0.0812429 3.5077817
v -0.5569216 0.0868938 3.8056159
v -0.5251865 -0.1196967 3.8040629
v -0.4318132 -0.3064004 3.7934638
v -0.2859415 -0.4549412 3.7748562
v -0.1018505 -0.5507791 3.7500616
v 0.1024397 -0.5845328 3.7215070
v 0.3069318 -0.5528981 3.6919876
v 0.4916087 -0.4589718 3.6643928
v 0.6383929 -0.3119480 3.6414240
v 0.7329161 -0.1262184 3.6253293
v 0.7659258 0.0800365 3.6176844
v 0.7341907 0.2866270 3.6192375
v 0.6408174 0.4733307 3.6298365
v 0.4949457 0.6218715 3.6484441
v 0.3108547 0.7177094 3.6732387
v 0.1065645 0.7514631 3.7017933
v -0.0979276 0.7198284 3.7313127
v -0.2826045 0.6259021 3.7589075
v -0.4293887 0.4788783 3.7818763
v -0.5239119 0.2931487 3.7979710
v -0.5569216 0.0868938 3.8056159
v -0.4922641 0.0895703 4.0984695
v -0.4618976 -0.1101892 4.0947645
v -0.3719306 -0.2907210 4.0823565
v -0.2311696 -0.4343532 4.0624600
v -0.0533933 -0.5270262 4.0370227
v 0.1439963 -0.5596684 4.0085346
v 0.3416774 -0.5290846 3.9797842
v 0.5202995 -0.4382686 3.9535859
v 0.6623778 -0.2961101 3.9325041
v 0.7540048 -0.1165245 3.9186024
v 0.7862113 0.0829091 3.9132417
v 0.7558448 0.2826687 3.9169467
v 0.6658778 0.4632004 3.9293547
v 0.5251167 0.6068326 3.9492512
v 0.3473404 0.6995056 3.9746885
v 0.1499508 0.7321478 4.0031767
v -0.0477302 0.7015640 4.0319270
v -0.2263523 0.6107480 4.0581254
v -0.3684306 0.4685895 4.0792072
v -0.4600576 0.2890039 4.0931088
v -0.4922641 0.0895703 4.0984695
v -0.4277607 0.0887197 4.3864964
v -0.3988012 -0.1041122 4.3804641
v -0.3122664 -0.2783833 4.3663034
v -0.1766268 -0.4170345 4.3454003
v -0.0051599 -0.5064939 4.3198011
v 0.1853500 -0.5380044 4.2920115
v 0.3762545 -0.5084817 4.2647518
v 0.5488665 -0.4208155 4.2406904
v 0.6862895 -0.2835873 4.2221825
v 0.7750716 -0.1102299 4.2110399
v 0.8065222 0.0822872 4.2083532
v 0.7775628 0.2751192 4.2143854
v 0.6910279 0.4493902 4.2285462
v 0.5553884 0.5880415 4.2494492
v 0.3839215 0.6775009 4.2750485
v 0.1934115 0.7090114 4.3028380
v 0.0025071 0.6794886 4.3300977
v -0.1701049 0.5918224 4.3541592
v -0.3075279 0.4545942 4.3726670
v -0.3963100 0.2812369 4.3838097
v -0.4277607 0.0887197 4.3864964
v -0.3643676 0.0837986 4.6698530
v -0.3368417 -0.1019939 4.6613441
v -0.2537581 -0.2699072 4.6454943
v -0.1232498 -0.4035046 4.6238552
v 0.0419082 -0.4897088 4.5985449
v 0.2255491 -0.5200815 4.5720410
v 0.4096969 -0.4916495 4.5469379
v 0.5763258 -0.4071961 4.5256928
v 0.7091252 -0.2749881 4.5103854
v 0.7950956 -0.1079669 4.5025141
v 0.8258216 0.0775183 4.5028493
v 0.7982957 0.2633108 4.5113582
v 0.7152122 0.4312240 4.5272080
v 0.5847039 0.5648215 4.5488471
v 0.4195459 0.6510257 4.5741574
v 0.2359049 0.6813983 4.6006613
v 0.0517572 0.6529664 4.6257644
v -0.1148718 0.5685130 4.6470095
v -0.2476711 0.4363049 4.6623169
v -0.3336415 0.2692838 4.6701882
v -0.3643676 0.0837986 4.6698530
v -0.3030187 0.0742716 4.9487024
v -0.2769383 -0.1043535 4.9375958
v -0.1973182 -0.2658033 4.9201298
v -0.0719523 -0.3942740 4.8980140
v 0.0868879 -0.4771901 4.8734132
v 0.2636539 -0.5064350 4.8487357
v 0.4410426 -0.4791461 4.8263969
v 0.6016900 -0.3979947 4.8085836
v 0.7298708 -0.2709243 4.7970394
v 0.8130378 -0.1103736 4.7928944
v 0.8430500 0.0679417 4.7965543
v 0.8169696 0.2465667 4.8076609
v 0.7373495 0.4080165 4.8251270
v 0.6119835 0.5364873 4.8472428
v 0.4531434 0.6194033 4.8718435
v 0.2763774 0.6486482 4.8965211
v 0.0989887 0.6213593 4.9188599
v -0.0616587 0.5402079 4.9366732
v -0.1898395 0.4131375 4.9482174
v -0.2730065 0.2525868 4.9523624
v -0.3030187 0.0742716 4.9487024
v -0.2446263 0.0596093 5.2232189
v -0.2199865 -0.1117032 5.2094259
v -0.1438350 -0.2665753 5.1904277
v -0.0236261 -0.3898470 5.1680839
v 0.1288734 -0.4694517 5.1445817
v 0.2987358 -0.4975969 5.1222218
v 0.4693337 -0.4715278 5.1031927
v 0.6239679 -0.3937962 5.0893572
v 0.7475016 -0.2720108 5.0820697
v 0.8278425 -0.1180930 5.0820435
v 0.8571263 0.0528907 5.0892811
v 0.8324865 0.2242032 5.1030741
v 0.7563350 0.3790753 5.1220723
v 0.6361261 0.5023470 5.1444161
v 0.4836266 0.5819517 5.1679183
v 0.3137642 0.6100969 5.1902782
v 0.1431663 0.5840278 5.2093073
v -0.0114679 0.5062962 5.2231428
v -0.1350016 0.3845108 5.2304303
v -0.2153425 0.2305930 5.2304565
v -0.2446263 0.0596093 5.2232189
v -0.1900830 0.0392860 5.4935948
v -0.1668600 -0.1245516 5.4770638
v -0.0941753 -0.2727232 5.4566315
v 0.0208561 -0.3907246 5.4342982
v 0.1669742 -0.4670052 5.4122498
v 0.3298759 -0.4940979 5.3926446
v 0.4936153 -0.4693508 5.3774018
v 0.6421644 -0.3951864 5.3680134
v 0.7609822 -0.2788642 5.3653984
v 0.8384380 -0.1317709 5.3698127
v 0.8669498 0.0316952 5.3808244
v 0.8437268 0.1955328 5.3973554
v 0.7710422 0.3437044 5.4177876
v 0.6560108 0.4617059 5.4401210
v 0.5098927 0.5379864 5.4621694
v 0.3469910 0.5650791 5.4817745
v 0.1832516 0.5403321 5.4970173
v 0.0347025 0.4661676 5.5064058
v -0.0841153 0.3498455 5.5090208
v -0.1615711 0.2027521 5.5046064
v -0.1900830 0.0392860 5.4935948
v -0.1402636 0.0127752 5.7600480
v -0.1184133 -0.1434083 5.7407710
v -0.0491874 -0.2847483 5.7190204
v 0.0606378 -0.3974095 5.6969252
v 0.2003118 -0.4703638 5.6766483
v 0.3561623 -0.4964700 5.6601746
v 0.5129337 -0.4731726 5.6491166
v 0.6552800 -0.4027521 5.6445567
v 0.7692674 -0.2921018 5.6469413
v 0.8437380 -0.1520528 5.6560370
v 0.8714022 0.0036858 5.6709534
v 0.8495519 0.1598692 5.6902304
v 0.7803259 0.3012092 5.7119810
v 0.6705008 0.4138704 5.7340762
v 0.5308268 0.4868247 5.7543530
v 0.3749762 0.5129309 5.7708267
v 0.2182048 0.4896335 5.7818848
v 0.0758585 0.4192130 5.7864446
v -0.0381289 0.3085627 5.7840600
v -0.1125995 0.1685137 5.7749644
v -0.1402636 0.0127752 5.7600480
v -0.0960294 -0.0204556 6.0228302
v -0.0754870 -0.1687903 6.0008507
v -0.0097064 -0.3031603 5.9779185
v 0.0948735 -0.4104125 5.9562782
v 0.2280155 -0.4800483 5.9380481
v 0.3766868 -0.5052512 5.9250128
v 0.5263345 -0.4835543 5.9184482
v 0.6623100 -0.4170814 5.9189970
v 0.7713030 -0.3123392 5.9266053
v 0.8426445 -0.1795808 5.9405285
v 0.8693512 -0.0318013 5.9594036
v 0.8488088 0.1165334 5.9813831
v 0.7830281 0.2509034 6.0043153
v 0.6784483 0.3581556 6.0259556
v 0.5453063 0.4277913 6.0441857
v 0.3966349 0.4529943 6.0572210
v 0.2469872 0.4312974 6.0637856
v 0.1110118 0.3648244 6.0632368
v 0.0020188 0.2600823 6.0556285
v -0.0693227 0.1273238 6.0417053
v -0.0960294 -0.0204556 6.0228302
v -0.0582333 -0.0609519 6.2822345
v -0.0389144 -0.2012308 6.2576566
v 0.0234381 -0.3284862 6.2337048
v 0.1227208 -0.4302613 6.2127235
v 0.2492152 -0.4965939 6.1967666
v 0.3905391 -0.5209907 6.1873961
v 0.5328588 -0.5010637 6.1855291
v 0.6622429 -0.4387634 6.1913485
v 0.7660266 -0.3401882 6.2042846
v 0.8340507 -0.2149873 6.2230711
v 0.8596565 -0.0754164 6.2458691
v 0.8403376 0.0648625 6.2704469
v 0.7779851 0.1921179 6.2943988
v 0.6787024 0.2938930 6.3153800
v 0.5522080 0.3602256 6.3313369
v 0.4108841 0.3846224 6.3407075
v 0.2685644 0.3646954 6.3425745
v 0.1391803 0.3023950 6.3367551
v 0.0353966 0.2038199 6.3238190
v -0.0326275 0.0786190 6.3050325
v -0.0582333 -0.0609519 6.2822345
v -0.0277281 -0.1092818 6.5386016
v -0.0095316 -0.2412896 6.5115996
v 0.0494110 -0.3612813 6.4868196
v 0.1433299 -0.4575113 6.4666872
v 0.2630317 -0.5205599 6.4531731
v 0.3967993 -0.5442554 6.4476002
v 0.5315384 -0.5262784 6.4505139
v 0.6540599 -0.4683886 6.4616291
v 0.7523705 -0.3762527 6.4798577
v 0.8168468 -0.2588895 6.5034154
v 0.8411776 -0.1277874 6.5299962
v 0.8229811 0.0042204 6.5569982
v 0.7640385 0.1242122 6.5817782
v 0.6701196 0.2204421 6.6019106
v 0.5504178 0.2834907 6.6154247
v 0.4166502 0.3071862 6.6209977
v 0.2819111 0.2892093 6.6180839
v 0.1593896 0.2313195 6.6069687
v 0.0610791 0.1391835 6.5887401
v -0.0033973 0.0218203 6.5651824
v -0.0277281 -0.1092818 6.5386016
v -0.0053771 -0.1660463 6.7923219
v 0.0118094 -0.2895658 6.7631497
v 0.0673573 -0.4021427 6.7377660
v 0.1558291 -0.4927572 6.7186554
v 0.2685646 -0.5525394 6.7076886
v 0.3945284 -0.5756372 6.7059393
v 0.5213904 -0.5597898 6.7135785
v 0.6367324 -0.5065484 6.7298585
v 0.7292639 -0.4211246 6.7531857
v 0.7899273 -0.3118804 6.7812767
v 0.8127845 -0.1895092 6.8113818
v 0.7955980 -0.0659897 6.8405540
v 0.7400501 0.0465872 6.8659377
v 0.6515783 0.1372017 6.8850483
v 0.5388428 0.1969838 6.8960151
v 0.4128790 0.2200817 6.8977645
v 0.2860170 0.2042342 6.8901252
v 0.1706750 0.1509928 6.8738452
v 0.0781435 0.0655691 6.8505180
v 0.0174801 -0.0436752 6.8224270
v -0.0053771 -0.1660463 6.7923219
v 0.0079332 -0.2318908 7.0438323
v 0.0242253 -0.3467102 7.0128313
v 0.0763858 -0.4517215 6.9871039
v 0.1593088 -0.5366453 6.9691682
v 0.2648772 -0.5931689 6.9607801
v 0.3827574 -0.6157593 6.9627605
v 0.5014103 -0.6022051 6.9749157
v 0.6092214 -0.5538332 6.9960558
v 0.6956374 -0.4753785 7.0241114
v 0.7521993 -0.3745208 7.0563363
v 0.7733703 -0.2611326 7.0895761
v 0.7570783 -0.1463132 7.1205770
v 0.7049178 -0.0413019 7.1463045
v 0.6219948 0.0436219 7.1642401
v 0.5164263 0.1001455 7.1726283
v 0.3985462 0.1227359 7.1706478
v 0.2798933 0.1091817 7.1584926
v 0.1720822 0.0608098 7.1373526
v 0.0856662 -0.0176449 7.1092969
v 0.0291043 -0.1185027 7.0770720
v 0.0079332 -0.2318908 7.0438323
v 0.0112800 -0.3075147 7.2936045
v 0.0267853 -0.4134360 7.2612089
v 0.0755513 -0.5107333 7.2354345
v 0.1528045 -0.5898825 7.2188041
v 0.2509827 -0.6431358 7.2129458
v 0.3604757 -0.6652805 7.2184329
v 0.4705655 -0.6541490 7.2347283
v 0.5704756 -0.6108307 7.2602370
v 0.6504264 -0.5395661 7.2924620
v 0.7025915 -0.4473310 7.3282488
v 0.7218647 -0.3431540 7.3640944
v 0.7063594 -0.2372327 7.3964900
v 0.6575934 -0.1399354 7.4222644
v 0.5803403 -0.0607863 7.4388948
v 0.4821620 -0.0075329 7.4447531
v 0.3726690 0.0146118 7.4392660
v 0.2625793 0.0034802 7.4229706
v 0.1626691 -0.0398380 7.3974619
v 0.0827184 -0.1111026 7.3652369
v 0.0305532 -0.2033377 7.3294501
v 0.0112800 -0.3075147 7.2936045
v 0.0036929 -0.3936777 7.5421265
v 0.0184978 -0.4905248 7.5088634
v 0.0638405 -0.5799637 7.4833742
v 0.1352827 -0.6532396 7.4681541
v 0.2258311 -0.7031796 7.4646928
v 0.3266221 -0.7248953 7.4733293
v 0.4277896 -0.7162610 7.4932180
v 0.5194307 -0.6781218 7.5224122
v 0.5925749 -0.6142112 7.5580542
v 0.6400623 -0.5307851 7.5966549
v 0.6572446 -0.4360098 7.6344360
v 0.6424397 -0.3391627 7.6676991
v 0.5970970 -0.2497238 7.6931883
v 0.5256548 -0.1764479 7.7084084
v 0.4351064 -0.1265079 7.7118697
v 0.3343154 -0.1047922 7.7032332
v 0.2331479 -0.1134265 7.6833445
v 0.1415068 -0.1515657 7.6541503
v 0.0683626 -0.2154763 7.6185083
v 0.0208752 -0.2989024 7.5799076
v 0.0036929 -0.3936777 7.5421265
v -0.0158513 -0.4912002 7.7898757
v -0.0016963 -0.5788248 7.7563604
v 0.0401646 -0.6602643 7.7315210
v 0.1056339 -0.7275467 7.7177891
v 0.1883030 -0.7740861 7.7165089
v 0.2800796 -0.7953267 7.7278055
v 0.3719800 -0.7891894 7.7505733
v 0.4550083 -0.7562750 7.7825836
v 0.5210372 -0.6998053 7.8207029
v 0.5636033 -0.6253081 7.8612000
v 0.5785399 -0.5400756 7.9001106
v 0.5643850 -0.4524509 7.9336259
v 0.5225240 -0.3710114 7.9584652
v 0.4570547 -0.3037290 7.9721971
v 0.3743856 -0.2571897 7.9734774
v 0.2826090 -0.2359491 7.9621808
v 0.1907086 -0.2420863 7.9394130
v 0.1076803 -0.2750007 7.9074027
v 0.0416514 -0.3314704 7.8692834
v -0.0009147 -0.4059676 7.8287863
v -0.0158513 -0.4912002 7.7898757
v -0.0484249 -0.6009568 8.0372905
v -0.0349196 -0.6792401 8.0042166
v 0.0033630 -0.7525385 7.9804187
v 0.0626756 -0.8136771 7.9682262
v 0.1372123 -0.8566710 7.9688327
v 0.2196768 -0.8773119 7.9821789
v 0.3019970 -0.8735792 8.0069581
v 0.3761148 -0.8458382 8.0407451
v 0.4347750 -0.7968046 8.0802323
v 0.4722356 -0.7312780 8.1215545
v 0.4848296 -0.6556726 8.1606669
v 0.4713243 -0.5773893 8.1937408
v 0.4330417 -0.5040908 8.2175387
v 0.3737291 -0.4429523 8.2297312
v 0.2991925 -0.3999583 8.2291246
v 0.2167279 -0.3793175 8.2157785
v 0.1344078 -0.3830502 8.1909992
v 0.0602900 -0.4107911 8.1572123
v 0.0016297 -0.4598248 8.1177251
v -0.0358308 -0.5253514 8.0764029
v -0.0484249 -0.6009568 8.0372905
v -0.0951325 -0.7238629 8.2847453
v -0.0823397 -0.7927108 8.2528712
v -0.0477782 -0.8577176 8.2305274
v 0.0051689 -0.9125203 8.2199011
v 0.0713187 -0.9517541 8.2220324
v 0.1441960 -0.9715788 8.2367128
v 0.2166671 -0.9700537 8.2625051
v 0.2816381 -0.9473281 8.2968847
v 0.3327490 -0.9056265 8.3364863
v 0.3649969 -0.8490310 8.3774333
v 0.3752250 -0.7830815 8.4157177
v 0.3624322 -0.7142337 8.4475918
v 0.3278708 -0.6492268 8.4699355
v 0.2749237 -0.5944242 8.4805618
v 0.2087739 -0.5551903 8.4784305
v 0.1358966 -0.5353656 8.4637502
v 0.0634255 -0.5368908 8.4379578
v -0.0015455 -0.5596164 8.4035782
v -0.0526565 -0.6013180 8.3639767
v -0.0849043 -0.6579135 8.3230296
v -0.0951325 -0.7238629 8.2847453
v -0.1570797 -0.8608592 8.5325379
v -0.1451353 -0.9201878 8.5026734
v -0.1144931 -0.9767286 8.4822131
v -0.0681525 -1.0249470 8.4731598
v -0.0106497 -1.0601231 8.4763996
v 0.0523866 -1.0788136 8.4916154
v 0.1147859 -1.0791890 8.5173178
v 0.1704402 -1.0612125 8.5509910
v 0.2139016 -1.0266437 8.5893386
v 0.2409158 -0.9788665 8.6286069
v 0.2488385 -0.9225577 8.6649522
v 0.2368941 -0.8632292 8.6948167
v 0.2062519 -0.8066884 8.7152770
v 0.1599113 -0.7584699 8.7243304
v 0.1024085 -0.7232938 8.7210906
v 0.0393722 -0.7046033 8.7058747
v -0.0230271 -0.7042279 8.6801723
v -0.0786814 -0.7222045 8.6464992
v -0.1221428 -0.7567732 8.6081516
v -0.1491570 -0.8045504 8.5688832
v -0.1570797 -0.8608592 8.5325379
v -0.2353227 -1.0128991 8.7808982
v -0.2244440 -1.0626081 8.7538971
v -0.1979866 -1.1104584 8.7357662
v -0.1585404 -1.1517663 8.7282801
v -0.1099668 -1.1824883 8.7321717
v -0.0570203 -1.1996169 8.7470601
v -0.0048838 -1.2014757 8.7714878
v 0.0413392 -1.1878825 8.8030638
v 0.0771242 -1.1601681 8.8386971
v 0.0989681 -1.1210453 8.8748997
v 0.1047329 -1.0743437 8.9081278
v 0.0938541 -1.0246347 8.9351289
v 0.0673968 -0.9767844 8.9532599
v 0.0279506 -0.9354765 8.9607460
v -0.0206231 -0.9047545 8.9568544
v -0.0735695 -0.8876259 8.9419660
v -0.1257060 -0.8857671 8.9175383
v -0.1719291 -0.8993603 8.8859623
v -0.2077140 -0.9270747 8.8503290
v -0.2295580 -0.9661975 8.8141264
v -0.2353227 -1.0128991 8.7808982
v -0.3307854 -1.1809528 9.0300317
v -0.3212802 -1.2208765 9.0068003
v -0.2993623 -1.2597169 8.9914712
v -0.2671772 -1.2936719 8.9855449
v -0.2278753 -1.3194179 8.9896015
v -0.1853037 -1.3344346 9.0032439
v -0.1436298 -1.3372520 9.0251368
v -0.1069328 -1.3275945 9.0531370
v -0.0788049 -1.3064073 9.0845037
v -0.0619994 -1.2757644 9.1161666
v -0.0581614 -1.2386653 9.1450262
v -0.0676666 -1.1987415 9.1682576
v -0.0895844 -1.1599012 9.1835867
v -0.1217696 -1.1259461 9.1895130
v -0.1610715 -1.1002002 9.1854564
v -0.2036430 -1.0851835 9.1718140
v -0.2453169 -1.0823660 9.1499211
v -0.2820139 -1.0920236 9.1219209
v -0.3101419 -1.1132108 9.0905542
v -0.3269473 -1.1438537 9.0588913
v -0.3307854 -1.1809528 9.0300317
v -0.4187277 -1.3722565 9.2921218
v -0.4129444 -1.3946149 9.2782803
v -0.4002805 -1.4166067 9.2692848
v -0.3819755 -1.4360791 9.2660158
v -0.3598214 -1.4511261 9.2687934
v -0.3359866 -1.4602748 9.2773456
v -0.3128044 -1.4626295 9.2908353
v -0.2925439 -1.4579599 9.3079420
v -0.2771884 -1.4467229 9.3269913
v -0.2682410 -1.4300187 9.3461183
v -0.2665775 -1.4094822 9.3634509
v -0.2723608 -1.3871238 9.3772924
v -0.2850247 -1.3651320 9.3862879
v -0.3033297 -1.3456595 9.3895569
v -0.3254838 -1.3306126 9.3867793
v -0.3493186 -1.3214639 9.3782271
v -0.3725008 -1.3191092 9.3647374
v -0.3927613 -1.3237788 9.3476307
v -0.4081168 -1.3350157 9.3285814
v -0.4170642 -1.3517200 9.3094544
v -0.4187277 -1.3722565 9.2921218
v -0.5332810 -1.5811312 9.5537202
v -0.5314228 -1.5877630 9.5493805
v -0.5275488 -1.5943594 9.5465970
v -0.5220381 -1.6002746 9.5456422
v -0.5154303 -1.6049295 9.5466096
v -0.5083721 -1.6078686 9.5494044
v -0.5015544 -1.6088041 9.5537532
v -0.4956446 -1.6076444 9.5592302
v -0.4912211 -1.6045031 9.5652992
v -0.4887171 -1.5996877 9.5713663
v -0.4883776 -1.5936695 9.5768375
v -0.4902357 -1.5870376 9.5811772
v -0.4941097 -1.5804413 9.5839607
v -0.4996204 -1.5745261 9.5849155
v -0.5062282 -1.5698712 9.5839481
v -0.5132865 -1.5669321 9.5811533
v -0.5201041 -1.5659966 9.5768045
v -0.5260140 -1.5671563 9.5713275
v -0.5304374 -1.5702975 9.5652585
v -0.5329414 -1.5751130 9.5591914
v -0.5332810 -1.5811312 9.5537202
v -0.7012273 -1.7996357 9.7993408
v -0.7011215 -1.7999994 9.7990967
v -0.7009058 -1.8003630 9.7989411
v -0.7006015 -1.8006912 9.7988891
v -0.7002384 -1.8009517 9.7989459
v -0.6998518 -1.8011190 9.7991059
v -0.6994798 -1.8011768 9.7993533
v -0.6991587 -1.8011194 9.7996641
v -0.6989200 -1.8009524 9.8000078
v -0.6987870 -1.8006922 9.8003507
v -0.6987727 -1.8003643 9.8006592
v -0.6988785 -1.8000006 9.8009033
v -0.6990942 -1.7996370 9.8010589
v -0.6993985 -1.7993088 9.8011109
v -0.6997616 -1.7990483 9.8010541
v -0.7001482 -1.7988810 9.8008941
v -0.7005202 -1.7988232 9.8006467
v -0.7008413 -1.7988806 9.8003359
v -0.7010800 -1.7990476 9.7999922
v -0.7012130 -1.7993078 9.7996493
v -0.7012273 -1.7996357 9.7993408
v 0.0000000 0.0000000 -0.3500000
v -0.7000000 -1.8000000 9.8000000
v -0.5266667 -0.7095545 1.1801555
v -0.5150493 -0.7156528 1.1313638
v -0.4824729 -0.7303422 1.0956459
v -0.4376662 -0.7496868 1.0825722
v -0.3926352 -0.7685033 1.0956459
v -0.3594458 -0.7817497 1.1313638
v -0.3469912 -0.7858767 1.1801555
v -0.3586085 -0.7797785 1.2289471
v -0.3911849 -0.7650891 1.2646651
v -0.4359916 -0.7457444 1.2777387
v -0.4810227 -0.7269280 1.2646651
v -0.5142120 -0.7136816 1.2289471
v -0.5266667 -0.7095545 1.1801555
v -0.6182045 -0.7110607 1.1809713
v -0.5966295 -0.7223860 1.0903583
v -0.5361304 -0.7496663 1.0240249
v -0.4529180 -0.7855921 0.9997452
v -0.3692889 -0.8205369 1.0240249
v -0.3076515 -0.8451374 1.0903583
v -0.2845215 -0.8528018 1.1809713
v -0.3060965 -0.8414766 1.2715844
v -0.3665956 -0.8141962 1.3379177
v -0.4498080 -0.7782705 1.3621974
v -0.5334370 -0.7433257 1.3379177
v -0.5950744 -0.7187252 1.2715844
v -0.6182045 -0.7110607 1.1809713
v -0.6834299 -0.7338411 1.1819912
v -0.6557696 -0.7483607 1.0658206
v -0.5782067 -0.7833355 0.9807778
v -0.4715242 -0.8293941 0.9496500
v -0.3643074 -0.8741952 0.9807778
v -0.2852851 -0.9057343 1.0658206
v -0.2556312 -0.9155605 1.1819912
v -0.2832915 -0.9010410 1.2981617
v -0.3608544 -0.8660662 1.3832045
v -0.4675369 -0.8200075 1.4143323
v -0.5747537 -0.7752065 1.3832045
v -0.6537760 -0.7436674 1.2981617
v -0.6834299 -0.7338411 1.1819912
v -0.6834299 -0.7338411 1.1819912
v -0.6557696 -0.7483607 1.0658206
v -0.5782067 -0.7833355 0.9807778
v -0.4715242 -0.8293941 0.9496500
v -0.3643074 -0.8741952 0.9807778
v -0.2852851 -0.9057343 1.0658206
v -0.2556312 -0.9155605 1.1819912
v -0.2832915 -0.9010410 1.2981617
v -0.3608544 -0.8660662 1.3832045
v -0.4675369 -0.8200075 1.4143323
v -0.5747537 -0.7752065 1.3832045
v -0.6537760 -0.7436674 1.2981617
v -0.6834299 -0.7338411 1.1819912
v -0.6039649 -0.7726448 1.1820931
v -0.5868155 -0.7816469 1.1100674
v -0.5387265 -0.8033313 1.0573409
v -0.4725833 -0.8318876 1.0380416
v -0.4061090 -0.8596643 1.0573409
v -0.3571151 -0.8792185 1.1100674
v -0.3387297 -0.8853108 1.1820931
v -0.3558791 -0.8763087 1.2541189
v -0.4039681 -0.8546243 1.3068454
v -0.4701113 -0.8260680 1.3261447
v -0.5365857 -0.7982913 1.3068454
v -0.5855795 -0.7787371 1.2541189
v -0.6039649 -0.7726448 1.1820931
v -0.5240888 -0.7510390 1.1809713
v -0.5146843 -0.7559756 1.1414733
v -0.4883129 -0.7678671 1.1125588
v -0.4520408 -0.7835270 1.1019753
v -0.4155871 -0.7987594 1.1125588
v -0.3887195 -0.8094827 1.1414733
v -0.3786372 -0.8128236 1.1809713
v -0.3880417 -0.8078869 1.2204693
v -0.4144131 -0.7959955 1.2493839
v -0.4506852 -0.7803356 1.2599673
v -0.4871389 -0.7651032 1.2493839
v -0.5140064 -0.7543799 1.2204693
v -0.5240888 -0.7510390 1.1809713
v -0.4440960 -0.7648235 1.1805634
v -0.4802042 -0.6543925 1.8736668
v -0.4696916 -0.6613935 1.8274838
v -0.4391002 -0.6760075 1.7936755
v -0.3966271 -0.6943186 1.7813008
v -0.3536527 -0.7114204 1.7936755
v -0.3216921 -0.7227305 1.8274838
v -0.3093091 -0.7252184 1.8736668
v -0.3198217 -0.7182174 1.9198499
v -0.3504130 -0.7036034 1.9536582
v -0.3928862 -0.6852923 1.9660329
v -0.4358605 -0.6681904 1.9536582
v -0.4678211 -0.6568803 1.9198499
v -0.4802042 -0.6543925 1.8736668
v -0.5669167 -0.6565445 1.8755280
v -0.5473934 -0.6695464 1.7897595
v -0.4905809 -0.6966866 1.7269726
v -0.4117021 -0.7306930 1.7039910
v -0.3318926 -0.7624536 1.7269726
v -0.2725372 -0.7834581 1.7897595
v -0.2495402 -0.7880784 1.8755280
v -0.2690636 -0.7750765 1.9612964
v -0.3258760 -0.7479362 2.0240833
v -0.4047548 -0.7139298 2.0470649
v -0.4845643 -0.6821693 2.0240833
v -0.5439197 -0.6611648 1.9612964
v -0.5669167 -0.6565445 1.8755280
v -0.6285147 -0.6786273 1.8778543
v -0.6034848 -0.6952964 1.7678947
v -0.5306483 -0.7300916 1.6873987
v -0.4295217 -0.7736896 1.6579351
v -0.3272018 -0.8144082 1.6873987
v -0.2511051 -0.8413371 1.7678947
v -0.2216217 -0.8472605 1.8778543
v -0.2466517 -0.8305914 1.9878139
v -0.3194882 -0.7957962 2.0683100
v -0.4206148 -0.7521983 2.0977736
v -0.5229347 -0.7114796 2.0683100
v -0.5990314 -0.6845508 1.9878139
v -0.6285147 -0.6786273 1.8778543
v -0.6285147 -0.6786273 1.8778543
v -0.6034848 -0.6952964 1.7678947
v -0.5306483 -0.7300916 1.6873987
v -0.4295217 -0.7736896 1.6579351
v -0.3272018 -0.8144082 1.6873987
v -0.2511051 -0.8413371 1.7678947
v -0.2216217 -0.8472605 1.8778543
v -0.2466517 -0.8305914 1.9878139
v -0.3194882 -0.7957962 2.0683100
v -0.4206148 -0.7521983 2.0977736
v -0.5229347 -0.7114796 2.0683100
v -0.5990314 -0.6845508 1.9878139
v -0.6285147 -0.6786273 1.8778543
v -0.5528890 -0.7147309 1.8780870
v -0.5373705 -0.7250657 1.8099120
v -0.4922118 -0.7466387 1.7600045
v -0.4295133 -0.7736695 1.7417371
v -0.3660750 -0.7989150 1.7600045
v -0.3188951 -0.8156109 1.8099120
v -0.3006154 -0.8192835 1.8780870
v -0.3161340 -0.8089486 1.9462619
v -0.3612926 -0.7873756 1.9961695
v -0.4239911 -0.7603449 2.0144369
v -0.4874294 -0.7350993 1.9961695
v -0.5346093 -0.7184034 1.9462619
v -0.5528890 -0.7147309 1.8780870
v -0.4774003 -0.6936438 1.8755280
v -0.4688901 -0.6993113 1.8381417
v -0.4441257 -0.7111416 1.8107730
v -0.4097426 -0.7259649 1.8007554
v -0.3749539 -0.7398093 1.8107730
v -0.3490810 -0.7489651 1.8381417
v -0.3390566 -0.7509791 1.8755280
v -0.3475668 -0.7453116 1.9129142
v -0.3723312 -0.7334812 1.9402829
v -0.4067143 -0.7186579 1.9503005
v -0.4415031 -0.7048136 1.9402829
v -0.4673759 -0.6956578 1.9129142
v -0.4774003 -0.6936438 1.8755280
v -0.4014925 -0.7060584 1.8745974
v -0.4024909 -0.5942869 2.5429475
v -0.3928046 -0.6015248 2.4994049
v -0.3640355 -0.6156127 2.4675295
v -0.3238922 -0.6327756 2.4558623
v -0.2831312 -0.6484149 2.4675295
v -0.2526743 -0.6583400 2.4994049
v -0.2406824 -0.6598914 2.5429475
v -0.2503688 -0.6526535 2.5864901
v -0.2791379 -0.6385657 2.6183655
v -0.3192811 -0.6214027 2.6300327
v -0.3600421 -0.6057635 2.6183655
v -0.3904990 -0.5958384 2.5864901
v -0.4024909 -0.5942869 2.5429475
v -0.4843026 -0.5969152 2.5452850
v -0.4663137 -0.6103570 2.4644202
v -0.4128853 -0.6365201 2.4052230
v -0.3383336 -0.6683942 2.3835554
v -0.2626346 -0.6974386 2.4052230
v -0.2060718 -0.7158708 2.4644202
v -0.1838012 -0.7187521 2.5452850
v -0.2017901 -0.7053103 2.6261498
v -0.2552184 -0.6791472 2.6853470
v -0.3297701 -0.6472731 2.7070147
v -0.4054691 -0.6182287 2.6853470
v -0.4620319 -0.5997964 2.6261498
v -0.4843026 -0.5969152 2.5452850
v -0.5422625 -0.6181636 2.5482070
v -0.5191998 -0.6353967 2.4445341
v -0.4507019 -0.6689391 2.3686403
v -0.3551227 -0.7098033 2.3408613
v -0.2580727 -0.7470397 2.3686403
v -0.1855563 -0.7706708 2.4445341
v -0.1570042 -0.7743648 2.5482070
v -0.1800669 -0.7571317 2.6518798
v -0.2485648 -0.7235892 2.7277736
v -0.3441440 -0.6827250 2.7555527
v -0.4411940 -0.6454886 2.7277736
v -0.5137104 -0.6218575 2.6518798
v -0.5422625 -0.6181636 2.5482070
v -0.5422625 -0.6181636 2.5482070
v -0.5191998 -0.6353967 2.4445341
v -0.4507019 -0.6689391 2.3686403
v -0.3551227 -0.7098033 2.3408613
v -0.2580727 -0.7470397 2.3686403
v -0.1855563 -0.7706708 2.4445341
v -0.1570042 -0.7743648 2.5482070
v -0.1800669 -0.7571317 2.6518798
v -0.2485648 -0.7235892 2.7277736
v -0.3441440 -0.6827250 2.7555527
v -0.4411940 -0.6454886 2.7277736
v -0.5137104 -0.6218575 2.6518798
v -0.5422625 -0.6181636 2.5482070
v -0.4706216 -0.6516849 2.5484992
v -0.4563227 -0.6623694 2.4842220
v -0.4138540 -0.6831657 2.4371678
v -0.3545949 -0.7085015 2.4199448
v -0.2944239 -0.7315881 2.4371678
v -0.2494638 -0.7462394 2.4842220
v -0.2317614 -0.7485296 2.5484992
v -0.2460603 -0.7378451 2.6127763
v -0.2885290 -0.7170487 2.6598305
v -0.3477881 -0.6917129 2.6770535
v -0.4079591 -0.6686264 2.6598305
v -0.4529193 -0.6539751 2.6127763
v -0.4706216 -0.6516849 2.5484992
v -0.3995458 -0.6312794 2.5452850
v -0.3917044 -0.6371387 2.5100363
v -0.3684152 -0.6485431 2.4842324
v -0.3359183 -0.6624369 2.4747875
v -0.3029213 -0.6750973 2.4842324
v -0.2782657 -0.6831319 2.5100363
v -0.2685580 -0.6843878 2.5452850
v -0.2763993 -0.6785286 2.5805338
v -0.2996886 -0.6671241 2.6063377
v -0.3321855 -0.6532303 2.6157826
v -0.3651825 -0.6405699 2.6063377
v -0.3898381 -0.6325354 2.5805338
v -0.3995458 -0.6312794 2.5452850
v -0.3278193 -0.6424614 2.5441163
v -0.3039968 -0.5349782 3.1892323
v -0.2949216 -0.5418771 3.1483374
v -0.2678732 -0.5550867 3.1184003
v -0.2300990 -0.5710676 3.1074425
v -0.1917208 -0.5855376 3.1184003
v -0.1630218 -0.5946196 3.1483374
v -0.1516920 -0.5958800 3.1892323
v -0.1607672 -0.5889811 3.2301272
v -0.1878156 -0.5757715 3.2600643
v -0.2255898 -0.5597907 3.2710221
v -0.2639680 -0.5453206 3.2600643
v -0.2926670 -0.5362386 3.2301272
v -0.3039968 -0.5349782 3.1892323
v -0.3808388 -0.5378082 3.1915456
v -0.3639849 -0.5506204 3.1155980
v -0.3137521 -0.5751526 3.0600004
v -0.2436001 -0.6048313 3.0396503
v -0.1723262 -0.6317043 3.0600004
v -0.1190281 -0.6485708 3.1155980
v -0.0979870 -0.6509116 3.1915456
v -0.1148409 -0.6380994 3.2674933
v -0.1650738 -0.6135672 3.3230908
v -0.2352257 -0.5838885 3.3434410
v -0.3064996 -0.5570156 3.3230908
v -0.3597977 -0.5401490 3.2674933
v -0.3808388 -0.5378082 3.1915456
v -0.4351888 -0.5580213 3.1944373
v -0.4135812 -0.5744472 3.0970685
v -0.3491801 -0.6058987 3.0257896
v -0.2592417 -0.6439483 2.9996997
v -0.1678649 -0.6784008 3.0257896
v -0.0995340 -0.7000246 3.0970685
v -0.0725583 -0.7030256 3.1944373
v -0.0941659 -0.6865997 3.2918061
v -0.1585669 -0.6551482 3.3630850
v -0.2485054 -0.6170985 3.3891749
v -0.3398822 -0.5826460 3.3630850
v -0.4082131 -0.5610223 3.2918061
v -0.4351888 -0.5580213 3.1944373
v -0.4351888 -0.5580213 3.1944373
v -0.4135812 -0.5744472 3.0970685
v -0.3491801 -0.6058987 3.0257896
v -0.2592417 -0.6439483 2.9996997
v -0.1678649 -0.6784008 3.0257896
v -0.0995340 -0.7000246 3.0970685
v -0.0725583 -0.7030256 3.1944373
v -0.0941659 -0.6865997 3.2918061
v -0.1585669 -0.6551482 3.3630850
v -0.2485054 -0.6170985 3.3891749
v -0.3398822 -0.5826460 3.3630850
v -0.4082131 -0.5610223 3.2918061
v -0.4351888 -0.5580213 3.1944373
v -0.3677351 -0.5891884 3.1947265
v -0.3543384 -0.5993725 3.1343578
v -0.3144097 -0.6188724 3.0901649
v -0.2586479 -0.6424632 3.0739892
v -0.2019943 -0.6638238 3.0901649
v -0.1596291 -0.6772305 3.1343578
v -0.1429042 -0.6790911 3.1947265
v -0.1563008 -0.6689071 3.2550951
v -0.1962295 -0.6494071 3.2992881
v -0.2519913 -0.6258163 3.3154638
v -0.3086450 -0.6044558 3.2992881
v -0.3510101 -0.5910491 3.2550951
v -0.3677351 -0.5891884 3.1947265
v -0.3010601 -0.5697092 3.1915456
v -0.2937135 -0.5752940 3.1584402
v -0.2718172 -0.5859875 3.1342054
v -0.2412381 -0.5989244 3.1253349
v -0.2101700 -0.6106382 3.1342054
v -0.1869375 -0.6179903 3.1584402
v -0.1777657 -0.6190107 3.1915456
v -0.1851123 -0.6134259 3.2246510
v -0.2070087 -0.6027323 3.2488859
v -0.2375877 -0.5897955 3.2577564
v -0.2686558 -0.5780816 3.2488859
v -0.2918883 -0.5707295 3.2246510
v -0.3010601 -0.5697092 3.1915456
v -0.2336287 -0.5798945 3.1903890
v -0.1949799 -0.4822392 3.8142245
v -0.1863518 -0.4883178 3.7759894
v -0.1609646 -0.5003745 3.7479992
v -0.1256205 -0.5151786 3.7377542
v -0.0897902 -0.5287634 3.7479992
v -0.0630742 -0.5374888 3.7759894
v -0.0526311 -0.5390170 3.8142245
v -0.0612591 -0.5329383 3.8524597
v -0.0866464 -0.5208816 3.8804498
v -0.1219904 -0.5060775 3.8906949
v -0.1578208 -0.4924927 3.8804498
v -0.1845368 -0.4837673 3.8524597
v -0.1949799 -0.4822392 3.8142245
v -0.2667792 -0.4849644 3.8160909
v -0.2507557 -0.4962534 3.7450827
v -0.2036079 -0.5186444 3.6931011
v -0.1379690 -0.5461377 3.6740745
v -0.0714269 -0.5713666 3.6931011
v -0.0218115 -0.5875710 3.7450827
v -0.0024172 -0.5904089 3.8160909
v -0.0184406 -0.5791199 3.8870991
v -0.0655884 -0.5567289 3.9390808
v -0.1312273 -0.5292356 3.9581073
v -0.1977694 -0.5040067 3.9390808
v -0.2473849 -0.4878023 3.8870991
v -0.2667792 -0.4849644 3.8160909
v -0.3175519 -0.5039172 3.8184239
v -0.2970089 -0.5183903 3.7273877
v -0.2365630 -0.5470967 3.6607446
v -0.1524106 -0.5823446 3.6363515
v -0.0671002 -0.6146893 3.6607446
v -0.0034907 -0.6354641 3.7273877
v 0.0213738 -0.6391025 3.8184239
v 0.0008309 -0.6246294 3.9094600
v -0.0596150 -0.5959230 3.9761031
v -0.1437675 -0.5606752 4.0004962
v -0.2290779 -0.5283304 3.9761031
v -0.2926874 -0.5075556 3.9094600
v -0.3175519 -0.5039172 3.8184239
v -0.3175519 -0.5039172 3.8184239
v -0.2970089 -0.5183903 3.7273877
v -0.2365630 -0.5470967 3.6607446
v -0.1524106 -0.5823446 3.6363515
v -0.0671002 -0.6146893 3.6607446
v -0.0034907 -0.6354641 3.7273877
v 0.0213738 -0.6391025 3.8184239
v 0.0008309 -0.6246294 3.9094600
v -0.0596150 -0.5959230 3.9761031
v -0.1437675 -0.5606752 4.0004962
v -0.2290779 -0.5283304 3.9761031
v -0.2926874 -0.5075556 3.9094600
v -0.3175519 -0.5039172 3.8184239
v -0.2545051 -0.5329848 3.8186572
v -0.2417685 -0.5419580 3.7622147
v -0.2042920 -0.5597560 3.7208960
v -0.1521175 -0.5816097 3.7057723
v -0.0992250 -0.6016634 3.7208960
v -0.0597872 -0.6145438 3.7622147
v -0.0443712 -0.6167996 3.8186572
v -0.0571078 -0.6078263 3.8750996
v -0.0945842 -0.5900283 3.9164183
v -0.1467587 -0.5681747 3.9315420
v -0.1996512 -0.5481209 3.9164183
v -0.2390891 -0.5352405 3.8750996
v -0.2545051 -0.5329848 3.8186572
v -0.1922155 -0.5147051 3.8160909
v -0.1852309 -0.5196260 3.7851386
v -0.1646793 -0.5293861 3.7624800
v -0.1360675 -0.5413704 3.7541863
v -0.1070620 -0.5523676 3.7624800
v -0.0854347 -0.5594311 3.7851386
v -0.0769808 -0.5606681 3.8160909
v -0.0839654 -0.5557473 3.8470432
v -0.1045170 -0.5459871 3.8697019
v -0.1331288 -0.5340028 3.8779955
v -0.1621344 -0.5230056 3.8697019
v -0.1837616 -0.5159422 3.8470432
v -0.1922155 -0.5147051 3.8160909
v -0.1292018 -0.5241573 3.8151577
v -0.0847407 -0.4415469 4.4196480
v -0.0764264 -0.4464107 4.3841121
v -0.0526608 -0.4570902 4.3580980
v -0.0198121 -0.4707238 4.3485762
v 0.0133182 -0.4836585 4.3580980
v 0.0378527 -0.4924283 4.3841121
v 0.0472174 -0.4946835 4.4196480
v 0.0389031 -0.4898198 4.4551839
v 0.0151375 -0.4791403 4.4811980
v -0.0177112 -0.4655067 4.4907198
v -0.0508415 -0.4525720 4.4811980
v -0.0753760 -0.4438021 4.4551839
v -0.0847407 -0.4415469 4.4196480
v -0.1514075 -0.4438893 4.4207193
v -0.1359666 -0.4529220 4.3547240
v -0.0918306 -0.4727553 4.3064122
v -0.0308257 -0.4980749 4.2887288
v 0.0307018 -0.5220964 4.3064122
v 0.0762659 -0.5383834 4.3547240
v 0.0936575 -0.5425716 4.4207193
v 0.0782166 -0.5335389 4.4867145
v 0.0340807 -0.5137056 4.5350263
v -0.0269242 -0.4883860 4.5527097
v -0.0884518 -0.4643645 4.5350263
v -0.1340159 -0.4480775 4.4867145
v -0.1514075 -0.4438893 4.4207193
v -0.1986096 -0.4613666 4.4220584
v -0.1788136 -0.4729470 4.3374491
v -0.1222290 -0.4983743 4.2755108
v -0.0440176 -0.5308353 4.2528398
v 0.0348639 -0.5616322 4.2755108
v 0.0932793 -0.5825128 4.3374491
v 0.1155762 -0.5878823 4.4220584
v 0.0957803 -0.5763020 4.5066676
v 0.0391957 -0.5508747 4.5686059
v -0.0390157 -0.5184136 4.5912769
v -0.1178972 -0.4876168 4.5686059
v -0.1763126 -0.4667361 4.5066676
v -0.1986096 -0.4613666 4.4220584
v -0.1986096 -0.4613666 4.4220584
v -0.1788136 -0.4729470 4.3374491
v -0.1222290 -0.4983743 4.2755108
v -0.0440176 -0.5308353 4.2528398
v 0.0348639 -0.5616322 4.2755108
v 0.0932793 -0.5825128 4.3374491
v 0.1155762 -0.5878823 4.4220584
v 0.0957803 -0.5763020 4.5066676
v 0.0391957 -0.5508747 4.5686059
v -0.0390157 -0.5184136 4.5912769
v -0.1178972 -0.4876168 4.5686059
v -0.1763126 -0.4667361 4.5066676
v -0.1986096 -0.4613666 4.4220584
v -0.1401785 -0.4885440 4.4221923
v -0.1279049 -0.4957238 4.3697345
v -0.0928225 -0.5114888 4.3313328
v -0.0443314 -0.5316146 4.3172768
v 0.0045751 -0.5507086 4.3313328
v 0.0407927 -0.5636546 4.3697345
v 0.0546168 -0.5669838 4.4221923
v 0.0423433 -0.5598039 4.4746500
v 0.0072608 -0.5440390 4.5130517
v -0.0412302 -0.5239132 4.5271078
v -0.0901368 -0.5048191 4.5130517
v -0.1263543 -0.4918731 4.4746500
v -0.1401785 -0.4885440 4.4221923
v -0.0822866 -0.4717228 4.4207193
v -0.0755560 -0.4756601 4.3919521
v -0.0563172 -0.4843054 4.3708931
v -0.0297253 -0.4953421 4.3631850
v -0.0029056 -0.5058131 4.3708931
v 0.0169556 -0.5129125 4.3919521
v 0.0245366 -0.5147381 4.4207193
v 0.0178060 -0.5108008 4.4494864
v -0.0014328 -0.5021555 4.4705454
v -0.0280247 -0.4911188 4.4782536
v -0.0548444 -0.4806478 4.4705454
v -0.0747056 -0.4735484 4.4494864
v -0.0822866 -0.4717228 4.4207193
v -0.0238183 -0.4806728 4.4201836
v 0.0182683 -0.4183365 5.0069130
v 0.0263884 -0.4216642 4.9741624
v 0.0485681 -0.4307675 4.9501872
v 0.0788643 -0.4432073 4.9414117
v 0.1091591 -0.4556503 4.9501872
v 0.1313352 -0.4647624 4.9741624
v 0.1394504 -0.4681020 5.0069130
v 0.1313303 -0.4647743 5.0396637
v 0.1091506 -0.4556710 5.0636389
v 0.0788544 -0.4432312 5.0724144
v 0.0485596 -0.4307882 5.0636389
v 0.0263835 -0.4216761 5.0396637
v 0.0182683 -0.4183365 5.0069130
v -0.0431461 -0.4200907 5.0069081
v -0.0280658 -0.4262707 4.9460854
v 0.0131250 -0.4431769 4.9015601
v 0.0693893 -0.4662793 4.8852627
v 0.1256512 -0.4893877 4.9015601
v 0.1668353 -0.5063102 4.9460854
v 0.1819064 -0.5125124 5.0069081
v 0.1668262 -0.5063324 5.0677308
v 0.1256354 -0.4894262 5.1122561
v 0.0693711 -0.4663238 5.1285535
v 0.0131092 -0.4432154 5.1122561
v -0.0280750 -0.4262929 5.0677308
v -0.0431461 -0.4200907 5.0069081
v -0.0867332 -0.4359098 5.0069019
v -0.0673995 -0.4438328 4.9289241
v -0.0145908 -0.4655074 4.8718404
v 0.0575430 -0.4951259 4.8509463
v 0.1296736 -0.5247521 4.8718404
v 0.1824737 -0.5464476 4.9289241
v 0.2017957 -0.5543991 5.0069019
v 0.1824620 -0.5464761 5.0848798
v 0.1296533 -0.5248015 5.1419635
v 0.0575195 -0.4951829 5.1628576
v -0.0146111 -0.4655568 5.1419635
v -0.0674112 -0.4438613 5.0848798
v -0.0867332 -0.4359098 5.0069019
v -0.0867332 -0.4359098 5.0069019
v -0.0673995 -0.4438328 4.9289241
v -0.0145908 -0.4655074 4.8718404
v 0.0575430 -0.4951259 4.8509463
v 0.1296736 -0.5247521 4.8718404
v 0.1824737 -0.5464476 4.9289241
v 0.2017957 -0.5543991 5.0069019
v 0.1824620 -0.5464761 5.0848798
v 0.1296533 -0.5248015 5.1419635
v 0.0575195 -0.4951829 5.1628576
v -0.0146111 -0.4655568 5.1419635
v -0.0674112 -0.4438613 5.0848798
v -0.0867332 -0.4359098 5.0069019
v -0.0330976 -0.4613080 5.0069013
v -0.0211107 -0.4662203 4.9585551
v 0.0116307 -0.4796586 4.9231632
v 0.0563536 -0.4980220 4.9102089
v 0.1010746 -0.5163903 4.9231632
v 0.1338107 -0.5298415 4.9585551
v 0.1457903 -0.5347714 5.0069013
v 0.1338034 -0.5298591 5.0552476
v 0.1010620 -0.5164209 5.0906395
v 0.0563391 -0.4980574 5.1035938
v 0.0116181 -0.4796892 5.0906395
v -0.0211180 -0.4662380 5.0552476
v -0.0330976 -0.4613080 5.0069013
v 0.0203303 -0.4461584 5.0069081
v 0.0269037 -0.4488522 4.9803957
v 0.0448587 -0.4562216 4.9609872
v 0.0693842 -0.4662919 4.9538832
v 0.0939086 -0.4763647 4.9609872
v 0.1118606 -0.4837412 4.9803957
v 0.1184301 -0.4864447 5.0069081
v 0.1118567 -0.4837509 5.0334206
v 0.0939017 -0.4763815 5.0528290
v 0.0693762 -0.4663112 5.0599330
v 0.0448518 -0.4562383 5.0528290
v 0.0268997 -0.4488619 5.0334206
v 0.0203303 -0.4461584 5.0069081
v 0.0741198 -0.4547604 5.0069106
v 0.1060866 -0.4180182 5.5776272
v 0.1141171 -0.4195675 5.5478094
v 0.1347467 -0.4269122 5.5259813
v 0.1624475 -0.4380844 5.5179916
v 0.1897973 -0.4500905 5.5259813
v 0.2094677 -0.4597134 5.5478094
v 0.2161879 -0.4643746 5.5776272
v 0.2081574 -0.4628253 5.6074450
v 0.1875279 -0.4554806 5.6292731
v 0.1598270 -0.4443084 5.6372628
v 0.1324772 -0.4323024 5.6292731
v 0.1128069 -0.4226795 5.6074450
v 0.1060866 -0.4180182 5.5776272
v 0.0500847 -0.4190893 5.5763409
v 0.0649985 -0.4219666 5.5209650
v 0.1033105 -0.4356068 5.4804270
v 0.1547549 -0.4563552 5.4655891
v 0.2055474 -0.4786521 5.4804270
v 0.2420780 -0.4965232 5.5209650
v 0.2545585 -0.5051798 5.5763409
v 0.2396447 -0.5023026 5.6317168
v 0.2013327 -0.4886623 5.6722548
v 0.1498883 -0.4679140 5.6870927
v 0.0990958 -0.4456170 5.6722548
v 0.0625652 -0.4277459 5.6317168
v 0.0500847 -0.4190893 5.5763409
v 0.0102290 -0.4331210 5.5747330
v 0.0293493 -0.4368098 5.5037383
v 0.0784672 -0.4542973 5.4517665
v 0.1444216 -0.4808978 5.4327435
v 0.2095402 -0.5094836 5.4517665
v 0.2563743 -0.5323952 5.5037383
v 0.2723750 -0.5434935 5.5747330
v 0.2532547 -0.5398047 5.6457278
v 0.2041368 -0.5223172 5.6976995
v 0.1381823 -0.4957167 5.7167225
v 0.0730638 -0.4671309 5.6976995
v 0.0262297 -0.4442193 5.6457278
v 0.0102290 -0.4331210 5.5747330
v 0.0102290 -0.4331210 5.5747330
v 0.0293493 -0.4368098 5.5037383
v 0.0784672 -0.4542973 5.4517665
v 0.1444216 -0.4808978 5.4327435
v 0.2095402 -0.5094836 5.4517665
v 0.2563743 -0.5323952 5.5037383
v 0.2723750 -0.5434935 5.5747330
v 0.2532547 -0.5398047 5.6457278
v 0.2041368 -0.5223172 5.6976995
v 0.1381823 -0.4957167 5.7167225
v 0.0730638 -0.4671309 5.6976995
v 0.0262297 -0.4442193 5.6457278
v 0.0102290 -0.4331210 5.5747330
v 0.0589348 -0.4567090 5.5745722
v 0.0707894 -0.4589961 5.5305555
v 0.1012425 -0.4698383 5.4983330
v 0.1421342 -0.4863306 5.4865388
v 0.1825077 -0.5040538 5.4983330
v 0.2115449 -0.5182590 5.5305555
v 0.2214653 -0.5251400 5.5745722
v 0.2096107 -0.5228529 5.6185890
v 0.1791576 -0.5120107 5.6508115
v 0.1382658 -0.4955184 5.6626057
v 0.0978924 -0.4777952 5.6508115
v 0.0688552 -0.4635900 5.6185890
v 0.0589348 -0.4567090 5.5745722
v 0.1077568 -0.4433712 5.5763409
v 0.1142577 -0.4446254 5.5522027
v 0.1309578 -0.4505712 5.5345323
v 0.1533823 -0.4596153 5.5280645
v 0.1755226 -0.4693345 5.5345323
v 0.1914462 -0.4771245 5.5522027
v 0.1968864 -0.4808979 5.5763409
v 0.1903855 -0.4796437 5.6004791
v 0.1736854 -0.4736979 5.6181495
v 0.1512609 -0.4646538 5.6246173
v 0.1291206 -0.4549346 5.6181495
v 0.1131970 -0.4471446 5.6004791
v 0.1077568 -0.4433712 5.5763409
v 0.1567294 -0.4516655 5.5769841
v 0.1710757 -0.4460663 6.1339849
v 0.1790810 -0.4456967 6.1073175
v 0.1981808 -0.4511251 6.0877956
v 0.2232572 -0.4608970 6.0806501
v 0.2475910 -0.4723940 6.0877956
v 0.2646621 -0.4825354 6.1073175
v 0.2698961 -0.4886040 6.1339849
v 0.2618907 -0.4889736 6.1606523
v 0.2427909 -0.4835452 6.1801742
v 0.2177145 -0.4737733 6.1873197
v 0.1933807 -0.4622763 6.1801742
v 0.1763097 -0.4521349 6.1606523
v 0.1710757 -0.4460663 6.1339849
v 0.1206907 -0.4464983 6.1313147
v 0.1355578 -0.4458119 6.0817895
v 0.1710288 -0.4558933 6.0455346
v 0.2175993 -0.4740410 6.0322643
v 0.2627907 -0.4953926 6.0455346
v 0.2944940 -0.5142267 6.0817895
v 0.3042144 -0.5254969 6.1313147
v 0.2893472 -0.5261833 6.1808399
v 0.2538762 -0.5161020 6.2170949
v 0.2073058 -0.4979542 6.2303651
v 0.1621144 -0.4766027 6.2170949
v 0.1304111 -0.4577685 6.1808399
v 0.1206907 -0.4464983 6.1313147
v 0.0847675 -0.4586856 6.1279770
v 0.1038279 -0.4578056 6.0644831
v 0.1493036 -0.4707304 6.0180024
v 0.2090093 -0.4939967 6.0009893
v 0.2669470 -0.5213705 6.0180024
v 0.3075922 -0.5455168 6.0644831
v 0.3200542 -0.5599658 6.1279770
v 0.3009938 -0.5608458 6.1914708
v 0.2555182 -0.5479210 6.2379515
v 0.1958124 -0.5246547 6.2549646
v 0.1378748 -0.4972809 6.2379515
v 0.0972295 -0.4731346 6.1914708
v 0.0847675 -0.4586856 6.1279770
v 0.0847675 -0.4586856 6.1279770
v 0.1038279 -0.4578056 6.0644831
v 0.1493036 -0.4707304 6.0180024
v 0.2090093 -0.4939967 6.0009893
v 0.2669470 -0.5213705 6.0180024
v 0.3075922 -0.5455168 6.0644831
v 0.3200542 -0.5599658 6.1279770
v 0.3009938 -0.5608458 6.1914708
v 0.2555182 -0.5479210 6.2379515
v 0.1958124 -0.5246547 6.2549646
v 0.1378748 -0.4972809 6.2379515
v 0.0972295 -0.4731346 6.1914708
v 0.0847675 -0.4586856 6.1279770
v 0.1284678 -0.4802616 6.1276432
v 0.1402853 -0.4797161 6.0882770
v 0.1684802 -0.4877294 6.0594590
v 0.2054977 -0.5021546 6.0489108
v 0.2414191 -0.5191263 6.0594590
v 0.2666191 -0.5340970 6.0882770
v 0.2743456 -0.5430554 6.1276432
v 0.2625281 -0.5436010 6.1670094
v 0.2343332 -0.5355876 6.1958274
v 0.1973157 -0.5211625 6.2063755
v 0.1613943 -0.5041907 6.1958274
v 0.1361942 -0.4892200 6.1670094
v 0.1284678 -0.4802616 6.1276432
v 0.1724538 -0.4687800 6.1313147
v 0.1789343 -0.4684808 6.1097268
v 0.1943961 -0.4728752 6.0939234
v 0.2146960 -0.4807858 6.0881389
v 0.2343948 -0.4900928 6.0939234
v 0.2482142 -0.4983026 6.1097268
v 0.2524513 -0.5032153 6.1313147
v 0.2459707 -0.5035145 6.1529026
v 0.2305090 -0.4991200 6.1687061
v 0.2102091 -0.4912095 6.1744905
v 0.1905103 -0.4819024 6.1687061
v 0.1766909 -0.4736926 6.1529026
v 0.1724538 -0.4687800 6.1313147
v 0.2164692 -0.4766664 6.1326498
v 0.2055429 -0.5081954 6.6792003
v 0.2134934 -0.5059099 6.6559594
v 0.2310292 -0.5093173 6.6389459
v 0.2534516 -0.5175045 6.6327185
v 0.2747525 -0.5282779 6.6389459
v 0.2892243 -0.5387506 6.6559594
v 0.2929895 -0.5461166 6.6792003
v 0.2850390 -0.5484021 6.7024412
v 0.2675032 -0.5449947 6.7194548
v 0.2450809 -0.5368074 6.7256821
v 0.2237800 -0.5260341 6.7194548
v 0.2093081 -0.5155614 6.7024412
v 0.2055429 -0.5081954 6.6792003
v 0.1610210 -0.5081891 6.6751928
v 0.1757861 -0.5039446 6.6320311
v 0.2083526 -0.5102726 6.6004345
v 0.2499941 -0.5254775 6.5888694
v 0.2895529 -0.5454851 6.6004345
v 0.3164293 -0.5649345 6.6320311
v 0.3234216 -0.5786141 6.6751928
v 0.3086565 -0.5828586 6.7183544
v 0.2760900 -0.5765306 6.7499510
v 0.2344485 -0.5613257 6.7615161
v 0.1948897 -0.5413181 6.7499510
v 0.1680133 -0.5218687 6.7183544
v 0.1610210 -0.5081891 6.6751928
v 0.1293122 -0.5185643 6.6701833
v 0.1482419 -0.5131227 6.6148478
v 0.1899937 -0.5212355 6.5743394
v 0.2433803 -0.5407290 6.5595123
v 0.2940967 -0.5663798 6.5743394
v 0.3285536 -0.5913149 6.6148478
v 0.3375182 -0.6088529 6.6701833
v 0.3185884 -0.6142945 6.7255188
v 0.2768366 -0.6061817 6.7660272
v 0.2234500 -0.5866883 6.7808543
v 0.1727336 -0.5610374 6.7660272
v 0.1382768 -0.5361024 6.7255188
v 0.1293122 -0.5185643 6.6701833
v 0.1293122 -0.5185643 6.6701833
v 0.1482419 -0.5131227 6.6148478
v 0.1899937 -0.5212355 6.5743394
v 0.2433803 -0.5407290 6.5595123
v 0.2940967 -0.5663798 6.5743394
v 0.3285536 -0.5913149 6.6148478
v 0.3375182 -0.6088529 6.6701833
v 0.3185884 -0.6142945 6.7255188
v 0.2768366 -0.6061817 6.7660272
v 0.2234500 -0.5866883 6.7808543
v 0.1727336 -0.5610374 6.7660272
v 0.1382768 -0.5361024 6.7255188
v 0.1293122 -0.5185643 6.6701833
v 0.1679907 -0.5377499 6.6696823
v 0.1797271 -0.5343761 6.6353743
v 0.2056132 -0.5394060 6.6102591
v 0.2387129 -0.5514919 6.6010663
v 0.2701571 -0.5673954 6.6102591
v 0.2915204 -0.5828552 6.6353743
v 0.2970784 -0.5937288 6.6696823
v 0.2853420 -0.5971026 6.7039904
v 0.2594559 -0.5920726 6.7291056
v 0.2263562 -0.5799867 6.7382984
v 0.1949120 -0.5640832 6.7291056
v 0.1735487 -0.5486234 6.7039904
v 0.1679907 -0.5377499 6.6696823
v 0.2068263 -0.5280525 6.6751928
v 0.2132624 -0.5262024 6.6563787
v 0.2274580 -0.5289607 6.6426058
v 0.2456094 -0.5355885 6.6375646
v 0.2628530 -0.5443098 6.6426058
v 0.2745684 -0.5527877 6.6563787
v 0.2776163 -0.5587506 6.6751928
v 0.2711802 -0.5606008 6.6940068
v 0.2569846 -0.5578424 6.7077797
v 0.2388332 -0.5512147 6.7128209
v 0.2215896 -0.5424934 6.7077797
v 0.2098742 -0.5340155 6.6940068
v 0.2068263 -0.5280525 6.6751928
v 0.2457438 -0.5352788 6.6771965
v 0.2009963 -0.6106284 7.2177018
v 0.2086952 -0.6066274 7.1981748
v 0.2245172 -0.6080099 7.1838801
v 0.2442226 -0.6144054 7.1786478
v 0.2625316 -0.6241003 7.1838801
v 0.2745382 -0.6344968 7.1981748
v 0.2770252 -0.6428092 7.2177018
v 0.2693263 -0.6468102 7.2372288
v 0.2535043 -0.6454277 7.2515236
v 0.2337989 -0.6390322 7.2567558
v 0.2154899 -0.6293373 7.2515236
v 0.2034834 -0.6189408 7.2372288
v 0.2009963 -0.6106284 7.2177018
v 0.1626133 -0.6105376 7.2126081
v 0.1769113 -0.6031072 7.1763437
v 0.2062949 -0.6056746 7.1497963
v 0.2428908 -0.6175520 7.1400793
v 0.2768931 -0.6355568 7.1497963
v 0.2991910 -0.6548646 7.1763437
v 0.3038098 -0.6703019 7.2126081
v 0.2895118 -0.6777323 7.2488725
v 0.2601282 -0.6751648 7.2754199
v 0.2235323 -0.6632875 7.2851369
v 0.1895300 -0.6452827 7.2754199
v 0.1672321 -0.6259749 7.2488725
v 0.1626133 -0.6105376 7.2126081
v 0.1354520 -0.6192355 7.2062410
v 0.1537828 -0.6097093 7.1597481
v 0.1914540 -0.6130009 7.1257130
v 0.2383718 -0.6282283 7.1132553
v 0.2819646 -0.6513113 7.1257130
v 0.3105516 -0.6760649 7.1597481
v 0.3164731 -0.6958563 7.2062410
v 0.2981423 -0.7053825 7.2527338
v 0.2604711 -0.7020909 7.2867689
v 0.2135533 -0.6868635 7.2992266
v 0.1699606 -0.6637805 7.2867689
v 0.1413735 -0.6390269 7.2527338
v 0.1354520 -0.6192355 7.2062410
v 0.1354520 -0.6192355 7.2062410
v 0.1537828 -0.6097093 7.1597481
v 0.1914540 -0.6130009 7.1257130
v 0.2383718 -0.6282283 7.1132553
v 0.2819646 -0.6513113 7.1257130
v 0.3105516 -0.6760649 7.1597481
v 0.3164731 -0.6958563 7.2062410
v 0.2981423 -0.7053825 7.2527338
v 0.2604711 -0.7020909 7.2867689
v 0.2135533 -0.6868635 7.2992266
v 0.1699606 -0.6637805 7.2867689
v 0.1413735 -0.6390269 7.2527338
v 0.1354520 -0.6192355 7.2062410
v 0.1691211 -0.6355061 7.2056043
v 0.1804862 -0.6295998 7.1767787
v 0.2038424 -0.6316406 7.1556769
v 0.2329314 -0.6410816 7.1479532
v 0.2599589 -0.6553931 7.1556769
v 0.2776829 -0.6707403 7.1767787
v 0.2813542 -0.6830110 7.2056043
v 0.2699891 -0.6889172 7.2344298
v 0.2466329 -0.6868764 7.2555316
v 0.2175439 -0.6774354 7.2632554
v 0.1905164 -0.6631239 7.2555316
v 0.1727925 -0.6477767 7.2344298
v 0.1691211 -0.6355061 7.2056043
v 0.2024380 -0.6273942 7.2126081
v 0.2086704 -0.6241553 7.1968006
v 0.2214787 -0.6252744 7.1852286
v 0.2374307 -0.6304518 7.1809930
v 0.2522522 -0.6383000 7.1852286
v 0.2619718 -0.6467162 7.1968006
v 0.2639851 -0.6534453 7.2126081
v 0.2577527 -0.6566842 7.2284157
v 0.2449445 -0.6555650 7.2399876
v 0.2289924 -0.6503877 7.2442232
v 0.2141709 -0.6425395 7.2399876
v 0.2044513 -0.6341233 7.2284157
v 0.2024380 -0.6273942 7.2126081
v 0.2361112 -0.6335693 7.2151550
v 0.1455471 -0.7615718 7.7543617
v 0.1525796 -0.7563035 7.7387645
v 0.1663593 -0.7558190 7.7273465
v 0.1831939 -0.7602479 7.7231673
v 0.1985725 -0.7684036 7.7273465
v 0.2083745 -0.7781008 7.7387645
v 0.2099734 -0.7867411 7.7543617
v 0.2029408 -0.7920094 7.7699589
v 0.1891612 -0.7924940 7.7813768
v 0.1723266 -0.7880650 7.7855561
v 0.1569480 -0.7799093 7.7813768
v 0.1471460 -0.7702121 7.7699589
v 0.1455471 -0.7615718 7.7543617
v 0.1136115 -0.7618538 7.7486732
v 0.1266720 -0.7520699 7.7197070
v 0.1522628 -0.7511700 7.6985022
v 0.1835270 -0.7593952 7.6907408
v 0.2120873 -0.7745415 7.6985022
v 0.2302910 -0.7925506 7.7197070
v 0.2332604 -0.8085969 7.7486732
v 0.2202000 -0.8183808 7.7776394
v 0.1946091 -0.8192807 7.7988442
v 0.1633449 -0.8110555 7.8066057
v 0.1347846 -0.7959091 7.7988442
v 0.1165809 -0.7779001 7.7776394
v 0.1136115 -0.7618538 7.7486732
v 0.0913326 -0.7690979 7.7415626
v 0.1080768 -0.7565545 7.7044264
v 0.1408856 -0.7554007 7.6772408
v 0.1809679 -0.7659459 7.6672902
v 0.2175836 -0.7853643 7.6772408
v 0.2409217 -0.8084528 7.7044264
v 0.2447287 -0.8290250 7.7415626
v 0.2279845 -0.8415684 7.7786988
v 0.1951757 -0.8427222 7.8058844
v 0.1550934 -0.8321770 7.8158350
v 0.1184777 -0.8127586 7.8058844
v 0.0951396 -0.7896701 7.7786988
v 0.0913326 -0.7690979 7.7415626
v 0.0913326 -0.7690979 7.7415626
v 0.1080768 -0.7565545 7.7044264
v 0.1408856 -0.7554007 7.6772408
v 0.1809679 -0.7659459 7.6672902
v 0.2175836 -0.7853643 7.6772408
v 0.2409217 -0.8084528 7.7044264
v 0.2447287 -0.8290250 7.7415626
v 0.2279845 -0.8415684 7.7786988
v 0.1951757 -0.8427222 7.8058844
v 0.1550934 -0.8321770 7.8158350
v 0.1184777 -0.8127586 7.8058844
v 0.0951396 -0.7896701 7.7786988
v 0.0913326 -0.7690979 7.7415626
v 0.1199373 -0.7818677 7.7408516
v 0.1303187 -0.7740907 7.7178271
v 0.1506602 -0.7733754 7.7009721
v 0.1755112 -0.7799134 7.6948027
v 0.1982130 -0.7919528 7.7009721
v 0.2126826 -0.8062677 7.7178271
v 0.2150429 -0.8190225 7.7408516
v 0.2046615 -0.8267994 7.7638760
v 0.1843200 -0.8275147 7.7807311
v 0.1594690 -0.8209767 7.7869004
v 0.1367673 -0.8089373 7.7807311
v 0.1222976 -0.7946224 7.7638760
v 0.1199373 -0.7818677 7.7408516
v 0.1473586 -0.7750377 7.7486732
v 0.1530517 -0.7707730 7.7360469
v 0.1642067 -0.7703807 7.7268038
v 0.1778346 -0.7739660 7.7234206
v 0.1902840 -0.7805683 7.7268038
v 0.1982189 -0.7884184 7.7360469
v 0.1995133 -0.7954129 7.7486732
v 0.1938203 -0.7996777 7.7612995
v 0.1826653 -0.8000700 7.7705426
v 0.1690373 -0.7964846 7.7739258
v 0.1565880 -0.7898824 7.7705426
v 0.1486530 -0.7820323 7.7612995
v 0.1473586 -0.7750377 7.7486732
v 0.1755981 -0.7796909 7.7515174
v 0.0279124 -0.9668239 8.2943209
v 0.0336931 -0.9610280 8.2826946
v 0.0449166 -0.9590851 8.2741835
v 0.0585756 -0.9615157 8.2710682
v 0.0710101 -0.9676685 8.2741835
v 0.0788884 -0.9758950 8.2826946
v 0.0800995 -0.9839908 8.2943209
v 0.0743188 -0.9897866 8.3059473
v 0.0630953 -0.9917296 8.3144584
v 0.0494363 -0.9892990 8.3175737
v 0.0370018 -0.9831461 8.3144584
v 0.0291235 -0.9749197 8.3059473
v 0.0279124 -0.9668239 8.2943209
v 0.0027785 -0.9678813 8.2887499
v 0.0135141 -0.9571175 8.2671581
v 0.0343577 -0.9535092 8.2513518
v 0.0597244 -0.9580232 8.2455663
v 0.0828172 -0.9694499 8.2513518
v 0.0974483 -0.9847276 8.2671581
v 0.0996974 -0.9997626 8.2887499
v 0.0889619 -1.0105263 8.3103418
v 0.0681182 -1.0141346 8.3261481
v 0.0427515 -1.0096207 8.3319336
v 0.0196588 -0.9981940 8.3261481
v 0.0050276 -0.9829163 8.3103418
v 0.0027785 -0.9678813 8.2887499
v -0.0143495 -0.9739035 8.2817862
v -0.0005860 -0.9601038 8.2541043
v 0.0261367 -0.9554778 8.2338398
v 0.0586581 -0.9612649 8.2264225
v 0.0882642 -0.9759145 8.2338398
v 0.1070220 -0.9955013 8.2541043
v 0.1099055 -1.0147770 8.2817862
v 0.0961420 -1.0285766 8.3094680
v 0.0694193 -1.0332027 8.3297325
v 0.0368979 -1.0274155 8.3371498
v 0.0072918 -1.0127659 8.3297325
v -0.0114660 -0.9931791 8.3094680
v -0.0143495 -0.9739035 8.2817862
v -0.0143495 -0.9739035 8.2817862
v -0.0005860 -0.9601038 8.2541043
v 0.0261367 -0.9554778 8.2338398
v 0.0586581 -0.9612649 8.2264225
v 0.0882642 -0.9759145 8.2338398
v 0.1070220 -0.9955013 8.2541043
v 0.1099055 -1.0147770 8.2817862
v 0.0961420 -1.0285766 8.3094680
v 0.0694193 -1.0332027 8.3297325
v 0.0368979 -1.0274155 8.3371498
v 0.0072918 -1.0127659 8.3297325
v -0.0114660 -0.9931791 8.3094680
v -0.0143495 -0.9739035 8.2817862
v 0.0089130 -0.9827213 8.2810898
v 0.0174464 -0.9741655 8.2639270
v 0.0340144 -0.9712973 8.2513631
v 0.0541777 -0.9748854 8.2467643
v 0.0725334 -0.9839681 8.2513631
v 0.0841633 -0.9961119 8.2639270
v 0.0859511 -1.0080628 8.2810898
v 0.0774177 -1.0166186 8.2982525
v 0.0608496 -1.0194868 8.3108165
v 0.0406864 -1.0158987 8.3154153
v 0.0223306 -1.0068160 8.3108165
v 0.0107007 -0.9946722 8.2982525
v 0.0089130 -0.9827213 8.2810898
v 0.0301146 -0.9768734 8.2887499
v 0.0347942 -0.9721816 8.2793381
v 0.0438799 -0.9706087 8.2724482
v 0.0549372 -0.9725763 8.2699263
v 0.0650033 -0.9775572 8.2724482
v 0.0713809 -0.9842167 8.2793381
v 0.0723613 -0.9907704 8.2887499
v 0.0676817 -0.9954623 8.2981618
v 0.0585960 -0.9970352 8.3050517
v 0.0475387 -0.9950675 8.3075736
v 0.0374727 -0.9900867 8.3050517
v 0.0310950 -0.9834272 8.2981618
v 0.0301146 -0.9768734 8.2887499
v 0.0526220 -0.9796146 8.2915354
v -0.1661516 -1.2322938 8.8402051
v -0.1621841 -1.2270027 8.8324271
v -0.1541369 -1.2243464 8.8267332
v -0.1441663 -1.2250366 8.8246491
v -0.1349438 -1.2288884 8.8267332
v -0.1289406 -1.2348696 8.8324271
v -0.1277653 -1.2413777 8.8402051
v -0.1317328 -1.2466688 8.8479832
v -0.1397800 -1.2493251 8.8536771
v -0.1497507 -1.2486349 8.8557612
v -0.1589732 -1.2447831 8.8536771
v -0.1649763 -1.2388019 8.8479832
v -0.1661516 -1.2322938 8.8402051
v -0.1839676 -1.2341675 8.8355861
v -0.1765994 -1.2243413 8.8211412
v -0.1616546 -1.2194081 8.8105668
v -0.1431377 -1.2206899 8.8066963
v -0.1260102 -1.2278432 8.8105668
v -0.1148614 -1.2389512 8.8211412
v -0.1126788 -1.2510376 8.8355861
v -0.1200470 -1.2608639 8.8500310
v -0.1349918 -1.2657971 8.8606054
v -0.1535087 -1.2645153 8.8644759
v -0.1706362 -1.2573620 8.8606054
v -0.1817849 -1.2462539 8.8500310
v -0.1839676 -1.2341675 8.8355861
v -0.1957270 -1.2389969 8.8298123
v -0.1862806 -1.2263992 8.8112932
v -0.1671206 -1.2200746 8.7977363
v -0.1433809 -1.2217179 8.7927741
v -0.1214226 -1.2308888 8.7977363
v -0.1071294 -1.2451299 8.8112932
v -0.1043311 -1.2606253 8.8298123
v -0.1137775 -1.2732231 8.8483313
v -0.1329375 -1.2795476 8.8618883
v -0.1566771 -1.2779043 8.8668504
v -0.1786355 -1.2687334 8.8618883
v -0.1929287 -1.2544924 8.8483313
v -0.1957270 -1.2389969 8.8298123
v -0.1957270 -1.2389969 8.8298123
v -0.1862806 -1.2263992 8.8112932
v -0.1671206 -1.2200746 8.7977363
v -0.1433809 -1.2217179 8.7927741
v -0.1214226 -1.2308888 8.7977363
v -0.1071294 -1.2451299 8.8112932
v -0.1043311 -1.2606253 8.8298123
v -0.1137775 -1.2732231 8.8483313
v -0.1329375 -1.2795476 8.8618883
v -0.1566771 -1.2779043 8.8668504
v -0.1786355 -1.2687334 8.8618883
v -0.1929287 -1.2544924 8.8483313
v -0.1957270 -1.2389969 8.8298123
v -0.1785324 -1.2438272 8.8292349
v -0.1726756 -1.2360166 8.8177530
v -0.1607964 -1.2320953 8.8093478
v -0.1460778 -1.2331142 8.8062712
v -0.1324636 -1.2388001 8.8093478
v -0.1236018 -1.2476296 8.8177530
v -0.1218669 -1.2572368 8.8292349
v -0.1277237 -1.2650474 8.8407167
v -0.1396029 -1.2689686 8.8491220
v -0.1543214 -1.2679498 8.8521985
v -0.1679356 -1.2622638 8.8491220
v -0.1767974 -1.2534343 8.8407167
v -0.1785324 -1.2438272 8.8292349
v -0.1638605 -1.2389258 8.8355861
v -0.1606487 -1.2346425 8.8292896
v -0.1541343 -1.2324922 8.8246802
v -0.1460628 -1.2330509 8.8229931
v -0.1385970 -1.2361690 8.8246802
v -0.1337373 -1.2410110 8.8292896
v -0.1327859 -1.2462794 8.8355861
v -0.1359976 -1.2505626 8.8418826
v -0.1425120 -1.2527130 8.8464919
v -0.1505835 -1.2521543 8.8481791
v -0.1580494 -1.2490362 8.8464919
v -0.1629091 -1.2441942 8.8418826
v -0.1638605 -1.2389258 8.8355861
v -0.1476408 -1.2397192 8.8378956
v 0.1139549 -0.7551066 1.5122933
v 0.1259715 -0.7508133 1.4647696
v 0.1581732 -0.7376200 1.4299798
v 0.2019315 -0.7190620 1.4172458
v 0.2455213 -0.7001117 1.4299798
v 0.2772629 -0.6858470 1.4647696
v 0.2886511 -0.6800900 1.5122933
v 0.2766344 -0.6843834 1.5598171
v 0.2444327 -0.6975766 1.5946069
v 0.2006745 -0.7161347 1.6073408
v 0.1570846 -0.7350849 1.5946069
v 0.1253430 -0.7493497 1.5598171
v 0.1139549 -0.7551066 1.5122933
v 0.0533719 -0.8205274 1.5129002
v 0.0756886 -0.8125541 1.4246418
v 0.1354917 -0.7880523 1.3600321
v 0.2167571 -0.7535873 1.3363834
v 0.2977096 -0.7183940 1.3600321
v 0.3566583 -0.6919024 1.4246418
v 0.3778077 -0.6812109 1.5129002
v 0.3554910 -0.6891842 1.6011585
v 0.2956879 -0.7136860 1.6657682
v 0.2144226 -0.7481509 1.6894169
v 0.1334700 -0.7833442 1.6657682
v 0.0745214 -0.8098359 1.6011585
v 0.0533719 -0.8205274 1.5129002
v 0.0254767 -0.8817631 1.5136587
v 0.0540879 -0.8715409 1.4005069
v 0.1307585 -0.8401284 1.3176740
v 0.2349449 -0.7959425 1.2873551
v 0.3387302 -0.7508229 1.3176740
v 0.4143054 -0.7168592 1.4005069
v 0.4414201 -0.7031521 1.5136587
v 0.4128090 -0.7133744 1.6268104
v 0.3361383 -0.7447869 1.7096433
v 0.2319520 -0.7889728 1.7399622
v 0.1281666 -0.8340924 1.7096433
v 0.0525914 -0.8680560 1.6268104
v 0.0254767 -0.8817631 1.5136587
v 0.0254767 -0.8817631 1.5136587
v 0.0540879 -0.8715409 1.4005069
v 0.1307585 -0.8401284 1.3176740
v 0.2349449 -0.7959425 1.2873551
v 0.3387302 -0.7508229 1.3176740
v 0.4143054 -0.7168592 1.4005069
v 0.4414201 -0.7031521 1.5136587
v 0.4128090 -0.7133744 1.6268104
v 0.3361383 -0.7447869 1.7096433
v 0.2319520 -0.7889728 1.7399622
v 0.1281666 -0.8340924 1.7096433
v 0.0525914 -0.8680560 1.6268104
v 0.0254767 -0.8817631 1.5136587
v 0.1062918 -0.8519859 1.5137345
v 0.1240307 -0.8456481 1.4435804
v 0.1715666 -0.8261723 1.3922240
v 0.2361621 -0.7987771 1.3734263
v 0.3005090 -0.7708029 1.3922240
v 0.3473656 -0.7497455 1.4435804
v 0.3641767 -0.7412471 1.5137345
v 0.3464378 -0.7475849 1.5838886
v 0.2989020 -0.7670606 1.6352450
v 0.2343065 -0.7944559 1.6540427
v 0.1699596 -0.8224300 1.6352450
v 0.1231030 -0.8434875 1.5838886
v 0.1062918 -0.8519859 1.5137345
v 0.1448795 -0.7812330 1.5129002
v 0.1546072 -0.7777574 1.4744285
v 0.1806753 -0.7670772 1.4462654
v 0.2160986 -0.7520540 1.4359569
v 0.2513856 -0.7367133 1.4462654
v 0.2770812 -0.7251657 1.4744285
v 0.2863002 -0.7205053 1.5129002
v 0.2765724 -0.7239808 1.5513718
v 0.2505044 -0.7346611 1.5795349
v 0.2150810 -0.7496843 1.5898434
v 0.1797940 -0.7650250 1.5795349
v 0.1540985 -0.7765726 1.5513718
v 0.1448795 -0.7812330 1.5129002
v 0.2084464 -0.7342337 1.5125967
v 0.1442706 -0.6864025 2.1923028
v 0.1553061 -0.6816462 2.1474563
v 0.1854014 -0.6685282 2.1146263
v 0.2264924 -0.6505633 2.1026098
v 0.2675690 -0.6325652 2.1146263
v 0.2976246 -0.6193566 2.1474563
v 0.3086059 -0.6144766 2.1923028
v 0.2975705 -0.6192329 2.2371493
v 0.2674752 -0.6323509 2.2699792
v 0.2263841 -0.6503158 2.2819958
v 0.1853076 -0.6683139 2.2699792
v 0.1552519 -0.6815225 2.2371493
v 0.1442706 -0.6864025 2.1923028
v 0.0875414 -0.7485298 2.1923542
v 0.1080358 -0.7396967 2.1090678
v 0.1639270 -0.7153346 2.0480980
v 0.2402390 -0.6819712 2.0257815
v 0.3165240 -0.6485463 2.0480980
v 0.3723416 -0.6240159 2.1090678
v 0.3927355 -0.6149531 2.1923542
v 0.3722411 -0.6237862 2.2756406
v 0.3163499 -0.6481483 2.3366104
v 0.2400379 -0.6815117 2.3589269
v 0.1637528 -0.7149367 2.3366104
v 0.1079353 -0.7394670 2.2756406
v 0.0875414 -0.7485298 2.1923542
v 0.0616264 -0.8064949 2.1924185
v 0.0879013 -0.7951705 2.0856411
v 0.1595567 -0.7639370 2.0074746
v 0.2573925 -0.7211634 1.9788637
v 0.3551939 -0.6783109 2.0074746
v 0.4267549 -0.6468618 2.0856411
v 0.4529008 -0.6352428 2.1924185
v 0.4266260 -0.6465672 2.2991959
v 0.3549706 -0.6778008 2.3773624
v 0.2571347 -0.7205743 2.4059733
v 0.1593334 -0.7634268 2.3773624
v 0.0877724 -0.7948759 2.2991959
v 0.0616264 -0.8064949 2.1924185
v 0.0616264 -0.8064949 2.1924185
v 0.0879013 -0.7951705 2.0856411
v 0.1595567 -0.7639370 2.0074746
v 0.2573925 -0.7211634 1.9788637
v 0.3551939 -0.6783109 2.0074746
v 0.4267549 -0.6468618 2.0856411
v 0.4529008 -0.6352428 2.1924185
v 0.4266260 -0.6465672 2.2991959
v 0.3549706 -0.6778008 2.3773624
v 0.2571347 -0.7205743 2.4059733
v 0.1593334 -0.7634268 2.3773624
v 0.0877724 -0.7948759 2.2991959
v 0.0616264 -0.8064949 2.1924185
v 0.1376811 -0.7778698 2.1924249
v 0.1539715 -0.7708486 2.1262230
v 0.1983978 -0.7514838 2.0777597
v 0.2590561 -0.7249642 2.0600210
v 0.3196929 -0.6983957 2.0777597
v 0.3640607 -0.6788972 2.1262230
v 0.3802712 -0.6716934 2.1924249
v 0.3639808 -0.6787146 2.2586269
v 0.3195545 -0.6980794 2.3070901
v 0.2588962 -0.7245990 2.3248289
v 0.1982594 -0.7511675 2.3070901
v 0.1538916 -0.7706660 2.2586269
v 0.1376811 -0.7778698 2.1924249
v 0.1736218 -0.7108543 2.1923542
v 0.1825552 -0.7070040 2.1560499
v 0.2069181 -0.6963846 2.1294733
v 0.2401823 -0.6818416 2.1197456
v 0.2734347 -0.6672718 2.1294733
v 0.2977655 -0.6565791 2.1560499
v 0.3066551 -0.6526286 2.1923542
v 0.2977216 -0.6564789 2.2286585
v 0.2733588 -0.6670983 2.2552351
v 0.2400946 -0.6816413 2.2649628
v 0.2068421 -0.6962112 2.2552351
v 0.1825114 -0.7069039 2.2286585
v 0.1736218 -0.7108543 2.1923542
v 0.2332884 -0.6660905 2.1923285
v 0.2016669 -0.6170333 2.8582233
v 0.2116981 -0.6118154 2.8161153
v 0.2396827 -0.5988693 2.7852902
v 0.2781224 -0.5816638 2.7740074
v 0.3167171 -0.5648093 2.7852902
v 0.3451256 -0.5528217 2.8161153
v 0.3557357 -0.5489132 2.8582233
v 0.3457045 -0.5541311 2.9003313
v 0.3177199 -0.5670772 2.9311565
v 0.2792802 -0.5842827 2.9424393
v 0.2406855 -0.6011372 2.9311565
v 0.2122770 -0.6131248 2.9003313
v 0.2016669 -0.6170333 2.8582233
v 0.1486108 -0.6755698 2.8576779
v 0.1672401 -0.6658794 2.7794774
v 0.2192116 -0.6418366 2.7222306
v 0.2905995 -0.6098837 2.7012768
v 0.3622755 -0.5785823 2.7222306
v 0.4150340 -0.5563197 2.7794774
v 0.4347386 -0.5490611 2.8576779
v 0.4161092 -0.5587515 2.9358785
v 0.3641377 -0.5827943 2.9931253
v 0.2927498 -0.6147472 3.0140791
v 0.2210739 -0.6460486 2.9931253
v 0.1683153 -0.6683112 2.9358785
v 0.1486108 -0.6755698 2.8576779
v 0.1244761 -0.7300885 2.8569962
v 0.1483599 -0.7176650 2.7567390
v 0.2149900 -0.6868409 2.6833457
v 0.3065129 -0.6458756 2.6564819
v 0.3984052 -0.6057456 2.6833457
v 0.4660444 -0.5772038 2.7567390
v 0.4913066 -0.5678979 2.8569962
v 0.4674229 -0.5803214 2.9572533
v 0.4007928 -0.6111455 3.0306466
v 0.3092698 -0.6521108 3.0575105
v 0.2173775 -0.6922408 3.0306466
v 0.1497383 -0.7207826 2.9572533
v 0.1244761 -0.7300885 2.8569962
v 0.1244761 -0.7300885 2.8569962
v 0.1483599 -0.7176650 2.7567390
v 0.2149900 -0.6868409 2.6833457
v 0.3065129 -0.6458756 2.6564819
v 0.3984052 -0.6057456 2.6833457
v 0.4660444 -0.5772038 2.7567390
v 0.4913066 -0.5678979 2.8569962
v 0.4674229 -0.5803214 2.9572533
v 0.4007928 -0.6111455 3.0306466
v 0.3092698 -0.6521108 3.0575105
v 0.2173775 -0.6922408 3.0306466
v 0.1497383 -0.7207826 2.9572533
v 0.1244761 -0.7300885 2.8569962
v 0.1957956 -0.7029400 2.8569280
v 0.2106035 -0.6952375 2.7947686
v 0.2519142 -0.6761265 2.7492647
v 0.3086584 -0.6507280 2.7326092
v 0.3656316 -0.6258475 2.7492647
v 0.4075679 -0.6081515 2.7947686
v 0.4232305 -0.6023819 2.8569280
v 0.4084226 -0.6100845 2.9190874
v 0.3671119 -0.6291954 2.9645913
v 0.3103677 -0.6545939 2.9812469
v 0.2533945 -0.6794745 2.9645913
v 0.2114582 -0.6971704 2.9190874
v 0.1957956 -0.7029400 2.8569280
v 0.2293135 -0.6398878 2.8576779
v 0.2374340 -0.6356638 2.8235905
v 0.2600882 -0.6251837 2.7986368
v 0.2912060 -0.6112555 2.7895031
v 0.3224494 -0.5976113 2.7986368
v 0.3454467 -0.5879071 2.8235905
v 0.3540358 -0.5847431 2.8576779
v 0.3459154 -0.5889671 2.8917654
v 0.3232611 -0.5994472 2.9167191
v 0.2921433 -0.6133754 2.9258528
v 0.2609000 -0.6270196 2.9167191
v 0.2379026 -0.6367238 2.8917654
v 0.2293135 -0.6398878 2.8576779
v 0.2851880 -0.5976444 2.8579506
v 0.2743997 -0.5534896 3.5111820
v 0.2834265 -0.5478469 3.4718814
v 0.3093077 -0.5351857 3.4431114
v 0.3451084 -0.5188983 3.4325809
v 0.3812357 -0.5033491 3.4431114
v 0.4080094 -0.4927044 3.4718814
v 0.4182556 -0.4898164 3.5111820
v 0.4092287 -0.4954591 3.5504825
v 0.3833475 -0.5081203 3.5792525
v 0.3475469 -0.5244077 3.5897830
v 0.3114196 -0.5399569 3.5792525
v 0.2846458 -0.5506016 3.5504825
v 0.2743997 -0.5534896 3.5111820
v 0.2248664 -0.6081591 3.5100343
v 0.2416306 -0.5976799 3.4370477
v 0.2896957 -0.5741661 3.3836177
v 0.3561826 -0.5439182 3.3640610
v 0.4232762 -0.5150411 3.3836177
v 0.4729989 -0.4952723 3.4370477
v 0.4920275 -0.4899090 3.5100343
v 0.4752633 -0.5003881 3.5830210
v 0.4271982 -0.5239019 3.6364510
v 0.3607113 -0.5541499 3.6560077
v 0.2936177 -0.5830270 3.6364510
v 0.2438950 -0.6027958 3.5830210
v 0.2248664 -0.6081591 3.5100343
v 0.2023390 -0.6590617 3.5085998
v 0.2238316 -0.6456268 3.4150272
v 0.2854535 -0.6154809 3.3465272
v 0.3706931 -0.5767015 3.3214545
v 0.4567105 -0.5396796 3.3465272
v 0.5204576 -0.5143350 3.4150272
v 0.5448532 -0.5074590 3.5085998
v 0.5233606 -0.5208938 3.6021725
v 0.4617387 -0.5510397 3.6706725
v 0.3764991 -0.5898191 3.6957452
v 0.2904816 -0.6268411 3.6706725
v 0.2267346 -0.6521856 3.6021725
v 0.2023390 -0.6590617 3.5085998
v 0.2023390 -0.6590617 3.5085998
v 0.2238316 -0.6456268 3.4150272
v 0.2854535 -0.6154809 3.3465272
v 0.3706931 -0.5767015 3.3214545
v 0.4567105 -0.5396796 3.3465272
v 0.5204576 -0.5143350 3.4150272
v 0.5448532 -0.5074590 3.5085998
v 0.5233606 -0.5208938 3.6021725
v 0.4617387 -0.5510397 3.6706725
v 0.3764991 -0.5898191 3.6957452
v 0.2904816 -0.6268411 3.6706725
v 0.2267346 -0.6521856 3.6021725
v 0.2023390 -0.6590617 3.5085998
v 0.2689316 -0.6336798 3.5084564
v 0.2822570 -0.6253502 3.4504413
v 0.3204626 -0.6066597 3.4079713
v 0.3733111 -0.5826165 3.3924263
v 0.4266420 -0.5596629 3.4079713
v 0.4661651 -0.5439493 3.4504413
v 0.4812904 -0.5396861 3.5084564
v 0.4679650 -0.5480157 3.5664715
v 0.4297594 -0.5667062 3.6089414
v 0.3769109 -0.5907494 3.6244865
v 0.3235801 -0.6137030 3.6089414
v 0.2840569 -0.6294166 3.5664715
v 0.2689316 -0.6336798 3.5084564
v 0.3002195 -0.5748065 3.5100343
v 0.3075270 -0.5702386 3.4782196
v 0.3284785 -0.5599890 3.4549296
v 0.3574599 -0.5468040 3.4464049
v 0.3867059 -0.5342166 3.4549296
v 0.4083799 -0.5255994 3.4782196
v 0.4166744 -0.5232616 3.5100343
v 0.4093669 -0.5278294 3.5418491
v 0.3884154 -0.5380790 3.5651390
v 0.3594340 -0.5512640 3.5736638
v 0.3301880 -0.5638515 3.5651390
v 0.3085140 -0.5724686 3.5418491
v 0.3002195 -0.5748065 3.5100343
v 0.3523873 -0.5353435 3.5106081
v 0.3523190 -0.5017983 4.1516380
v 0.3603525 -0.4957791 4.1152223
v 0.3841333 -0.4835035 4.0885642
v 0.4172893 -0.4682609 4.0788066
v 0.4509364 -0.4541354 4.0885642
v 0.4760590 -0.4449120 4.1152223
v 0.4859253 -0.4430620 4.1516380
v 0.4778919 -0.4490812 4.1880537
v 0.4541111 -0.4613568 4.2147118
v 0.4209551 -0.4765994 4.2244694
v 0.3873079 -0.4907249 4.2147118
v 0.3621854 -0.4999483 4.1880537
v 0.3523190 -0.5017983 4.1516380
v 0.3062252 -0.5523702 4.1499030
v 0.3211445 -0.5411917 4.0822739
v 0.3653088 -0.5183942 4.0327659
v 0.4268843 -0.4900865 4.0146447
v 0.4893718 -0.4638534 4.0327659
v 0.5360280 -0.4467242 4.0822739
v 0.5543513 -0.4432885 4.1499030
v 0.5394319 -0.4544671 4.2175321
v 0.4952677 -0.4772645 4.2670401
v 0.4336922 -0.5055723 4.2851613
v 0.3712046 -0.5318053 4.2670401
v 0.3245485 -0.5489346 4.2175321
v 0.3062252 -0.5523702 4.1499030
v 0.2851906 -0.5995025 4.1477342
v 0.3043180 -0.5851711 4.0610302
v 0.3609388 -0.5559436 3.9975585
v 0.4398818 -0.5196516 3.9743262
v 0.5199940 -0.4860194 3.9975585
v 0.5798096 -0.4640589 4.0610302
v 0.6033010 -0.4596542 4.1477342
v 0.5841736 -0.4739857 4.2344383
v 0.5275528 -0.5032132 4.2979100
v 0.4486098 -0.5395052 4.3211423
v 0.3684976 -0.5731373 4.2979100
v 0.3086820 -0.5950979 4.2344383
v 0.2851906 -0.5995025 4.1477342
v 0.2851906 -0.5995025 4.1477342
v 0.3043180 -0.5851711 4.0610302
v 0.3609388 -0.5559436 3.9975585
v 0.4398818 -0.5196516 3.9743262
v 0.5199940 -0.4860194 3.9975585
v 0.5798096 -0.4640589 4.0610302
v 0.6033010 -0.4596542 4.1477342
v 0.5841736 -0.4739857 4.2344383
v 0.5275528 -0.5032132 4.2979100
v 0.4486098 -0.5395052 4.3211423
v 0.3684976 -0.5731373 4.2979100
v 0.3086820 -0.5950979 4.2344383
v 0.2851906 -0.5995025 4.1477342
v 0.3470274 -0.5761063 4.1475174
v 0.3588863 -0.5672208 4.0937609
v 0.3939912 -0.5490997 4.0544084
v 0.4429359 -0.5265987 4.0400044
v 0.4926054 -0.5057467 4.0544084
v 0.5296911 -0.4921312 4.0937609
v 0.5442558 -0.4894003 4.1475174
v 0.5323968 -0.4982858 4.2012739
v 0.4972919 -0.5164069 4.2406263
v 0.4483473 -0.5389079 4.2550304
v 0.3986777 -0.5597598 4.2406263
v 0.3615920 -0.5733754 4.2012739
v 0.3470274 -0.5761063 4.1475174
v 0.3762095 -0.5216036 4.1499030
v 0.3827128 -0.5167309 4.1204236
v 0.4019639 -0.5067935 4.0988432
v 0.4288045 -0.4944543 4.0909443
v 0.4560426 -0.4830193 4.0988432
v 0.4763799 -0.4755527 4.1204236
v 0.4843670 -0.4740552 4.1499030
v 0.4778637 -0.4789279 4.1793824
v 0.4586126 -0.4888652 4.2009628
v 0.4317720 -0.5012045 4.2088617
v 0.4045338 -0.5126394 4.2009628
v 0.3841965 -0.5201060 4.1793824
v 0.3762095 -0.5216036 4.1499030
v 0.4247052 -0.4851298 4.1507705
v 0.4257452 -0.4678592 4.7797685
v 0.4327965 -0.4615095 4.7463249
v 0.4544630 -0.4496908 4.7218426
v 0.4849393 -0.4355697 4.7128814
v 0.5160592 -0.4229302 4.7218426
v 0.5394842 -0.4151588 4.7463249
v 0.5489375 -0.4143380 4.7797685
v 0.5418862 -0.4206876 4.8132120
v 0.5202196 -0.4325064 4.8376944
v 0.4897433 -0.4466274 4.8466556
v 0.4586235 -0.4592670 4.8376944
v 0.4351985 -0.4670384 4.8132120
v 0.4257452 -0.4678592 4.7797685
v 0.3831018 -0.5141674 4.7774721
v 0.3961971 -0.5023751 4.7153626
v 0.4364350 -0.4804260 4.6698954
v 0.4930338 -0.4542012 4.6532532
v 0.5508279 -0.4307277 4.6698954
v 0.5943314 -0.4162952 4.7153626
v 0.6118876 -0.4147708 4.7774721
v 0.5987923 -0.4265630 4.8395815
v 0.5585544 -0.4485121 4.8850487
v 0.5019556 -0.4747369 4.9016909
v 0.4441615 -0.4982104 4.8850487
v 0.4006580 -0.5126430 4.8395815
v 0.3831018 -0.5141674 4.7774721
v 0.3635289 -0.5573980 4.7746016
v 0.3803177 -0.5422797 4.6949741
v 0.4319048 -0.5141398 4.6366827
v 0.5044673 -0.4805183 4.6153466
v 0.5785623 -0.4504240 4.6366827
v 0.6343360 -0.4319208 4.6949741
v 0.6568440 -0.4299664 4.7746016
v 0.6400551 -0.4450847 4.8542290
v 0.5884681 -0.4732246 4.9125204
v 0.5159055 -0.5068461 4.9338565
v 0.4418105 -0.5369403 4.9125204
v 0.3860368 -0.5554436 4.8542290
v 0.3635289 -0.5573980 4.7746016
v 0.3635289 -0.5573980 4.7746016
v 0.3803177 -0.5422797 4.6949741
v 0.4319048 -0.5141398 4.6366827
v 0.5044673 -0.4805183 4.6153466
v 0.5785623 -0.4504240 4.6366827
v 0.6343360 -0.4319208 4.6949741
v 0.6568440 -0.4299664 4.7746016
v 0.6400551 -0.4450847 4.8542290
v 0.5884681 -0.4732246 4.9125204
v 0.5159055 -0.5068461 4.9338565
v 0.4418105 -0.5369403 4.9125204
v 0.3860368 -0.5554436 4.8542290
v 0.3635289 -0.5573980 4.7746016
v 0.4205279 -0.5361073 4.7743145
v 0.4309370 -0.5267340 4.7249455
v 0.4629210 -0.5092872 4.6888048
v 0.5079098 -0.4884419 4.6755764
v 0.5538486 -0.4697834 4.6888048
v 0.5884283 -0.4583114 4.7249455
v 0.6023833 -0.4570997 4.7743145
v 0.5919742 -0.4664730 4.8236835
v 0.5599902 -0.4839198 4.8598242
v 0.5150014 -0.5047651 4.8730526
v 0.4690625 -0.5234236 4.8598242
v 0.4344828 -0.5348956 4.8236835
v 0.4205279 -0.5361073 4.7743145
v 0.4476311 -0.4861324 4.7774721
v 0.4533393 -0.4809922 4.7503987
v 0.4708789 -0.4714247 4.7305797
v 0.4955502 -0.4599933 4.7233254
v 0.5207425 -0.4497613 4.7305797
v 0.5397056 -0.4434702 4.7503987
v 0.5473583 -0.4428057 4.7774721
v 0.5416501 -0.4479459 4.8045454
v 0.5241105 -0.4575135 4.8243645
v 0.4994392 -0.4689448 4.8316187
v 0.4742469 -0.4791768 4.8243645
v 0.4552838 -0.4854680 4.8045454
v 0.4476311 -0.4861324 4.7774721
v 0.4924180 -0.4527838 4.7786203
v 0.4848392 -0.4579356 5.3955522
v 0.4909115 -0.4512990 5.3651814
v 0.5104227 -0.4399715 5.3429483
v 0.5381448 -0.4269883 5.3348105
v 0.5666498 -0.4158281 5.3429483
v 0.5882997 -0.4094815 5.3651814
v 0.5972935 -0.4096488 5.3955522
v 0.5912212 -0.4162854 5.4259231
v 0.5717100 -0.4276129 5.4481562
v 0.5439879 -0.4405961 5.4562940
v 0.5154829 -0.4517563 5.4481562
v 0.4938330 -0.4581029 5.4259231
v 0.4848392 -0.4579356 5.3955522
v 0.4457744 -0.4998923 5.3927314
v 0.4570514 -0.4875673 5.3363284
v 0.4932865 -0.4665305 5.2950384
v 0.5447705 -0.4424188 5.2799253
v 0.5977083 -0.4216928 5.2950384
v 0.6379153 -0.4099062 5.3363284
v 0.6546180 -0.4102170 5.3927314
v 0.6433410 -0.4225420 5.4491345
v 0.6071059 -0.4435788 5.4904244
v 0.5556220 -0.4676905 5.5055376
v 0.5026841 -0.4884165 5.4904244
v 0.4624772 -0.5002032 5.4491345
v 0.4457744 -0.4998923 5.3927314
v 0.4277345 -0.5391169 5.3892054
v 0.4421922 -0.5233156 5.3168938
v 0.4886474 -0.4963453 5.2639580
v 0.5546525 -0.4654329 5.2445821
v 0.6225215 -0.4388611 5.2639580
v 0.6740689 -0.4237500 5.3168938
v 0.6954827 -0.4241485 5.3892054
v 0.6810250 -0.4399499 5.4615170
v 0.6345698 -0.4669201 5.5144528
v 0.5685646 -0.4978326 5.5338287
v 0.5006957 -0.5244043 5.5144528
v 0.4491482 -0.5395154 5.4615170
v 0.4277345 -0.5391169 5.3892054
v 0.4277345 -0.5391169 5.3892054
v 0.4421922 -0.5233156 5.3168938
v 0.4886474 -0.4963453 5.2639580
v 0.5546525 -0.4654329 5.2445821
v 0.6225215 -0.4388611 5.2639580
v 0.6740689 -0.4237500 5.3168938
v 0.6954827 -0.4241485 5.3892054
v 0.6810250 -0.4399499 5.4615170
v 0.6345698 -0.4669201 5.5144528
v 0.5685646 -0.4978326 5.5338287
v 0.5006957 -0.5244043 5.5144528
v 0.4491482 -0.5395154 5.4615170
v 0.4277345 -0.5391169 5.3892054
v 0.4797479 -0.5199307 5.3888528
v 0.4887117 -0.5101339 5.3440196
v 0.5175139 -0.4934124 5.3111994
v 0.5584371 -0.4742466 5.2991864
v 0.6005158 -0.4577722 5.3111994
v 0.6324752 -0.4484033 5.3440196
v 0.6457518 -0.4486503 5.3888528
v 0.6367880 -0.4584472 5.4336860
v 0.6079857 -0.4751687 5.4665062
v 0.5670626 -0.4943344 5.4785192
v 0.5249838 -0.5108089 5.4665062
v 0.4930244 -0.5201778 5.4336860
v 0.4797479 -0.5199307 5.3888528
v 0.5046790 -0.4745993 5.3927314
v 0.5095947 -0.4692268 5.3681455
v 0.5253894 -0.4600569 5.3501473
v 0.5478312 -0.4495467 5.3435595
v 0.5709066 -0.4405123 5.3501473
v 0.5884327 -0.4353745 5.3681455
v 0.5957134 -0.4355100 5.3927314
v 0.5907978 -0.4408825 5.4173174
v 0.5750030 -0.4500524 5.4353155
v 0.5525613 -0.4605626 5.4419033
v 0.5294858 -0.4695970 5.4353155
v 0.5119597 -0.4747348 5.4173174
v 0.5046790 -0.4745993 5.3927314
v 0.5456313 -0.4444234 5.3941418
v 0.5193325 -0.4786107 5.9992970
v 0.5244168 -0.4717486 5.9721134
v 0.5416979 -0.4609203 5.9522136
v 0.5665452 -0.4490274 5.9449298
v 0.5923011 -0.4392565 5.9522136
v 0.6120641 -0.4342258 5.9721134
v 0.6205389 -0.4352832 5.9992970
v 0.6154546 -0.4421453 6.0264806
v 0.5981735 -0.4529736 6.0463803
v 0.5733261 -0.4648665 6.0536642
v 0.5475703 -0.4746374 6.0463803
v 0.5278072 -0.4796681 6.0264806
v 0.5193325 -0.4786107 5.9992970
v 0.4841095 -0.5162196 5.9960151
v 0.4935518 -0.5034755 5.9455313
v 0.5256452 -0.4833659 5.9085746
v 0.5717903 -0.4612790 5.8950475
v 0.6196226 -0.4431331 5.9085746
v 0.6563254 -0.4337903 5.9455313
v 0.6720643 -0.4357541 5.9960151
v 0.6626220 -0.4484981 6.0464990
v 0.6305286 -0.4686078 6.0834557
v 0.5843834 -0.4906946 6.0969828
v 0.5365511 -0.5088405 6.0834557
v 0.4998483 -0.5181833 6.0464990
v 0.4841095 -0.5162196 5.9960151
v 0.4677920 -0.5513671 5.9919129
v 0.4798975 -0.5350286 5.9271900
v 0.5210429 -0.5092470 5.8798096
v 0.5802033 -0.4809305 5.8624672
v 0.6415268 -0.4576665 5.8798096
v 0.6885817 -0.4456886 5.9271900
v 0.7087597 -0.4482062 5.9919129
v 0.6966542 -0.4645447 6.0566357
v 0.6555088 -0.4903263 6.1040161
v 0.5963484 -0.5186428 6.1213585
v 0.5350249 -0.5419068 6.1040161
v 0.4879700 -0.5538847 6.0566357
v 0.4677920 -0.5513671 5.9919129
v 0.4677920 -0.5513671 5.9919129
v 0.4798975 -0.5350286 5.9271900
v 0.5210429 -0.5092470 5.8798096
v 0.5802033 -0.4809305 5.8624672
v 0.6415268 -0.4576665 5.8798096
v 0.6885817 -0.4456886 5.9271900
v 0.7087597 -0.4482062 5.9919129
v 0.6966542 -0.4645447 6.0566357
v 0.6555088 -0.4903263 6.1040161
v 0.5963484 -0.5186428 6.1213585
v 0.5350249 -0.5419068 6.1040161
v 0.4879700 -0.5538847 6.0566357
v 0.4677920 -0.5513671 5.9919129
v 0.5145947 -0.5341465 5.9915026
v 0.5221002 -0.5240166 5.9513745
v 0.5476103 -0.5080320 5.9219986
v 0.5842898 -0.4904758 5.9112463
v 0.6223103 -0.4760522 5.9219986
v 0.6514843 -0.4686258 5.9513745
v 0.6639947 -0.4701868 5.9915026
v 0.6564893 -0.4803167 6.0316308
v 0.6309792 -0.4963012 6.0610066
v 0.5942997 -0.5138575 6.0717590
v 0.5562792 -0.5282811 6.0610066
v 0.5271051 -0.5357074 6.0316308
v 0.5145947 -0.5341465 5.9915026
v 0.5371224 -0.4935242 5.9960151
v 0.5412382 -0.4879691 5.9740094
v 0.5552277 -0.4792033 5.9579000
v 0.5753422 -0.4695757 5.9520036
v 0.5961922 -0.4616660 5.9579000
v 0.6121908 -0.4575935 5.9740094
v 0.6190514 -0.4584495 5.9960151
v 0.6149355 -0.4640046 6.0180209
v 0.6009461 -0.4727703 6.0341303
v 0.5808315 -0.4823979 6.0400267
v 0.5599816 -0.4903077 6.0341303
v 0.5439829 -0.4943802 6.0180209
v 0.5371224 -0.4935242 5.9960151
v 0.5740113 -0.4664669 5.9976561
v 0.5202738 -0.5350566 6.5926562
v 0.5243563 -0.5280959 6.5687779
v 0.5393055 -0.5177877 6.5512977
v 0.5611157 -0.5068941 6.5448996
v 0.5839428 -0.4983339 6.5512977
v 0.6016704 -0.4944009 6.5687779
v 0.6095484 -0.4961489 6.5926562
v 0.6054658 -0.5031096 6.6165345
v 0.5905167 -0.5134178 6.6340146
v 0.5687065 -0.5243115 6.6404128
v 0.5458794 -0.5328716 6.6340146
v 0.5281518 -0.5368046 6.6165345
v 0.5202738 -0.5350566 6.5926562
v 0.4892818 -0.5684092 6.5890372
v 0.4968637 -0.5554823 6.5446918
v 0.5246264 -0.5363385 6.5122287
v 0.5651310 -0.5161074 6.5003463
v 0.6075243 -0.5002099 6.5122287
v 0.6404470 -0.4929058 6.5446918
v 0.6550775 -0.4961521 6.5890372
v 0.6474956 -0.5090791 6.6333826
v 0.6197329 -0.5282229 6.6658457
v 0.5792283 -0.5484540 6.6777280
v 0.5368350 -0.5643515 6.6658457
v 0.5039123 -0.5716556 6.6333826
v 0.4892818 -0.5684092 6.5890372
v 0.4749861 -0.5994467 6.5845134
v 0.4847064 -0.5828737 6.5276603
v 0.5202997 -0.5583304 6.4860410
v 0.5722286 -0.5323931 6.4708072
v 0.6265790 -0.5120117 6.4860410
v 0.6687876 -0.5026475 6.5276603
v 0.6875447 -0.5068094 6.5845134
v 0.6778243 -0.5233825 6.6413666
v 0.6422311 -0.5479258 6.6829859
v 0.5903021 -0.5738631 6.6982197
v 0.5359518 -0.5942445 6.6829859
v 0.4937432 -0.6036087 6.6413666
v 0.4749861 -0.5994467 6.5845134
v 0.4749861 -0.5994467 6.5845134
v 0.4847064 -0.5828737 6.5276603
v 0.5202997 -0.5583304 6.4860410
v 0.5722286 -0.5323931 6.4708072
v 0.6265790 -0.5120117 6.4860410
v 0.6687876 -0.5026475 6.5276603
v 0.6875447 -0.5068094 6.5845134
v 0.6778243 -0.5233825 6.6413666
v 0.6422311 -0.5479258 6.6829859
v 0.5903021 -0.5738631 6.6982197
v 0.5359518 -0.5942445 6.6829859
v 0.4937432 -0.6036087 6.6413666
v 0.4749861 -0.5994467 6.5845134
v 0.5162808 -0.5839304 6.5840611
v 0.5223074 -0.5736551 6.5488121
v 0.5443752 -0.5584382 6.5230081
v 0.5765712 -0.5423571 6.5135632
v 0.6102684 -0.5297207 6.5230081
v 0.6364377 -0.5239148 6.5488121
v 0.6480671 -0.5264953 6.5840611
v 0.6420405 -0.5367705 6.6193100
v 0.6199727 -0.5519874 6.6451140
v 0.5877767 -0.5680685 6.6545589
v 0.5540795 -0.5807050 6.6451140
v 0.5279102 -0.5865108 6.6193100
v 0.5162808 -0.5839304 6.5840611
v 0.5360447 -0.5480290 6.5890372
v 0.5393496 -0.5423942 6.5697071
v 0.5514513 -0.5340495 6.5555565
v 0.5691072 -0.5252308 6.5503771
v 0.5875863 -0.5183011 6.5555565
v 0.6019372 -0.5151173 6.5697071
v 0.6083146 -0.5165323 6.5890372
v 0.6050097 -0.5221672 6.6083672
v 0.5929080 -0.5305119 6.6225178
v 0.5752521 -0.5393306 6.6276973
v 0.5567730 -0.5462603 6.6225178
v 0.5424221 -0.5494441 6.6083672
v 0.5360447 -0.5480290 6.5890372
v 0.5685454 -0.5239417 6.5908467
v 0.4774995 -0.6335570 7.1775885
v 0.4805783 -0.6267445 7.1571259
v 0.4930825 -0.6170563 7.1421463
v 0.5116616 -0.6070883 7.1366633
v 0.5313374 -0.5995115 7.1421463
v 0.5468376 -0.5963559 7.1571259
v 0.5540092 -0.5984673 7.1775885
v 0.5509304 -0.6052798 7.1980510
v 0.5384262 -0.6149680 7.2130307
v 0.5198471 -0.6249359 7.2185136
v 0.5001714 -0.6325128 7.2130307
v 0.4846711 -0.6356683 7.1980510
v 0.4774995 -0.6335570 7.1775885
v 0.4512090 -0.6627666 7.1738484
v 0.4569268 -0.6501149 7.1358465
v 0.4801489 -0.6321225 7.1080272
v 0.5146529 -0.6136105 7.0978446
v 0.5511936 -0.5995392 7.1080272
v 0.5799798 -0.5936790 7.1358465
v 0.5932984 -0.5976001 7.1738484
v 0.5875806 -0.6102518 7.2118504
v 0.5643585 -0.6282442 7.2396697
v 0.5298545 -0.6467561 7.2498523
v 0.4933139 -0.6608274 7.2396697
v 0.4645276 -0.6666877 7.2118504
v 0.4512090 -0.6627666 7.1738484
v 0.4392950 -0.6896708 7.1691734
v 0.4466255 -0.6734506 7.1204530
v 0.4763974 -0.6503834 7.0847872
v 0.5206333 -0.6266501 7.0717326
v 0.5674803 -0.6086100 7.0847872
v 0.6043857 -0.6010969 7.1204530
v 0.6214608 -0.6061239 7.1691734
v 0.6141303 -0.6223441 7.2178938
v 0.5843584 -0.6454112 7.2535596
v 0.5401225 -0.6691445 7.2666142
v 0.4932755 -0.6871847 7.2535596
v 0.4563701 -0.6946978 7.2178938
v 0.4392950 -0.6896708 7.1691734
v 0.4392950 -0.6896708 7.1691734
v 0.4466255 -0.6734506 7.1204530
v 0.4763974 -0.6503834 7.0847872
v 0.5206333 -0.6266501 7.0717326
v 0.5674803 -0.6086100 7.0847872
v 0.6043857 -0.6010969 7.1204530
v 0.6214608 -0.6061239 7.1691734
v 0.6141303 -0.6223441 7.2178938
v 0.5843584 -0.6454112 7.2535596
v 0.5401225 -0.6691445 7.2666142
v 0.4932755 -0.6871847 7.2535596
v 0.4563701 -0.6946978 7.2178938
v 0.4392950 -0.6896708 7.1691734
v 0.4747189 -0.6755683 7.1687059
v 0.4792638 -0.6655118 7.1384992
v 0.4977224 -0.6512101 7.1163864
v 0.5251487 -0.6364955 7.1082926
v 0.5541938 -0.6253106 7.1163864
v 0.5770752 -0.6206525 7.1384992
v 0.5876617 -0.6237692 7.1687059
v 0.5831168 -0.6338257 7.1989125
v 0.5646583 -0.6481274 7.2210254
v 0.5372320 -0.6628420 7.2291192
v 0.5081868 -0.6740269 7.2210254
v 0.4853055 -0.6786850 7.1989125
v 0.4747189 -0.6755683 7.1687059
v 0.4912855 -0.6443863 7.1738484
v 0.4937779 -0.6388714 7.1572835
v 0.5039003 -0.6310286 7.1451571
v 0.5189405 -0.6229593 7.1407186
v 0.5348685 -0.6168256 7.1451571
v 0.5474164 -0.6142712 7.1572835
v 0.5532219 -0.6159804 7.1738484
v 0.5507295 -0.6214952 7.1904134
v 0.5406071 -0.6293381 7.2025398
v 0.5255669 -0.6374074 7.2069783
v 0.5096389 -0.6435410 7.2025398
v 0.4970911 -0.6460955 7.1904134
v 0.4912855 -0.6443863 7.1738484
v 0.5190040 -0.6230977 7.1757185
v 0.3793057 -0.7808823 7.7562951
v 0.3814313 -0.7746150 7.7393411
v 0.3914080 -0.7658022 7.7269299
v 0.4065623 -0.7568053 7.7223871
v 0.4228338 -0.7500350 7.7269299
v 0.4358625 -0.7473054 7.7393411
v 0.4421574 -0.7493479 7.7562951
v 0.4400317 -0.7556152 7.7732491
v 0.4300551 -0.7644279 7.7856603
v 0.4149007 -0.7734248 7.7902031
v 0.3986292 -0.7801951 7.7856603
v 0.3856006 -0.7829247 7.7732491
v 0.3793057 -0.7808823 7.7562951
v 0.3581620 -0.8059426 7.7527534
v 0.3621096 -0.7943034 7.7212673
v 0.3806376 -0.7779368 7.6982180
v 0.4087814 -0.7612283 7.6897813
v 0.4389999 -0.7486549 7.6982180
v 0.4631961 -0.7435857 7.7212673
v 0.4748866 -0.7473788 7.7527534
v 0.4709389 -0.7590180 7.7842394
v 0.4524109 -0.7753846 7.8072887
v 0.4242671 -0.7920931 7.8157254
v 0.3940486 -0.8046665 7.8072887
v 0.3698525 -0.8097358 7.7842394
v 0.3581620 -0.8059426 7.7527534
v 0.3489418 -0.8286337 7.7483262
v 0.3540029 -0.8137116 7.7079595
v 0.3777567 -0.7927288 7.6784091
v 0.4138385 -0.7713077 7.6675928
v 0.4525802 -0.7551879 7.6784091
v 0.4836009 -0.7486888 7.7079595
v 0.4985887 -0.7535519 7.7483262
v 0.4935276 -0.7684739 7.7886929
v 0.4697737 -0.7894567 7.8182434
v 0.4336919 -0.8108778 7.8290596
v 0.3949503 -0.8269976 7.8182434
v 0.3639296 -0.8334967 7.7886929
v 0.3489418 -0.8286337 7.7483262
v 0.3489418 -0.8286337 7.7483262
v 0.3540029 -0.8137116 7.7079595
v 0.3777567 -0.7927288 7.6784091
v 0.4138385 -0.7713077 7.6675928
v 0.4525802 -0.7551879 7.6784091
v 0.4836009 -0.7486888 7.7079595
v 0.4985887 -0.7535519 7.7483262
v 0.4935276 -0.7684739 7.7886929
v 0.4697737 -0.7894567 7.8182434
v 0.4336919 -0.8108778 7.8290596
v 0.3949503 -0.8269976 7.8182434
v 0.3639296 -0.8334967 7.7886929
v 0.3489418 -0.8286337 7.7483262
v 0.3780988 -0.8158113 7.7478835
v 0.3812366 -0.8065596 7.7228562
v 0.3959640 -0.7935503 7.7045349
v 0.4183348 -0.7802692 7.6978288
v 0.4423546 -0.7702750 7.7045349
v 0.4615874 -0.7662455 7.7228562
v 0.4708798 -0.7692606 7.7478835
v 0.4677420 -0.7785123 7.7729109
v 0.4530146 -0.7915216 7.7912321
v 0.4306439 -0.8048027 7.7979382
v 0.4066240 -0.8147970 7.7912321
v 0.3873912 -0.8188264 7.7729109
v 0.3780988 -0.8158113 7.7478835
v 0.3910843 -0.7894246 7.7527534
v 0.3928051 -0.7843511 7.7390287
v 0.4008814 -0.7772170 7.7289815
v 0.4131492 -0.7699338 7.7253040
v 0.4263214 -0.7644531 7.7289815
v 0.4368684 -0.7622434 7.7390287
v 0.4419642 -0.7638968 7.7527534
v 0.4402435 -0.7689703 7.7664780
v 0.4321672 -0.7761045 7.7765252
v 0.4198994 -0.7833876 7.7802027
v 0.4067272 -0.7888684 7.7765252
v 0.3961802 -0.7910780 7.7664780
v 0.3910843 -0.7894246 7.7527534
v 0.4136279 -0.7708879 7.7545242
v 0.2089824 -0.9861819 8.3295124
v 0.2103048 -0.9809620 8.3161792
v 0.2177509 -0.9734749 8.3064186
v 0.2293256 -0.9657268 8.3028460
v 0.2419275 -0.9597938 8.3064186
v 0.2521798 -0.9572657 8.3161792
v 0.2573355 -0.9588197 8.3295124
v 0.2560131 -0.9640397 8.3428456
v 0.2485669 -0.9715267 8.3526062
v 0.2369922 -0.9792748 8.3561788
v 0.2243904 -0.9852078 8.3526062
v 0.2141380 -0.9877360 8.3428456
v 0.2089824 -0.9861819 8.3295124
v 0.1932627 -1.0067497 8.3265473
v 0.1957186 -0.9970556 8.3017856
v 0.2095471 -0.9831510 8.2836588
v 0.2310430 -0.9687617 8.2770240
v 0.2544465 -0.9577433 8.2836588
v 0.2734865 -0.9530482 8.3017856
v 0.2830613 -0.9559343 8.3265473
v 0.2806054 -0.9656284 8.3513089
v 0.2667768 -0.9795330 8.3694357
v 0.2452809 -0.9939223 8.3760706
v 0.2218775 -1.0049407 8.3694357
v 0.2028375 -1.0096359 8.3513089
v 0.1932627 -1.0067497 8.3265473
v 0.1868526 -1.0249675 8.3228409
v 0.1900012 -1.0125391 8.2910952
v 0.2077301 -0.9947128 8.2678557
v 0.2352890 -0.9762650 8.2593495
v 0.2652934 -0.9621388 8.2678557
v 0.2897036 -0.9561193 8.2910952
v 0.3019791 -0.9598195 8.3228409
v 0.2988305 -0.9722479 8.3545866
v 0.2811015 -0.9900743 8.3778261
v 0.2535427 -1.0085221 8.3863323
v 0.2235383 -1.0226483 8.3778261
v 0.1991280 -1.0286677 8.3545866
v 0.1868526 -1.0249675 8.3228409
v 0.1868526 -1.0249675 8.3228409
v 0.1900012 -1.0125391 8.2910952
v 0.2077301 -0.9947128 8.2678557
v 0.2352890 -0.9762650 8.2593495
v 0.2652934 -0.9621388 8.2678557
v 0.2897036 -0.9561193 8.2910952
v 0.3019791 -0.9598195 8.3228409
v 0.2988305 -0.9722479 8.3545866
v 0.2811015 -0.9900743 8.3778261
v 0.2535427 -1.0085221 8.3863323
v 0.2235383 -1.0226483 8.3778261
v 0.1991280 -1.0286677 8.3545866
v 0.1868526 -1.0249675 8.3228409
v 0.2093520 -1.0136946 8.3224703
v 0.2113041 -1.0059890 8.3027879
v 0.2222961 -0.9949366 8.2883795
v 0.2393826 -0.9834990 8.2831056
v 0.2579853 -0.9747407 8.2883795
v 0.2731196 -0.9710087 8.3027879
v 0.2807304 -0.9733028 8.3224703
v 0.2787783 -0.9810084 8.3421526
v 0.2677864 -0.9920607 8.3565611
v 0.2506999 -1.0034984 8.3618349
v 0.2320972 -1.0122566 8.3565611
v 0.2169628 -1.0159887 8.3421526
v 0.2093520 -1.0136946 8.3224703
v 0.2185905 -0.9924172 8.3265473
v 0.2196610 -0.9881915 8.3157537
v 0.2256888 -0.9821306 8.3078523
v 0.2350589 -0.9758583 8.3049602
v 0.2452603 -0.9710554 8.3078523
v 0.2535598 -0.9690088 8.3157537
v 0.2577335 -0.9702669 8.3265473
v 0.2566630 -0.9744925 8.3373408
v 0.2506351 -0.9805535 8.3452422
v 0.2412651 -0.9868257 8.3481344
v 0.2310636 -0.9916286 8.3452422
v 0.2227641 -0.9936752 8.3373408
v 0.2185905 -0.9924172 8.3265473
v 0.2356604 -0.9769214 8.3280298
v -0.0475567 -1.2542570 8.8963701
v -0.0468020 -1.2505492 8.8868877
v -0.0418069 -1.2449728 8.8799460
v -0.0339097 -1.2390220 8.8774052
v -0.0252264 -1.2342914 8.8799460
v -0.0180838 -1.2320483 8.8868877
v -0.0143957 -1.2328940 8.8963701
v -0.0151504 -1.2366018 8.9058526
v -0.0201455 -1.2421782 8.9127942
v -0.0280427 -1.2481290 8.9153350
v -0.0367260 -1.2528597 8.9127942
v -0.0438686 -1.2551027 8.9058526
v -0.0475567 -1.2542570 8.8963701
v -0.0578558 -1.2694861 8.8943067
v -0.0564544 -1.2626002 8.8766964
v -0.0471776 -1.2522440 8.8638048
v -0.0325114 -1.2411926 8.8590861
v -0.0163853 -1.2324070 8.8638048
v -0.0031205 -1.2282414 8.8766964
v 0.0037288 -1.2298120 8.8943067
v 0.0023273 -1.2366979 8.9119169
v -0.0069494 -1.2470540 8.9248085
v -0.0216157 -1.2581055 8.9295272
v -0.0377417 -1.2668911 8.9248085
v -0.0510065 -1.2710567 8.9119169
v -0.0578558 -1.2694861 8.8943067
v -0.0616500 -1.2826731 8.8917273
v -0.0598532 -1.2738450 8.8691501
v -0.0479600 -1.2605679 8.8526224
v -0.0291571 -1.2463993 8.8465728
v -0.0084827 -1.2351357 8.8526224
v 0.0085235 -1.2297952 8.8691501
v 0.0173046 -1.2318088 8.8917273
v 0.0155079 -1.2406369 8.9143046
v 0.0036147 -1.2539140 8.9308323
v -0.0151882 -1.2680826 8.9368818
v -0.0358626 -1.2793461 8.9308323
v -0.0528688 -1.2846866 8.9143046
v -0.0616500 -1.2826731 8.8917273
v -0.0616500 -1.2826731 8.8917273
v -0.0598532 -1.2738450 8.8691501
v -0.0479600 -1.2605679 8.8526224
v -0.0291571 -1.2463993 8.8465728
v -0.0084827 -1.2351357 8.8526224
v 0.0085235 -1.2297952 8.8691501
v 0.0173046 -1.2318088 8.8917273
v 0.0155079 -1.2406369 8.9143046
v 0.0036147 -1.2539140 8.9308323
v -0.0151882 -1.2680826 8.9368818
v -0.0358626 -1.2793461 8.9308323
v -0.0528688 -1.2846866 8.9143046
v -0.0616500 -1.2826731 8.8917273
v -0.0461595 -1.2737680 8.8914694
v -0.0450455 -1.2682946 8.8774715
v -0.0376717 -1.2600628 8.8672243
v -0.0260139 -1.2512783 8.8634736
v -0.0131958 -1.2442949 8.8672243
v -0.0026520 -1.2409838 8.8774715
v 0.0027924 -1.2422322 8.8914694
v 0.0016784 -1.2477056 8.9054673
v -0.0056954 -1.2559374 8.9157145
v -0.0173532 -1.2647219 8.9194652
v -0.0301714 -1.2717053 8.9157145
v -0.0407152 -1.2750164 8.9054673
v -0.0461595 -1.2737680 8.8914694
v -0.0404858 -1.2582960 8.8943067
v -0.0398749 -1.2552944 8.8866304
v -0.0358312 -1.2507802 8.8810110
v -0.0294382 -1.2459629 8.8789541
v -0.0224089 -1.2421333 8.8810110
v -0.0166268 -1.2403175 8.8866304
v -0.0136412 -1.2410021 8.8943067
v -0.0142521 -1.2440037 8.9019829
v -0.0182958 -1.2485179 8.9076023
v -0.0246888 -1.2533352 8.9096592
v -0.0317181 -1.2571648 8.9076023
v -0.0375002 -1.2589806 8.9019829
v -0.0404858 -1.2582960 8.8943067
v -0.0290199 -1.2466123 8.8953384

vt 0.0020000 0.0020000
vt 0.0393000 0.0020000
vt 0.0766000 0.0020000
vt 0.1139000 0.0020000
vt 0.1512000 0.0020000
vt 0.1885000 0.0020000
vt 0.2258000 0.0020000
vt 0.2631000 0.0020000
vt 0.3004000 0.0020000
vt 0.3377000 0.0020000
vt 0.3750000 0.0020000
vt 0.4123000 0.0020000
vt 0.4496000 0.0020000
vt 0.4869000 0.0020000
vt 0.5242000 0.0020000
vt 0.5615000 0.0020000
vt 0.5988000 0.0020000
vt 0.6361000 0.0020000
vt 0.6734000 0.0020000
vt 0.7107000 0.0020000
vt 0.7480000 0.0020000
vt 0.0020000 0.0296667
vt 0.0393000 0.0296667
vt 0.0766000 0.0296667
vt 0.1139000 0.0296667
vt 0.1512000 0.0296667
vt 0.1885000 0.0296667
vt 0.2258000 0.0296667
vt 0.2631000 0.0296667
vt 0.3004000 0.0296667
vt 0.3377000 0.0296667
vt 0.3750000 0.0296667
vt 0.4123000 0.0296667
vt 0.4496000 0.0296667
vt 0.4869000 0.0296667
vt 0.5242000 0.0296667
vt 0.5615000 0.0296667
vt 0.5988000 0.0296667
vt 0.6361000 0.0296667
vt 0.6734000 0.0296667
vt 0.7107000 0.0296667
vt 0.7480000 0.0296667
vt 0.0020000 0.0573333
vt 0.0393000 0.0573333
vt 0.0766000 0.0573333
vt 0.1139000 0.0573333
vt 0.1512000 0.0573333
vt 0.1885000 0.0573333
vt 0.2258000 0.0573333
vt 0.2631000 0.0573333
vt 0.3004000 0.0573333
vt 0.3377000 0.0573333
vt 0.3750000 0.0573333
vt 0.4123000 0.0573333
vt 0.4496000 0.0573333
vt 0.4869000 0.0573333
vt 0.5242000 0.0573333
vt 0.5615000 0.0573333
vt 0.5988000 0.0573333
vt 0.6361000 0.0573333
vt 0.6734000 0.0573333
vt 0.7107000 0.0573333
vt 0.7480000 0.0573333
vt 0.0020000 0.0850000
vt 0.0393000 0.0850000
vt 0.0766000 0.0850000
vt 0.1139000 0.0850000
vt 0.1512000 0.0850000
vt 0.1885000 0.0850000
vt 0.2258000 0.0850000
vt 0.2631000 0.0850000
vt 0.3004000 0.0850000
vt 0.3377000 0.0850000
vt 0.3750000 0.0850000
vt 0.4123000 0.0850000
vt 0.4496000 0.0850000
vt 0.4869000 0.0850000
vt 0.5242000 0.0850000
vt 0.5615000 0.0850000
vt 0.5988000 0.0850000
vt 0.6361000 0.0850000
vt 0.6734000 0.0850000
vt 0.7107000 0.0850000
vt 0.7480000 0.0850000
vt 0.0020000 0.1126667
vt 0.0393000 0.1126667
vt 0.0766000 0.1126667
vt 0.1139000 0.1126667
vt 0.1512000 0.1126667
vt 0.1885000 0.1126667
vt 0.2258000 0.1126667
vt 0.2631000 0.1126667
vt 0.3004000 0.1126667
vt 0.3377000 0.1126667
vt 0.3750000 0.1126667
vt 0.4123000 0.1126667
vt 0.4496000 0.1126667
vt 0.4869000 0.1126667
vt 0.5242000 0.1126667
vt 0.5615000 0.1126667
vt 0.5988000 0.1126667
vt 0.6361000 0.1126667
vt 0.6734000 0.1126667
vt 0.7107000 0.1126667
vt 0.7480000 0.1126667
vt 0.0020000 0.1403333
vt 0.0393000 0.1403333
vt 0.0766000 0.1403333
vt 0.1139000 0.1403333
vt 0.1512000 0.1403333
vt 0.1885000 0.1403333
vt 0.2258000 0.1403333
vt 0.2631000 0.1403333
vt 0.3004000 0.1403333
vt 0.3377000 0.1403333
vt 0.3750000 0.1403333
vt 0.4123000 0.1403333
vt 0.4496000 0.1403333
vt 0.4869000 0.1403333
vt 0.5242000 0.1403333
vt 0.5615000 0.1403333
vt 0.5988000 0.1403333
vt 0.6361000 0.1403333
vt 0.6734000 0.1403333
vt 0.7107000 0.1403333
vt 0.7480000 0.1403333
vt 0.0020000 0.1680000
vt 0.0393000 0.1680000
vt 0.0766000 0.1680000
vt 0.1139000 0.1680000
vt 0.1512000 0.1680000
vt 0.1885000 0.1680000
vt 0.2258000 0.1680000
vt 0.2631000 0.1680000
vt 0.3004000 0.1680000
vt 0.3377000 0.1680000
vt 0.3750000 0.1680000
vt 0.4123000 0.1680000
vt 0.4496000 0.1680000
vt 0.4869000 0.1680000
vt 0.5242000 0.1680000
vt 0.5615000 0.1680000
vt 0.5988000 0.1680000
vt 0.6361000 0.1680000
vt 0.6734000 0.1680000
vt 0.7107000 0.1680000
vt 0.7480000 0.1680000
vt 0.0020000 0.1956667
vt 0.0393000 0.1956667
vt 0.0766000 0.1956667
vt 0.1139000 0.1956667
vt 0.1512000 0.1956667
vt 0.1885000 0.1956667
vt 0.2258000 0.1956667
vt 0.2631000 0.1956667
vt 0.3004000 0.1956667
vt 0.3377000 0.1956667
vt 0.3750000 0.1956667
vt 0.4123000 0.1956667
vt 0.4496000 0.1956667
vt 0.4869000 0.1956667
vt 0.5242000 0.1956667
vt 0.5615000 0.1956667
vt 0.5988000 0.1956667
vt 0.6361000 0.1956667
vt 0.6734000 0.1956667
vt 0.7107000 0.1956667
vt 0.7480000 0.1956667
vt 0.0020000 0.2233333
vt 0.0393000 0.2233333
vt 0.0766000 0.2233333
vt 0.1139000 0.2233333
vt 0.1512000 0.2233333
vt 0.1885000 0.2233333
vt 0.2258000 0.2233333
vt 0.2631000 0.2233333
vt 0.3004000 0.2233333
vt 0.3377000 0.2233333
vt 0.3750000 0.2233333
vt 0.4123000 0.2233333
vt 0.4496000 0.2233333
vt 0.4869000 0.2233333
vt 0.5242000 0.2233333
vt 0.5615000 0.2233333
vt 0.5988000 0.2233333
vt 0.6361000 0.2233333
vt 0.6734000 0.2233333
vt 0.7107000 0.2233333
vt 0.7480000 0.2233333
vt 0.0020000 0.2510000
vt 0.0393000 0.2510000
vt 0.0766000 0.2510000
vt 0.1139000 0.2510000
vt 0.1512000 0.2510000
vt 0.1885000 0.2510000
vt 0.2258000 0.2510000
vt 0.2631000 0.2510000
vt 0.3004000 0.2510000
vt 0.3377000 0.2510000
vt 0.3750000 0.2510000
vt 0.4123000 0.2510000
vt 0.4496000 0.2510000
vt 0.4869000 0.2510000
vt 0.5242000 0.2510000
vt 0.5615000 0.2510000
vt 0.5988000 0.2510000
vt 0.6361000 0.2510000
vt 0.6734000 0.2510000
vt 0.7107000 0.2510000
vt 0.7480000 0.2510000
vt 0.0020000 0.2786667
vt 0.0393000 0.2786667
vt 0.0766000 0.2786667
vt 0.1139000 0.2786667
vt 0.1512000 0.2786667
vt 0.1885000 0.2786667
vt 0.2258000 0.2786667
vt 0.2631000 0.2786667
vt 0.3004000 0.2786667
vt 0.3377000 0.2786667
vt 0.3750000 0.2786667
vt 0.4123000 0.2786667
vt 0.4496000 0.2786667
vt 0.4869000 0.2786667
vt 0.5242000 0.2786667
vt 0.5615000 0.2786667
vt 0.5988000 0.2786667
vt 0.6361000 0.2786667
vt 0.6734000 0.2786667
vt 0.7107000 0.2786667
vt 0.7480000 0.2786667
vt 0.0020000 0.3063333
vt 0.0393000 0.3063333
vt 0.0766000 0.3063333
vt 0.1139000 0.3063333
vt 0.1512000 0.3063333
vt 0.1885000 0.3063333
vt 0.2258000 0.3063333
vt 0.2631000 0.3063333
vt 0.3004000 0.3063333
vt 0.3377000 0.3063333
vt 0.3750000 0.3063333
vt 0.4123000 0.3063333
vt 0.4496000 0.3063333
vt 0.4869000 0.3063333
vt 0.5242000 0.3063333
vt 0.5615000 0.3063333
vt 0.5988000 0.3063333
vt 0.6361000 0.3063333
vt 0.6734000 0.3063333
vt 0.7107000 0.3063333
vt 0.7480000 0.3063333
vt 0.0020000 0.3340000
vt 0.0393000 0.3340000
vt 0.0766000 0.3340000
vt 0.1139000 0.3340000
vt 0.1512000 0.3340000
vt 0.1885000 0.3340000
vt 0.2258000 0.3340000
vt 0.2631000 0.3340000
vt 0.3004000 0.3340000
vt 0.3377000 0.3340000
vt 0.3750000 0.3340000
vt 0.4123000 0.3340000
vt 0.4496000 0.3340000
vt 0.4869000 0.3340000
vt 0.5242000 0.3340000
vt 0.5615000 0.3340000
vt 0.5988000 0.3340000
vt 0.6361000 0.3340000
vt 0.6734000 0.3340000
vt 0.7107000 0.3340000
vt 0.7480000 0.3340000
vt 0.0020000 0.3616667
vt 0.0393000 0.3616667
vt 0.0766000 0.3616667
vt 0.1139000 0.3616667
vt 0.1512000 0.3616667
vt 0.1885000 0.3616667
vt 0.2258000 0.3616667
vt 0.2631000 0.3616667
vt 0.3004000 0.3616667
vt 0.3377000 0.3616667
vt 0.3750000 0.3616667
vt 0.4123000 0.3616667
vt 0.4496000 0.3616667
vt 0.4869000 0.3616667
vt 0.5242000 0.3616667
vt 0.5615000 0.3616667
vt 0.5988000 0.3616667
vt 0.6361000 0.3616667
vt 0.6734000 0.3616667
vt 0.7107000 0.3616667
vt 0.7480000 0.3616667
vt 0.0020000 0.3893333
vt 0.0393000 0.3893333
vt 0.0766000 0.3893333
vt 0.1139000 0.3893333
vt 0.1512000 0.3893333
vt 0.1885000 0.3893333
vt 0.2258000 0.3893333
vt 0.2631000 0.3893333
vt 0.3004000 0.3893333
vt 0.3377000 0.3893333
vt 0.3750000 0.3893333
vt 0.4123000 0.3893333
vt 0.4496000 0.3893333
vt 0.4869000 0.3893333
vt 0.5242000 0.3893333
vt 0.5615000 0.3893333
vt 0.5988000 0.3893333
vt 0.6361000 0.3893333
vt 0.6734000 0.3893333
vt 0.7107000 0.3893333
vt 0.7480000 0.3893333
vt 0.0020000 0.4170000
vt 0.0393000 0.4170000
vt 0.0766000 0.4170000
vt 0.1139000 0.4170000
vt 0.1512000 0.4170000
vt 0.1885000 0.4170000
vt 0.2258000 0.4170000
vt 0.2631000 0.4170000
vt 0.3004000 0.4170000
vt 0.3377000 0.4170000
vt 0.3750000 0.4170000
vt 0.4123000 0.4170000
vt 0.4496000 0.4170000
vt 0.4869000 0.4170000
vt 0.5242000 0.4170000
vt 0.5615000 0.4170000
vt 0.5988000 0.4170000
vt 0.6361000 0.4170000
vt 0.6734000 0.4170000
vt 0.7107000 0.4170000
vt 0.7480000 0.4170000
vt 0.0020000 0.4446667
vt 0.0393000 0.4446667
vt 0.0766000 0.4446667
vt 0.1139000 0.4446667
vt 0.1512000 0.4446667
vt 0.1885000 0.4446667
vt 0.2258000 0.4446667
vt 0.2631000 0.4446667
vt 0.3004000 0.4446667
vt 0.3377000 0.4446667
vt 0.3750000 0.4446667
vt 0.4123000 0.4446667
vt 0.4496000 0.4446667
vt 0.4869000 0.4446667
vt 0.5242000 0.4446667
vt 0.5615000 0.4446667
vt 0.5988000 0.4446667
vt 0.6361000 0.4446667
vt 0.6734000 0.4446667
vt 0.7107000 0.4446667
vt 0.7480000 0.4446667
vt 0.0020000 0.4723333
vt 0.0393000 0.4723333
vt 0.0766000 0.4723333
vt 0.1139000 0.4723333
vt 0.1512000 0.4723333
vt 0.1885000 0.4723333
vt 0.2258000 0.4723333
vt 0.2631000 0.4723333
vt 0.3004000 0.4723333
vt 0.3377000 0.4723333
vt 0.3750000 0.4723333
vt 0.4123000 0.4723333
vt 0.4496000 0.4723333
vt 0.4869000 0.4723333
vt 0.5242000 0.4723333
vt 0.5615000 0.4723333
vt 0.5988000 0.4723333
vt 0.6361000 0.4723333
vt 0.6734000 0.4723333
vt 0.7107000 0.4723333
vt 0.7480000 0.4723333
vt 0.0020000 0.5000000
vt 0.0393000 0.5000000
vt 0.0766000 0.5000000
vt 0.1139000 0.5000000
vt 0.1512000 0.5000000
vt 0.1885000 0.5000000
vt 0.2258000 0.5000000
vt 0.2631000 0.5000000
vt 0.3004000 0.5000000
vt 0.3377000 0.5000000
vt 0.3750000 0.5000000
vt 0.4123000 0.5000000
vt 0.4496000 0.5000000
vt 0.4869000 0.5000000
vt 0.5242000 0.5000000
vt 0.5615000 0.5000000
vt 0.5988000 0.5000000
vt 0.6361000 0.5000000
vt 0.6734000 0.5000000
vt 0.7107000 0.5000000
vt 0.7480000 0.5000000
vt 0.0020000 0.5276667
vt 0.0393000 0.5276667
vt 0.0766000 0.5276667
vt 0.1139000 0.5276667
vt 0.1512000 0.5276667
vt 0.1885000 0.5276667
vt 0.2258000 0.5276667
vt 0.2631000 0.5276667
vt 0.3004000 0.5276667
vt 0.3377000 0.5276667
vt 0.3750000 0.5276667
vt 0.4123000 0.5276667
vt 0.4496000 0.5276667
vt 0.4869000 0.5276667
vt 0.5242000 0.5276667
vt 0.5615000 0.5276667
vt 0.5988000 0.5276667
vt 0.6361000 0.5276667
vt 0.6734000 0.5276667
vt 0.7107000 0.5276667
vt 0.7480000 0.5276667
vt 0.0020000 0.5553333
vt 0.0393000 0.5553333
vt 0.0766000 0.5553333
vt 0.1139000 0.5553333
vt 0.1512000 0.5553333
vt 0.1885000 0.5553333
vt 0.2258000 0.5553333
vt 0.2631000 0.5553333
vt 0.3004000 0.5553333
vt 0.3377000 0.5553333
vt 0.3750000 0.5553333
vt 0.4123000 0.5553333
vt 0.4496000 0.5553333
vt 0.4869000 0.5553333
vt 0.5242000 0.5553333
vt 0.5615000 0.5553333
vt 0.5988000 0.5553333
vt 0.6361000 0.5553333
vt 0.6734000 0.5553333
vt 0.7107000 0.5553333
vt 0.7480000 0.5553333
vt 0.0020000 0.5830000
vt 0.0393000 0.5830000
vt 0.0766000 0.5830000
vt 0.1139000 0.5830000
vt 0.1512000 0.5830000
vt 0.1885000 0.5830000
vt 0.2258000 0.5830000
vt 0.2631000 0.5830000
vt 0.3004000 0.5830000
vt 0.3377000 0.5830000
vt 0.3750000 0.5830000
vt 0.4123000 0.5830000
vt 0.4496000 0.5830000
vt 0.4869000 0.5830000
vt 0.5242000 0.5830000
vt 0.5615000 0.5830000
vt 0.5988000 0.5830000
vt 0.6361000 0.5830000
vt 0.6734000 0.5830000
vt 0.7107000 0.5830000
vt 0.7480000 0.5830000
vt 0.0020000 0.6106667
vt 0.0393000 0.6106667
vt 0.0766000 0.6106667
vt 0.1139000 0.6106667
vt 0.1512000 0.6106667
vt 0.1885000 0.6106667
vt 0.2258000 0.6106667
vt 0.2631000 0.6106667
vt 0.3004000 0.6106667
vt 0.3377000 0.6106667
vt 0.3750000 0.6106667
vt 0.4123000 0.6106667
vt 0.4496000 0.6106667
vt 0.4869000 0.6106667
vt 0.5242000 0.6106667
vt 0.5615000 0.6106667
vt 0.5988000 0.6106667
vt 0.6361000 0.6106667
vt 0.6734000 0.6106667
vt 0.7107000 0.6106667
vt 0.7480000 0.6106667
vt 0.0020000 0.6383333
vt 0.0393000 0.6383333
vt 0.0766000 0.6383333
vt 0.1139000 0.6383333
vt 0.1512000 0.6383333
vt 0.1885000 0.6383333
vt 0.2258000 0.6383333
vt 0.2631000 0.6383333
vt 0.3004000 0.6383333
vt 0.3377000 0.6383333
vt 0.3750000 0.6383333
vt 0.4123000 0.6383333
vt 0.4496000 0.6383333
vt 0.4869000 0.6383333
vt 0.5242000 0.6383333
vt 0.5615000 0.6383333
vt 0.5988000 0.6383333
vt 0.6361000 0.6383333
vt 0.6734000 0.6383333
vt 0.7107000 0.6383333
vt 0.7480000 0.6383333
vt 0.0020000 0.6660000
vt 0.0393000 0.6660000
vt 0.0766000 0.6660000
vt 0.1139000 0.6660000
vt 0.1512000 0.6660000
vt 0.1885000 0.6660000
vt 0.2258000 0.6660000
vt 0.2631000 0.6660000
vt 0.3004000 0.6660000
vt 0.3377000 0.6660000
vt 0.3750000 0.6660000
vt 0.4123000 0.6660000
vt 0.4496000 0.6660000
vt 0.4869000 0.6660000
vt 0.5242000 0.6660000
vt 0.5615000 0.6660000
vt 0.5988000 0.6660000
vt 0.6361000 0.6660000
vt 0.6734000 0.6660000
vt 0.7107000 0.6660000
vt 0.7480000 0.6660000
vt 0.0020000 0.6936667
vt 0.0393000 0.6936667
vt 0.0766000 0.6936667
vt 0.1139000 0.6936667
vt 0.1512000 0.6936667
vt 0.1885000 0.6936667
vt 0.2258000 0.6936667
vt 0.2631000 0.6936667
vt 0.3004000 0.6936667
vt 0.3377000 0.6936667
vt 0.3750000 0.6936667
vt 0.4123000 0.6936667
vt 0.4496000 0.6936667
vt 0.4869000 0.6936667
vt 0.5242000 0.6936667
vt 0.5615000 0.6936667
vt 0.5988000 0.6936667
vt 0.6361000 0.6936667
vt 0.6734000 0.6936667
vt 0.7107000 0.6936667
vt 0.7480000 0.6936667
vt 0.0020000 0.7213333
vt 0.0393000 0.7213333
vt 0.0766000 0.7213333
vt 0.1139000 0.7213333
vt 0.1512000 0.7213333
vt 0.1885000 0.7213333
vt 0.2258000 0.7213333
vt 0.2631000 0.7213333
vt 0.3004000 0.7213333
vt 0.3377000 0.7213333
vt 0.3750000 0.7213333
vt 0.4123000 0.7213333
vt 0.4496000 0.7213333
vt 0.4869000 0.7213333
vt 0.5242000 0.7213333
vt 0.5615000 0.7213333
vt 0.5988000 0.7213333
vt 0.6361000 0.7213333
vt 0.6734000 0.7213333
vt 0.7107000 0.7213333
vt 0.7480000 0.7213333
vt 0.0020000 0.7490000
vt 0.0393000 0.7490000
vt 0.0766000 0.7490000
vt 0.1139000 0.7490000
vt 0.1512000 0.7490000
vt 0.1885000 0.7490000
vt 0.2258000 0.7490000
vt 0.2631000 0.7490000
vt 0.3004000 0.7490000
vt 0.3377000 0.7490000
vt 0.3750000 0.7490000
vt 0.4123000 0.7490000
vt 0.4496000 0.7490000
vt 0.4869000 0.7490000
vt 0.5242000 0.7490000
vt 0.5615000 0.7490000
vt 0.5988000 0.7490000
vt 0.6361000 0.7490000
vt 0.6734000 0.7490000
vt 0.7107000 0.7490000
vt 0.7480000 0.7490000
vt 0.0020000 0.7766667
vt 0.0393000 0.7766667
vt 0.0766000 0.7766667
vt 0.1139000 0.7766667
vt 0.1512000 0.7766667
vt 0.1885000 0.7766667
vt 0.2258000 0.7766667
vt 0.2631000 0.7766667
vt 0.3004000 0.7766667
vt 0.3377000 0.7766667
vt 0.3750000 0.7766667
vt 0.4123000 0.7766667
vt 0.4496000 0.7766667
vt 0.4869000 0.7766667
vt 0.5242000 0.7766667
vt 0.5615000 0.7766667
vt 0.5988000 0.7766667
vt 0.6361000 0.7766667
vt 0.6734000 0.7766667
vt 0.7107000 0.7766667
vt 0.7480000 0.7766667
vt 0.0020000 0.8043333
vt 0.0393000 0.8043333
vt 0.0766000 0.8043333
vt 0.1139000 0.8043333
vt 0.1512000 0.8043333
vt 0.1885000 0.8043333
vt 0.2258000 0.8043333
vt 0.2631000 0.8043333
vt 0.3004000 0.8043333
vt 0.3377000 0.8043333
vt 0.3750000 0.8043333
vt 0.4123000 0.8043333
vt 0.4496000 0.8043333
vt 0.4869000 0.8043333
vt 0.5242000 0.8043333
vt 0.5615000 0.8043333
vt 0.5988000 0.8043333
vt 0.6361000 0.8043333
vt 0.6734000 0.8043333
vt 0.7107000 0.8043333
vt 0.7480000 0.8043333
vt 0.0020000 0.8320000
vt 0.0393000 0.8320000
vt 0.0766000 0.8320000
vt 0.1139000 0.8320000
vt 0.1512000 0.8320000
vt 0.1885000 0.8320000
vt 0.2258000 0.8320000
vt 0.2631000 0.8320000
vt 0.3004000 0.8320000
vt 0.3377000 0.8320000
vt 0.3750000 0.8320000
vt 0.4123000 0.8320000
vt 0.4496000 0.8320000
vt 0.4869000 0.8320000
vt 0.5242000 0.8320000
vt 0.5615000 0.8320000
vt 0.5988000 0.8320000
vt 0.6361000 0.8320000
vt 0.6734000 0.8320000
vt 0.7107000 0.8320000
vt 0.7480000 0.8320000
vt 0.0020000 0.8596667
vt 0.0393000 0.8596667
vt 0.0766000 0.8596667
vt 0.1139000 0.8596667
vt 0.1512000 0.8596667
vt 0.1885000 0.8596667
vt 0.2258000 0.8596667
vt 0.2631000 0.8596667
vt 0.3004000 0.8596667
vt 0.3377000 0.8596667
vt 0.3750000 0.8596667
vt 0.4123000 0.8596667
vt 0.4496000 0.8596667
vt 0.4869000 0.8596667
vt 0.5242000 0.8596667
vt 0.5615000 0.8596667
vt 0.5988000 0.8596667
vt 0.6361000 0.8596667
vt 0.6734000 0.8596667
vt 0.7107000 0.8596667
vt 0.7480000 0.8596667
vt 0.0020000 0.8873333
vt 0.0393000 0.8873333
vt 0.0766000 0.8873333
vt 0.1139000 0.8873333
vt 0.1512000 0.8873333
vt 0.1885000 0.8873333
vt 0.2258000 0.8873333
vt 0.2631000 0.8873333
vt 0.3004000 0.8873333
vt 0.3377000 0.8873333
vt 0.3750000 0.8873333
vt 0.4123000 0.8873333
vt 0.4496000 0.8873333
vt 0.4869000 0.8873333
vt 0.5242000 0.8873333
vt 0.5615000 0.8873333
vt 0.5988000 0.8873333
vt 0.6361000 0.8873333
vt 0.6734000 0.8873333
vt 0.7107000 0.8873333
vt 0.7480000 0.8873333
vt 0.0020000 0.9150000
vt 0.0393000 0.9150000
vt 0.0766000 0.9150000
vt 0.1139000 0.9150000
vt 0.1512000 0.9150000
vt 0.1885000 0.9150000
vt 0.2258000 0.9150000
vt 0.2631000 0.9150000
vt 0.3004000 0.9150000
vt 0.3377000 0.9150000
vt 0.3750000 0.9150000
vt 0.4123000 0.9150000
vt 0.4496000 0.9150000
vt 0.4869000 0.9150000
vt 0.5242000 0.9150000
vt 0.5615000 0.9150000
vt 0.5988000 0.9150000
vt 0.6361000 0.9150000
vt 0.6734000 0.9150000
vt 0.7107000 0.9150000
vt 0.7480000 0.9150000
vt 0.0020000 0.9426667
vt 0.0393000 0.9426667
vt 0.0766000 0.9426667
vt 0.1139000 0.9426667
vt 0.1512000 0.9426667
vt 0.1885000 0.9426667
vt 0.2258000 0.9426667
vt 0.2631000 0.9426667
vt 0.3004000 0.9426667
vt 0.3377000 0.9426667
vt 0.3750000 0.9426667
vt 0.4123000 0.9426667
vt 0.4496000 0.9426667
vt 0.4869000 0.9426667
vt 0.5242000 0.9426667
vt 0.5615000 0.9426667
vt 0.5988000 0.9426667
vt 0.6361000 0.9426667
vt 0.6734000 0.9426667
vt 0.7107000 0.9426667
vt 0.7480000 0.9426667
vt 0.0020000 0.9703333
vt 0.0393000 0.9703333
vt 0.0766000 0.9703333
vt 0.1139000 0.9703333
vt 0.1512000 0.9703333
vt 0.1885000 0.9703333
vt 0.2258000 0.9703333
vt 0.2631000 0.9703333
vt 0.3004000 0.9703333
vt 0.3377000 0.9703333
vt 0.3750000 0.9703333
vt 0.4123000 0.9703333
vt 0.4496000 0.9703333
vt 0.4869000 0.9703333
vt 0.5242000 0.9703333
vt 0.5615000 0.9703333
vt 0.5988000 0.9703333
vt 0.6361000 0.9703333
vt 0.6734000 0.9703333
vt 0.7107000 0.9703333
vt 0.7480000 0.9703333
vt 0.0020000 0.9980000
vt 0.0393000 0.9980000
vt 0.0766000 0.9980000
vt 0.1139000 0.9980000
vt 0.1512000 0.9980000
vt 0.1885000 0.9980000
vt 0.2258000 0.9980000
vt 0.2631000 0.9980000
vt 0.3004000 0.9980000
vt 0.3377000 0.9980000
vt 0.3750000 0.9980000
vt 0.4123000 0.9980000
vt 0.4496000 0.9980000
vt 0.4869000 0.9980000
vt 0.5242000 0.9980000
vt 0.5615000 0.9980000
vt 0.5988000 0.9980000
vt 0.6361000 0.9980000
vt 0.6734000 0.9980000
vt 0.7107000 0.9980000
vt 0.7480000 0.9980000
vt 0.3750000 0.0039920
vt 0.3750000 0.9960080
vt 0.7750000 0.5900000
vt 0.7912500 0.5900000
vt 0.8075000 0.5900000
vt 0.8237500 0.5900000
vt 0.8400000 0.5900000
vt 0.8562500 0.5900000
vt 0.8725000 0.5900000
vt 0.8887500 0.5900000
vt 0.9050000 0.5900000
vt 0.9212500 0.5900000
vt 0.9375000 0.5900000
vt 0.9537500 0.5900000
vt 0.9700000 0.5900000
vt 0.7750000 0.6625000
vt 0.7912500 0.6625000
vt 0.8075000 0.6625000
vt 0.8237500 0.6625000
vt 0.8400000 0.6625000
vt 0.8562500 0.6625000
vt 0.8725000 0.6625000
vt 0.8887500 0.6625000
vt 0.9050000 0.6625000
vt 0.9212500 0.6625000
vt 0.9375000 0.6625000
vt 0.9537500 0.6625000
vt 0.9700000 0.6625000
vt 0.7750000 0.7350000
vt 0.7912500 0.7350000
vt 0.8075000 0.7350000
vt 0.8237500 0.7350000
vt 0.8400000 0.7350000
vt 0.8562500 0.7350000
vt 0.8725000 0.7350000
vt 0.8887500 0.7350000
vt 0.9050000 0.7350000
vt 0.9212500 0.7350000
vt 0.9375000 0.7350000
vt 0.9537500 0.7350000
vt 0.9700000 0.7350000
vt 0.7750000 0.4050000
vt 0.7912500 0.4050000
vt 0.8075000 0.4050000
vt 0.8237500 0.4050000
vt 0.8400000 0.4050000
vt 0.8562500 0.4050000
vt 0.8725000 0.4050000
vt 0.8887500 0.4050000
vt 0.9050000 0.4050000
vt 0.9212500 0.4050000
vt 0.9375000 0.4050000
vt 0.9537500 0.4050000
vt 0.9700000 0.4050000
vt 0.7750000 0.4694000
vt 0.7912500 0.4694000
vt 0.8075000 0.4694000
vt 0.8237500 0.4694000
vt 0.8400000 0.4694000
vt 0.8562500 0.4694000
vt 0.8725000 0.4694000
vt 0.8887500 0.4694000
vt 0.9050000 0.4694000
vt 0.9212500 0.4694000
vt 0.9375000 0.4694000
vt 0.9537500 0.4694000
vt 0.9700000 0.4694000
vt 0.7750000 0.5450000
vt 0.7912500 0.5450000
vt 0.8075000 0.5450000
vt 0.8237500 0.5450000
vt 0.8400000 0.5450000
vt 0.8562500 0.5450000
vt 0.8725000 0.5450000
vt 0.8887500 0.5450000
vt 0.9050000 0.5450000
vt 0.9212500 0.5450000
vt 0.9375000 0.5450000
vt 0.9537500 0.5450000
vt 0.9700000 0.5450000
vt 0.8725000 0.5338000
vt 0.7750000 0.5900000
vt 0.7912500 0.5900000
vt 0.8075000 0.5900000
vt 0.8237500 0.5900000
vt 0.8400000 0.5900000
vt 0.8562500 0.5900000
vt 0.8725000 0.5900000
vt 0.8887500 0.5900000
vt 0.9050000 0.5900000
vt 0.9212500 0.5900000
vt 0.9375000 0.5900000
vt 0.9537500 0.5900000
vt 0.9700000 0.5900000
vt 0.7750000 0.6625000
vt 0.7912500 0.6625000
vt 0.8075000 0.6625000
vt 0.8237500 0.6625000
vt 0.8400000 0.6625000
vt 0.8562500 0.6625000
vt 0.8725000 0.6625000
vt 0.8887500 0.6625000
vt 0.9050000 0.6625000
vt 0.9212500 0.6625000
vt 0.9375000 0.6625000
vt 0.9537500 0.6625000
vt 0.9700000 0.6625000
vt 0.7750000 0.7350000
vt 0.7912500 0.7350000
vt 0.8075000 0.7350000
vt 0.8237500 0.7350000
vt 0.8400000 0.7350000
vt 0.8562500 0.7350000
vt 0.8725000 0.7350000
vt 0.8887500 0.7350000
vt 0.9050000 0.7350000
vt 0.9212500 0.7350000
vt 0.9375000 0.7350000
vt 0.9537500 0.7350000
vt 0.9700000 0.7350000
vt 0.7750000 0.4050000
vt 0.7912500 0.4050000
vt 0.8075000 0.4050000
vt 0.8237500 0.4050000
vt 0.8400000 0.4050000
vt 0.8562500 0.4050000
vt 0.8725000 0.4050000
vt 0.8887500 0.4050000
vt 0.9050000 0.4050000
vt 0.9212500 0.4050000
vt 0.9375000 0.4050000
vt 0.9537500 0.4050000
vt 0.9700000 0.4050000
vt 0.7750000 0.4694000
vt 0.7912500 0.4694000
vt 0.8075000 0.4694000
vt 0.8237500 0.4694000
vt 0.8400000 0.4694000
vt 0.8562500 0.4694000
vt 0.8725000 0.4694000
vt 0.8887500 0.4694000
vt 0.9050000 0.4694000
vt 0.9212500 0.4694000
vt 0.9375000 0.4694000
vt 0.9537500 0.4694000
vt 0.9700000 0.4694000
vt 0.7750000 0.5450000
vt 0.7912500 0.5450000
vt 0.8075000 0.5450000
vt 0.8237500 0.5450000
vt 0.8400000 0.5450000
vt 0.8562500 0.5450000
vt 0.8725000 0.5450000
vt 0.8887500 0.5450000
vt 0.9050000 0.5450000
vt 0.9212500 0.5450000
vt 0.9375000 0.5450000
vt 0.9537500 0.5450000
vt 0.9700000 0.5450000
vt 0.8725000 0.5338000
vt 0.7750000 0.5900000
vt 0.7912500 0.5900000
vt 0.8075000 0.5900000
vt 0.8237500 0.5900000
vt 0.8400000 0.5900000
vt 0.8562500 0.5900000
vt 0.8725000 0.5900000
vt 0.8887500 0.5900000
vt 0.9050000 0.5900000
vt 0.9212500 0.5900000
vt 0.9375000 0.5900000
vt 0.9537500 0.5900000
vt 0.9700000 0.5900000
vt 0.7750000 0.6625000
vt 0.7912500 0.6625000
vt 0.8075000 0.6625000
vt 0.8237500 0.6625000
vt 0.8400000 0.6625000
vt 0.8562500 0.6625000
vt 0.8725000 0.6625000
vt 0.8887500 0.6625000
vt 0.9050000 0.6625000
vt 0.9212500 0.6625000
vt 0.9375000 0.6625000
vt 0.9537500 0.6625000
vt 0.9700000 0.6625000
vt 0.7750000 0.7350000
vt 0.7912500 0.7350000
vt 0.8075000 0.7350000
vt 0.8237500 0.7350000
vt 0.8400000 0.7350000
vt 0.8562500 0.7350000
vt 0.8725000 0.7350000
vt 0.8887500 0.7350000
vt 0.9050000 0.7350000
vt 0.9212500 0.7350000
vt 0.9375000 0.7350000
vt 0.9537500 0.7350000
vt 0.9700000 0.7350000
vt 0.7750000 0.4050000
vt 0.7912500 0.4050000
vt 0.8075000 0.4050000
vt 0.8237500 0.4050000
vt 0.8400000 0.4050000
vt 0.8562500 0.4050000
vt 0.8725000 0.4050000
vt 0.8887500 0.4050000
vt 0.9050000 0.4050000
vt 0.9212500 0.4050000
vt 0.9375000 0.4050000
vt 0.9537500 0.4050000
vt 0.9700000 0.4050000
vt 0.7750000 0.4694000
vt 0.7912500 0.4694000
vt 0.8075000 0.4694000
vt 0.8237500 0.4694000
vt 0.8400000 0.4694000
vt 0.8562500 0.4694000
vt 0.8725000 0.4694000
vt 0.8887500 0.4694000
vt 0.9050000 0.4694000
vt 0.9212500 0.4694000
vt 0.9375000 0.4694000
vt 0.9537500 0.4694000
vt 0.9700000 0.4694000
vt 0.7750000 0.5450000
vt 0.7912500 0.5450000
vt 0.8075000 0.5450000
vt 0.8237500 0.5450000
vt 0.8400000 0.5450000
vt 0.8562500 0.5450000
vt 0.8725000 0.5450000
vt 0.8887500 0.5450000
vt 0.9050000 0.5450000
vt 0.9212500 0.5450000
vt 0.9375000 0.5450000
vt 0.9537500 0.5450000
vt 0.9700000 0.5450000
vt 0.8725000 0.5338000
vt 0.7750000 0.5900000
vt 0.7912500 0.5900000
vt 0.8075000 0.5900000
vt 0.8237500 0.5900000
vt 0.8400000 0.5900000
vt 0.8562500 0.5900000
vt 0.8725000 0.5900000
vt 0.8887500 0.5900000
vt 0.9050000 0.5900000
vt 0.9212500 0.5900000
vt 0.9375000 0.5900000
vt 0.9537500 0.5900000
vt 0.9700000 0.5900000
vt 0.7750000 0.6625000
vt 0.7912500 0.6625000
vt 0.8075000 0.6625000
vt 0.8237500 0.6625000
vt 0.8400000 0.6625000
vt 0.8562500 0.6625000
vt 0.8725000 0.6625000
vt 0.8887500 0.6625000
vt 0.9050000 0.6625000
vt 0.9212500 0.6625000
vt 0.9375000 0.6625000
vt 0.9537500 0.6625000
vt 0.9700000 0.6625000
vt 0.7750000 0.7350000
vt 0.7912500 0.7350000
vt 0.8075000 0.7350000
vt 0.8237500 0.7350000
vt 0.8400000 0.7350000
vt 0.8562500 0.7350000
vt 0.8725000 0.7350000
vt 0.8887500 0.7350000
vt 0.9050000 0.7350000
vt 0.9212500 0.7350000
vt 0.9375000 0.7350000
vt 0.9537500 0.7350000
vt 0.9700000 0.7350000
vt 0.7750000 0.4050000
vt 0.7912500 0.4050000
vt 0.8075000 0.4050000
vt 0.8237500 0.4050000
vt 0.8400000 0.4050000
vt 0.8562500 0.4050000
vt 0.8725000 0.4050000
vt 0.8887500 0.4050000
vt 0.9050000 0.4050000
vt 0.9212500 0.4050000
vt 0.9375000 0.4050000
vt 0.9537500 0.4050000
vt 0.9700000 0.4050000
vt 0.7750000 0.4694000
vt 0.7912500 0.4694000
vt 0.8075000 0.4694000
vt 0.8237500 0.4694000
vt 0.8400000 0.4694000
vt 0.8562500 0.4694000
vt 0.8725000 0.4694000
vt 0.8887500 0.4694000
vt 0.9050000 0.4694000
vt 0.9212500 0.4694000
vt 0.9375000 0.4694000
vt 0.9537500 0.4694000
vt 0.9700000 0.4694000
vt 0.7750000 0.5450000
vt 0.7912500 0.5450000
vt 0.8075000 0.5450000
vt 0.8237500 0.5450000
vt 0.8400000 0.5450000
vt 0.8562500 0.5450000
vt 0.8725000 0.5450000
vt 0.8887500 0.5450000
vt 0.9050000 0.5450000
vt 0.9212500 0.5450000
vt 0.9375000 0.5450000
vt 0.9537500 0.5450000
vt 0.9700000 0.5450000
vt 0.8725000 0.5338000
vt 0.7750000 0.5900000
vt 0.7912500 0.5900000
vt 0.8075000 0.5900000
vt 0.8237500 0.5900000
vt 0.8400000 0.5900000
vt 0.8562500 0.5900000
vt 0.8725000 0.5900000
vt 0.8887500 0.5900000
vt 0.9050000 0.5900000
vt 0.9212500 0.5900000
vt 0.9375000 0.5900000
vt 0.9537500 0.5900000
vt 0.9700000 0.5900000
vt 0.7750000 0.6625000
vt 0.7912500 0.6625000
vt 0.8075000 0.6625000
vt 0.8237500 0.6625000
vt 0.8400000 0.6625000
vt 0.8562500 0.6625000
vt 0.8725000 0.6625000
vt 0.8887500 0.6625000
vt 0.9050000 0.6625000
vt 0.9212500 0.6625000
vt 0.9375000 0.6625000
vt 0.9537500 0.6625000
vt 0.9700000 0.6625000
vt 0.7750000 0.7350000
vt 0.7912500 0.7350000
vt 0.8075000 0.7350000
vt 0.8237500 0.7350000
vt 0.8400000 0.7350000
vt 0.8562500 0.7350000
vt 0.8725000 0.7350000
vt 0.8887500 0.7350000
vt 0.9050000 0.7350000
vt 0.9212500 0.7350000
vt 0.9375000 0.7350000
vt 0.9537500 0.7350000
vt 0.9700000 0.7350000
vt 0.7750000 0.4050000
vt 0.7912500 0.4050000
vt 0.8075000 0.4050000
vt 0.8237500 0.4050000
vt 0.8400000 0.4050000
vt 0.8562500 0.4050000
vt 0.8725000 0.4050000
vt 0.8887500 0.4050000
vt 0.9050000 0.4050000
vt 0.9212500 0.4050000
vt 0.9375000 0.4050000
vt 0.9537500 0.4050000
vt 0.9700000 0.4050000
vt 0.7750000 0.4694000
vt 0.7912500 0.4694000
vt 0.8075000 0.4694000
vt 0.8237500 0.4694000
vt 0.8400000 0.4694000
vt 0.8562500 0.4694000
vt 0.8725000 0.4694000
vt 0.8887500 0.4694000
vt 0.9050000 0.4694000
vt 0.9212500 0.4694000
vt 0.9375000 0.4694000
vt 0.9537500 0.4694000
vt 0.9700000 0.4694000
vt 0.7750000 0.5450000
vt 0.7912500 0.5450000
vt 0.8075000 0.5450000
vt 0.8237500 0.5450000
vt 0.8400000 0.5450000
vt 0.8562500 0.5450000
vt 0.8725000 0.5450000
vt 0.8887500 0.5450000
vt 0.9050000 0.5450000
vt 0.9212500 0.5450000
vt 0.9375000 0.5450000
vt 0.9537500 0.5450000
vt 0.9700000 0.5450000
vt 0.8725000 0.5338000
vt 0.7750000 0.5900000
vt 0.7912500 0.5900000
vt 0.8075000 0.5900000
vt 0.8237500 0.5900000
vt 0.8400000 0.5900000
vt 0.8562500 0.5900000
vt 0.8725000 0.5900000
vt 0.8887500 0.5900000
vt 0.9050000 0.5900000
vt 0.9212500 0.5900000
vt 0.9375000 0.5900000
vt 0.9537500 0.5900000
vt 0.9700000 0.5900000
vt 0.7750000 0.6625000
vt 0.7912500 0.6625000
vt 0.8075000 0.6625000
vt 0.8237500 0.6625000
vt 0.8400000 0.6625000
vt 0.8562500 0.6625000
vt 0.8725000 0.6625000
vt 0.8887500 0.6625000
vt 0.9050000 0.6625000
vt 0.9212500 0.6625000
vt 0.9375000 0.6625000
vt 0.9537500 0.6625000
vt 0.9700000 0.6625000
vt 0.7750000 0.7350000
vt 0.7912500 0.7350000
vt 0.8075000 0.7350000
vt 0.8237500 0.7350000
vt 0.8400000 0.7350000
vt 0.8562500 0.7350000
vt 0.8725000 0.7350000
vt 0.8887500 0.7350000
vt 0.9050000 0.7350000
vt 0.9212500 0.7350000
vt 0.9375000 0.7350000
vt 0.9537500 0.7350000
vt 0.9700000 0.7350000
vt 0.7750000 0.4050000
vt 0.7912500 0.4050000
vt 0.8075000 0.4050000
vt 0.8237500 0.4050000
vt 0.8400000 0.4050000
vt 0.8562500 0.4050000
vt 0.8725000 0.4050000
vt 0.8887500 0.4050000
vt 0.9050000 0.4050000
vt 0.9212500 0.4050000
vt 0.9375000 0.4050000
vt 0.9537500 0.4050000
vt 0.9700000 0.4050000
vt 0.7750000 0.4694000
vt 0.7912500 0.4694000
vt 0.8075000 0.4694000
vt 0.8237500 0.4694000
vt 0.8400000 0.4694000
vt 0.8562500 0.4694000
vt 0.8725000 0.4694000
vt 0.8887500 0.4694000
vt 0.9050000 0.4694000
vt 0.9212500 0.4694000
vt 0.9375000 0.4694000
vt 0.9537500 0.4694000
vt 0.9700000 0.4694000
vt 0.7750000 0.5450000
vt 0.7912500 0.5450000
vt 0.8075000 0.5450000
vt 0.8237500 0.5450000
vt 0.8400000 0.5450000
vt 0.8562500 0.5450000
vt 0.8725000 0.5450000
vt 0.8887500 0.5450000
vt 0.9050000 0.5450000
vt 0.9212500 0.5450000
vt 0.9375000 0.5450000
vt 0.9537500 0.5450000
vt 0.9700000 0.5450000
vt 0.8725000 0.5338000
vt 0.7750000 0.5900000
vt 0.7912500 0.5900000
vt 0.8075000 0.5900000
vt 0.8237500 0.5900000
vt 0.8400000 0.5900000
vt 0.8562500 0.5900000
vt 0.8725000 0.5900000
vt 0.8887500 0.5900000
vt 0.9050000 0.5900000
vt 0.9212500 0.5900000
vt 0.9375000 0.5900000
vt 0.9537500 0.5900000
vt 0.9700000 0.5900000
vt 0.7750000 0.6625000
vt 0.7912500 0.6625000
vt 0.8075000 0.6625000
vt 0.8237500 0.6625000
vt 0.8400000 0.6625000
vt 0.8562500 0.6625000
vt 0.8725000 0.6625000
vt 0.8887500 0.6625000
vt 0.9050000 0.6625000
vt 0.9212500 0.6625000
vt 0.9375000 0.6625000
vt 0.9537500 0.6625000
vt 0.9700000 0.6625000
vt 0.7750000 0.7350000
vt 0.7912500 0.7350000
vt 0.8075000 0.7350000
vt 0.8237500 0.7350000
vt 0.8400000 0.7350000
vt 0.8562500 0.7350000
vt 0.8725000 0.7350000
vt 0.8887500 0.7350000
vt 0.9050000 0.7350000
vt 0.9212500 0.7350000
vt 0.9375000 0.7350000
vt 0.9537500 0.7350000
vt 0.9700000 0.7350000
vt 0.7750000 0.4050000
vt 0.7912500 0.4050000
vt 0.8075000 0.4050000
vt 0.8237500 0.4050000
vt 0.8400000 0.4050000
vt 0.8562500 0.4050000
vt 0.8725000 0.4050000
vt 0.8887500 0.4050000
vt 0.9050000 0.4050000
vt 0.9212500 0.4050000
vt 0.9375000 0.4050000
vt 0.9537500 0.4050000
vt 0.9700000 0.4050000
vt 0.7750000 0.4694000
vt 0.7912500 0.4694000
vt 0.8075000 0.4694000
vt 0.8237500 0.4694000
vt 0.8400000 0.4694000
vt 0.8562500 0.4694000
vt 0.8725000 0.4694000
vt 0.8887500 0.4694000
vt 0.9050000 0.4694000
vt 0.9212500 0.4694000
vt 0.9375000 0.4694000
vt 0.9537500 0.4694000
vt 0.9700000 0.4694000
vt 0.7750000 0.5450000
vt 0.7912500 0.5450000
vt 0.8075000 0.5450000
vt 0.8237500 0.5450000
vt 0.8400000 0.5450000
vt 0.8562500 0.5450000
vt 0.8725000 0.5450000
vt 0.8887500 0.5450000
vt 0.9050000 0.5450000
vt 0.9212500 0.5450000
vt 0.9375000 0.5450000
vt 0.9537500 0.5450000
vt 0.9700000 0.5450000
vt 0.8725000 0.5338000
vt 0.7750000 0.5900000
vt 0.7912500 0.5900000
vt 0.8075000 0.5900000
vt 0.8237500 0.5900000
vt 0.8400000 0.5900000
vt 0.8562500 0.5900000
vt 0.8725000 0.5900000
vt 0.8887500 0.5900000
vt 0.9050000 0.5900000
vt 0.9212500 0.5900000
vt 0.9375000 0.5900000
vt 0.9537500 0.5900000
vt 0.9700000 0.5900000
vt 0.7750000 0.6625000
vt 0.7912500 0.6625000
vt 0.8075000 0.6625000
vt 0.8237500 0.6625000
vt 0.8400000 0.6625000
vt 0.8562500 0.6625000
vt 0.8725000 0.6625000
vt 0.8887500 0.6625000
vt 0.9050000 0.6625000
vt 0.9212500 0.6625000
vt 0.9375000 0.6625000
vt 0.9537500 0.6625000
vt 0.9700000 0.6625000
vt 0.7750000 0.7350000
vt 0.7912500 0.7350000
vt 0.8075000 0.7350000
vt 0.8237500 0.7350000
vt 0.8400000 0.7350000
vt 0.8562500 0.7350000
vt 0.8725000 0.7350000
vt 0.8887500 0.7350000
vt 0.9050000 0.7350000
vt 0.9212500 0.7350000
vt 0.9375000 0.7350000
vt 0.9537500 0.7350000
vt 0.9700000 0.7350000
vt 0.7750000 0.4050000
vt 0.7912500 0.4050000
vt 0.8075000 0.4050000
vt 0.8237500 0.4050000
vt 0.8400000 0.4050000
vt 0.8562500 0.4050000
vt 0.8725000 0.4050000
vt 0.8887500 0.4050000
vt 0.9050000 0.4050000
vt 0.9212500 0.4050000
vt 0.9375000 0.4050000
vt 0.9537500 0.4050000
vt 0.9700000 0.4050000
vt 0.7750000 0.4694000
vt 0.7912500 0.4694000
vt 0.8075000 0.4694000
vt 0.8237500 0.4694000
vt 0.8400000 0.4694000
vt 0.8562500 0.4694000
vt 0.8725000 0.4694000
vt 0.8887500 0.4694000
vt 0.9050000 0.4694000
vt 0.9212500 0.4694000
vt 0.9375000 0.4694000
vt 0.9537500 0.4694000
vt 0.9700000 0.4694000
vt 0.7750000 0.5450000
vt 0.7912500 0.5450000
vt 0.8075000 0.5450000
vt 0.8237500 0.5450000
vt 0.8400000 0.5450000
vt 0.8562500 0.5450000
vt 0.8725000 0.5450000
vt 0.8887500 0.5450000
vt 0.9050000 0.5450000
vt 0.9212500 0.5450000
vt 0.9375000 0.5450000
vt 0.9537500 0.5450000
vt 0.9700000 0.5450000
vt 0.8725000 0.5338000
vt 0.7750000 0.5900000
vt 0.7912500 0.5900000
vt 0.8075000 0.5900000
vt 0.8237500 0.5900000
vt 0.8400000 0.5900000
vt 0.8562500 0.5900000
vt 0.8725000 0.5900000
vt 0.8887500 0.5900000
vt 0.9050000 0.5900000
vt 0.9212500 0.5900000
vt 0.9375000 0.5900000
vt 0.9537500 0.5900000
vt 0.9700000 0.5900000
vt 0.7750000 0.6625000
vt 0.7912500 0.6625000
vt 0.8075000 0.6625000
vt 0.8237500 0.6625000
vt 0.8400000 0.6625000
vt 0.8562500 0.6625000
vt 0.8725000 0.6625000
vt 0.8887500 0.6625000
vt 0.9050000 0.6625000
vt 0.9212500 0.6625000
vt 0.9375000 0.6625000
vt 0.9537500 0.6625000
vt 0.9700000 0.6625000
vt 0.7750000 0.7350000
vt 0.7912500 0.7350000
vt 0.8075000 0.7350000
vt 0.8237500 0.7350000
vt 0.8400000 0.7350000
vt 0.8562500 0.7350000
vt 0.8725000 0.7350000
vt 0.8887500 0.7350000
vt 0.9050000 0.7350000
vt 0.9212500 0.7350000
vt 0.9375000 0.7350000
vt 0.9537500 0.7350000
vt 0.9700000 0.7350000
vt 0.7750000 0.4050000
vt 0.7912500 0.4050000
vt 0.8075000 0.4050000
vt 0.8237500 0.4050000
vt 0.8400000 0.4050000
vt 0.8562500 0.4050000
vt 0.8725000 0.4050000
vt 0.8887500 0.4050000
vt 0.9050000 0.4050000
vt 0.9212500 0.4050000
vt 0.9375000 0.4050000
vt 0.9537500 0.4050000
vt 0.9700000 0.4050000
vt 0.7750000 0.4694000
vt 0.7912500 0.4694000
vt 0.8075000 0.4694000
vt 0.8237500 0.4694000
vt 0.8400000 0.4694000
vt 0.8562500 0.4694000
vt 0.8725000 0.4694000
vt 0.8887500 0.4694000
vt 0.9050000 0.4694000
vt 0.9212500 0.4694000
vt 0.9375000 0.4694000
vt 0.9537500 0.4694000
vt 0.9700000 0.4694000
vt 0.7750000 0.5450000
vt 0.7912500 0.5450000
vt 0.8075000 0.5450000
vt 0.8237500 0.5450000
vt 0.8400000 0.5450000
vt 0.8562500 0.5450000
vt 0.8725000 0.5450000
vt 0.8887500 0.5450000
vt 0.9050000 0.5450000
vt 0.9212500 0.5450000
vt 0.9375000 0.5450000
vt 0.9537500 0.5450000
vt 0.9700000 0.5450000
vt 0.8725000 0.5338000
vt 0.7750000 0.5900000
vt 0.7912500 0.5900000
vt 0.8075000 0.5900000
vt 0.8237500 0.5900000
vt 0.8400000 0.5900000
vt 0.8562500 0.5900000
vt 0.8725000 0.5900000
vt 0.8887500 0.5900000
vt 0.9050000 0.5900000
vt 0.9212500 0.5900000
vt 0.9375000 0.5900000
vt 0.9537500 0.5900000
vt 0.9700000 0.5900000
vt 0.7750000 0.6625000
vt 0.7912500 0.6625000
vt 0.8075000 0.6625000
vt 0.8237500 0.6625000
vt 0.8400000 0.6625000
vt 0.8562500 0.6625000
vt 0.8725000 0.6625000
vt 0.8887500 0.6625000
vt 0.9050000 0.6625000
vt 0.9212500 0.6625000
vt 0.9375000 0.6625000
vt 0.9537500 0.6625000
vt 0.9700000 0.6625000
vt 0.7750000 0.7350000
vt 0.7912500 0.7350000
vt 0.8075000 0.7350000
vt 0.8237500 0.7350000
vt 0.8400000 0.7350000
vt 0.8562500 0.7350000
vt 0.8725000 0.7350000
vt 0.8887500 0.7350000
vt 0.9050000 0.7350000
vt 0.9212500 0.7350000
vt 0.9375000 0.7350000
vt 0.9537500 0.7350000
vt 0.9700000 0.7350000
vt 0.7750000 0.4050000
vt 0.7912500 0.4050000
vt 0.8075000 0.4050000
vt 0.8237500 0.4050000
vt 0.8400000 0.4050000
vt 0.8562500 0.4050000
vt 0.8725000 0.4050000
vt 0.8887500 0.4050000
vt 0.9050000 0.4050000
vt 0.9212500 0.4050000
vt 0.9375000 0.4050000
vt 0.9537500 0.4050000
vt 0.9700000 0.4050000
vt 0.7750000 0.4694000
vt 0.7912500 0.4694000
vt 0.8075000 0.4694000
vt 0.8237500 0.4694000
vt 0.8400000 0.4694000
vt 0.8562500 0.4694000
vt 0.8725000 0.4694000
vt 0.8887500 0.4694000
vt 0.9050000 0.4694000
vt 0.9212500 0.4694000
vt 0.9375000 0.4694000
vt 0.9537500 0.4694000
vt 0.9700000 0.4694000
vt 0.7750000 0.5450000
vt 0.7912500 0.5450000
vt 0.8075000 0.5450000
vt 0.8237500 0.5450000
vt 0.8400000 0.5450000
vt 0.8562500 0.5450000
vt 0.8725000 0.5450000
vt 0.8887500 0.5450000
vt 0.9050000 0.5450000
vt 0.9212500 0.5450000
vt 0.9375000 0.5450000
vt 0.9537500 0.5450000
vt 0.9700000 0.5450000
vt 0.8725000 0.5338000
vt 0.7750000 0.5900000
vt 0.7912500 0.5900000
vt 0.8075000 0.5900000
vt 0.8237500 0.5900000
vt 0.8400000 0.5900000
vt 0.8562500 0.5900000
vt 0.8725000 0.5900000
vt 0.8887500 0.5900000
vt 0.9050000 0.5900000
vt 0.9212500 0.5900000
vt 0.9375000 0.5900000
vt 0.9537500 0.5900000
vt 0.9700000 0.5900000
vt 0.7750000 0.6625000
vt 0.7912500 0.6625000
vt 0.8075000 0.6625000
vt 0.8237500 0.6625000
vt 0.8400000 0.6625000
vt 0.8562500 0.6625000
vt 0.8725000 0.6625000
vt 0.8887500 0.6625000
vt 0.9050000 0.6625000
vt 0.9212500 0.6625000
vt 0.9375000 0.6625000
vt 0.9537500 0.6625000
vt 0.9700000 0.6625000
vt 0.7750000 0.7350000
vt 0.7912500 0.7350000
vt 0.8075000 0.7350000
vt 0.8237500 0.7350000
vt 0.8400000 0.7350000
vt 0.8562500 0.7350000
vt 0.8725000 0.7350000
vt 0.8887500 0.7350000
vt 0.9050000 0.7350000
vt 0.9212500 0.7350000
vt 0.9375000 0.7350000
vt 0.9537500 0.7350000
vt 0.9700000 0.7350000
vt 0.7750000 0.4050000
vt 0.7912500 0.4050000
vt 0.8075000 0.4050000
vt 0.8237500 0.4050000
vt 0.8400000 0.4050000
vt 0.8562500 0.4050000
vt 0.8725000 0.4050000
vt 0.8887500 0.4050000
vt 0.9050000 0.4050000
vt 0.9212500 0.4050000
vt 0.9375000 0.4050000
vt 0.9537500 0.4050000
vt 0.9700000 0.4050000
vt 0.7750000 0.4694000
vt 0.7912500 0.4694000
vt 0.8075000 0.4694000
vt 0.8237500 0.4694000
vt 0.8400000 0.4694000
vt 0.8562500 0.4694000
vt 0.8725000 0.4694000
vt 0.8887500 0.4694000
vt 0.9050000 0.4694000
vt 0.9212500 0.4694000
vt 0.9375000 0.4694000
vt 0.9537500 0.4694000
vt 0.9700000 0.4694000
vt 0.7750000 0.5450000
vt 0.7912500 0.5450000
vt 0.8075000 0.5450000
vt 0.8237500 0.5450000
vt 0.8400000 0.5450000
vt 0.8562500 0.5450000
vt 0.8725000 0.5450000
vt 0.8887500 0.5450000
vt 0.9050000 0.5450000
vt 0.9212500 0.5450000
vt 0.9375000 0.5450000
vt 0.9537500 0.5450000
vt 0.9700000 0.5450000
vt 0.8725000 0.5338000
vt 0.7750000 0.5900000
vt 0.7912500 0.5900000
vt 0.8075000 0.5900000
vt 0.8237500 0.5900000
vt 0.8400000 0.5900000
vt 0.8562500 0.5900000
vt 0.8725000 0.5900000
vt 0.8887500 0.5900000
vt 0.9050000 0.5900000
vt 0.9212500 0.5900000
vt 0.9375000 0.5900000
vt 0.9537500 0.5900000
vt 0.9700000 0.5900000
vt 0.7750000 0.6625000
vt 0.7912500 0.6625000
vt 0.8075000 0.6625000
vt 0.8237500 0.6625000
vt 0.8400000 0.6625000
vt 0.8562500 0.6625000
vt 0.8725000 0.6625000
vt 0.8887500 0.6625000
vt 0.9050000 0.6625000
vt 0.9212500 0.6625000
vt 0.9375000 0.6625000
vt 0.9537500 0.6625000
vt 0.9700000 0.6625000
vt 0.7750000 0.7350000
vt 0.7912500 0.7350000
vt 0.8075000 0.7350000
vt 0.8237500 0.7350000
vt 0.8400000 0.7350000
vt 0.8562500 0.7350000
vt 0.8725000 0.7350000
vt 0.8887500 0.7350000
vt 0.9050000 0.7350000
vt 0.9212500 0.7350000
vt 0.9375000 0.7350000
vt 0.9537500 0.7350000
vt 0.9700000 0.7350000
vt 0.7750000 0.4050000
vt 0.7912500 0.4050000
vt 0.8075000 0.4050000
vt 0.8237500 0.4050000
vt 0.8400000 0.4050000
vt 0.8562500 0.4050000
vt 0.8725000 0.4050000
vt 0.8887500 0.4050000
vt 0.9050000 0.4050000
vt 0.9212500 0.4050000
vt 0.9375000 0.4050000
vt 0.9537500 0.4050000
vt 0.9700000 0.4050000
vt 0.7750000 0.4694000
vt 0.7912500 0.4694000
vt 0.8075000 0.4694000
vt 0.8237500 0.4694000
vt 0.8400000 0.4694000
vt 0.8562500 0.4694000
vt 0.8725000 0.4694000
vt 0.8887500 0.4694000
vt 0.9050000 0.4694000
vt 0.9212500 0.4694000
vt 0.9375000 0.4694000
vt 0.9537500 0.4694000
vt 0.9700000 0.4694000
vt 0.7750000 0.5450000
vt 0.7912500 0.5450000
vt 0.8075000 0.5450000
vt 0.8237500 0.5450000
vt 0.8400000 0.5450000
vt 0.8562500 0.5450000
vt 0.8725000 0.5450000
vt 0.8887500 0.5450000
vt 0.9050000 0.5450000
vt 0.9212500 0.5450000
vt 0.9375000 0.5450000
vt 0.9537500 0.5450000
vt 0.9700000 0.5450000
vt 0.8725000 0.5338000
vt 0.7750000 0.5900000
vt 0.7912500 0.5900000
vt 0.8075000 0.5900000
vt 0.8237500 0.5900000
vt 0.8400000 0.5900000
vt 0.8562500 0.5900000
vt 0.8725000 0.5900000
vt 0.8887500 0.5900000
vt 0.9050000 0.5900000
vt 0.9212500 0.5900000
vt 0.9375000 0.5900000
vt 0.9537500 0.5900000
vt 0.9700000 0.5900000
vt 0.7750000 0.6625000
vt 0.7912500 0.6625000
vt 0.8075000 0.6625000
vt 0.8237500 0.6625000
vt 0.8400000 0.6625000
vt 0.8562500 0.6625000
vt 0.8725000 0.6625000
vt 0.8887500 0.6625000
vt 0.9050000 0.6625000
vt 0.9212500 0.6625000
vt 0.9375000 0.6625000
vt 0.9537500 0.6625000
vt 0.9700000 0.6625000
vt 0.7750000 0.7350000
vt 0.7912500 0.7350000
vt 0.8075000 0.7350000
vt 0.8237500 0.7350000
vt 0.8400000 0.7350000
vt 0.8562500 0.7350000
vt 0.8725000 0.7350000
vt 0.8887500 0.7350000
vt 0.9050000 0.7350000
vt 0.9212500 0.7350000
vt 0.9375000 0.7350000
vt 0.9537500 0.7350000
vt 0.9700000 0.7350000
vt 0.7750000 0.4050000
vt 0.7912500 0.4050000
vt 0.8075000 0.4050000
vt 0.8237500 0.4050000
vt 0.8400000 0.4050000
vt 0.8562500 0.4050000
vt 0.8725000 0.4050000
vt 0.8887500 0.4050000
vt 0.9050000 0.4050000
vt 0.9212500 0.4050000
vt 0.9375000 0.4050000
vt 0.9537500 0.4050000
vt 0.9700000 0.4050000
vt 0.7750000 0.4694000
vt 0.7912500 0.4694000
vt 0.8075000 0.4694000
vt 0.8237500 0.4694000
vt 0.8400000 0.4694000
vt 0.8562500 0.4694000
vt 0.8725000 0.4694000
vt 0.8887500 0.4694000
vt 0.9050000 0.4694000
vt 0.9212500 0.4694000
vt 0.9375000 0.4694000
vt 0.9537500 0.4694000
vt 0.9700000 0.4694000
vt 0.7750000 0.5450000
vt 0.7912500 0.5450000
vt 0.8075000 0.5450000
vt 0.8237500 0.5450000
vt 0.8400000 0.5450000
vt 0.8562500 0.5450000
vt 0.8725000 0.5450000
vt 0.8887500 0.5450000
vt 0.9050000 0.5450000
vt 0.9212500 0.5450000
vt 0.9375000 0.5450000
vt 0.9537500 0.5450000
vt 0.9700000 0.5450000
vt 0.8725000 0.5338000
vt 0.7750000 0.5900000
vt 0.7912500 0.5900000
vt 0.8075000 0.5900000
vt 0.8237500 0.5900000
vt 0.8400000 0.5900000
vt 0.8562500 0.5900000
vt 0.8725000 0.5900000
vt 0.8887500 0.5900000
vt 0.9050000 0.5900000
vt 0.9212500 0.5900000
vt 0.9375000 0.5900000
vt 0.9537500 0.5900000
vt 0.9700000 0.5900000
vt 0.7750000 0.6625000
vt 0.7912500 0.6625000
vt 0.8075000 0.6625000
vt 0.8237500 0.6625000
vt 0.8400000 0.6625000
vt 0.8562500 0.6625000
vt 0.8725000 0.6625000
vt 0.8887500 0.6625000
vt 0.9050000 0.6625000
vt 0.9212500 0.6625000
vt 0.9375000 0.6625000
vt 0.9537500 0.6625000
vt 0.9700000 0.6625000
vt 0.7750000 0.7350000
vt 0.7912500 0.7350000
vt 0.8075000 0.7350000
vt 0.8237500 0.7350000
vt 0.8400000 0.7350000
vt 0.8562500 0.7350000
vt 0.8725000 0.7350000
vt 0.8887500 0.7350000
vt 0.9050000 0.7350000
vt 0.9212500 0.7350000
vt 0.9375000 0.7350000
vt 0.9537500 0.7350000
vt 0.9700000 0.7350000
vt 0.7750000 0.4050000
vt 0.7912500 0.4050000
vt 0.8075000 0.4050000
vt 0.8237500 0.4050000
vt 0.8400000 0.4050000
vt 0.8562500 0.4050000
vt 0.8725000 0.4050000
vt 0.8887500 0.4050000
vt 0.9050000 0.4050000
vt 0.9212500 0.4050000
vt 0.9375000 0.4050000
vt 0.9537500 0.4050000
vt 0.9700000 0.4050000
vt 0.7750000 0.4694000
vt 0.7912500 0.4694000
vt 0.8075000 0.4694000
vt 0.8237500 0.4694000
vt 0.8400000 0.4694000
vt 0.8562500 0.4694000
vt 0.8725000 0.4694000
vt 0.8887500 0.4694000
vt 0.9050000 0.4694000
vt 0.9212500 0.4694000
vt 0.9375000 0.4694000
vt 0.9537500 0.4694000
vt 0.9700000 0.4694000
vt 0.7750000 0.5450000
vt 0.7912500 0.5450000
vt 0.8075000 0.5450000
vt 0.8237500 0.5450000
vt 0.8400000 0.5450000
vt 0.8562500 0.5450000
vt 0.8725000 0.5450000
vt 0.8887500 0.5450000
vt 0.9050000 0.5450000
vt 0.9212500 0.5450000
vt 0.9375000 0.5450000
vt 0.9537500 0.5450000
vt 0.9700000 0.5450000
vt 0.8725000 0.5338000
vt 0.7750000 0.5900000
vt 0.7912500 0.5900000
vt 0.8075000 0.5900000
vt 0.8237500 0.5900000
vt 0.8400000 0.5900000
vt 0.8562500 0.5900000
vt 0.8725000 0.5900000
vt 0.8887500 0.5900000
vt 0.9050000 0.5900000
vt 0.9212500 0.5900000
vt 0.9375000 0.5900000
vt 0.9537500 0.5900000
vt 0.9700000 0.5900000
vt 0.7750000 0.6625000
vt 0.7912500 0.6625000
vt 0.8075000 0.6625000
vt 0.8237500 0.6625000
vt 0.8400000 0.6625000
vt 0.8562500 0.6625000
vt 0.8725000 0.6625000
vt 0.8887500 0.6625000
vt 0.9050000 0.6625000
vt 0.9212500 0.6625000
vt 0.9375000 0.6625000
vt 0.9537500 0.6625000
vt 0.9700000 0.6625000
vt 0.7750000 0.7350000
vt 0.7912500 0.7350000
vt 0.8075000 0.7350000
vt 0.8237500 0.7350000
vt 0.8400000 0.7350000
vt 0.8562500 0.7350000
vt 0.8725000 0.7350000
vt 0.8887500 0.7350000
vt 0.9050000 0.7350000
vt 0.9212500 0.7350000
vt 0.9375000 0.7350000
vt 0.9537500 0.7350000
vt 0.9700000 0.7350000
vt 0.7750000 0.4050000
vt 0.7912500 0.4050000
vt 0.8075000 0.4050000
vt 0.8237500 0.4050000
vt 0.8400000 0.4050000
vt 0.8562500 0.4050000
vt 0.8725000 0.4050000
vt 0.8887500 0.4050000
vt 0.9050000 0.4050000
vt 0.9212500 0.4050000
vt 0.9375000 0.4050000
vt 0.9537500 0.4050000
vt 0.9700000 0.4050000
vt 0.7750000 0.4694000
vt 0.7912500 0.4694000
vt 0.8075000 0.4694000
vt 0.8237500 0.4694000
vt 0.8400000 0.4694000
vt 0.8562500 0.4694000
vt 0.8725000 0.4694000
vt 0.8887500 0.4694000
vt 0.9050000 0.4694000
vt 0.9212500 0.4694000
vt 0.9375000 0.4694000
vt 0.9537500 0.4694000
vt 0.9700000 0.4694000
vt 0.7750000 0.5450000
vt 0.7912500 0.5450000
vt 0.8075000 0.5450000
vt 0.8237500 0.5450000
vt 0.8400000 0.5450000
vt 0.8562500 0.5450000
vt 0.8725000 0.5450000
vt 0.8887500 0.5450000
vt 0.9050000 0.5450000
vt 0.9212500 0.5450000
vt 0.9375000 0.5450000
vt 0.9537500 0.5450000
vt 0.9700000 0.5450000
vt 0.8725000 0.5338000
vt 0.7750000 0.5900000
vt 0.7912500 0.5900000
vt 0.8075000 0.5900000
vt 0.8237500 0.5900000
vt 0.8400000 0.5900000
vt 0.8562500 0.5900000
vt 0.8725000 0.5900000
vt 0.8887500 0.5900000
vt 0.9050000 0.5900000
vt 0.9212500 0.5900000
vt 0.9375000 0.5900000
vt 0.9537500 0.5900000
vt 0.9700000 0.5900000
vt 0.7750000 0.6625000
vt 0.7912500 0.6625000
vt 0.8075000 0.6625000
vt 0.8237500 0.6625000
vt 0.8400000 0.6625000
vt 0.8562500 0.6625000
vt 0.8725000 0.6625000
vt 0.8887500 0.6625000
vt 0.9050000 0.6625000
vt 0.9212500 0.6625000
vt 0.9375000 0.6625000
vt 0.9537500 0.6625000
vt 0.9700000 0.6625000
vt 0.7750000 0.7350000
vt 0.7912500 0.7350000
vt 0.8075000 0.7350000
vt 0.8237500 0.7350000
vt 0.8400000 0.7350000
vt 0.8562500 0.7350000
vt 0.8725000 0.7350000
vt 0.8887500 0.7350000
vt 0.9050000 0.7350000
vt 0.9212500 0.7350000
vt 0.9375000 0.7350000
vt 0.9537500 0.7350000
vt 0.9700000 0.7350000
vt 0.7750000 0.4050000
vt 0.7912500 0.4050000
vt 0.8075000 0.4050000
vt 0.8237500 0.4050000
vt 0.8400000 0.4050000
vt 0.8562500 0.4050000
vt 0.8725000 0.4050000
vt 0.8887500 0.4050000
vt 0.9050000 0.4050000
vt 0.9212500 0.4050000
vt 0.9375000 0.4050000
vt 0.9537500 0.4050000
vt 0.9700000 0.4050000
vt 0.7750000 0.4694000
vt 0.7912500 0.4694000
vt 0.8075000 0.4694000
vt 0.8237500 0.4694000
vt 0.8400000 0.4694000
vt 0.8562500 0.4694000
vt 0.8725000 0.4694000
vt 0.8887500 0.4694000
vt 0.9050000 0.4694000
vt 0.9212500 0.4694000
vt 0.9375000 0.4694000
vt 0.9537500 0.4694000
vt 0.9700000 0.4694000
vt 0.7750000 0.5450000
vt 0.7912500 0.5450000
vt 0.8075000 0.5450000
vt 0.8237500 0.5450000
vt 0.8400000 0.5450000
vt 0.8562500 0.5450000
vt 0.8725000 0.5450000
vt 0.8887500 0.5450000
vt 0.9050000 0.5450000
vt 0.9212500 0.5450000
vt 0.9375000 0.5450000
vt 0.9537500 0.5450000
vt 0.9700000 0.5450000
vt 0.8725000 0.5338000
vt 0.7750000 0.5900000
vt 0.7912500 0.5900000
vt 0.8075000 0.5900000
vt 0.8237500 0.5900000
vt 0.8400000 0.5900000
vt 0.8562500 0.5900000
vt 0.8725000 0.5900000
vt 0.8887500 0.5900000
vt 0.9050000 0.5900000
vt 0.9212500 0.5900000
vt 0.9375000 0.5900000
vt 0.9537500 0.5900000
vt 0.9700000 0.5900000
vt 0.7750000 0.6625000
vt 0.7912500 0.6625000
vt 0.8075000 0.6625000
vt 0.8237500 0.6625000
vt 0.8400000 0.6625000
vt 0.8562500 0.6625000
vt 0.8725000 0.6625000
vt 0.8887500 0.6625000
vt 0.9050000 0.6625000
vt 0.9212500 0.6625000
vt 0.9375000 0.6625000
vt 0.9537500 0.6625000
vt 0.9700000 0.6625000
vt 0.7750000 0.7350000
vt 0.7912500 0.7350000
vt 0.8075000 0.7350000
vt 0.8237500 0.7350000
vt 0.8400000 0.7350000
vt 0.8562500 0.7350000
vt 0.8725000 0.7350000
vt 0.8887500 0.7350000
vt 0.9050000 0.7350000
vt 0.9212500 0.7350000
vt 0.9375000 0.7350000
vt 0.9537500 0.7350000
vt 0.9700000 0.7350000
vt 0.7750000 0.4050000
vt 0.7912500 0.4050000
vt 0.8075000 0.4050000
vt 0.8237500 0.4050000
vt 0.8400000 0.4050000
vt 0.8562500 0.4050000
vt 0.8725000 0.4050000
vt 0.8887500 0.4050000
vt 0.9050000 0.4050000
vt 0.9212500 0.4050000
vt 0.9375000 0.4050000
vt 0.9537500 0.4050000
vt 0.9700000 0.4050000
vt 0.7750000 0.4694000
vt 0.7912500 0.4694000
vt 0.8075000 0.4694000
vt 0.8237500 0.4694000
vt 0.8400000 0.4694000
vt 0.8562500 0.4694000
vt 0.8725000 0.4694000
vt 0.8887500 0.4694000
vt 0.9050000 0.4694000
vt 0.9212500 0.4694000
vt 0.9375000 0.4694000
vt 0.9537500 0.4694000
vt 0.9700000 0.4694000
vt 0.7750000 0.5450000
vt 0.7912500 0.5450000
vt 0.8075000 0.5450000
vt 0.8237500 0.5450000
vt 0.8400000 0.5450000
vt 0.8562500 0.5450000
vt 0.8725000 0.5450000
vt 0.8887500 0.5450000
vt 0.9050000 0.5450000
vt 0.9212500 0.5450000
vt 0.9375000 0.5450000
vt 0.9537500 0.5450000
vt 0.9700000 0.5450000
vt 0.8725000 0.5338000
vt 0.7750000 0.5900000
vt 0.7912500 0.5900000
vt 0.8075000 0.5900000
vt 0.8237500 0.5900000
vt 0.8400000 0.5900000
vt 0.8562500 0.5900000
vt 0.8725000 0.5900000
vt 0.8887500 0.5900000
vt 0.9050000 0.5900000
vt 0.9212500 0.5900000
vt 0.9375000 0.5900000
vt 0.9537500 0.5900000
vt 0.9700000 0.5900000
vt 0.7750000 0.6625000
vt 0.7912500 0.6625000
vt 0.8075000 0.6625000
vt 0.8237500 0.6625000
vt 0.8400000 0.6625000
vt 0.8562500 0.6625000
vt 0.8725000 0.6625000
vt 0.8887500 0.6625000
vt 0.9050000 0.6625000
vt 0.9212500 0.6625000
vt 0.9375000 0.6625000
vt 0.9537500 0.6625000
vt 0.9700000 0.6625000
vt 0.7750000 0.7350000
vt 0.7912500 0.7350000
vt 0.8075000 0.7350000
vt 0.8237500 0.7350000
vt 0.8400000 0.7350000
vt 0.8562500 0.7350000
vt 0.8725000 0.7350000
vt 0.8887500 0.7350000
vt 0.9050000 0.7350000
vt 0.9212500 0.7350000
vt 0.9375000 0.7350000
vt 0.9537500 0.7350000
vt 0.9700000 0.7350000
vt 0.7750000 0.4050000
vt 0.7912500 0.4050000
vt 0.8075000 0.4050000
vt 0.8237500 0.4050000
vt 0.8400000 0.4050000
vt 0.8562500 0.4050000
vt 0.8725000 0.4050000
vt 0.8887500 0.4050000
vt 0.9050000 0.4050000
vt 0.9212500 0.4050000
vt 0.9375000 0.4050000
vt 0.9537500 0.4050000
vt 0.9700000 0.4050000
vt 0.7750000 0.4694000
vt 0.7912500 0.4694000
vt 0.8075000 0.4694000
vt 0.8237500 0.4694000
vt 0.8400000 0.4694000
vt 0.8562500 0.4694000
vt 0.8725000 0.4694000
vt 0.8887500 0.4694000
vt 0.9050000 0.4694000
vt 0.9212500 0.4694000
vt 0.9375000 0.4694000
vt 0.9537500 0.4694000
vt 0.9700000 0.4694000
vt 0.7750000 0.5450000
vt 0.7912500 0.5450000
vt 0.8075000 0.5450000
vt 0.8237500 0.5450000
vt 0.8400000 0.5450000
vt 0.8562500 0.5450000
vt 0.8725000 0.5450000
vt 0.8887500 0.5450000
vt 0.9050000 0.5450000
vt 0.9212500 0.5450000
vt 0.9375000 0.5450000
vt 0.9537500 0.5450000
vt 0.9700000 0.5450000
vt 0.8725000 0.5338000
vt 0.7750000 0.5900000
vt 0.7912500 0.5900000
vt 0.8075000 0.5900000
vt 0.8237500 0.5900000
vt 0.8400000 0.5900000
vt 0.8562500 0.5900000
vt 0.8725000 0.5900000
vt 0.8887500 0.5900000
vt 0.9050000 0.5900000
vt 0.9212500 0.5900000
vt 0.9375000 0.5900000
vt 0.9537500 0.5900000
vt 0.9700000 0.5900000
vt 0.7750000 0.6625000
vt 0.7912500 0.6625000
vt 0.8075000 0.6625000
vt 0.8237500 0.6625000
vt 0.8400000 0.6625000
vt 0.8562500 0.6625000
vt 0.8725000 0.6625000
vt 0.8887500 0.6625000
vt 0.9050000 0.6625000
vt 0.9212500 0.6625000
vt 0.9375000 0.6625000
vt 0.9537500 0.6625000
vt 0.9700000 0.6625000
vt 0.7750000 0.7350000
vt 0.7912500 0.7350000
vt 0.8075000 0.7350000
vt 0.8237500 0.7350000
vt 0.8400000 0.7350000
vt 0.8562500 0.7350000
vt 0.8725000 0.7350000
vt 0.8887500 0.7350000
vt 0.9050000 0.7350000
vt 0.9212500 0.7350000
vt 0.9375000 0.7350000
vt 0.9537500 0.7350000
vt 0.9700000 0.7350000
vt 0.7750000 0.4050000
vt 0.7912500 0.4050000
vt 0.8075000 0.4050000
vt 0.8237500 0.4050000
vt 0.8400000 0.4050000
vt 0.8562500 0.4050000
vt 0.8725000 0.4050000
vt 0.8887500 0.4050000
vt 0.9050000 0.4050000
vt 0.9212500 0.4050000
vt 0.9375000 0.4050000
vt 0.9537500 0.4050000
vt 0.9700000 0.4050000
vt 0.7750000 0.4694000
vt 0.7912500 0.4694000
vt 0.8075000 0.4694000
vt 0.8237500 0.4694000
vt 0.8400000 0.4694000
vt 0.8562500 0.4694000
vt 0.8725000 0.4694000
vt 0.8887500 0.4694000
vt 0.9050000 0.4694000
vt 0.9212500 0.4694000
vt 0.9375000 0.4694000
vt 0.9537500 0.4694000
vt 0.9700000 0.4694000
vt 0.7750000 0.5450000
vt 0.7912500 0.5450000
vt 0.8075000 0.5450000
vt 0.8237500 0.5450000
vt 0.8400000 0.5450000
vt 0.8562500 0.5450000
vt 0.8725000 0.5450000
vt 0.8887500 0.5450000
vt 0.9050000 0.5450000
vt 0.9212500 0.5450000
vt 0.9375000 0.5450000
vt 0.9537500 0.5450000
vt 0.9700000 0.5450000
vt 0.8725000 0.5338000
vt 0.7750000 0.5900000
vt 0.7912500 0.5900000
vt 0.8075000 0.5900000
vt 0.8237500 0.5900000
vt 0.8400000 0.5900000
vt 0.8562500 0.5900000
vt 0.8725000 0.5900000
vt 0.8887500 0.5900000
vt 0.9050000 0.5900000
vt 0.9212500 0.5900000
vt 0.9375000 0.5900000
vt 0.9537500 0.5900000
vt 0.9700000 0.5900000
vt 0.7750000 0.6625000
vt 0.7912500 0.6625000
vt 0.8075000 0.6625000
vt 0.8237500 0.6625000
vt 0.8400000 0.6625000
vt 0.8562500 0.6625000
vt 0.8725000 0.6625000
vt 0.8887500 0.6625000
vt 0.9050000 0.6625000
vt 0.9212500 0.6625000
vt 0.9375000 0.6625000
vt 0.9537500 0.6625000
vt 0.9700000 0.6625000
vt 0.7750000 0.7350000
vt 0.7912500 0.7350000
vt 0.8075000 0.7350000
vt 0.8237500 0.7350000
vt 0.8400000 0.7350000
vt 0.8562500 0.7350000
vt 0.8725000 0.7350000
vt 0.8887500 0.7350000
vt 0.9050000 0.7350000
vt 0.9212500 0.7350000
vt 0.9375000 0.7350000
vt 0.9537500 0.7350000
vt 0.9700000 0.7350000
vt 0.7750000 0.4050000
vt 0.7912500 0.4050000
vt 0.8075000 0.4050000
vt 0.8237500 0.4050000
vt 0.8400000 0.4050000
vt 0.8562500 0.4050000
vt 0.8725000 0.4050000
vt 0.8887500 0.4050000
vt 0.9050000 0.4050000
vt 0.9212500 0.4050000
vt 0.9375000 0.4050000
vt 0.9537500 0.4050000
vt 0.9700000 0.4050000
vt 0.7750000 0.4694000
vt 0.7912500 0.4694000
vt 0.8075000 0.4694000
vt 0.8237500 0.4694000
vt 0.8400000 0.4694000
vt 0.8562500 0.4694000
vt 0.8725000 0.4694000
vt 0.8887500 0.4694000
vt 0.9050000 0.4694000
vt 0.9212500 0.4694000
vt 0.9375000 0.4694000
vt 0.9537500 0.4694000
vt 0.9700000 0.4694000
vt 0.7750000 0.5450000
vt 0.7912500 0.5450000
vt 0.8075000 0.5450000
vt 0.8237500 0.5450000
vt 0.8400000 0.5450000
vt 0.8562500 0.5450000
vt 0.8725000 0.5450000
vt 0.8887500 0.5450000
vt 0.9050000 0.5450000
vt 0.9212500 0.5450000
vt 0.9375000 0.5450000
vt 0.9537500 0.5450000
vt 0.9700000 0.5450000
vt 0.8725000 0.5338000
vt 0.7750000 0.5900000
vt 0.7912500 0.5900000
vt 0.8075000 0.5900000
vt 0.8237500 0.5900000
vt 0.8400000 0.5900000
vt 0.8562500 0.5900000
vt 0.8725000 0.5900000
vt 0.8887500 0.5900000
vt 0.9050000 0.5900000
vt 0.9212500 0.5900000
vt 0.9375000 0.5900000
vt 0.9537500 0.5900000
vt 0.9700000 0.5900000
vt 0.7750000 0.6625000
vt 0.7912500 0.6625000
vt 0.8075000 0.6625000
vt 0.8237500 0.6625000
vt 0.8400000 0.6625000
vt 0.8562500 0.6625000
vt 0.8725000 0.6625000
vt 0.8887500 0.6625000
vt 0.9050000 0.6625000
vt 0.9212500 0.6625000
vt 0.9375000 0.6625000
vt 0.9537500 0.6625000
vt 0.9700000 0.6625000
vt 0.7750000 0.7350000
vt 0.7912500 0.7350000
vt 0.8075000 0.7350000
vt 0.8237500 0.7350000
vt 0.8400000 0.7350000
vt 0.8562500 0.7350000
vt 0.8725000 0.7350000
vt 0.8887500 0.7350000
vt 0.9050000 0.7350000
vt 0.9212500 0.7350000
vt 0.9375000 0.7350000
vt 0.9537500 0.7350000
vt 0.9700000 0.7350000
vt 0.7750000 0.4050000
vt 0.7912500 0.4050000
vt 0.8075000 0.4050000
vt 0.8237500 0.4050000
vt 0.8400000 0.4050000
vt 0.8562500 0.4050000
vt 0.8725000 0.4050000
vt 0.8887500 0.4050000
vt 0.9050000 0.4050000
vt 0.9212500 0.4050000
vt 0.9375000 0.4050000
vt 0.9537500 0.4050000
vt 0.9700000 0.4050000
vt 0.7750000 0.4694000
vt 0.7912500 0.4694000
vt 0.8075000 0.4694000
vt 0.8237500 0.4694000
vt 0.8400000 0.4694000
vt 0.8562500 0.4694000
vt 0.8725000 0.4694000
vt 0.8887500 0.4694000
vt 0.9050000 0.4694000
vt 0.9212500 0.4694000
vt 0.9375000 0.4694000
vt 0.9537500 0.4694000
vt 0.9700000 0.4694000
vt 0.7750000 0.5450000
vt 0.7912500 0.5450000
vt 0.8075000 0.5450000
vt 0.8237500 0.5450000
vt 0.8400000 0.5450000
vt 0.8562500 0.5450000
vt 0.8725000 0.5450000
vt 0.8887500 0.5450000
vt 0.9050000 0.5450000
vt 0.9212500 0.5450000
vt 0.9375000 0.5450000
vt 0.9537500 0.5450000
vt 0.9700000 0.5450000
vt 0.8725000 0.5338000
vt 0.7750000 0.5900000
vt 0.7912500 0.5900000
vt 0.8075000 0.5900000
vt 0.8237500 0.5900000
vt 0.8400000 0.5900000
vt 0.8562500 0.5900000
vt 0.8725000 0.5900000
vt 0.8887500 0.5900000
vt 0.9050000 0.5900000
vt 0.9212500 0.5900000
vt 0.9375000 0.5900000
vt 0.9537500 0.5900000
vt 0.9700000 0.5900000
vt 0.7750000 0.6625000
vt 0.7912500 0.6625000
vt 0.8075000 0.6625000
vt 0.8237500 0.6625000
vt 0.8400000 0.6625000
vt 0.8562500 0.6625000
vt 0.8725000 0.6625000
vt 0.8887500 0.6625000
vt 0.9050000 0.6625000
vt 0.9212500 0.6625000
vt 0.9375000 0.6625000
vt 0.9537500 0.6625000
vt 0.9700000 0.6625000
vt 0.7750000 0.7350000
vt 0.7912500 0.7350000
vt 0.8075000 0.7350000
vt 0.8237500 0.7350000
vt 0.8400000 0.7350000
vt 0.8562500 0.7350000
vt 0.8725000 0.7350000
vt 0.8887500 0.7350000
vt 0.9050000 0.7350000
vt 0.9212500 0.7350000
vt 0.9375000 0.7350000
vt 0.9537500 0.7350000
vt 0.9700000 0.7350000
vt 0.7750000 0.4050000
vt 0.7912500 0.4050000
vt 0.8075000 0.4050000
vt 0.8237500 0.4050000
vt 0.8400000 0.4050000
vt 0.8562500 0.4050000
vt 0.8725000 0.4050000
vt 0.8887500 0.4050000
vt 0.9050000 0.4050000
vt 0.9212500 0.4050000
vt 0.9375000 0.4050000
vt 0.9537500 0.4050000
vt 0.9700000 0.4050000
vt 0.7750000 0.4694000
vt 0.7912500 0.4694000
vt 0.8075000 0.4694000
vt 0.8237500 0.4694000
vt 0.8400000 0.4694000
vt 0.8562500 0.4694000
vt 0.8725000 0.4694000
vt 0.8887500 0.4694000
vt 0.9050000 0.4694000
vt 0.9212500 0.4694000
vt 0.9375000 0.4694000
vt 0.9537500 0.4694000
vt 0.9700000 0.4694000
vt 0.7750000 0.5450000
vt 0.7912500 0.5450000
vt 0.8075000 0.5450000
vt 0.8237500 0.5450000
vt 0.8400000 0.5450000
vt 0.8562500 0.5450000
vt 0.8725000 0.5450000
vt 0.8887500 0.5450000
vt 0.9050000 0.5450000
vt 0.9212500 0.5450000
vt 0.9375000 0.5450000
vt 0.9537500 0.5450000
vt 0.9700000 0.5450000
vt 0.8725000 0.5338000
vt 0.7750000 0.5900000
vt 0.7912500 0.5900000
vt 0.8075000 0.5900000
vt 0.8237500 0.5900000
vt 0.8400000 0.5900000
vt 0.8562500 0.5900000
vt 0.8725000 0.5900000
vt 0.8887500 0.5900000
vt 0.9050000 0.5900000
vt 0.9212500 0.5900000
vt 0.9375000 0.5900000
vt 0.9537500 0.5900000
vt 0.9700000 0.5900000
vt 0.7750000 0.6625000
vt 0.7912500 0.6625000
vt 0.8075000 0.6625000
vt 0.8237500 0.6625000
vt 0.8400000 0.6625000
vt 0.8562500 0.6625000
vt 0.8725000 0.6625000
vt 0.8887500 0.6625000
vt 0.9050000 0.6625000
vt 0.9212500 0.6625000
vt 0.9375000 0.6625000
vt 0.9537500 0.6625000
vt 0.9700000 0.6625000
vt 0.7750000 0.7350000
vt 0.7912500 0.7350000
vt 0.8075000 0.7350000
vt 0.8237500 0.7350000
vt 0.8400000 0.7350000
vt 0.8562500 0.7350000
vt 0.8725000 0.7350000
vt 0.8887500 0.7350000
vt 0.9050000 0.7350000
vt 0.9212500 0.7350000
vt 0.9375000 0.7350000
vt 0.9537500 0.7350000
vt 0.9700000 0.7350000
vt 0.7750000 0.4050000
vt 0.7912500 0.4050000
vt 0.8075000 0.4050000
vt 0.8237500 0.4050000
vt 0.8400000 0.4050000
vt 0.8562500 0.4050000
vt 0.8725000 0.4050000
vt 0.8887500 0.4050000
vt 0.9050000 0.4050000
vt 0.9212500 0.4050000
vt 0.9375000 0.4050000
vt 0.9537500 0.4050000
vt 0.9700000 0.4050000
vt 0.7750000 0.4694000
vt 0.7912500 0.4694000
vt 0.8075000 0.4694000
vt 0.8237500 0.4694000
vt 0.8400000 0.4694000
vt 0.8562500 0.4694000
vt 0.8725000 0.4694000
vt 0.8887500 0.4694000
vt 0.9050000 0.4694000
vt 0.9212500 0.4694000
vt 0.9375000 0.4694000
vt 0.9537500 0.4694000
vt 0.9700000 0.4694000
vt 0.7750000 0.5450000
vt 0.7912500 0.5450000
vt 0.8075000 0.5450000
vt 0.8237500 0.5450000
vt 0.8400000 0.5450000
vt 0.8562500 0.5450000
vt 0.8725000 0.5450000
vt 0.8887500 0.5450000
vt 0.9050000 0.5450000
vt 0.9212500 0.5450000
vt 0.9375000 0.5450000
vt 0.9537500 0.5450000
vt 0.9700000 0.5450000
vt 0.8725000 0.5338000
vt 0.7750000 0.5900000
vt 0.7912500 0.5900000
vt 0.8075000 0.5900000
vt 0.8237500 0.5900000
vt 0.8400000 0.5900000
vt 0.8562500 0.5900000
vt 0.8725000 0.5900000
vt 0.8887500 0.5900000
vt 0.9050000 0.5900000
vt 0.9212500 0.5900000
vt 0.9375000 0.5900000
vt 0.9537500 0.5900000
vt 0.9700000 0.5900000
vt 0.7750000 0.6625000
vt 0.7912500 0.6625000
vt 0.8075000 0.6625000
vt 0.8237500 0.6625000
vt 0.8400000 0.6625000
vt 0.8562500 0.6625000
vt 0.8725000 0.6625000
vt 0.8887500 0.6625000
vt 0.9050000 0.6625000
vt 0.9212500 0.6625000
vt 0.9375000 0.6625000
vt 0.9537500 0.6625000
vt 0.9700000 0.6625000
vt 0.7750000 0.7350000
vt 0.7912500 0.7350000
vt 0.8075000 0.7350000
vt 0.8237500 0.7350000
vt 0.8400000 0.7350000
vt 0.8562500 0.7350000
vt 0.8725000 0.7350000
vt 0.8887500 0.7350000
vt 0.9050000 0.7350000
vt 0.9212500 0.7350000
vt 0.9375000 0.7350000
vt 0.9537500 0.7350000
vt 0.9700000 0.7350000
vt 0.7750000 0.4050000
vt 0.7912500 0.4050000
vt 0.8075000 0.4050000
vt 0.8237500 0.4050000
vt 0.8400000 0.4050000
vt 0.8562500 0.4050000
vt 0.8725000 0.4050000
vt 0.8887500 0.4050000
vt 0.9050000 0.4050000
vt 0.9212500 0.4050000
vt 0.9375000 0.4050000
vt 0.9537500 0.4050000
vt 0.9700000 0.4050000
vt 0.7750000 0.4694000
vt 0.7912500 0.4694000
vt 0.8075000 0.4694000
vt 0.8237500 0.4694000
vt 0.8400000 0.4694000
vt 0.8562500 0.4694000
vt 0.8725000 0.4694000
vt 0.8887500 0.4694000
vt 0.9050000 0.4694000
vt 0.9212500 0.4694000
vt 0.9375000 0.4694000
vt 0.9537500 0.4694000
vt 0.9700000 0.4694000
vt 0.7750000 0.5450000
vt 0.7912500 0.5450000
vt 0.8075000 0.5450000
vt 0.8237500 0.5450000
vt 0.8400000 0.5450000
vt 0.8562500 0.5450000
vt 0.8725000 0.5450000
vt 0.8887500 0.5450000
vt 0.9050000 0.5450000
vt 0.9212500 0.5450000
vt 0.9375000 0.5450000
vt 0.9537500 0.5450000
vt 0.9700000 0.5450000
vt 0.8725000 0.5338000
vt 0.7750000 0.5900000
vt 0.7912500 0.5900000
vt 0.8075000 0.5900000
vt 0.8237500 0.5900000
vt 0.8400000 0.5900000
vt 0.8562500 0.5900000
vt 0.8725000 0.5900000
vt 0.8887500 0.5900000
vt 0.9050000 0.5900000
vt 0.9212500 0.5900000
vt 0.9375000 0.5900000
vt 0.9537500 0.5900000
vt 0.9700000 0.5900000
vt 0.7750000 0.6625000
vt 0.7912500 0.6625000
vt 0.8075000 0.6625000
vt 0.8237500 0.6625000
vt 0.8400000 0.6625000
vt 0.8562500 0.6625000
vt 0.8725000 0.6625000
vt 0.8887500 0.6625000
vt 0.9050000 0.6625000
vt 0.9212500 0.6625000
vt 0.9375000 0.6625000
vt 0.9537500 0.6625000
vt 0.9700000 0.6625000
vt 0.7750000 0.7350000
vt 0.7912500 0.7350000
vt 0.8075000 0.7350000
vt 0.8237500 0.7350000
vt 0.8400000 0.7350000
vt 0.8562500 0.7350000
vt 0.8725000 0.7350000
vt 0.8887500 0.7350000
vt 0.9050000 0.7350000
vt 0.9212500 0.7350000
vt 0.9375000 0.7350000
vt 0.9537500 0.7350000
vt 0.9700000 0.7350000
vt 0.7750000 0.4050000
vt 0.7912500 0.4050000
vt 0.8075000 0.4050000
vt 0.8237500 0.4050000
vt 0.8400000 0.4050000
vt 0.8562500 0.4050000
vt 0.8725000 0.4050000
vt 0.8887500 0.4050000
vt 0.9050000 0.4050000
vt 0.9212500 0.4050000
vt 0.9375000 0.4050000
vt 0.9537500 0.4050000
vt 0.9700000 0.4050000
vt 0.7750000 0.4694000
vt 0.7912500 0.4694000
vt 0.8075000 0.4694000
vt 0.8237500 0.4694000
vt 0.8400000 0.4694000
vt 0.8562500 0.4694000
vt 0.8725000 0.4694000
vt 0.8887500 0.4694000
vt 0.9050000 0.4694000
vt 0.9212500 0.4694000
vt 0.9375000 0.4694000
vt 0.9537500 0.4694000
vt 0.9700000 0.4694000
vt 0.7750000 0.5450000
vt 0.7912500 0.5450000
vt 0.8075000 0.5450000
vt 0.8237500 0.5450000
vt 0.8400000 0.5450000
vt 0.8562500 0.5450000
vt 0.8725000 0.5450000
vt 0.8887500 0.5450000
vt 0.9050000 0.5450000
vt 0.9212500 0.5450000
vt 0.9375000 0.5450000
vt 0.9537500 0.5450000
vt 0.9700000 0.5450000
vt 0.8725000 0.5338000
vt 0.7750000 0.5900000
vt 0.7912500 0.5900000
vt 0.8075000 0.5900000
vt 0.8237500 0.5900000
vt 0.8400000 0.5900000
vt 0.8562500 0.5900000
vt 0.8725000 0.5900000
vt 0.8887500 0.5900000
vt 0.9050000 0.5900000
vt 0.9212500 0.5900000
vt 0.9375000 0.5900000
vt 0.9537500 0.5900000
vt 0.9700000 0.5900000
vt 0.7750000 0.6625000
vt 0.7912500 0.6625000
vt 0.8075000 0.6625000
vt 0.8237500 0.6625000
vt 0.8400000 0.6625000
vt 0.8562500 0.6625000
vt 0.8725000 0.6625000
vt 0.8887500 0.6625000
vt 0.9050000 0.6625000
vt 0.9212500 0.6625000
vt 0.9375000 0.6625000
vt 0.9537500 0.6625000
vt 0.9700000 0.6625000
vt 0.7750000 0.7350000
vt 0.7912500 0.7350000
vt 0.8075000 0.7350000
vt 0.8237500 0.7350000
vt 0.8400000 0.7350000
vt 0.8562500 0.7350000
vt 0.8725000 0.7350000
vt 0.8887500 0.7350000
vt 0.9050000 0.7350000
vt 0.9212500 0.7350000
vt 0.9375000 0.7350000
vt 0.9537500 0.7350000
vt 0.9700000 0.7350000
vt 0.7750000 0.4050000
vt 0.7912500 0.4050000
vt 0.8075000 0.4050000
vt 0.8237500 0.4050000
vt 0.8400000 0.4050000
vt 0.8562500 0.4050000
vt 0.8725000 0.4050000
vt 0.8887500 0.4050000
vt 0.9050000 0.4050000
vt 0.9212500 0.4050000
vt 0.9375000 0.4050000
vt 0.9537500 0.4050000
vt 0.9700000 0.4050000
vt 0.7750000 0.4694000
vt 0.7912500 0.4694000
vt 0.8075000 0.4694000
vt 0.8237500 0.4694000
vt 0.8400000 0.4694000
vt 0.8562500 0.4694000
vt 0.8725000 0.4694000
vt 0.8887500 0.4694000
vt 0.9050000 0.4694000
vt 0.9212500 0.4694000
vt 0.9375000 0.4694000
vt 0.9537500 0.4694000
vt 0.9700000 0.4694000
vt 0.7750000 0.5450000
vt 0.7912500 0.5450000
vt 0.8075000 0.5450000
vt 0.8237500 0.5450000
vt 0.8400000 0.5450000
vt 0.8562500 0.5450000
vt 0.8725000 0.5450000
vt 0.8887500 0.5450000
vt 0.9050000 0.5450000
vt 0.9212500 0.5450000
vt 0.9375000 0.5450000
vt 0.9537500 0.5450000
vt 0.9700000 0.5450000
vt 0.8725000 0.5338000
vt 0.7750000 0.5900000
vt 0.7912500 0.5900000
vt 0.8075000 0.5900000
vt 0.8237500 0.5900000
vt 0.8400000 0.5900000
vt 0.8562500 0.5900000
vt 0.8725000 0.5900000
vt 0.8887500 0.5900000
vt 0.9050000 0.5900000
vt 0.9212500 0.5900000
vt 0.9375000 0.5900000
vt 0.9537500 0.5900000
vt 0.9700000 0.5900000
vt 0.7750000 0.6625000
vt 0.7912500 0.6625000
vt 0.8075000 0.6625000
vt 0.8237500 0.6625000
vt 0.8400000 0.6625000
vt 0.8562500 0.6625000
vt 0.8725000 0.6625000
vt 0.8887500 0.6625000
vt 0.9050000 0.6625000
vt 0.9212500 0.6625000
vt 0.9375000 0.6625000
vt 0.9537500 0.6625000
vt 0.9700000 0.6625000
vt 0.7750000 0.7350000
vt 0.7912500 0.7350000
vt 0.8075000 0.7350000
vt 0.8237500 0.7350000
vt 0.8400000 0.7350000
vt 0.8562500 0.7350000
vt 0.8725000 0.7350000
vt 0.8887500 0.7350000
vt 0.9050000 0.7350000
vt 0.9212500 0.7350000
vt 0.9375000 0.7350000
vt 0.9537500 0.7350000
vt 0.9700000 0.7350000
vt 0.7750000 0.4050000
vt 0.7912500 0.4050000
vt 0.8075000 0.4050000
vt 0.8237500 0.4050000
vt 0.8400000 0.4050000
vt 0.8562500 0.4050000
vt 0.8725000 0.4050000
vt 0.8887500 0.4050000
vt 0.9050000 0.4050000
vt 0.9212500 0.4050000
vt 0.9375000 0.4050000
vt 0.9537500 0.4050000
vt 0.9700000 0.4050000
vt 0.7750000 0.4694000
vt 0.7912500 0.4694000
vt 0.8075000 0.4694000
vt 0.8237500 0.4694000
vt 0.8400000 0.4694000
vt 0.8562500 0.4694000
vt 0.8725000 0.4694000
vt 0.8887500 0.4694000
vt 0.9050000 0.4694000
vt 0.9212500 0.4694000
vt 0.9375000 0.4694000
vt 0.9537500 0.4694000
vt 0.9700000 0.4694000
vt 0.7750000 0.5450000
vt 0.7912500 0.5450000
vt 0.8075000 0.5450000
vt 0.8237500 0.5450000
vt 0.8400000 0.5450000
vt 0.8562500 0.5450000
vt 0.8725000 0.5450000
vt 0.8887500 0.5450000
vt 0.9050000 0.5450000
vt 0.9212500 0.5450000
vt 0.9375000 0.5450000
vt 0.9537500 0.5450000
vt 0.9700000 0.5450000
vt 0.8725000 0.5338000

vn -0.9897172 0.0000000 -0.1430379
vn -0.9404763 -0.3089663 -0.1415774
vn -0.7991750 -0.5876888 -0.1262583
vn -0.5796449 -0.8088842 -0.0985802
vn -0.3033751 -0.9509005 -0.0612523
vn 0.0025911 -0.9998359 -0.0179287
vn 0.3083037 -0.9509005 0.0271500
vn 0.5838374 -0.8088842 0.0695710
vn 0.8022211 -0.5876888 0.1051819
vn 0.9420777 -0.3089663 0.1304969
vn 0.9897172 -0.0000000 0.1430379
vn 0.9404763 0.3089663 0.1415774
vn 0.7991750 0.5876888 0.1262583
vn 0.5796449 0.8088842 0.0985802
vn 0.3033751 0.9509005 0.0612523
vn -0.0025911 0.9998359 0.0179287
vn -0.3083037 0.9509005 -0.0271500
vn -0.5838374 0.8088842 -0.0695710
vn -0.8022211 0.5876888 -0.1051819
vn -0.9420777 0.3089663 -0.1304969
vn -0.9897172 0.0000000 -0.1430379
vn -0.9922343 -0.0002812 -0.1243826
vn -0.9431327 -0.3092631 -0.1218895
vn -0.8017107 -0.5879721 -0.1074650
vn -0.5818117 -0.8091263 -0.0825210
vn -0.3049609 -0.9510776 -0.0494994
vn 0.0017416 -0.9999308 -0.0116323
vn 0.3082736 -0.9509038 0.0273733
vn 0.5846297 -0.8087957 0.0636995
vn 0.8037581 -0.5875171 0.0937903
vn 0.9442091 -0.3087282 0.1147003
vn 0.9922343 0.0002812 0.1243826
vn 0.9431327 0.3092631 0.1218895
vn 0.8017107 0.5879721 0.1074650
vn 0.5818117 0.8091263 0.0825210
vn 0.3049609 0.9510776 0.0494994
vn -0.0017416 0.9999308 0.0116323
vn -0.3082736 0.9509038 -0.0273733
vn -0.5846297 0.8087957 -0.0636995
vn -0.8037581 0.5875171 -0.0937903
vn -0.9442091 0.3087282 -0.1147003
vn -0.9922343 -0.0002812 -0.1243826
vn -0.9961419 -0.0004925 -0.0877557
vn -0.9472434 -0.3094854 -0.0833590
vn -0.8056221 -0.5881836 -0.0708026
vn -0.5851409 -0.8093064 -0.0513156
vn -0.3073821 -0.9512086 -0.0268054
vn 0.0004655 -0.9999998 0.0003287
vn 0.3082675 -0.9509042 0.0274306
vn 0.5858941 -0.8087274 0.0518474
vn 0.8061693 -0.5873867 0.0711891
vn 0.9475311 -0.3085485 0.0835622
vn 0.9961419 0.0004925 0.0877557
vn 0.9472434 0.3094854 0.0833590
vn 0.8056221 0.5881836 0.0708026
vn 0.5851409 0.8093064 0.0513156
vn 0.3073821 0.9512086 0.0268054
vn -0.0004655 0.9999998 -0.0003287
vn -0.3082675 0.9509042 -0.0274306
vn -0.5858941 0.8087274 -0.0518474
vn -0.8061693 0.5873867 -0.0711891
vn -0.9475311 0.3085485 -0.0835622
vn -0.9961419 -0.0004925 -0.0877557
vn -0.9985802 -0.0003018 -0.0532684
vn -0.9497899 -0.3092862 -0.0473408
vn -0.8080276 -0.5879955 -0.0367792
vn -0.5871699 -0.8091477 -0.0226174
vn -0.3088359 -0.9510948 -0.0062417
vn -0.0002709 -0.9999422 0.0107451
vn 0.3083206 -0.9509083 0.0266800
vn 0.5867315 -0.8087929 0.0400033
vn 0.8077091 -0.5875071 0.0494108
vn 0.9496225 -0.3087121 0.0539817
vn 0.9985802 0.0003018 0.0532684
vn 0.9497899 0.3092862 0.0473408
vn 0.8080276 0.5879955 0.0367792
vn 0.5871699 0.8091477 0.0226174
vn 0.3088359 0.9510948 0.0062417
vn 0.0002709 0.9999422 -0.0107451
vn -0.3083206 0.9509083 -0.0266800
vn -0.5867315 0.8087929 -0.0400033
vn -0.8077091 0.5875071 -0.0494108
vn -0.9496225 0.3087121 -0.0539817
vn -0.9985802 -0.0003018 -0.0532684
vn -0.9997760 0.0001844 -0.0211649
vn -0.9510281 -0.3087828 -0.0141001
vn -0.8091869 -0.5875241 -0.0056551
vn -0.5881369 -0.8087545 0.0033434
vn -0.3095160 -0.9508183 0.0120147
vn -0.0005974 -0.9998095 0.0195099
vn 0.3083796 -0.9509323 0.0250953
vn 0.5871703 -0.8089713 0.0282243
vn 0.8084846 -0.5878225 0.0285904
vn 0.9506588 -0.3091335 0.0261579
vn 0.9997760 -0.0001844 0.0211649
vn 0.9510281 0.3087828 0.0141001
vn 0.8091869 0.5875241 0.0056551
vn 0.5881369 0.8087545 -0.0033434
vn 0.3095160 0.9508183 -0.0120147
vn 0.0005974 0.9998095 -0.0195099
vn -0.3083796 0.9509323 -0.0250953
vn -0.5871703 0.8089713 -0.0282243
vn -0.8084846 0.5878225 -0.0285904
vn -0.9506588 0.3091335 -0.0261579
vn -0.9997760 0.0001844 -0.0211649
vn -0.9999646 0.0008646 0.0083644
vn -0.9512214 -0.3080858 0.0161567
vn -0.8093660 -0.5868786 0.0223674
vn -0.5882841 -0.8082236 0.0263887
vn -0.3096170 -0.9504541 0.0278268
vn -0.0006423 -0.9996475 0.0265411
vn 0.3083952 -0.9509885 0.0226574
vn 0.5872448 -0.8092400 0.0165557
vn 0.8086108 -0.5882776 0.0088335
vn 0.9508244 -0.3097304 0.0002466
vn 0.9999646 -0.0008646 -0.0083644
vn 0.9512214 0.3080858 -0.0161567
vn 0.8093660 0.5868786 -0.0223674
vn 0.5882841 0.8082236 -0.0263887
vn 0.3096170 0.9504541 -0.0278268
vn 0.0006423 0.9996475 -0.0265411
vn -0.3083952 0.9509885 -0.0226574
vn -0.5872448 0.8092400 -0.0165557
vn -0.8086108 0.5882776 -0.0088335
vn -0.9508244 0.3097304 -0.0002466
vn -0.9999646 0.0008646 0.0083644
vn -0.9993798 0.0016464 0.0351767
vn -0.9506298 -0.3072950 0.0432745
vn -0.8088256 -0.5861563 0.0471363
vn -0.5878480 -0.8076406 0.0463841
vn -0.3093276 -0.9500673 0.0410915
vn -0.0005281 -0.9994949 0.0317765
vn 0.3083230 -0.9510849 0.0193511
vn 0.5869934 -0.8095761 0.0050314
vn 0.8082048 -0.5888203 -0.0097808
vn 0.9503034 -0.3104267 -0.0236355
vn 0.9993798 -0.0016464 -0.0351767
vn 0.9506298 0.3072950 -0.0432745
vn 0.8088256 0.5861563 -0.0471363
vn 0.5878480 0.8076406 -0.0463841
vn 0.3093276 0.9500673 -0.0410915
vn 0.0005281 0.9994949 -0.0317765
vn -0.3083230 0.9510849 -0.0193511
vn -0.5869934 0.8095761 -0.0050314
vn -0.8082048 0.5888203 0.0097808
vn -0.9503034 0.3104267 0.0236355
vn -0.9993798 0.0016464 0.0351767
vn -0.9982450 0.0024494 0.0591680
vn -0.9495011 -0.3064963 0.0671399
vn -0.8078133 -0.5854400 0.0685396
vn -0.5870512 -0.8070767 0.0632302
vn -0.3088244 -0.9497112 0.0517314
vn -0.0003677 -0.9993813 0.0351687
vn 0.3081250 -0.9512250 0.0151635
vn 0.5864562 -0.8099562 -0.0063260
vn 0.8073811 -0.5894032 -0.0271963
vn 0.9492738 -0.3111554 -0.0454044
vn 0.9982450 -0.0024494 -0.0591680
vn 0.9495011 0.3064963 -0.0671399
vn 0.8078133 0.5854400 -0.0685396
vn 0.5870512 0.8070767 -0.0632302
vn 0.3088244 0.9497112 -0.0517314
vn 0.0003677 0.9993813 -0.0351687
vn -0.3081250 0.9512250 -0.0151635
vn -0.5864562 0.8099562 0.0063260
vn -0.8073811 0.5894032 0.0271963
vn -0.9492738 0.3111554 0.0454044
vn -0.9982450 0.0024494 0.0591680
vn -0.9967685 0.0032073 0.0802639
vn -0.9480641 -0.3057587 0.0876702
vn -0.8065566 -0.5847949 0.0864947
vn -0.5860977 -0.8065873 0.0768525
vn -0.3082675 -0.9494254 0.0596874
vn -0.0002619 -0.9993270 0.0366798
vn 0.3077693 -0.9514076 0.0100816
vn 0.5856739 -0.8103578 -0.0175034
vn 0.8062487 -0.5899845 -0.0433751
vn 0.9479022 -0.3118594 -0.0650009
vn 0.9967685 -0.0032073 -0.0802639
vn 0.9480641 0.3057587 -0.0876702
vn 0.8065566 0.5847949 -0.0864947
vn 0.5860977 0.8065873 -0.0768525
vn 0.3082675 0.9494254 -0.0596874
vn 0.0002619 0.9993270 -0.0366798
vn -0.3077693 0.9514076 -0.0100816
vn -0.5856739 0.8103578 0.0175034
vn -0.8062487 0.5899845 0.0433751
vn -0.9479022 0.3118594 0.0650009
vn -0.9967685 0.0032073 0.0802639
vn -0.9951384 0.0038692 0.0984102
vn -0.9465250 -0.3051337 0.1048035
vn -0.8052592 -0.5842681 0.1009379
vn -0.5851690 -0.8062102 0.0871918
vn -0.3077983 -0.9492348 0.0649108
vn -0.0002982 -0.9993418 0.0362758
vn 0.3072311 -0.9516262 0.0040899
vn 0.5846864 -0.8107588 -0.0284963
vn 0.8049086 -0.5905286 -0.0582931
vn 0.9463407 -0.3124934 -0.0823838
vn 0.9951384 -0.0038692 -0.0984102
vn 0.9465250 0.3051337 -0.1048035
vn 0.8052592 0.5842681 -0.1009379
vn 0.5851690 0.8062102 -0.0871918
vn 0.3077983 0.9492348 -0.0649108
vn 0.0002982 0.9993418 -0.0362758
vn -0.3072311 0.9516262 -0.0040899
vn -0.5846864 0.8107588 0.0284963
vn -0.8049086 0.5905286 0.0582931
vn -0.9463407 0.3124934 0.0823838
vn -0.9951384 0.0038692 0.0984102
vn -0.9935210 0.0044008 0.1135637
vn -0.9450644 -0.3046537 0.1184883
vn -0.8040983 -0.5838866 0.1118144
vn -0.5844214 -0.8059645 0.0941953
vn -0.3075373 -0.9491491 0.0673557
vn -0.0005494 -0.9994243 0.0339229
vn 0.3064924 -0.9518689 -0.0028305
vn 0.5835325 -0.8111379 -0.0393068
vn 0.8034524 -0.5910071 -0.0719356
vn 0.9447248 -0.3130245 -0.0975227
vn 0.9935210 -0.0044008 -0.1135637
vn 0.9450644 0.3046537 -0.1184883
vn 0.8040983 0.5838866 -0.1118144
vn 0.5844214 0.8059645 -0.0941953
vn 0.3075373 0.9491491 -0.0673557
vn 0.0005494 0.9994243 -0.0339229
vn -0.3064924 0.9518689 0.0028305
vn -0.5835325 0.8111379 0.0393068
vn -0.8034524 0.5910071 0.0719356
vn -0.9447248 0.3130245 0.0975227
vn -0.9935210 0.0044008 0.1135637
vn -0.9920587 0.0047846 0.1256850
vn -0.9438354 -0.3043311 0.1286753
vn -0.8032230 -0.5836568 0.1190699
vn -0.5839855 -0.8058501 0.0978091
vn -0.3075834 -0.9491612 0.0669741
vn -0.0010729 -0.9995617 0.0295831
vn 0.3055426 -0.9521183 -0.0107036
vn 0.5822494 -0.8114748 -0.0499426
vn 0.8019617 -0.5913985 -0.0842928
vn 0.9431723 -0.3134320 -0.1103919
vn 0.9920587 -0.0047846 -0.1256850
vn 0.9438354 0.3043311 -0.1286753
vn 0.8032230 0.5836568 -0.1190699
vn 0.5839855 0.8058501 -0.0978091
vn 0.3075834 0.9491612 -0.0669741
vn 0.0010729 0.9995617 -0.0295831
vn -0.3055426 0.9521183 0.0107036
vn -0.5822494 0.8114748 0.0499426
vn -0.8019617 0.5913985 0.0842928
vn -0.9431723 0.3134320 0.1103919
vn -0.9920587 0.0047846 0.1256850
vn -0.9908694 0.0050218 0.1347315
vn -0.9429632 -0.3041572 0.1353100
vn -0.8027532 -0.5835631 0.1226434
vn -0.5839641 -0.8058458 0.0979717
vn -0.3080125 -0.9492467 0.0637098
vn -0.0019105 -0.9997288 0.0232115
vn 0.3043785 -0.9523504 -0.0195589
vn 0.5808728 -0.8117493 -0.0604147
vn 0.8005072 -0.5916885 -0.0953567
vn 0.9417824 -0.3137092 -0.1209645
vn 0.9908694 -0.0050218 -0.1347315
vn 0.9429632 0.3041572 -0.1353100
vn 0.8027532 0.5835631 -0.1226434
vn 0.5839641 0.8058458 -0.0979717
vn 0.3080125 0.9492467 -0.0637098
vn 0.0019105 0.9997288 -0.0232115
vn -0.3043785 0.9523504 0.0195589
vn -0.5808728 0.8117493 0.0604147
vn -0.8005072 0.5916885 0.0953567
vn -0.9417824 0.3137092 0.1209645
vn -0.9908694 0.0050218 0.1347315
vn -0.9900458 0.0051321 0.1406518
vn -0.9425435 -0.3041010 0.1383271
vn -0.8027784 -0.5835665 0.1224620
vn -0.5844318 -0.8059085 0.0946094
vn -0.3088769 -0.9493626 0.0574958
vn -0.0030871 -0.9998864 0.0147542
vn 0.3030050 -0.9525344 -0.0294317
vn 0.5794369 -0.8119417 -0.0707367
vn 0.7991494 -0.5918704 -0.1051174
vn 0.9406356 -0.3138628 -0.1292085
vn 0.9900458 -0.0051321 -0.1406518
vn 0.9425435 0.3041010 -0.1383271
vn 0.8027784 0.5835665 -0.1224620
vn 0.5844318 0.8059085 -0.0946094
vn 0.3088769 0.9493626 -0.0574958
vn 0.0030871 0.9998864 -0.0147542
vn -0.3030050 0.9525344 0.0294317
vn -0.5794369 0.8119417 0.0707367
vn -0.7991494 0.5918704 0.1051174
vn -0.9406356 0.3138628 0.1292085
vn -0.9900458 0.0051321 0.1406518
vn -0.9896539 0.0051564 0.1433828
vn -0.9426411 -0.3041070 0.1376468
vn -0.8033561 -0.5836023 0.1184370
vn -0.5854330 -0.8059706 0.0876337
vn -0.3102036 -0.9494448 0.0482523
vn -0.0046093 -0.9999808 0.0041475
vn 0.3014361 -0.9526317 -0.0403632
vn 0.5779749 -0.8120323 -0.0809229
vn 0.7979375 -0.5919456 -0.1135613
vn 0.9397924 -0.3139151 -0.1350835
vn 0.9896539 -0.0051564 -0.1433828
vn 0.9426411 0.3041070 -0.1376468
vn 0.8033561 0.5836023 -0.1184370
vn 0.5854330 0.8059706 -0.0876337
vn 0.3102036 0.9494448 -0.0482523
vn 0.0046093 0.9999808 -0.0041475
vn -0.3014361 0.9526317 0.0403632
vn -0.5779749 0.8120323 0.0809229
vn -0.7979375 0.5919456 0.1135613
vn -0.9397924 0.3139151 0.1350835
vn -0.9896539 0.0051564 0.1433828
vn -0.9897313 0.0051581 0.1428472
vn -0.9432880 -0.3040933 0.1331731
vn -0.8045090 -0.5835779 0.1104630
vn -0.5869792 -0.8059378 0.0769401
vn -0.3119917 -0.9494069 0.0358857
vn -0.0064643 -0.9999414 -0.0086815
vn 0.2996959 -0.9525947 -0.0523988
vn 0.5765198 -0.8120014 -0.0909869
vn 0.7969099 -0.5919238 -0.1206687
vn 0.9392928 -0.3139045 -0.1385385
vn 0.9897313 -0.0051581 -0.1428472
vn 0.9432880 0.3040933 -0.1331731
vn 0.8045090 0.5835779 -0.1104630
vn 0.5869792 0.8059378 -0.0769401
vn 0.3119917 0.9494069 -0.0358857
vn 0.0064643 0.9999414 0.0086815
vn -0.2996959 0.9525947 0.0523988
vn -0.5765198 0.8120014 0.0909869
vn -0.7969099 0.5919238 0.1206687
vn -0.9392928 0.3139045 0.1385385
vn -0.9897313 0.0051581 0.1428472
vn -0.9902851 0.0052255 0.1389538
vn -0.9444797 -0.3039481 0.1247942
vn -0.8062221 -0.5833692 0.0984189
vn -0.5890458 -0.8056861 0.0624097
vn -0.3142097 -0.9491367 0.0202914
vn -0.0086165 -0.9996793 -0.0238132
vn 0.2978202 -0.9523663 -0.0655868
vn 0.5751041 -0.8118290 -0.1009403
vn 0.7960928 -0.5918243 -0.1264131
vn 0.9391544 -0.3138876 -0.1395116
vn 0.9902851 -0.0052255 -0.1389538
vn 0.9444797 0.3039481 -0.1247942
vn 0.8062221 0.5833692 -0.0984189
vn 0.5890458 0.8056861 -0.0624097
vn 0.3142097 0.9491367 -0.0202914
vn 0.0086165 0.9996793 0.0238132
vn -0.2978202 0.9523663 0.0655868
vn -0.5751041 0.8118290 0.1009403
vn -0.7960928 0.5918243 0.1264131
vn -0.9391544 0.3138876 0.1395116
vn -0.9902851 0.0052255 0.1389538
vn -0.9912878 0.0054750 0.1315999
vn -0.9461715 -0.3035271 0.1123867
vn -0.8084373 -0.5828180 0.0821723
vn -0.5915677 -0.8050585 0.0439143
vn -0.3167913 -0.9484943 0.0013577
vn -0.0110052 -0.9990849 -0.0413318
vn 0.2958582 -0.9518780 -0.0799755
vn 0.5737610 -0.8114948 -0.1107906
vn 0.7955000 -0.5916767 -0.1307608
vn 0.9393699 -0.3139413 -0.1379312
vn 0.9912878 -0.0054750 -0.1315999
vn 0.9461715 0.3035271 -0.1123867
vn 0.8084373 0.5828180 -0.0821723
vn 0.5915677 0.8050585 -0.0439143
vn 0.3167913 0.9484943 -0.0013577
vn 0.0110052 0.9990849 0.0413318
vn -0.2958582 0.9518780 0.0799755
vn -0.5737610 0.8114948 0.1107906
vn -0.7955000 0.5916767 0.1307608
vn -0.9393699 0.3139413 0.1379312
vn -0.9912878 0.0054750 0.1315999
vn -0.9926733 0.0060535 0.1206773
vn -0.9482727 -0.3026499 0.0958224
vn -0.8110485 -0.5817278 0.0615878
vn -0.5944332 -0.8038622 0.0213246
vn -0.3196307 -0.9473089 -0.0210261
vn -0.0135405 -0.9980264 -0.0613185
vn 0.2938752 -0.9510501 -0.0956087
vn 0.5725243 -0.8109785 -0.1205401
vn 0.7951307 -0.5915226 -0.1336721
vn 0.9399042 -0.3141643 -0.1337194
vn 0.9926733 -0.0060535 -0.1206773
vn 0.9482727 0.3026499 -0.0958224
vn 0.8110485 0.5817278 -0.0615878
vn 0.5944332 0.8038622 -0.0213246
vn 0.3196307 0.9473089 0.0210261
vn 0.0135405 0.9980264 0.0613185
vn -0.2938752 0.9510501 0.0956087
vn -0.5725243 0.8109785 0.1205401
vn -0.7951307 0.5915226 0.1336721
vn -0.9399042 0.3141643 0.1337194
vn -0.9926733 0.0060535 0.1206773
vn -0.9943318 0.0071405 0.1060811
vn -0.9506409 -0.3010977 0.0749802
vn -0.8138946 -0.5798624 0.0365398
vn -0.5974786 -0.8018661 -0.0054774
vn -0.3225773 -0.9453776 -0.0469585
vn -0.0160998 -0.9963489 -0.0838429
vn 0.2919536 -0.9497907 -0.1125202
vn 0.5714285 -0.8102603 -0.1301832
vn 0.7949681 -0.5914160 -0.1351030
vn 0.9406907 -0.3146798 -0.1267980
vn 0.9943318 -0.0071405 -0.1060811
vn 0.9506409 0.3010977 -0.0749802
vn 0.8138946 0.5798624 -0.0365398
vn 0.5974786 0.8018661 0.0054774
vn 0.3225773 0.9453776 0.0469585
vn 0.0160998 0.9963489 0.0838429
vn -0.2919536 0.9497907 0.1125202
vn -0.5714285 0.8102603 0.1301832
vn -0.7949681 0.5914160 0.1351030
vn -0.9406907 0.3146798 0.1267980
vn -0.9943318 0.0071405 0.1060811
vn -0.9961046 0.0089496 0.0877242
vn -0.9530762 -0.2986126 0.0497632
vn -0.8167540 -0.5769445 0.0069311
vn -0.6004822 -0.7988010 -0.0365795
vn -0.3254311 -0.9424653 -0.0765094
vn -0.0185245 -0.9938746 -0.1089501
vn 0.2901954 -0.9479965 -0.1307260
vn 0.5705090 -0.8093219 -0.1397054
vn 0.7949771 -0.5914252 -0.1350096
vn 0.9416274 -0.3156357 -0.1170981
vn 0.9961046 -0.0089496 -0.0877242
vn 0.9530762 0.2986126 -0.0497632
vn 0.8167540 0.5769445 -0.0069311
vn 0.6004822 0.7988010 0.0365795
vn 0.3254311 0.9424653 0.0765094
vn 0.0185245 0.9938746 0.1089501
vn -0.2901954 0.9479965 0.1307260
vn -0.5705090 0.8093219 0.1397054
vn -0.7949771 0.5914252 0.1350096
vn -0.9416274 0.3156357 0.1170981
vn -0.9961046 0.0089496 0.0877242
vn -0.9977800 0.0117265 0.0655552
vn -0.9553164 -0.2948996 0.0201210
vn -0.8193397 -0.5726588 -0.0272828
vn -0.6031604 -0.7943622 -0.0720159
vn -0.3279395 -0.9383079 -0.1096997
vn -0.0206176 -0.9904055 -0.1366452
vn 0.2887225 -0.9455553 -0.1502150
vn 0.5698004 -0.8081475 -0.1490807
vn 0.7951023 -0.5916327 -0.1333533
vn 0.9425740 -0.3172047 -0.1045724
vn 0.9977800 -0.0117265 -0.0655552
vn 0.9553164 0.2948996 -0.0201210
vn 0.8193397 0.5726588 0.0272828
vn 0.6031604 0.7943622 0.0720159
vn 0.3279395 0.9383079 0.1096997
vn 0.0206176 0.9904055 0.1366452
vn -0.2887225 0.9455553 0.1502150
vn -0.5698004 0.8081475 0.1490807
vn -0.7951023 0.5916327 0.1333533
vn -0.9425740 0.3172047 0.1045724
vn -0.9977800 0.0117265 0.0655552
vn -0.9990923 0.0157441 0.0395825
vn -0.9570363 -0.2896336 -0.0139218
vn -0.8212990 -0.5666600 -0.0660633
vn -0.6051672 -0.7882177 -0.1117381
vn -0.3297975 -0.9326192 -0.1464752
vn -0.0221448 -0.9857295 -0.1668743
vn 0.2876755 -0.9423496 -0.1709386
vn 0.5693361 -0.8067260 -0.1582702
vn 0.7952662 -0.5921345 -0.1301092
vn 0.9433501 -0.3195807 -0.0892122
vn 0.9990923 -0.0157441 -0.0395825
vn 0.9570363 0.2896336 0.0139218
vn 0.8212990 0.5666600 0.0660633
vn 0.6051672 0.7882177 0.1117381
vn 0.3297975 0.9326192 0.1464752
vn 0.0221448 0.9857295 0.1668743
vn -0.2876755 0.9423496 0.1709386
vn -0.5693361 0.8067260 0.1582702
vn -0.7952662 0.5921345 0.1301092
vn -0.9433501 0.3195807 0.0892122
vn -0.9990923 0.0157441 0.0395825
vn -0.9997243 0.0212917 0.0099009
vn -0.9578521 -0.2824730 -0.0522336
vn -0.8222187 -0.5585872 -0.1092551
vn -0.6061008 -0.7800231 -0.1555820
vn -0.3306536 -0.9251049 -0.1866795
vn -0.0228396 -0.9796309 -0.1995034
vn 0.2872100 -0.9382639 -0.1927986
vn 0.5691455 -0.8050530 -0.1672213
vn 0.7953691 -0.5930380 -0.1252752
vn 0.9437365 -0.3229722 -0.0710663
vn 0.9997243 -0.0212917 -0.0099009
vn 0.9578521 0.2824730 0.0522336
vn 0.8222187 0.5585872 0.1092551
vn 0.6061008 0.7800231 0.1555820
vn 0.3306536 0.9251049 0.1866795
vn 0.0228396 0.9796309 0.1995034
vn -0.2872100 0.9382639 0.1927986
vn -0.5691455 0.8050530 0.1672213
vn -0.7953691 0.5930380 0.1252752
vn -0.9437365 0.3229722 0.0710663
vn -0.9997243 0.0212917 0.0099009
vn -0.9993181 0.0286580 -0.0232801
vn -0.9573343 -0.2730801 -0.0945430
vn -0.8216398 -0.5480873 -0.1565514
vn -0.6055175 -0.7694438 -0.2032355
vn -0.3301230 -0.9154819 -0.2300255
vn -0.0224137 -0.9719062 -0.2342990
vn 0.2874896 -0.9331935 -0.2156376
vn 0.5692514 -0.8031334 -0.1758682
vn 0.7952909 -0.5944570 -0.1188835
vn 0.9434818 -0.3275909 -0.0502617
vn 0.9993181 -0.0286580 0.0232801
vn 0.9573343 0.2730801 0.0945430
vn 0.8216398 0.5480873 0.1565514
vn 0.6055175 0.7694438 0.2032355
vn 0.3301230 0.9154819 0.2300255
vn 0.0224137 0.9719062 0.2342990
vn -0.2874896 0.9331935 0.2156376
vn -0.5692514 0.8031334 0.1758682
vn -0.7952909 0.5944570 0.1188835
vn -0.9434818 0.3275909 0.0502617
vn -0.9993181 0.0286580 -0.0232801
vn -0.9974940 0.0381069 -0.0596120
vn -0.9550313 -0.2611512 -0.1404108
vn -0.8190835 -0.5348460 -0.2074653
vn -0.6029581 -0.7561864 -0.2542117
vn -0.3278110 -0.9035060 -0.2760740
vn -0.0205754 -0.9623841 -0.2709123
vn 0.2886742 -0.9270574 -0.2392318
vn 0.5696664 -0.8009838 -0.1841336
vn 0.7948957 -0.5965043 -0.1110111
vn 0.9423150 -0.3336349 -0.0270221
vn 0.9974940 -0.0381069 0.0596120
vn 0.9550313 0.2611512 0.1404108
vn 0.8190835 0.5348460 0.2074653
vn 0.6029581 0.7561864 0.2542117
vn 0.3278110 0.9035060 0.2760740
vn 0.0205754 0.9623841 0.2709123
vn -0.2886742 0.9270574 0.2392318
vn -0.5696664 0.8009838 0.1841336
vn -0.7948957 0.5965043 0.1110111
vn -0.9423150 0.3336349 0.0270221
vn -0.9974940 0.0381069 -0.0596120
vn -0.9938786 0.0498479 -0.0985926
vn -0.9505049 -0.2464515 -0.1892145
vn -0.8140891 -0.5186266 -0.2613148
vn -0.5979846 -0.7400348 -0.3078358
vn -0.3233452 -0.8890033 -0.3242237
vn -0.0170545 -0.9509500 -0.3088743
vn 0.2909056 -0.9198110 -0.2632901
vn 0.5703898 -0.7986345 -0.1919333
vn 0.7940403 -0.5992822 -0.1017887
vn 0.9399646 -0.3412679 -0.0016803
vn 0.9938786 -0.0498479 0.0985926
vn 0.9505049 0.2464515 0.1892145
vn 0.8140891 0.5186266 0.2613148
vn 0.5979846 0.7400348 0.3078358
vn 0.3233452 0.8890033 0.3242237
vn 0.0170545 0.9509500 0.3088743
vn -0.2909056 0.9198110 0.2632901
vn -0.5703898 0.7986345 0.1919333
vn -0.7940403 0.5992822 0.1017887
vn -0.9399646 0.3412679 0.0016803
vn -0.9938786 0.0498479 -0.0985926
vn -0.9881418 0.0640044 -0.1395680
vn -0.9433732 -0.2288529 -0.2401528
vn -0.8062606 -0.4993085 -0.3172298
vn -0.5902257 -0.7208884 -0.3632542
vn -0.3164153 -0.8719026 -0.3737207
vn -0.0116320 -0.9375690 -0.3476048
vn 0.2942899 -0.9114595 -0.2874629
vn 0.5714047 -0.7961301 -0.1991822
vn 0.7925864 -0.6028699 -0.0914041
vn 0.9361842 -0.3505966 0.0253212
vn 0.9881418 -0.0640044 0.1395680
vn 0.9433732 0.2288529 0.2401528
vn 0.8062606 0.4993085 0.3172298
vn 0.5902257 0.7208884 0.3632542
vn 0.3164153 0.8719026 0.3737207
vn 0.0116320 0.9375690 0.3476048
vn -0.2942899 0.9114595 0.2874629
vn -0.5714047 0.7961301 0.1991822
vn -0.7925864 0.6028699 0.0914041
vn -0.9361842 0.3505966 -0.0253212
vn -0.9881418 0.0640044 -0.1395680
vn -0.9800360 0.0805861 -0.1817560
vn -0.9333584 -0.2083661 -0.2922765
vn -0.7953172 -0.4769220 -0.3741870
vn -0.5794248 -0.6987934 -0.4194695
vn -0.3068142 -0.8522621 -0.4236914
vn -0.0041706 -0.9223054 -0.3864394
vn 0.2988813 -0.9020670 -0.3113600
vn 0.5726767 -0.7935280 -0.2058026
vn 0.7904144 -0.6073130 -0.0800997
vn 0.9307809 -0.3616499 0.0534439
vn 0.9800360 -0.0805861 0.1817560
vn 0.9333584 0.2083661 0.2922765
vn 0.7953172 0.4769220 0.3741870
vn 0.5794248 0.6987934 0.4194695
vn 0.3068142 0.8522621 0.4236914
vn 0.0041706 0.9223054 0.3864394
vn -0.2988813 0.9020670 0.3113600
vn -0.5726767 0.7935280 0.2058026
vn -0.7904144 0.6073130 0.0800997
vn -0.9307809 0.3616499 -0.0534439
vn -0.9800360 0.0805861 -0.1817560
vn -0.9694320 0.0994709 -0.2242926
vn -0.9203280 -0.1851601 -0.3445462
vn -0.7811359 -0.4516664 -0.4310733
vn -0.5654808 -0.6739604 -0.4754039
vn -0.2944725 -0.8302825 -0.4731986
vn 0.0053609 -0.9053308 -0.4246734
vn 0.3046695 -0.8917589 -0.3345782
vn 0.5741549 -0.7908955 -0.2117321
vn 0.7874380 -0.6126137 -0.0681602
vn 0.9236412 -0.3743650 0.0820836
vn 0.9694320 -0.0994709 0.2242926
vn 0.9203280 0.1851601 0.3445462
vn 0.7811359 0.4516664 0.4310733
vn 0.5654808 0.6739604 0.4754039
vn 0.2944725 0.8302825 0.4731986
vn -0.0053609 0.9053308 0.4246734
vn -0.3046695 0.8917589 0.3345782
vn -0.5741549 0.7908955 0.2117321
vn -0.7874380 0.6126137 0.0681602
vn -0.9236412 0.3743650 -0.0820836
vn -0.9694320 0.0994709 -0.2242926
vn -0.9563416 0.1204046 -0.2662960
vn -0.9043203 -0.1595613 -0.3959102
vn -0.7637779 -0.4239083 -0.4867700
vn -0.5484716 -0.6467601 -0.5299813
vn -0.2794771 -0.8063026 -0.5213144
vn 0.0168746 -0.8869185 -0.4616176
vn 0.3115745 -0.8807167 -0.3567344
vn 0.5757753 -0.7883042 -0.2169316
vn 0.7836152 -0.6187270 -0.0558940
vn 0.9147494 -0.3885844 0.1106149
vn 0.9563416 -0.1204046 0.2662960
vn 0.9043203 0.1595613 0.3959102
vn 0.7637779 0.4239083 0.4867700
vn 0.5484716 0.6467601 0.5299813
vn 0.2794771 0.8063026 0.5213144
vn -0.0168746 0.8869185 0.4616176
vn -0.3115745 0.8807167 0.3567344
vn -0.5757753 0.7883042 0.2169316
vn -0.7836152 0.6187270 0.0558940
vn -0.9147494 0.3885844 -0.1106149
vn -0.9563416 0.1204046 -0.2662960
vn -0.9409225 0.1430178 -0.3069378
vn -0.8855482 -0.1320306 -0.4453901
vn -0.7434902 -0.3941549 -0.5402446
vn -0.5286543 -0.6176966 -0.5822161
vn -0.2620700 -0.7807738 -0.5671963
vn 0.0301676 -0.8674234 -0.4966553
vn 0.3194521 -0.8691636 -0.3774983
vn 0.5774664 -0.7858240 -0.2213891
vn 0.7789543 -0.6255625 -0.0436088
vn 0.9041927 -0.4040666 0.1384403
vn 0.9409225 -0.1430178 0.3069378
vn 0.8855482 0.1320306 0.4453901
vn 0.7434902 0.3941549 0.5402446
vn 0.5286543 0.6176966 0.5822161
vn 0.2620700 0.7807738 0.5671963
vn -0.0301676 0.8674234 0.4966553
vn -0.3194521 0.8691636 0.3774983
vn -0.5774664 0.7858240 0.2213891
vn -0.7789543 0.6255625 0.0436088
vn -0.9041927 0.4040666 -0.1384403
vn -0.9409225 0.1430178 -0.3069378
vn -0.9234622 0.1668601 -0.3455074
vn -0.8643770 -0.1031211 -0.4921569
vn -0.7206807 -0.3630081 -0.5906306
vn -0.5064390 -0.5873613 -0.6312893
vn -0.2426236 -0.7542195 -0.6101530
vn 0.0449415 -0.8472495 -0.5292907
vn 0.3281074 -0.8573447 -0.3966177
vn 0.5791558 -0.7835171 -0.2251210
vn 0.7735125 -0.6329934 -0.0315879
vn 0.8921524 -0.4205078 0.1650372
vn 0.9234622 -0.1668601 0.3455074
vn 0.8643770 0.1031211 0.4921569
vn 0.7206807 0.3630081 0.5906306
vn 0.5064390 0.5873613 0.6312893
vn 0.2426236 0.7542195 0.6101530
vn -0.0449415 0.8472495 0.5292907
vn -0.3281074 0.8573447 0.3966177
vn -0.5791558 0.7835171 0.2251210
vn -0.7735125 0.6329934 0.0315879
vn -0.8921524 0.4205078 -0.1650372
vn -0.9234622 0.1668601 -0.3455074
vn -0.9043445 0.1914432 -0.3814584
vn -0.8412838 -0.0734258 -0.5355840
vn -0.6958723 -0.3311074 -0.6372830
vn -0.4823440 -0.5563778 -0.6766003
vn -0.2216005 -0.7271862 -0.6496872
vn 0.0608348 -0.8268124 -0.5591782
vn 0.3373151 -0.8455046 -0.4139330
vn 0.5807767 -0.7814328 -0.2281691
vn 0.7673879 -0.6408690 -0.0200704
vn 0.8788817 -0.4375724 0.1899929
vn 0.9043445 -0.1914432 0.3814584
vn 0.8412838 0.0734258 0.5355840
vn 0.6958723 0.3311074 0.6372830
vn 0.4823440 0.5563778 0.6766003
vn 0.2216005 0.7271862 0.6496872
vn -0.0608348 0.8268124 0.5591782
vn -0.3373151 0.8455046 0.4139330
vn -0.5807767 0.7814328 0.2281691
vn -0.7673879 0.6408690 0.0200704
vn -0.8788817 0.4375724 -0.1899929
vn -0.9043445 0.1914432 -0.3814584
vn -0.8840074 0.2162850 -0.4144294
vn -0.8168045 -0.0435244 -0.5752703
vn -0.6696472 -0.2990733 -0.6797998
vn -0.4569401 -0.5253469 -0.7177858
vn -0.1995045 -0.7001958 -0.6855099
vn 0.0774600 -0.8065047 -0.5861314
vn 0.3468421 -0.8338673 -0.4293784
vn 0.5822730 -0.7796052 -0.2305948
vn 0.7607069 -0.6490298 -0.0092390
vn 0.8646775 -0.4549229 0.2130212
vn 0.8840074 -0.2162850 0.4144294
vn 0.8168045 0.0435244 0.5752703
vn 0.6696472 0.2990733 0.6797998
vn 0.4569401 0.5253469 0.7177858
vn 0.1995045 0.7001958 0.6855099
vn -0.0774600 0.8065047 0.5861314
vn -0.3468421 0.8338673 0.4293784
vn -0.5822730 0.7796052 0.2305948
vn -0.7607069 0.6490298 0.0092390
vn -0.8646775 0.4549229 -0.2130212
vn -0.8840074 0.2162850 -0.4144294
vn -0.8628994 0.2409462 -0.4442404
vn -0.7914830 -0.0139403 -0.6110322
vn -0.6425906 -0.2674622 -0.7180120
vn -0.4307971 -0.4948031 -0.7547078
vn -0.1768341 -0.6737092 -0.7175275
vn 0.0944387 -0.7866679 -0.6101106
vn 0.3564671 -0.8226221 -0.4429718
vn 0.5836020 -0.7780524 -0.2324719
vn 0.7536100 -0.6573214 0.0007840
vn 0.8498493 -0.4722472 0.2339632
vn 0.8628994 -0.2409462 0.4442404
vn 0.7914830 0.0139403 0.6110322
vn 0.6425906 0.2674622 0.7180120
vn 0.4307971 0.4948031 0.7547078
vn 0.1768341 0.6737092 0.7175275
vn -0.0944387 0.7866679 0.6101106
vn -0.3564671 0.8226221 0.4429718
vn -0.5836020 0.7780524 0.2324719
vn -0.7536100 0.6573214 -0.0007840
vn -0.8498493 0.4722472 -0.2339632
vn -0.8628994 0.2409462 -0.4442404
vn -0.8523123 0.2529542 -0.4577967
vn -0.7788034 0.0004410 -0.6272679
vn -0.6290598 -0.2521153 -0.7353378
vn -0.4177394 -0.4799929 -0.7714277
vn -0.1655277 -0.6608854 -0.7320048
vn 0.1028869 -0.7770858 -0.6209282
vn 0.3612303 -0.8172197 -0.4490709
vn 0.5842139 -0.7773584 -0.2332553
vn 0.7500106 -0.6614038 0.0053929
vn 0.8423910 -0.4807065 0.2435132
vn 0.8523123 -0.2529542 0.4577967
vn 0.7788034 -0.0004410 0.6272679
vn 0.6290598 0.2521153 0.7353378
vn 0.4177394 0.4799929 0.7714277
vn 0.1655277 0.6608854 0.7320048
vn -0.1028869 0.7770858 0.6209282
vn -0.3612303 0.8172197 0.4490709
vn -0.5842139 0.7773584 0.2332553
vn -0.7500106 0.6614038 -0.0053929
vn -0.8423910 0.4807065 -0.2435132
vn -0.8523123 0.2529542 -0.4577967
vn 0.1430144 0.0181149 -0.9895548
vn -0.5128138 -0.5763261 0.6362942
vn -0.8366024 0.5477968 -0.0038870
vn -0.7194633 0.4863077 -0.4958602
vn -0.3909907 0.3381921 -0.8560096
vn 0.0608016 0.1431374 -0.9878334
vn 0.5148561 -0.0465916 -0.8560096
vn 0.8495093 -0.1801571 -0.4958602
vn 0.9750911 -0.2217705 -0.0038870
vn 0.8579521 -0.1602814 0.4880862
vn 0.5294794 -0.0121657 0.8482355
vn 0.0776872 0.1828889 0.9800594
vn -0.3763673 0.3726179 0.8482355
vn -0.7110205 0.5061834 0.4880862
vn -0.8366024 0.5477968 -0.0038870
vn -0.9604190 0.2785471 0.0026142
vn -0.8422452 0.2165149 -0.4937047
vn -0.5108711 0.0670909 -0.8570353
vn -0.0550880 -0.1296867 -0.9900236
vn 0.4029772 -0.3210916 -0.8570353
vn 0.7405865 -0.4558370 -0.4937047
vn 0.8672776 -0.4978179 0.0026142
vn 0.7491039 -0.4357857 0.4989331
vn 0.4177297 -0.2863617 0.8622638
vn -0.0380533 -0.0895841 0.9952520
vn -0.4961186 0.1018208 0.8622638
vn -0.8337279 0.2365662 0.4989331
vn -0.9604190 0.2785471 0.0026142
vn -0.9922868 -0.1234734 0.0110085
vn -0.8893294 -0.1775182 -0.4214030
vn -0.6006240 -0.3077019 -0.7379501
vn -0.2035289 -0.4791419 -0.8538144
vn 0.1955546 -0.6459009 -0.7379501
vn 0.4896924 -0.7632961 -0.4214030
vn 0.6000704 -0.7998714 0.0110085
vn 0.4971130 -0.7458266 0.4434200
vn 0.2084076 -0.6156429 0.7599671
vn -0.1886876 -0.4442030 0.8758314
vn -0.5877711 -0.2774439 0.7599671
vn -0.8819088 -0.1600487 0.4434200
vn -0.9922868 -0.1234734 0.0110085
vn -0.9595640 -0.2811467 0.0139127
vn -0.8675284 -0.3294584 -0.3726281
vn -0.6094491 -0.4458320 -0.6555956
vn -0.2544782 -0.5990855 -0.7591689
vn 0.1022701 -0.7481546 -0.6555956
vn 0.3652054 -0.8530963 -0.3726281
vn 0.4638744 -0.8857917 0.0139127
vn 0.3718388 -0.8374801 0.4004536
vn 0.1137595 -0.7211064 0.6834211
vn -0.2412113 -0.5678529 0.7869944
vn -0.5979596 -0.4187839 0.6834211
vn -0.8608949 -0.3138421 0.4004536
vn -0.9595640 -0.2811467 0.0139127
vn -0.9346604 -0.3552170 0.0151953
vn -0.8487997 -0.4002873 -0.3454115
vn -0.6080356 -0.5088532 -0.6093941
vn -0.2768806 -0.6518245 -0.7060184
vn 0.0559326 -0.7908922 -0.6093941
vn 0.3012269 -0.8887931 -0.3454115
vn 0.3932759 -0.9192949 0.0151953
vn 0.3074153 -0.8742246 0.3758021
vn 0.0666512 -0.7656587 0.6397846
vn -0.2645038 -0.6226874 0.7364089
vn -0.5973170 -0.4836198 0.6397846
vn -0.8426113 -0.3857188 0.3758021
vn -0.9346604 -0.3552170 0.0151953
vn -0.9491819 -0.3143940 0.0144953
vn -0.8598308 -0.3612965 -0.3607711
vn -0.6092790 -0.4742759 -0.6354852
vn -0.2646618 -0.6230593 -0.7360375
vn 0.0816811 -0.7677804 -0.6354852
vn 0.3369472 -0.8696613 -0.3607711
vn 0.4327383 -0.9014031 0.0144953
vn 0.3433872 -0.8545005 0.3897616
vn 0.0928354 -0.7415211 0.6644757
vn -0.2517818 -0.5927377 0.7650280
vn -0.5981247 -0.4480166 0.6644757
vn -0.8533908 -0.3461357 0.3897616
vn -0.9491819 -0.3143940 0.0144953
vn -0.3908733 -0.9201829 0.0219416
vn -0.8414630 0.5402337 -0.0093569
vn -0.7296053 0.4657402 -0.5007616
vn -0.4041020 0.3102420 -0.8604949
vn 0.0478285 0.1154047 -0.9921664
vn 0.5050917 -0.0665653 -0.8604949
vn 0.8451643 -0.1869091 -0.5007616
vn 0.9769243 -0.2133809 -0.0093569
vn 0.8650665 -0.1388874 0.4820479
vn 0.5395633 0.0166108 0.8417812
vn 0.0876328 0.2114482 0.9734527
vn -0.3696304 0.3934181 0.8417812
vn -0.7097031 0.5137620 0.4820479
vn -0.8414630 0.5402337 -0.0093569
vn -0.9627774 0.2702224 0.0062930
vn -0.8499315 0.1950709 -0.4894525
vn -0.5215530 0.0381991 -0.8523633
vn -0.0656306 -0.1583593 -0.9851979
vn 0.3956717 -0.3419366 -0.8523633
vn 0.7387483 -0.4633435 -0.4894525
vn 0.8716722 -0.4900490 0.0062930
vn 0.7588263 -0.4148975 0.5020385
vn 0.4304478 -0.2580258 0.8649493
vn -0.0254746 -0.0614674 0.9977839
vn -0.4867769 0.1221099 0.8649493
vn -0.8298536 0.2435168 0.5020385
vn -0.9627774 0.2702224 0.0062930
vn -0.9909414 -0.1316545 0.0264997
vn -0.8926259 -0.1971292 -0.4054122
vn -0.6065304 -0.3338017 -0.7215936
vn -0.2093138 -0.5050507 -0.8373240
vn 0.1925899 -0.6649901 -0.7215936
vn 0.4914910 -0.7707643 -0.4054122
vn 0.6072992 -0.7940312 0.0264997
vn 0.5089837 -0.7285564 0.4584116
vn 0.2228881 -0.5918839 0.7745930
vn -0.1743284 -0.4206349 0.8903235
vn -0.5762321 -0.2606955 0.7745930
vn -0.8751332 -0.1549213 0.4584116
vn -0.9909414 -0.1316545 0.0264997
vn -0.9567755 -0.2888928 0.0334908
vn -0.8688894 -0.3474220 -0.3526034
vn -0.6131432 -0.4695961 -0.6352440
vn -0.2580637 -0.6226788 -0.7386977
vn 0.1012056 -0.7656517 -0.6352440
vn 0.3683990 -0.8602052 -0.3526034
vn 0.4719221 -0.8810039 0.0334908
vn 0.3840360 -0.8224748 0.4195850
vn 0.1282898 -0.7003006 0.7022256
vn -0.2267896 -0.5472179 0.8056792
vn -0.5860590 -0.4042451 0.7022256
vn -0.8532524 -0.3096915 0.4195850
vn -0.9567755 -0.2888928 0.0334908
vn -0.9311960 -0.3626790 0.0365781
vn -0.8492064 -0.4172813 -0.3236121
vn -0.6106188 -0.5312585 -0.5872896
vn -0.2793626 -0.6740705 -0.6838023
vn 0.0558025 -0.8074509 -0.5872896
vn 0.3050692 -0.8956606 -0.3236121
vn 0.4016467 -0.9150639 0.0365781
vn 0.3196571 -0.8604616 0.3967683
vn 0.0810695 -0.7464845 0.6604458
vn -0.2501867 -0.6036725 0.7569585
vn -0.5853518 -0.4702920 0.6604458
vn -0.8346185 -0.3820823 0.3967683
vn -0.9311960 -0.3626790 0.0365781
vn -0.9460899 -0.3220193 0.0348930
vn -0.8607672 -0.3788412 -0.3399398
vn -0.6124805 -0.4974519 -0.6143365
vn -0.2677578 -0.6460695 -0.7147726
vn 0.0810326 -0.7848722 -0.6143365
vn 0.3404326 -0.8766679 -0.3399398
vn 0.4409362 -0.8968599 0.0348930
vn 0.3556135 -0.8400380 0.4097258
vn 0.1073267 -0.7214273 0.6841225
vn -0.2373959 -0.5728097 0.7845586
vn -0.5861863 -0.4340070 0.6841225
vn -0.8455863 -0.3422113 0.4097258
vn -0.9460899 -0.3220193 0.0348930
vn -0.3823285 -0.9225157 0.0528179
vn -0.8456703 0.5335603 -0.0124514
vn -0.7364720 0.4519644 -0.5033261
vn -0.4121452 0.2931461 -0.8626712
vn 0.0404069 0.0996605 -0.9942007
vn 0.4999234 -0.0766479 -0.8626712
vn 0.8432772 -0.1885376 -0.5033261
vn 0.9784669 -0.2060277 -0.0124514
vn 0.8692686 -0.1244317 0.4784232
vn 0.5449418 0.0343866 0.8377684
vn 0.0923897 0.2278722 0.9692979
vn -0.3671268 0.4041806 0.8377684
vn -0.7104806 0.5160702 0.4784232
vn -0.8456703 0.5335603 -0.0124514
vn -0.9647817 0.2629185 0.0083743
vn -0.8546188 0.1806019 -0.4868364
vn -0.5274272 0.0203806 -0.8493558
vn -0.0708775 -0.1748140 -0.9820471
vn 0.3926980 -0.3526798 -0.8493558
vn 0.7390847 -0.4655578 -0.4868364
vn 0.8754686 -0.4832024 0.0083743
vn 0.7653057 -0.4008858 0.5035849
vn 0.4381141 -0.2406645 0.8661043
vn -0.0184355 -0.0454699 0.9987956
vn -0.4820111 0.1323959 0.8661043
vn -0.8283978 0.2452739 0.5035849
vn -0.9647817 0.2629185 0.0083743
vn -0.9896950 -0.1387814 0.0352638
vn -0.8937170 -0.2104987 -0.3961821
vn -0.6086555 -0.3500894 -0.7120224
vn -0.2108925 -0.5201502 -0.8276280
vn 0.1929917 -0.6751135 -0.7120224
vn 0.4947767 -0.7734570 -0.3961821
vn 0.6135994 -0.7888296 0.0352638
vn 0.5176214 -0.7171123 0.4667098
vn 0.2325599 -0.5775216 0.7825501
vn -0.1652031 -0.4074608 0.8981557
vn -0.5690873 -0.2524975 0.7825501
vn -0.8708723 -0.1541540 0.4667098
vn -0.9896950 -0.1387814 0.0352638
vn -0.9542655 -0.2956198 0.0445670
vn -0.8684690 -0.3597293 -0.3411107
vn -0.6136471 -0.4845120 -0.6234463
vn -0.2580792 -0.6365326 -0.7267884
vn 0.1029606 -0.7750573 -0.6234463
vn 0.3727319 -0.8629684 -0.3411107
vn 0.4789498 -0.8767103 0.0445670
vn 0.3931532 -0.8126008 0.4302447
vn 0.1383313 -0.6878180 0.7125804
vn -0.2172366 -0.5357974 0.8159224
vn -0.5782763 -0.3972728 0.7125804
vn -0.8480477 -0.3093617 0.4302447
vn -0.9542655 -0.2956198 0.0445670
vn -0.9280949 -0.3691485 0.0486754
vn -0.8480546 -0.4289567 -0.3111262
vn -0.6103294 -0.5453675 -0.5745193
vn -0.2786174 -0.6871886 -0.6709278
vn 0.0581993 -0.8164193 -0.5745193
vn 0.3098710 -0.8984322 -0.3111262
vn 0.4089624 -0.9112521 0.0486754
vn 0.3289222 -0.8514439 0.4084770
vn 0.0911969 -0.7350331 0.6718701
vn -0.2405150 -0.5932120 0.7682786
vn -0.5773317 -0.4639813 0.6718701
vn -0.8290034 -0.3819684 0.4084770
vn -0.9280949 -0.3691485 0.0486754
vn -0.9433144 -0.3286364 0.0464330
vn -0.8600203 -0.3908760 -0.3279954
vn -0.6126309 -0.5120192 -0.6020961
vn -0.2674341 -0.6596057 -0.7024239
vn 0.0830751 -0.7940899 -0.6020961
vn 0.3449779 -0.8794369 -0.3279954
vn 0.4480976 -0.8927780 0.0464330
vn 0.3648035 -0.8305384 0.4208615
vn 0.1174142 -0.7093952 0.6949621
vn -0.2277827 -0.5618087 0.7952899
vn -0.5782919 -0.4273245 0.6949621
vn -0.8401946 -0.3419775 0.4208615
vn -0.9433144 -0.3286364 0.0464330
vn -0.3748077 -0.9244345 0.0702862
vn -0.8482391 0.5294509 -0.0131167
vn -0.7393367 0.4466641 -0.5038577
vn -0.4147537 0.2881478 -0.8631050
vn 0.0385379 0.0963766 -0.9945986
vn 0.4990791 -0.0772647 -0.8631050
vn 0.8434683 -0.1862490 -0.5038577
vn 0.9794266 -0.2013741 -0.0131167
vn 0.8705241 -0.1185872 0.4776242
vn 0.5459411 0.0399290 0.8368715
vn 0.0926495 0.2317002 0.9683652
vn -0.3678917 0.4053415 0.8368715
vn -0.7122809 0.5143258 0.4776242
vn -0.8482391 0.5294509 -0.0131167
vn -0.9660204 0.2583154 0.0088217
vn -0.8561559 0.1747972 -0.4862540
vn -0.5287059 0.0148808 -0.8486747
vn -0.0714102 -0.1785844 -0.9813298
vn 0.3931991 -0.3537595 -0.8486747
vn 0.7406303 -0.4637065 -0.4862540
vn 0.8777895 -0.4789652 0.0088217
vn 0.7679251 -0.3954471 0.5038975
vn 0.4404750 -0.2355307 0.8663181
vn -0.0168206 -0.0420655 0.9989733
vn -0.4814299 0.1331096 0.8663181
vn -0.8288611 0.2430567 0.5038975
vn -0.9660204 0.2583154 0.0088217
vn -0.9889669 -0.1434029 0.0371481
vn -0.8932490 -0.2161671 -0.3941803
vn -0.6079623 -0.3554922 -0.7099346
vn -0.2095493 -0.5240462 -0.8255087
vn 0.1952355 -0.6766653 -0.7099346
vn 0.4979305 -0.7724552 -0.3941803
vn 0.6174287 -0.7857492 0.0371481
vn 0.5217108 -0.7129850 0.4684765
vn 0.2364241 -0.5736599 0.7842308
vn -0.1619889 -0.4051059 0.8998049
vn -0.5667737 -0.2524868 0.7842308
vn -0.8694687 -0.1566969 0.4684765
vn -0.9889669 -0.1434029 0.0371481
vn -0.9527718 -0.3000361 0.0469484
vn -0.8672077 -0.3650813 -0.3386243
vn -0.6121846 -0.4896267 -0.6208830
vn -0.2560356 -0.6403004 -0.7241969
vn 0.1058092 -0.7767295 -0.6208830
vn 0.3763940 -0.8623579 -0.3386243
vn 0.4832157 -0.8742416 0.0469484
vn 0.3976516 -0.8091964 0.4325210
vn 0.1426285 -0.6846510 0.7147798
vn -0.2135205 -0.5339773 0.8180936
vn -0.5753653 -0.3975483 0.7147798
vn -0.8459501 -0.3119198 0.4325210
vn -0.9527718 -0.3000361 0.0469484
vn -0.9262427 -0.3734236 0.0512763
vn -0.8464193 -0.4341048 -0.3084273
vn -0.6085063 -0.5502941 -0.5717487
vn -0.2762523 -0.6908587 -0.6681309
vn 0.0613155 -0.8181344 -0.5717487
vn 0.3137461 -0.8980178 -0.3084273
vn 0.4134009 -0.9091042 0.0512763
vn 0.3335775 -0.8484230 0.4109799
vn 0.0956644 -0.7322337 0.6743012
vn -0.2365896 -0.5916691 0.7706835
vn -0.5741573 -0.4643934 0.6743012
vn -0.8265879 -0.3845100 0.4109799
vn -0.9262427 -0.3734236 0.0512763
vn -0.9416597 -0.3329931 0.0489140
vn -0.8585913 -0.3961412 -0.3254124
vn -0.6110065 -0.5170538 -0.5994384
vn -0.2652455 -0.6633327 -0.6997389
vn 0.0860452 -0.7957825 -0.5994384
vn 0.3487377 -0.8789134 -0.3254124
vn 0.4524437 -0.8904505 0.0489140
vn 0.3693753 -0.8273025 0.4232405
vn 0.1217905 -0.7063898 0.6972665
vn -0.2239704 -0.5601109 0.7975670
vn -0.5752612 -0.4276611 0.6972665
vn -0.8379537 -0.3445302 0.4232405
vn -0.9416597 -0.3329931 0.0489140
vn -0.3702659 -0.9259703 0.0740418
vn -0.8486514 0.5288312 -0.0113264
vn -0.7378348 0.4507580 -0.5024112
vn -0.4117660 0.2959044 -0.8619103
vn 0.0421853 0.1057635 -0.9934961
vn 0.5023830 -0.0687166 -0.8619103
vn 0.8455176 -0.1807843 -0.5024112
vn 0.9796465 -0.2004109 -0.0113264
vn 0.8688298 -0.1223376 0.4797585
vn 0.5427610 0.0325159 0.8392575
vn 0.0888098 0.2226568 0.9708433
vn -0.3713880 0.3971369 0.8392575
vn -0.7145226 0.5092046 0.4797585
vn -0.8486514 0.5288312 -0.0113264
vn -0.9662745 0.2574014 0.0076176
vn -0.8544791 0.1786385 -0.4878051
vn -0.5255300 0.0224171 -0.8504797
vn -0.0675689 -0.1694033 -0.9832278
vn 0.3966939 -0.3454247 -0.8504797
vn 0.7428595 -0.4584823 -0.4878051
vn 0.8781731 -0.4782823 0.0076176
vn 0.7663776 -0.3995194 0.5030403
vn 0.4374285 -0.2432980 0.8657149
vn -0.0205325 -0.0514775 0.9984631
vn -0.4847953 0.1245439 0.8657149
vn -0.8309609 0.2376014 0.5030403
vn -0.9662745 0.2574014 0.0076176
vn -0.9889723 -0.1445849 0.0320776
vn -0.8915719 -0.2132061 -0.3995531
vn -0.6049793 -0.3493120 -0.7155286
vn -0.2059866 -0.5164331 -0.8311837
vn 0.1984964 -0.6697895 -0.7155286
vn 0.5000887 -0.7682894 -0.3995531
vn 0.6179790 -0.7855399 0.0320776
vn 0.5205786 -0.7169187 0.4637083
vn 0.2339860 -0.5808129 0.7796839
vn -0.1650067 -0.4136918 0.8953390
vn -0.5694897 -0.2603354 0.7796839
vn -0.8710820 -0.1618355 0.4637083
vn -0.9889723 -0.1445849 0.0320776
vn -0.9526759 -0.3012727 0.0405402
vn -0.8656078 -0.3626144 -0.3453026
vn -0.6094172 -0.4842820 -0.6277592
vn -0.2527500 -0.6336748 -0.7311455
vn 0.1088250 -0.7707629 -0.6277592
vn 0.3784241 -0.8588139 -0.3453026
vn 0.4838084 -0.8742345 0.0405402
vn 0.3967404 -0.8128927 0.4263831
vn 0.1405497 -0.6912251 0.7088397
vn -0.2161174 -0.5418323 0.8122259
vn -0.5776924 -0.4047442 0.7088397
vn -0.8472915 -0.3166932 0.4263831
vn -0.9526759 -0.3012727 0.0405402
vn -0.9260983 -0.3746751 0.0442774
vn -0.8448719 -0.4319013 -0.3156783
vn -0.6058697 -0.5454059 -0.5791841
vn -0.2731323 -0.6847755 -0.6756340
vn 0.0641837 -0.8126661 -0.5791841
vn 0.3156948 -0.8948095 -0.3156783
vn 0.4140086 -0.9091954 0.0442774
vn 0.3327822 -0.8519693 0.4042331
vn 0.0937800 -0.7384646 0.6677390
vn -0.2389574 -0.5990950 0.7641888
vn -0.5762734 -0.4712044 0.6677390
vn -0.8277845 -0.3890610 0.4042331
vn -0.9260983 -0.3746751 0.0442774
vn -0.9415421 -0.3342373 0.0422376
vn -0.8570136 -0.3937898 -0.3323512
vn -0.6082954 -0.5119087 -0.6065692
vn -0.2620313 -0.6569440 -0.7069400
vn 0.0889975 -0.7900337 -0.6065692
vn 0.3507330 -0.8755164 -0.3323512
vn 0.4530436 -0.8904872 0.0422376
vn 0.3685151 -0.8309346 0.4168264
vn 0.1197969 -0.7128158 0.6910444
vn -0.2264672 -0.5677804 0.7914152
vn -0.5774959 -0.4346908 0.6910444
vn -0.8392315 -0.3492080 0.4168264
vn -0.9415421 -0.3342373 0.0422376
vn -0.3697229 -0.9269397 0.0639356
vn -0.8468253 0.5318250 -0.0070039
vn -0.7317810 0.4645256 -0.4987109
vn -0.4029396 0.3167548 -0.8586653
vn 0.0515861 0.1281074 -0.9904178
vn 0.5100062 -0.0508685 -0.8586653
vn 0.8494875 -0.1722165 -0.4987109
vn 0.9790662 -0.2034215 -0.0070039
vn 0.8640219 -0.1361221 0.4847030
vn 0.5351805 0.0116487 0.8446574
vn 0.0806548 0.2002961 0.9764099
vn -0.3777653 0.3792720 0.8446574
vn -0.7172466 0.5006200 0.4847030
vn -0.8468253 0.5318250 -0.0070039
vn -0.9654797 0.2604357 0.0047105
vn -0.8494191 0.1925419 -0.4913397
vn -0.5176730 0.0434658 -0.8544737
vn -0.0591324 -0.1468479 -0.9873900
vn 0.4033370 -0.3274048 -0.8544737
vn 0.7458170 -0.4498247 -0.4913397
vn 0.8765404 -0.4813053 0.0047105
vn 0.7604798 -0.4134115 0.5007608
vn 0.4287337 -0.2643353 0.8638948
vn -0.0298069 -0.0740216 0.9968111
vn -0.4922763 0.1065352 0.8638948
vn -0.8347564 0.2289551 0.5007608
vn -0.9654797 0.2604357 0.0047105
vn -0.9896790 -0.1419225 0.0198360
vn -0.8885627 -0.2010741 -0.4123414
vn -0.5995332 -0.3309548 -0.7287173
vn -0.2000356 -0.4967631 -0.8445189
vn 0.2028850 -0.6540710 -0.7287173
vn 0.5012663 -0.7607277 -0.4123414
vn 0.6151573 -0.7881548 0.0198360
vn 0.5140410 -0.7290032 0.4520134
vn 0.2250115 -0.5991225 0.7683892
vn -0.1744861 -0.4333142 0.8841908
vn -0.5774067 -0.2760064 0.7683892
vn -0.8757880 -0.1693496 0.4520134
vn -0.9896790 -0.1419225 0.0198360
vn -0.9539602 -0.2988838 0.0250690
vn -0.8635704 -0.3517606 -0.3612626
vn -0.6052014 -0.4678634 -0.6440769
vn -0.2480830 -0.6160826 -0.7475942
vn 0.1120954 -0.7567031 -0.6440769
vn 0.3788241 -0.8520456 -0.3612626
vn 0.4806335 -0.8765632 0.0250690
vn 0.3902437 -0.8236864 0.4114006
vn 0.1318747 -0.7075836 0.6942150
vn -0.2252438 -0.5593644 0.7977322
vn -0.5854221 -0.4187439 0.6942150
vn -0.8521508 -0.3234014 0.4114006
vn -0.9539602 -0.2988838 0.0250690
vn -0.9276516 -0.3724417 0.0273800
vn -0.8433263 -0.4217708 -0.3330316
vn -0.6022919 -0.5300840 -0.5968713
vn -0.2691334 -0.6683589 -0.6934433
vn 0.0668796 -0.7995447 -0.5968713
vn 0.3157128 -0.8884905 -0.3330316
vn 0.4106916 -0.9113631 0.0273800
vn 0.3263663 -0.8620340 0.3877917
vn 0.0853319 -0.7537208 0.6516313
vn -0.2478266 -0.6154460 0.7482033
vn -0.5838397 -0.4842601 0.6516313
vn -0.8326729 -0.3953144 0.3877917
vn -0.9276516 -0.3724417 0.0273800
vn -0.9429473 -0.3319160 0.0261187
vn -0.8551940 -0.3832504 -0.3489446
vn -0.6043610 -0.4959668 -0.6235100
vn -0.2576587 -0.6398629 -0.7240079
vn 0.0920141 -0.7763818 -0.6235100
vn 0.3509630 -0.8689434 -0.3489446
vn 0.4498028 -0.8927459 0.0261187
vn 0.3620495 -0.8414114 0.4011819
vn 0.1112165 -0.7286950 0.6757473
vn -0.2354857 -0.5847990 0.7762452
vn -0.5851586 -0.4482801 0.6757473
vn -0.8441075 -0.3557185 0.4011819
vn -0.9429473 -0.3319160 0.0261187
vn -0.3732392 -0.9268923 0.0395361
vn -0.8431069 0.5377459 0.0000350
vn -0.7210990 0.4877464 -0.4920566
vn -0.3878409 0.3509651 -0.8522927
vn 0.0673710 0.1640526 -0.9841483
vn 0.5225632 -0.0229081 -0.8522927
vn 0.8557672 -0.1598210 -0.4920566
vn 0.9777013 -0.2100005 0.0000350
vn 0.8556933 -0.1600009 0.4921267
vn 0.5224353 -0.0232196 0.8523627
vn 0.0672233 0.1636929 0.9842183
vn -0.3879689 0.3506536 0.8523627
vn -0.7211728 0.4875665 0.4921267
vn -0.8431069 0.5377459 0.0000350
vn -0.9637070 0.2669622 -0.0000235
vn -0.8406213 0.2165210 -0.4964620
vn -0.5044195 0.0785315 -0.8598801
vn -0.0451866 -0.1100320 -0.9929004
vn 0.4140264 -0.2986442 -0.8598801
vn 0.7501737 -0.4367665 -0.4964620
vn 0.8731848 -0.4873892 -0.0000235
vn 0.7500991 -0.4369480 0.4964149
vn 0.4138973 -0.2989585 0.8598330
vn -0.0453356 -0.1103950 0.9928533
vn -0.5045486 0.0782172 0.8598330
vn -0.8406958 0.2163395 0.4964149
vn -0.9637070 0.2669622 -0.0000235
vn -0.9907777 -0.1354973 -0.0000991
vn -0.8835409 -0.1794436 -0.4326147
vn -0.5906294 -0.2996652 -0.7492381
vn -0.1905286 -0.4639487 -0.8651303
vn 0.2095548 -0.6282747 -0.7492381
vn 0.5024188 -0.7486119 -0.4326147
vn 0.6095907 -0.7927163 -0.0000991
vn 0.5023539 -0.7487701 0.4324165
vn 0.2094424 -0.6285485 0.7490398
vn -0.1906584 -0.4642649 0.8649320
vn -0.5907418 -0.2999390 0.7490398
vn -0.8836058 -0.1796017 0.4324165
vn -0.9907777 -0.1354973 -0.0000991
vn -0.9561750 -0.2927956 -0.0001253
vn -0.8603140 -0.3320800 -0.3867592
vn -0.5984749 -0.4395483 -0.6697948
vn -0.2408172 -0.5864045 -0.7733931
vn 0.1168250 -0.7332986 -0.6697948
vn 0.3786216 -0.8408704 -0.3867592
vn 0.4744246 -0.8802961 -0.0001253
vn 0.3785636 -0.8410117 0.3865086
vn 0.1167244 -0.7335434 0.6695443
vn -0.2409332 -0.5866872 0.7731425
vn -0.5985754 -0.4397931 0.6695443
vn -0.8603721 -0.3322213 0.3865086
vn -0.9561750 -0.2927956 -0.0001253
vn -0.9303887 -0.3665744 -0.0001368
vn -0.8409593 -0.4032231 -0.3608305
vn -0.5966875 -0.5034811 -0.6248766
vn -0.2630260 -0.6404844 -0.7215241
vn 0.0706210 -0.7775230 -0.6248766
vn 0.3148531 -0.8778775 -0.3608305
vn 0.4042284 -0.9146581 -0.0001368
vn 0.3147990 -0.8780093 0.3605568
vn 0.0705273 -0.7777513 0.6246029
vn -0.2631343 -0.6407481 0.7212505
vn -0.5967813 -0.5037095 0.6246029
vn -0.8410134 -0.4033550 0.3605568
vn -0.9303887 -0.3665744 -0.0001368
vn -0.9453968 -0.3259217 -0.0001305
vn -0.8523318 -0.3640602 -0.3754873
vn -0.5981298 -0.4683940 -0.6502675
vn -0.2509041 -0.6109668 -0.7508440
vn 0.0963065 -0.7535763 -0.6502675
vn 0.3504673 -0.8580105 -0.3754873
vn 0.4434759 -0.8962863 -0.0001305
vn 0.3504109 -0.8581477 0.3752262
vn 0.0962089 -0.7538140 0.6500064
vn -0.2510168 -0.6112412 0.7505830
vn -0.5982274 -0.4686316 0.6500064
vn -0.8523881 -0.3641975 0.3752262
vn -0.9453968 -0.3259217 -0.0001305
vn -0.3798817 -0.9250351 -0.0001976
vn -0.8384310 0.5449158 0.0100144
vn -0.7061130 0.5193881 -0.4812904
vn -0.3662024 0.3983693 -0.8409505
vn 0.0902219 0.2142862 -0.9725952
vn 0.5408616 0.0164639 -0.8409505
vn 0.8649680 -0.1420914 -0.4812904
vn 0.9756970 -0.2188949 0.0100144
vn 0.8433791 -0.1933672 0.5013191
vn 0.5034685 -0.0723484 0.8609792
vn 0.0470442 0.1117346 0.9926239
vn -0.4035955 0.3095570 0.8609792
vn -0.7277019 0.4681123 0.5013191
vn -0.8384310 0.5449158 0.0100144
vn -0.9612358 0.2756453 -0.0067352
vn -0.8277491 0.2498921 -0.5023798
vn -0.4848360 0.1278043 -0.8652168
vn -0.0243799 -0.0579048 -0.9980244
vn 0.4302403 -0.2574746 -0.8652168
vn 0.7572096 -0.4174305 -0.5023798
vn 0.8689168 -0.4949124 -0.0067352
vn 0.7354300 -0.4691592 0.4889094
vn 0.3925169 -0.3470714 0.8517464
vn -0.0679391 -0.1613623 0.9845540
vn -0.5225594 0.0382075 0.8517464
vn -0.8495286 0.1981633 0.4889094
vn -0.9612358 0.2756453 -0.0067352
vn -0.9916253 -0.1259955 -0.0283618
vn -0.8753267 -0.1484326 -0.4601858
vn -0.5765681 -0.2548000 -0.7763029
vn -0.1754017 -0.4165967 -0.8920098
vn 0.2206804 -0.5904693 -0.7763029
vn 0.5055482 -0.7298288 -0.4601858
vn 0.6028716 -0.7973339 -0.0283618
vn 0.4865730 -0.7748968 0.4034621
vn 0.1878144 -0.6685293 0.7195792
vn -0.2133520 -0.5067327 0.8352861
vn -0.6094341 -0.3328601 0.7195792
vn -0.8943019 -0.1935006 0.4034621
vn -0.9916253 -0.1259955 -0.0283618
vn -0.9583322 -0.2833983 -0.0358442
vn -0.8543706 -0.3034553 -0.4218598
vn -0.5873047 -0.3985392 -0.7044429
vn -0.2286944 -0.5431723 -0.8078754
vn 0.1253709 -0.6986003 -0.7044429
vn 0.3800196 -0.8231764 -0.4218598
vn 0.4670189 -0.8835206 -0.0358442
vn 0.3630573 -0.8634636 0.3501715
vn 0.0959913 -0.7683797 0.6327546
vn -0.2626189 -0.6237466 0.7361871
vn -0.6166842 -0.4683186 0.6327546
vn -0.8713329 -0.3437425 0.3501715
vn -0.9583322 -0.2833983 -0.0358442
vn -0.9331627 -0.3573161 -0.0391484
vn -0.8361762 -0.3760274 -0.3992653
vn -0.5870283 -0.4647318 -0.6628892
vn -0.2524781 -0.5996611 -0.7593822
vn 0.0778320 -0.7446611 -0.6628892
vn 0.3153957 -0.8608791 -0.3992653
vn 0.3965580 -0.9171746 -0.0391484
vn 0.2995715 -0.8984632 0.3209685
vn 0.0504236 -0.8097588 0.5845923
vn -0.2841266 -0.6748295 0.6810854
vn -0.6144367 -0.5298295 0.5845923
vn -0.8520004 -0.4136115 0.3209685
vn -0.9331627 -0.3573161 -0.0391484
vn -0.9478306 -0.3165793 -0.0373449
vn -0.8469014 -0.3360513 -0.4121015
vn -0.5876250 -0.4283618 -0.6864423
vn -0.2394745 -0.5687763 -0.7868580
vn 0.1042635 -0.7196708 -0.6864423
vn 0.3514848 -0.8406134 -0.4121015
vn 0.4359465 -0.8991974 -0.0373449
vn 0.3350173 -0.8797254 0.3374116
vn 0.0757409 -0.7874149 0.6117525
vn -0.2724096 -0.6470004 0.7121682
vn -0.6161477 -0.4961058 0.6117525
vn -0.8633689 -0.3751633 0.3374116
vn -0.9478306 -0.3165793 -0.0373449
vn -0.3874224 -0.9201675 -0.0565294
vn -0.8345442 0.5504572 0.0230831
vn -0.6880809 0.5572192 -0.4648133
vn -0.3386390 0.4579033 -0.8219782
vn 0.1201488 0.2791210 -0.9527097
vn 0.5653508 0.0687769 -0.8219782
vn 0.8776753 -0.1167673 -0.4648133
vn 0.9734354 -0.2277954 0.0230831
vn 0.8269721 -0.2345574 0.5109794
vn 0.4775302 -0.1352414 0.8681444
vn 0.0187424 0.0435409 0.9988758
vn -0.4264596 0.2538849 0.8681444
vn -0.7387841 0.4394292 0.5109794
vn -0.8345442 0.5504572 0.0230831
vn -0.9586809 0.2840596 -0.0155246
vn -0.8109239 0.2908813 -0.5077307
vn -0.4583953 0.1906880 -0.8680506
vn 0.0044451 0.0103265 -0.9999368
vn 0.4535796 -0.2018755 -0.8680506
vn 0.7686630 -0.3890587 -0.5077307
vn 0.8652689 -0.5010675 -0.0155246
vn 0.7175119 -0.5078893 0.4766814
vn 0.3649833 -0.4076960 0.8370013
vn -0.0978571 -0.2273345 0.9688875
vn -0.5469916 -0.0151325 0.8370013
vn -0.8620750 0.1720507 0.4766814
vn -0.9586809 0.2840596 -0.0155246
vn -0.9912245 -0.1148922 -0.0653740
vn -0.8624931 -0.1089488 -0.4942022
vn -0.5553571 -0.1962409 -0.8081262
vn -0.1521133 -0.3533785 -0.9230304
vn 0.2391894 -0.5382569 -0.8081262
vn 0.5137017 -0.7013378 -0.4942022
vn 0.5978684 -0.7989241 -0.0653740
vn 0.4691370 -0.8048674 0.3634542
vn 0.1620009 -0.7175753 0.6773783
vn -0.2412428 -0.5604377 0.7922825
vn -0.6325455 -0.3755594 0.6773783
vn -0.9070578 -0.2124784 0.3634542
vn -0.9912245 -0.1148922 -0.0653740
vn -0.9588251 -0.2717135 -0.0826207
vn -0.8437497 -0.2664006 -0.4659584
vn -0.5691950 -0.3444326 -0.7465810
vn -0.2087277 -0.4849010 -0.8492961
vn 0.1410652 -0.6501672 -0.7465810
vn 0.3864570 -0.7959484 -0.4659584
vn 0.4616952 -0.8831825 -0.0826207
vn 0.3466197 -0.8884954 0.3007170
vn 0.0720650 -0.8104634 0.5813396
vn -0.2884023 -0.6699950 0.6840547
vn -0.6381951 -0.5047288 0.5813396
vn -0.8835869 -0.3589476 0.3007170
vn -0.9588251 -0.2717135 -0.0826207
vn -0.9340858 -0.3454576 -0.0902370
vn -0.8267311 -0.3405012 -0.4478556
vn -0.5705969 -0.4132979 -0.7096506
vn -0.2343143 -0.5443419 -0.8054742
vn 0.0920101 -0.6985200 -0.7096506
vn 0.3209380 -0.8345203 -0.4478556
vn 0.3911282 -0.9159017 -0.0902370
vn 0.2837735 -0.9208581 0.2673816
vn 0.0276393 -0.8480615 0.5291765
vn -0.3086433 -0.7170175 0.6250002
vn -0.6349677 -0.5628394 0.5291765
vn -0.8638955 -0.4268391 0.2673816
vn -0.9340858 -0.3454576 -0.0902370
vn -0.9485158 -0.3048082 -0.0860800
vn -0.8367968 -0.2996503 -0.4582366
vn -0.5702502 -0.3754063 -0.7306742
vn -0.2202968 -0.5117775 -0.8303933
vn 0.1192935 -0.6722233 -0.7306742
vn 0.3575278 -0.8137525 -0.4582366
vn 0.4305715 -0.8984422 -0.0860800
vn 0.3188525 -0.9036001 0.2860767
vn 0.0523058 -0.8278441 0.5585143
vn -0.2976475 -0.6914729 0.6582334
vn -0.6372378 -0.5310270 0.5585143
vn -0.8754721 -0.3894979 0.2860767
vn -0.9485158 -0.3048082 -0.0860800
vn -0.3920091 -0.9106869 -0.1303002
vn -0.8341965 0.5500791 0.0391047
vn -0.6700093 0.5972772 -0.4408485
vn -0.3078743 0.5269107 -0.7921986
vn 0.1551747 0.3578340 -0.9208016
vn 0.5950643 0.1353513 -0.7921986
vn 0.8939262 -0.0809234 -0.4408485
vn 0.9716807 -0.2330395 0.0391047
vn 0.8074936 -0.2802376 0.5190578
vn 0.4453586 -0.2098710 0.8704079
vn -0.0176905 -0.0407944 0.9990109
vn -0.4575800 0.1816883 0.8704079
vn -0.7564419 0.3979630 0.5190578
vn -0.8341965 0.5500791 0.0391047
vn -0.9571473 0.2884047 -0.0263001
vn -0.7915099 0.3360197 -0.5104927
vn -0.4261761 0.2650316 -0.8649464
vn 0.0409632 0.0944614 -0.9946854
vn 0.4847384 -0.1299865 -0.8649464
vn 0.7862402 -0.3481716 -0.5104927
vn 0.8646816 -0.5016314 -0.0263001
vn 0.6990441 -0.5492464 0.4578926
vn 0.3337103 -0.4782583 0.8123463
vn -0.1334290 -0.3076882 0.9420853
vn -0.5772041 -0.0832402 0.8123463
vn -0.8787060 0.1349449 0.4578926
vn -0.9571473 0.2884047 -0.0263001
vn -0.9883083 -0.1047923 -0.1107490
vn -0.8439988 -0.0633083 -0.5325956
vn -0.5257064 -0.1251559 -0.8414088
vn -0.1187173 -0.2737629 -0.9544423
vn 0.2679161 -0.4693103 -0.8414088
vn 0.5305957 -0.6594013 -0.5325956
vn 0.5989368 -0.7931011 -0.1107490
vn 0.4546273 -0.8345851 0.3110976
vn 0.1363349 -0.7727376 0.6199108
vn -0.2706542 -0.6241306 0.7329443
vn -0.6572876 -0.4285832 0.6199108
vn -0.9199672 -0.2384922 0.3110976
vn -0.9883083 -0.1047923 -0.1107490
vn -0.9554813 -0.2597401 -0.1399664
vn -0.8264803 -0.2226568 -0.5170631
vn -0.5419527 -0.2779435 -0.7931171
vn -0.1781374 -0.4107861 -0.8941599
vn 0.1674815 -0.5855896 -0.7931171
vn 0.4022958 -0.7555156 -0.5170631
vn 0.4633872 -0.8750324 -0.1399664
vn 0.3343862 -0.9121157 0.2371303
vn 0.0498586 -0.8568291 0.5131843
vn -0.3139567 -0.7239864 0.6142270
vn -0.6595757 -0.5491829 0.5131843
vn -0.8943899 -0.3792570 0.2371303
vn -0.9554813 -0.2597401 -0.1399664
vn -0.9305653 -0.3326850 -0.1528691
vn -0.8102193 -0.2980897 -0.5046655
vn -0.5447813 -0.3496671 -0.7621983
vn -0.2053753 -0.4735970 -0.8564618
vn 0.1170552 -0.6366725 -0.7621983
vn 0.3361152 -0.7951977 -0.5046655
vn 0.3931078 -0.9066958 -0.1528691
vn 0.2727618 -0.9412911 0.1989272
vn 0.0073238 -0.8897138 0.4564600
vn -0.3320822 -0.7657839 0.5507236
vn -0.6545127 -0.6027084 0.4564600
vn -0.8735727 -0.4441832 0.1989272
vn -0.9305653 -0.3326850 -0.1528691
vn -0.9450906 -0.2924693 -0.1458267
vn -0.8198523 -0.2564676 -0.5119244
vn -0.5436236 -0.3101417 -0.7799266
vn -0.1904199 -0.4391097 -0.8780222
vn 0.1451182 -0.6088146 -0.7799266
vn 0.3730835 -0.7737842 -0.5119244
vn 0.4323930 -0.8898151 -0.1458267
vn 0.3071546 -0.9258168 0.2202711
vn 0.0309260 -0.8721427 0.4882732
vn -0.3222777 -0.7431747 0.5863688
vn -0.6578158 -0.5734698 0.4882732
vn -0.8857812 -0.4085001 0.2202711
vn -0.9450906 -0.2924693 -0.1458267
vn -0.3880381 -0.8948187 -0.2207395
vn -0.8410079 0.5379712 0.0573823
vn -0.6574508 0.6333626 -0.4081791
vn -0.2802253 0.6004018 -0.7489936
vn 0.1895915 0.4479205 -0.8737404
vn 0.6261124 0.2167759 -0.7489936
vn 0.9123721 -0.0310968 -0.4081791
vn 0.9716675 -0.2292805 0.0573823
vn 0.7881104 -0.3246720 0.5229436
vn 0.4108849 -0.2917112 0.8637582
vn -0.0589319 -0.1392299 0.9885050
vn -0.4954528 0.0919147 0.8637582
vn -0.7817125 0.3397875 0.5229436
vn -0.8410079 0.5379712 0.0573823
vn -0.9582815 0.2832087 -0.0385928
vn -0.7731030 0.3794428 -0.5082665
vn -0.3925454 0.3461908 -0.8520916
vn 0.0814214 0.1923626 -0.9779403
vn 0.5217982 -0.0408237 -0.8520916
vn 0.8105865 -0.2908860 -0.5082665
vn 0.8704057 -0.4908203 -0.0385928
vn 0.6852272 -0.5870544 0.4310810
vn 0.3046696 -0.5538024 0.7749060
vn -0.1692972 -0.3999742 0.9007547
vn -0.6096740 -0.1667879 0.7749060
vn -0.8984623 0.0832744 0.4310810
vn -0.9582815 0.2832087 -0.0385928
vn -0.9816317 -0.0999426 -0.1625133
vn -0.8202974 -0.0160999 -0.5717106
vn -0.4887414 -0.0450703 -0.8712637
vn -0.0758040 -0.1790912 -0.9809078
vn 0.3078687 -0.3822517 -0.8712637
vn 0.5594718 -0.6001153 -0.5717106
vn 0.6115885 -0.7743055 -0.1625133
vn 0.4502541 -0.8581482 0.2466839
vn 0.1186981 -0.8291778 0.5462370
vn -0.2942393 -0.6951570 0.6558811
vn -0.6779120 -0.4919964 0.5462370
vn -0.9295151 -0.2741328 0.2466839
vn -0.9816317 -0.0999426 -0.1625133
vn -0.9459383 -0.2510317 -0.2053870
vn -0.8017184 -0.1760831 -0.5711762
vn -0.5053343 -0.2019803 -0.8389525
vn -0.1362017 -0.3217841 -0.9369654
vn 0.2067706 -0.5033932 -0.8389525
vn 0.4316834 -0.6981455 -0.5711762
vn 0.4782715 -0.8538575 -0.2053870
vn 0.3340516 -0.9288060 0.1604021
vn 0.0376675 -0.9029089 0.4281784
vn -0.3314651 -0.7831051 0.5261913
vn -0.6744374 -0.6014960 0.4281784
vn -0.8993502 -0.4067436 0.1604021
vn -0.9459383 -0.2510317 -0.2053870
vn -0.9197172 -0.3221810 -0.2243205
vn -0.7851734 -0.2522609 -0.5655680
vn -0.5086744 -0.2764206 -0.8153785
vn -0.1643078 -0.3881864 -0.9068154
vn 0.1556536 -0.5576109 -0.8153785
vn 0.3654764 -0.7392969 -0.5655680
vn 0.4089388 -0.8845617 -0.2243205
vn 0.2743950 -0.9544818 0.1169269
vn -0.0021040 -0.9303221 0.3667374
vn -0.3464706 -0.8185563 0.4581744
vn -0.6664320 -0.6491318 0.3667374
vn -0.8762548 -0.4674459 0.1169269
vn -0.9197172 -0.3221810 -0.2243205
vn -0.9349584 -0.2829535 -0.2139864
vn -0.7949450 -0.2101910 -0.5691064
vn -0.5072057 -0.2353328 -0.8290723
vn -0.1488397 -0.3516422 -0.9242264
vn 0.1841289 -0.5279542 -0.8290723
vn 0.4024816 -0.7170261 -0.5691064
vn 0.4477108 -0.8681963 -0.2139864
vn 0.3076975 -0.9409589 0.1411336
vn 0.0199581 -0.9158170 0.4010995
vn -0.3384079 -0.7995076 0.4962536
vn -0.6713765 -0.6231956 0.4010995
vn -0.8897291 -0.4341237 0.1411336
vn -0.9349584 -0.2829535 -0.2139864
vn -0.3687761 -0.8712543 -0.3239137
vn -0.8585660 0.5069654 0.0764886
vn -0.6584358 0.6568873 -0.3673710
vn -0.2662982 0.6706769 -0.6922989
vn 0.2127737 0.5446394 -0.8112307
vn 0.6504129 0.3125464 -0.6922989
vn 0.9293546 0.0365871 -0.3673710
vn 0.9748563 -0.2092956 0.0764886
vn 0.7747261 -0.3592175 0.5203483
vn 0.3825885 -0.3730072 0.8452761
vn -0.0964834 -0.2469697 0.9642079
vn -0.5341227 -0.0148767 0.8452761
vn -0.8130643 0.2610827 0.5203483
vn -0.8585660 0.5069654 0.0764886
vn -0.9639145 0.2611942 -0.0514428
vn -0.7620165 0.4124404 -0.4992232
vn -0.3664151 0.4263519 -0.8270212
vn 0.1168885 0.2992011 -0.9470036
vn 0.5583936 0.0650580 -0.8270212
vn 0.8397992 -0.2133390 -0.4992232
vn 0.8857028 -0.4613936 -0.0514428
vn 0.6838048 -0.6126398 0.3963375
vn 0.2882034 -0.6265513 0.7241355
vn -0.1951002 -0.4994005 0.8441179
vn -0.6366053 -0.2652574 0.7241355
vn -0.9180108 0.0131396 0.3963375
vn -0.9639145 0.2611942 -0.0514428
vn -0.9704016 -0.1067451 -0.2166247
vn -0.7945005 0.0250262 -0.6067476
vn -0.4498379 0.0371464 -0.8923374
vn -0.0287658 -0.0736321 -0.9968705
vn 0.3558898 -0.2776263 -0.8923374
vn 0.6010608 -0.5201761 -0.6067476
vn 0.6410538 -0.7362905 -0.2166247
vn 0.4651527 -0.8680618 0.1734982
vn 0.1204901 -0.8801820 0.4590879
vn -0.3005820 -0.7694035 0.5636211
vn -0.6852376 -0.5654093 0.4590879
vn -0.9304086 -0.3228595 0.1734982
vn -0.9704016 -0.1067451 -0.2166247
vn -0.9283728 -0.2513399 -0.2737739
vn -0.7711315 -0.1335470 -0.6225122
vn -0.4630311 -0.1227126 -0.8778063
vn -0.0866267 -0.2217396 -0.9712504
vn 0.2572242 -0.4040938 -0.8778063
vn 0.4763872 -0.6209137 -0.6225122
vn 0.5121377 -0.8141025 -0.2737739
vn 0.3548964 -0.9318953 0.0749644
vn 0.0467959 -0.9427298 0.3302585
vn -0.3296084 -0.8437028 0.4237026
vn -0.6734593 -0.6613485 0.3302585
vn -0.8926223 -0.4445286 0.0749644
vn -0.9283728 -0.2513399 -0.2737739
vn -0.8992343 -0.3193270 -0.2990116
vn -0.7525427 -0.2094372 -0.6243521
vn -0.4651135 -0.1993296 -0.8625179
vn -0.1139631 -0.2917127 -0.9496927
vn 0.2068181 -0.4618324 -0.8625179
vn 0.4112769 -0.6641052 -0.6243521
vn 0.4446288 -0.8443325 -0.2990116
vn 0.2979372 -0.9542223 0.0263290
vn 0.0105080 -0.9643299 0.2644948
vn -0.3406425 -0.8719468 0.3516695
vn -0.6614236 -0.7018272 0.2644948
vn -0.8658824 -0.4995543 0.0263290
vn -0.8992343 -0.3193270 -0.2990116
vn -0.9160785 -0.2818516 -0.2852366
vn -0.7634235 -0.1674945 -0.6238030
vn -0.4643096 -0.1569760 -0.8716508
vn -0.0988840 -0.2531146 -0.9623694
vn 0.2349377 -0.4301501 -0.8716508
vn 0.4477082 -0.6406459 -0.6238030
vn 0.4824160 -0.8281998 -0.2852366
vn 0.3297610 -0.9425570 0.0533299
vn 0.0306471 -0.9530754 0.3011777
vn -0.3347785 -0.8569368 0.3918963
vn -0.6686002 -0.6799013 0.3011777
vn -0.8813707 -0.4694055 0.0533299
vn -0.9160785 -0.2818516 -0.2852366
vn -0.3282199 -0.8401488 -0.4317658
vn -0.8880413 0.4499864 0.0943123
vn -0.6809261 0.6576448 -0.3222466
vn -0.2788014 0.7272577 -0.6271890
vn 0.2105839 0.6401724 -0.7388056
vn 0.6560993 0.4197233 -0.6271890
vn 0.9383694 0.1249796 -0.3222466
vn 0.9817601 -0.1650824 0.0943123
vn 0.7746449 -0.3727408 0.5108713
vn 0.3725202 -0.4423538 0.8158136
vn -0.1168651 -0.3552684 0.9274303
vn -0.5623806 -0.1348193 0.8158136
vn -0.8446506 0.1599244 0.5108713
vn -0.8880413 0.4499864 0.0943123
vn -0.9746745 0.2144441 -0.0634303
vn -0.7657298 0.4239368 -0.4836688
vn -0.3600530 0.4941646 -0.7913047
vn 0.1336552 0.4063100 -0.9039073
vn 0.5831060 0.1839137 -0.7913047
vn 0.8678694 -0.1134336 -0.4836688
vn 0.9116434 -0.4060578 -0.0634303
vn 0.7026987 -0.6155505 0.3568083
vn 0.2970219 -0.6857783 0.6644442
vn -0.1966863 -0.5979238 0.7770468
vn -0.6461370 -0.3755274 0.6644442
vn -0.9309005 -0.0781801 0.3568083
vn -0.9746745 0.2144441 -0.0634303
vn -0.9544264 -0.1331386 -0.2671036
vn -0.7723860 0.0493792 -0.6332310
vn -0.4189453 0.1105643 -0.9012549
vn 0.0111915 0.0340222 -0.9993584
vn 0.4027698 -0.1597378 -0.9012549
vn 0.6508663 -0.4187978 -0.6332310
vn 0.6890038 -0.6737429 -0.2671036
vn 0.5069634 -0.8562607 0.0990238
vn 0.1535227 -0.9174458 0.3670477
vn -0.2766142 -0.8409036 0.4651512
vn -0.6681924 -0.6471436 0.3670477
vn -0.9162889 -0.3880837 0.0990238
vn -0.9544264 -0.1331386 -0.2671036
vn -0.9022695 -0.2682468 -0.3375699
vn -0.7395401 -0.1050907 -0.6648582
vn -0.4235928 -0.0503962 -0.9044498
vn -0.0390852 -0.1188187 -0.9921464
vn 0.3109540 -0.2920244 -0.9044498
vn 0.5327321 -0.5236030 -0.6648582
vn 0.5668240 -0.7515033 -0.3375699
vn 0.4040946 -0.9146594 -0.0102817
vn 0.0881473 -0.9693539 0.2293100
vn -0.2963603 -0.9009314 0.3170066
vn -0.6463995 -0.7277257 0.2293100
vn -0.8681776 -0.4961471 -0.0102817
vn -0.9022695 -0.2682468 -0.3375699
vn -0.8684483 -0.3314608 -0.3686886
vn -0.7166369 -0.1792512 -0.6740182
vn -0.4218872 -0.1282263 -0.8975351
vn -0.0631773 -0.1920581 -0.9793479
vn 0.2633769 -0.3536431 -0.8975351
vn 0.4702754 -0.5696845 -0.6740182
vn 0.5020800 -0.7822943 -0.3686886
vn 0.3502685 -0.9345039 -0.0633589
vn 0.0555189 -0.9855288 0.1601579
vn -0.3031911 -0.9216970 0.2419707
vn -0.6297453 -0.7601121 0.1601579
vn -0.8366438 -0.5440706 -0.0633589
vn -0.8684483 -0.3314608 -0.3686886
vn -0.8878670 -0.2966425 -0.3517036
vn -0.7298840 -0.1382452 -0.6694457
vn -0.4231521 -0.0851460 -0.9020490
vn -0.0498597 -0.1515728 -0.9871878
vn 0.2899698 -0.3197265 -0.9020490
vn 0.5052792 -0.5445506 -0.6694457
vn 0.5383767 -0.7658036 -0.3517036
vn 0.3803938 -0.9242008 -0.0339616
vn 0.0736618 -0.9773001 0.1986418
vn -0.2996306 -0.9108733 0.2837805
vn -0.6394601 -0.7427195 0.1986418
vn -0.8547695 -0.5178955 -0.0339616
vn -0.8878670 -0.2966425 -0.3517036
vn -0.2645137 -0.8041184 -0.5323778
vn -0.9255557 0.3626102 0.1089062
vn -0.7275789 0.6266325 -0.2792142
vn -0.3260264 0.7591818 -0.5633381
vn 0.1715062 0.7247414 -0.6673347
vn 0.6317054 0.5325396 -0.5633381
vn 0.9312612 0.2340769 -0.2792142
vn 0.9899079 -0.0906740 0.1089062
vn 0.7919311 -0.3546964 0.4970267
vn 0.3903786 -0.4872456 0.7811506
vn -0.1071539 -0.4528052 0.8851471
vn -0.5673531 -0.2606035 0.7811506
vn -0.8669090 0.0378592 0.4970267
vn -0.9255557 0.3626102 0.1089062
vn -0.9878319 0.1371980 -0.0732455
vn -0.7881063 0.4035525 -0.4647943
vn -0.3830068 0.5372726 -0.7514279
vn 0.1189206 0.5025280 -0.8563431
vn 0.5831848 0.3086285 -0.7514279
vn 0.8853867 0.0075294 -0.4647943
vn 0.9445514 -0.3200902 -0.0732455
vn 0.7448259 -0.5864447 0.3183033
vn 0.3397264 -0.7201647 0.6049370
vn -0.1622010 -0.6854201 0.7098521
vn -0.6264653 -0.4915207 0.6049370
vn -0.9286671 -0.1904215 0.3183033
vn -0.9878319 0.1371980 -0.0732455
vn -0.9329086 -0.1858743 -0.3084352
vn -0.7589003 0.0461836 -0.6495671
vn -0.4059626 0.1626855 -0.8992930
vn 0.0313352 0.1324147 -0.9906990
vn 0.4358195 -0.0365177 -0.8992930
vn 0.6991090 -0.2988465 -0.6495671
vn 0.7506555 -0.5842808 -0.3084352
vn 0.5766472 -0.8163387 0.0326967
vn 0.2237095 -0.9328406 0.2824225
vn -0.2135883 -0.9025698 0.3738285
vn -0.6180726 -0.7336374 0.2824225
vn -0.8813621 -0.4713086 0.0326967
vn -0.9329086 -0.1858743 -0.3084352
vn -0.8676522 -0.3085958 -0.3898055
vn -0.7121029 -0.1011548 -0.6947498
vn -0.3966051 0.0029885 -0.9179845
vn -0.0056963 -0.0240712 -0.9996940
vn 0.3558798 -0.1750831 -0.9179845
vn 0.5912393 -0.4095837 -0.6947498
vn 0.6373177 -0.6647389 -0.3898055
vn 0.4817684 -0.8721799 -0.0848613
vn 0.1662707 -0.9763231 0.1383734
vn -0.2246381 -0.9492635 0.2200830
vn -0.5862143 -0.7982516 0.1383734
vn -0.8215738 -0.5637509 -0.0848613
vn -0.8676522 -0.3085958 -0.3898055
vn -0.8277827 -0.3654062 -0.4257395
vn -0.6826696 -0.1718829 -0.7102243
vn -0.3883394 -0.0747269 -0.9184816
vn -0.0236576 -0.0999710 -0.9947091
vn 0.3136595 -0.2408512 -0.9184816
vn 0.5332281 -0.4596186 -0.7102243
vn 0.5762150 -0.6976547 -0.4257395
vn 0.4311019 -0.8911780 -0.1412547
vn 0.1367717 -0.9883340 0.0670026
vn -0.2279101 -0.9630899 0.1432301
vn -0.5652272 -0.8222098 0.0670026
vn -0.7847958 -0.6034423 -0.1412547
vn -0.8277827 -0.3654062 -0.4257395
vn -0.8505260 -0.3341660 -0.4061263
vn -0.6995137 -0.1327755 -0.7021761
vn -0.3932182 -0.0316699 -0.9188996
vn -0.0137112 -0.0579402 -0.9982259
vn 0.3373186 -0.2045475 -0.9188996
vn 0.5658133 -0.4322084 -0.7021761
vn 0.6105477 -0.6799213 -0.4061263
vn 0.4595354 -0.8813118 -0.1100765
vn 0.1532399 -0.9824174 0.1066470
vn -0.2262671 -0.9561470 0.1859733
vn -0.5772970 -0.8095398 0.1066470
vn -0.8057916 -0.5818789 -0.1100765
vn -0.8505260 -0.3341660 -0.4061263
vn -0.1816290 -0.7675178 -0.6147580
vn -0.9742215 -0.2255739 -0.0029685
vn -0.8498105 -0.1811241 -0.4949910
vn -0.5164204 -0.0445317 -0.8551765
vn -0.0633827 0.1476035 -0.9870136
vn 0.3879115 0.3437990 -0.8551765
vn 0.7165381 0.4914845 -0.4949910
vn 0.8344421 0.5510876 -0.0029685
vn 0.7100311 0.5066379 0.4890541
vn 0.3766409 0.3700455 0.8492396
vn -0.0763968 0.1779103 0.9810767
vn -0.5276909 -0.0182853 0.8492396
vn -0.8563176 -0.1659707 0.4890541
vn -0.9742215 -0.2255739 -0.0029685
vn -0.8653153 -0.5012240 0.0019964
vn -0.7398053 -0.4563816 -0.4943723
vn -0.4034702 -0.3185826 -0.8577394
vn 0.0535692 -0.1247503 -0.9907410
vn 0.5088497 0.0731783 -0.8577394
vn 0.8403793 0.2221683 -0.4943723
vn 0.9593247 0.2822979 0.0019964
vn 0.8338147 0.2374555 0.4983652
vn 0.4974797 0.0996566 0.8617323
vn 0.0404402 -0.0941758 0.9947339
vn -0.4148403 -0.2921044 0.8617323
vn -0.7463698 -0.4410944 0.4983652
vn -0.8653153 -0.5012240 0.0019964
vn -0.5969112 -0.8022633 0.0084070
vn -0.4875622 -0.7631949 -0.4240479
vn -0.1945346 -0.6431394 -0.7406268
vn 0.2036551 -0.4742654 -0.8565027
vn 0.6003124 -0.3018226 -0.7406268
vn 0.8891533 -0.1720170 -0.4240479
vn 0.9927830 -0.1196299 0.0084070
vn 0.8834340 -0.1586982 0.4408619
vn 0.5904064 -0.2787538 0.7574408
vn 0.1922166 -0.4476278 0.8733167
vn -0.2044407 -0.6200705 0.7574408
vn -0.4932815 -0.7498761 0.4408619
vn -0.5969112 -0.8022633 0.0084070
vn -0.4603742 -0.8876614 0.0106249
vn -0.3626251 -0.8527374 -0.3759547
vn -0.1006822 -0.7454175 -0.6589506
vn 0.2552672 -0.5944578 -0.7625343
vn 0.6098467 -0.4403080 -0.6589506
vn 0.8680470 -0.3242723 -0.3759547
vn 0.9606835 -0.2774424 0.0106249
vn 0.8629344 -0.3123664 0.3972045
vn 0.6009915 -0.4196863 0.6802004
vn 0.2450421 -0.5706459 0.7837841
vn -0.1095374 -0.7247958 0.6802004
vn -0.3677377 -0.8408315 0.3972045
vn -0.4603742 -0.8876614 0.0106249
vn -0.3896427 -0.9208930 0.0116044
vn -0.2984519 -0.8883122 -0.3490387
vn -0.0540833 -0.7881926 -0.6130477
vn 0.2779845 -0.6473612 -0.7096817
vn 0.6087744 -0.5035537 -0.6130477
vn 0.8496514 -0.3953031 -0.3490387
vn 0.9360727 -0.3516151 0.0116044
vn 0.8448819 -0.3841960 0.3722474
vn 0.6005133 -0.4843155 0.6362564
vn 0.2684455 -0.6251469 0.7328904
vn -0.0623444 -0.7689545 0.6362564
vn -0.3032214 -0.8772050 0.3722474
vn -0.3896427 -0.9208930 0.0116044
vn -0.4291762 -0.9031530 0.0110698
vn -0.3342782 -0.8692477 -0.3642343
vn -0.0799754 -0.7650580 -0.6389759
vn 0.2655918 -0.6185014 -0.7395383
vn 0.6098291 -0.4688478 -0.6389759
vn 0.8604983 -0.3561965 -0.3642343
vn 0.9504329 -0.3107326 0.0110698
vn 0.8555349 -0.3446379 0.3863738
vn 0.6012322 -0.4488276 0.6611155
vn 0.2556650 -0.5953841 0.7616779
vn -0.0885723 -0.7450378 0.6611155
vn -0.3392416 -0.8576890 0.3863738
vn -0.4291762 -0.9031530 0.0110698
vn 0.3945162 -0.9187362 0.0167564
vn -0.9726383 -0.2323245 -0.0002667
vn -0.8515487 -0.1801350 -0.4923578
vn -0.5213198 -0.0361932 -0.8525935
vn -0.0704363 0.1609318 -0.9844489
vn 0.3802881 0.3584206 -0.8525935
vn 0.7100820 0.5033561 -0.4923578
vn 0.8305775 0.5569030 -0.0002667
vn 0.7094879 0.5047135 0.4918244
vn 0.3792590 0.3607717 0.8520601
vn -0.0716245 0.1636466 0.9839155
vn -0.5223489 -0.0338421 0.8520601
vn -0.8521428 -0.1787776 0.4918244
vn -0.9726383 -0.2323245 -0.0002667
vn -0.8618001 -0.5072480 0.0001794
vn -0.7396409 -0.4545975 -0.4962585
vn -0.4064951 -0.3093842 -0.8596762
vn 0.0483712 -0.1105179 -0.9926963
vn 0.5030769 0.0887153 -0.8596762
vn 0.8357840 0.2349310 -0.4962585
vn 0.9573439 0.2889509 0.0001794
vn 0.8351847 0.2363004 0.4966172
vn 0.5020388 0.0910872 0.8600350
vn 0.0471725 -0.1077791 0.9930551
vn -0.4075332 -0.3070123 0.8600350
vn -0.7402403 -0.4532281 0.4966172
vn -0.8618001 -0.5072480 0.0001794
vn -0.5912865 -0.8064612 0.0007554
vn -0.4848569 -0.7605901 -0.4317597
vn -0.1946078 -0.6340749 -0.7483828
vn 0.2016886 -0.4608152 -0.8642749
vn 0.5978451 -0.2872359 -0.7483828
vn 0.8877119 -0.1598473 -0.4317597
vn 0.9936193 -0.1127831 0.0007554
vn 0.8871897 -0.1586542 0.4332705
vn 0.5969407 -0.2851694 0.7498935
vn 0.2006442 -0.4584291 0.8657856
vn -0.1955123 -0.6320085 0.7498935
vn -0.4853790 -0.7593971 0.4332705
vn -0.5912865 -0.8064612 0.0007554
vn -0.4541513 -0.8909241 0.0009546
vn -0.3590118 -0.8499190 -0.3856788
vn -0.0995527 -0.7368247 -0.6687142
vn 0.2547042 -0.5819446 -0.7723123
vn 0.6088360 -0.4267787 -0.6687142
vn 0.8679534 -0.3129036 -0.3856788
vn 0.9626261 -0.2708321 0.0009546
vn 0.8674867 -0.3118371 0.3875881
vn 0.6080275 -0.4249315 0.6706234
vn 0.2537706 -0.5798116 0.7742215
vn -0.1003612 -0.7349775 0.6706234
vn -0.3594786 -0.8488525 0.3875881
vn -0.4541513 -0.8909241 0.0009546
vn -0.3831870 -0.9236702 0.0010426
vn -0.2944306 -0.8854163 -0.3596506
vn -0.0523793 -0.7799097 -0.6236964
vn 0.2781096 -0.6354209 -0.7203439
vn 0.6084819 -0.4906655 -0.6236964
vn 0.8502144 -0.3844306 -0.3596506
vn 0.9385353 -0.3451817 0.0010426
vn 0.8497790 -0.3834356 0.3617359
vn 0.6077276 -0.4889422 0.6257817
vn 0.2772387 -0.6334310 0.7224291
vn -0.0531335 -0.7781864 0.6257817
vn -0.2948661 -0.8844214 0.3617359
vn -0.3831870 -0.9236702 0.0010426
vn -0.4228447 -0.9062016 0.0009946
vn -0.3304802 -0.8663926 -0.3743617
vn -0.0785888 -0.7565969 -0.6491416
vn 0.2653353 -0.6062343 -0.7497181
vn 0.6091380 -0.4555942 -0.6491416
vn 0.8606976 -0.3450406 -0.3743617
vn 0.9526089 -0.3041961 0.0009946
vn 0.8602444 -0.3440052 0.3763509
vn 0.6083530 -0.4538008 0.6511308
vn 0.2644289 -0.6041635 0.7517073
vn -0.0793737 -0.7548036 0.6511308
vn -0.3309333 -0.8653572 0.3763509
vn -0.4228447 -0.9062016 0.0009946
vn 0.4009551 -0.9160965 0.0015055
vn -0.9717526 -0.2359828 0.0030112
vn -0.8545409 -0.1750133 -0.4890094
vn -0.5275480 -0.0237415 -0.8491934
vn -0.0783912 0.1772994 -0.9810299
vn 0.3725782 0.3742406 -0.8491934
vn 0.7045233 0.5143120 -0.4890094
vn 0.8284997 0.5599814 0.0030112
vn 0.7112881 0.4990119 0.4950318
vn 0.3842951 0.3477401 0.8552158
vn -0.0648616 0.1466992 0.9870523
vn -0.5158310 -0.0502420 0.8552158
vn -0.8477761 -0.1903134 0.4950318
vn -0.9717526 -0.2359828 0.0030112
vn -0.8599044 -0.5104511 -0.0020252
vn -0.7416574 -0.4489430 -0.4983919
vn -0.4117761 -0.2963350 -0.8617575
vn 0.0413482 -0.0935183 -0.9947586
vn 0.4963011 0.1051626 -0.8617575
vn 0.8311784 0.2464712 -0.4983919
vn 0.9562499 0.2925441 -0.0020252
vn 0.8380029 0.2310360 0.4943415
vn 0.5081216 0.0784280 0.8577071
vn 0.0549973 -0.1243888 0.9907082
vn -0.3999556 -0.3230696 0.8577071
vn -0.7348329 -0.4643782 0.4943415
vn -0.8599044 -0.5104511 -0.0020252
vn -0.5882961 -0.8086006 -0.0085281
vn -0.4852749 -0.7550125 -0.4409812
vn -0.1978700 -0.6220547 -0.7575588
vn 0.1969087 -0.4453533 -0.8734343
vn 0.5932805 -0.2722551 -0.7575588
vn 0.8850380 -0.1491418 -0.4409812
vn 0.9940050 -0.1090014 -0.0085281
vn 0.8909838 -0.1625896 0.4239250
vn 0.6035789 -0.2955473 0.7405027
vn 0.2088003 -0.4722488 0.8563781
vn -0.1875716 -0.6453469 0.7405027
vn -0.4793291 -0.7684603 0.4239250
vn -0.5882961 -0.8086006 -0.0085281
vn -0.4508537 -0.8925328 -0.0107779
vn -0.3587611 -0.8446293 -0.3973559
vn -0.1018444 -0.7257759 -0.6803507
vn 0.2510557 -0.5678191 -0.7839340
vn 0.6053801 -0.4130834 -0.6803507
vn 0.8661876 -0.3030300 -0.3973559
vn 0.9635953 -0.2671478 -0.0107779
vn 0.8715027 -0.3150513 0.3758001
vn 0.6145860 -0.4339047 0.6587949
vn 0.2616859 -0.5918615 0.7623782
vn -0.0926385 -0.7465972 0.6587949
vn -0.3534460 -0.8566506 0.3758001
vn -0.4508537 -0.8925328 -0.0107779
vn -0.3797708 -0.9250057 -0.0117715
vn -0.2938570 -0.8803162 -0.3724130
vn -0.0541775 -0.7694369 -0.6364210
vn 0.2750457 -0.6220778 -0.7330546
vn 0.6055976 -0.4777237 -0.6364210
vn 0.8489069 -0.3750542 -0.3724130
vn 0.9397792 -0.3415793 -0.0117715
vn 0.8538654 -0.3862688 0.3488701
vn 0.6141859 -0.4971481 0.6128780
vn 0.2849627 -0.6445072 0.7095116
vn -0.0455892 -0.7888613 0.6128780
vn -0.2888985 -0.8915309 0.3488701
vn -0.3797708 -0.9250057 -0.0117715
vn -0.4194917 -0.9076897 -0.0112292
vn -0.3300852 -0.8611835 -0.3865317
vn -0.0806622 -0.7457967 -0.6612722
vn 0.2619448 -0.5924471 -0.7618342
vn 0.6059344 -0.4422246 -0.6612722
vn 0.8591348 -0.3353813 -0.3865317
vn 0.9537013 -0.3005456 -0.0112292
vn 0.8642949 -0.3470518 0.3640734
vn 0.6148718 -0.4624387 0.6388139
vn 0.2722648 -0.6157882 0.7393759
vn -0.0717247 -0.7660107 0.6388139
vn -0.3249252 -0.8728541 0.3640734
vn -0.4194917 -0.9076897 -0.0112292
vn 0.4043196 -0.9144598 -0.0169977
vn -0.9716161 -0.2364659 0.0067846
vn -0.8586711 -0.1658649 -0.4849461
vn -0.5348442 -0.0074462 -0.8449179
vn -0.0869044 0.1963420 -0.9766767
vn 0.3651231 0.3908949 -0.8449179
vn 0.7001179 0.5240822 -0.4849461
vn 0.8283185 0.5602164 0.0067846
vn 0.7153735 0.4896154 0.4985152
vn 0.3915466 0.3311967 0.8584870
vn -0.0563932 0.1274085 0.9902459
vn -0.5084207 -0.0671444 0.8584870
vn -0.8434156 -0.2003317 0.4985152
vn -0.9716161 -0.2364659 0.0067846
vn -0.8597291 -0.5107299 -0.0045630
vn -0.7457865 -0.4395053 -0.5006372
vn -0.4190991 -0.2796872 -0.8637887
vn 0.0327974 -0.0740989 -0.9967114
vn 0.4888178 0.1221726 -0.8637887
vn 0.8267717 0.2565363 -0.5006372
vn 0.9561047 0.2929897 -0.0045630
vn 0.8421621 0.2217651 0.4915112
vn 0.5154747 0.0619470 0.8546627
vn 0.0635781 -0.1436413 0.9875854
vn -0.3924422 -0.3399128 0.8546627
vn -0.7303961 -0.4742765 0.4915112
vn -0.8597291 -0.5107299 -0.0045630
vn -0.5880931 -0.8085649 -0.0192147
vn -0.4888221 -0.7465114 -0.4514130
vn -0.2041999 -0.6072720 -0.7678041
vn 0.1895092 -0.4281558 -0.8836113
vn 0.5868111 -0.2571568 -0.7678041
vn 0.8812491 -0.1400941 -0.4514130
vn 0.9939288 -0.1083346 -0.0192147
vn 0.8946577 -0.1703881 0.4129836
vn 0.6100355 -0.3096276 0.7293747
vn 0.2163265 -0.4887438 0.8451819
vn -0.1809754 -0.6597427 0.7293747
vn -0.4754134 -0.7768054 0.4129836
vn -0.5880931 -0.8085649 -0.0192147
vn -0.4506488 -0.8923710 -0.0242839
vn -0.3619085 -0.8369001 -0.4106341
vn -0.1074794 -0.7124314 -0.6934621
vn 0.2444646 -0.5523160 -0.7969844
vn 0.5996203 -0.3994568 -0.6934621
vn 0.8628241 -0.2948122 -0.4106341
vn 0.9635506 -0.2664218 -0.0242839
vn 0.8748103 -0.3218926 0.3620664
vn 0.6203811 -0.4463614 0.6448944
vn 0.2684371 -0.6064767 0.7484166
vn -0.0867186 -0.7593360 0.6448944
vn -0.3499223 -0.8639805 0.3620664
vn -0.4506488 -0.8923710 -0.0242839
vn -0.3795670 -0.9247840 -0.0265225
vn -0.2967805 -0.8730349 -0.3869515
vn -0.0594216 -0.7569170 -0.6508039
vn 0.2689096 -0.6075442 -0.7473805
vn 0.6002370 -0.4649407 -0.6508039
vn 0.8457817 -0.3673170 -0.3869515
vn 0.9397503 -0.3408313 -0.0265225
vn 0.8569638 -0.3925805 0.3339066
vn 0.6196049 -0.5086983 0.5977590
vn 0.2912737 -0.6580712 0.6943356
vn -0.0400537 -0.8006747 0.5977590
vn -0.2855984 -0.8982983 0.3339066
vn -0.3795670 -0.9247840 -0.0265225
vn -0.4192871 -0.9075011 -0.0253006
vn -0.3331352 -0.8536482 -0.4003820
vn -0.0861271 -0.7328099 -0.6749606
vn 0.2555516 -0.5773646 -0.7754634
vn 0.6003483 -0.4289639 -0.6749606
vn 0.8558750 -0.3273716 -0.4003820
vn 0.9536636 -0.2998092 -0.0253006
vn 0.8675117 -0.3536621 0.3497808
vn 0.6205036 -0.4745004 0.6243594
vn 0.2788249 -0.6299457 0.7248622
vn -0.0659718 -0.7783463 0.6243594
vn -0.3214986 -0.8799387 0.3497808
vn -0.4192871 -0.9075011 -0.0253006
vn 0.4044459 -0.9137597 -0.0382978
vn -0.9721193 -0.2342261 0.0110563
vn -0.8637731 -0.1530459 -0.4800760
vn -0.5430458 0.0125123 -0.8396099
vn -0.0958760 0.2180873 -0.9712084
vn 0.3579175 0.4085956 -0.8396099
vn 0.6967411 0.5329905 -0.4800760
vn 0.8298073 0.5579406 0.0110563
vn 0.7214611 0.4767604 0.5021887
vn 0.4007338 0.3112022 0.8617225
vn -0.0464360 0.1056271 0.9933210
vn -0.5002295 -0.0848811 0.8617225
vn -0.8390531 -0.2092760 0.5021887
vn -0.9721193 -0.2342261 0.0110563
vn -0.8610653 -0.5084400 -0.0074360
vn -0.7517621 -0.4265427 -0.5029066
vn -0.4282017 -0.2595221 -0.8656163
vn 0.0229180 -0.0521312 -0.9983772
vn 0.4807200 0.1400599 -0.8656163
vn 0.8225365 0.2655536 -0.5029066
vn 0.9567781 0.2907240 -0.0074360
vn 0.8474748 0.2088268 0.4880346
vn 0.5239145 0.0418062 0.8507443
vn 0.0727947 -0.1655848 0.9835053
vn -0.3850072 -0.3577758 0.8507443
vn -0.7268237 -0.4832695 0.4880346
vn -0.8610653 -0.5084400 -0.0074360
vn -0.5903642 -0.8065294 -0.0313128
vn -0.4951351 -0.7351775 -0.4629852
vn -0.2132373 -0.5896629 -0.7789913
vn 0.1797950 -0.4089762 -0.8946576
vn 0.5786490 -0.2415322 -0.7789913
vn 0.8764523 -0.1321974 -0.4629852
vn 0.9934085 -0.1102680 -0.0313128
vn 0.8981795 -0.1816199 0.4003596
vn 0.6162817 -0.3271345 0.7163658
vn 0.2232494 -0.5078212 0.8320321
vn -0.1756047 -0.6752652 0.7163658
vn -0.4734079 -0.7846000 0.4003596
vn -0.5903642 -0.8065294 -0.0313128
vn -0.4531952 -0.8905325 -0.0395736
vn -0.3680681 -0.8267496 -0.4254538
vn -0.1160743 -0.6966714 -0.7079377
vn 0.2352647 -0.5351521 -0.8113339
vn 0.5918079 -0.3854708 -0.7079377
vn 0.8580198 -0.2877343 -0.4254538
vn 0.9625693 -0.2681312 -0.0395736
vn 0.8774422 -0.3319140 0.3463066
vn 0.6254484 -0.4619923 0.6287904
vn 0.2741094 -0.6235115 0.7321867
vn -0.0824338 -0.7731929 0.6287904
vn -0.3486458 -0.8709293 0.3463066
vn -0.4531952 -0.8905325 -0.0395736
vn -0.3822234 -0.9230586 -0.0432217
vn -0.3028078 -0.8635551 -0.4032122
vn -0.0677209 -0.7422041 -0.6667435
vn 0.2600459 -0.5915216 -0.7632027
vn 0.5926678 -0.4518827 -0.6667435
vn 0.8410189 -0.3607037 -0.4032122
vn 0.9385538 -0.3424158 -0.0432217
vn 0.8591382 -0.4019193 0.3167688
vn 0.6240513 -0.5232702 0.5803002
vn 0.2962845 -0.6739528 0.6767593
vn -0.0363374 -0.8135916 0.5803002
vn -0.2846885 -0.9047707 0.3167688
vn -0.3822234 -0.9230586 -0.0432217
vn -0.4218845 -0.9057116 -0.0412305
vn -0.3392404 -0.8437891 -0.4158555
vn -0.0945967 -0.7175050 -0.6901001
vn 0.2464947 -0.5606968 -0.7904805
vn 0.5926384 -0.4153813 -0.6901001
vn 0.8510857 -0.3204956 -0.4158555
vn 0.9525856 -0.3014642 -0.0412305
vn 0.8699415 -0.3633866 0.3333945
vn 0.6252978 -0.4896708 0.6076390
vn 0.2842064 -0.6464790 0.7080195
vn -0.0619373 -0.7917945 0.6076390
vn -0.3203846 -0.8866802 0.3333945
vn -0.4218845 -0.9057116 -0.0412305
vn 0.4016642 -0.9136579 -0.0624111
vn -0.9729794 -0.2303437 0.0159012
vn -0.8696445 -0.1372912 -0.4742042
vn -0.5521273 0.0359093 -0.8329862
vn -0.1055064 0.2428490 -0.9643095
vn 0.3505466 0.4280784 -0.8329862
vn 0.6938326 0.5419656 -0.4742042
vn 0.8323684 0.5539946 0.0159012
vn 0.7290335 0.4609421 0.5060065
vn 0.4115163 0.2877416 0.8647885
vn -0.0351046 0.0808019 0.9961118
vn -0.4911576 -0.1044275 0.8647885
vn -0.8344436 -0.2183147 0.5060065
vn -0.9729794 -0.2303437 0.0159012
vn -0.8633631 -0.5044698 -0.0106944
vn -0.7591154 -0.4105954 -0.5051289
vn -0.4387935 -0.2358650 -0.8670801
vn 0.0117725 -0.0270974 -0.9995635
vn 0.4718539 0.1597683 -0.8670801
vn 0.8181723 0.2746615 -0.5051289
vn 0.9579318 0.2867966 -0.0106944
vn 0.8536841 0.1929222 0.4837401
vn 0.5333622 0.0181918 0.8456913
vn 0.0827962 -0.1905758 0.9781747
vn -0.3772852 -0.3774414 0.8456913
vn -0.7236036 -0.4923346 0.4837401
vn -0.8633631 -0.5044698 -0.0106944
vn -0.5942764 -0.8029990 -0.0450339
vn -0.5034520 -0.7212122 -0.4758037
vn -0.2243757 -0.5689805 -0.7911490
vn 0.1681742 -0.3870944 -0.9065734
vn 0.5690142 -0.2242901 -0.7911490
vn 0.8707396 -0.1241909 -0.4758037
vn 0.9925033 -0.1136183 -0.0450339
vn 0.9016788 -0.1954052 0.3857358
vn 0.6226025 -0.3476368 0.7010811
vn 0.2300527 -0.5295229 0.8165055
vn -0.1707874 -0.6923272 0.7010811
vn -0.4725128 -0.7924264 0.3857358
vn -0.5942764 -0.8029990 -0.0450339
vn -0.4575834 -0.8873433 -0.0569146
vn -0.3763937 -0.8142325 -0.4419879
vn -0.1269221 -0.6781497 -0.7238810
vn 0.2239857 -0.5155583 -0.8270611
vn 0.5823042 -0.3700244 -0.7238810
vn 0.8520222 -0.2805438 -0.4419879
vn 0.9608691 -0.2710928 -0.0569146
vn 0.8796794 -0.3442036 0.3281586
vn 0.6302078 -0.4802864 0.6100518
vn 0.2793000 -0.6428778 0.7132318
vn -0.0790185 -0.7884116 0.6100518
vn -0.3487365 -0.8778922 0.3281586
vn -0.4575834 -0.8873433 -0.0569146
vn -0.3868021 -0.9200653 -0.0621613
vn -0.3110596 -0.8518596 -0.4213990
vn -0.0783257 -0.7249070 -0.6843792
vn 0.2490388 -0.5732242 -0.7806367
vn 0.5833168 -0.4374546 -0.6843792
vn 0.8349388 -0.3539775 -0.4213990
vn 0.9364829 -0.3451605 -0.0621613
vn 0.8607404 -0.4133662 0.2970764
vn 0.6280064 -0.5403188 0.5600567
vn 0.3006419 -0.6920016 0.6563141
vn -0.0336361 -0.8277712 0.5600567
vn -0.2852581 -0.9112483 0.2970764
vn -0.3868021 -0.9200653 -0.0621613
vn -0.4263610 -0.9026074 -0.0592976
vn -0.3475394 -0.8316290 -0.4331392
vn -0.1053443 -0.6995154 -0.7068103
vn 0.2353284 -0.5416664 -0.8069808
vn 0.5831957 -0.4003774 -0.7068103
vn 0.8450467 -0.3135067 -0.4331392
vn 0.9507188 -0.3043313 -0.0592976
vn 0.8718972 -0.3753097 0.3145440
vn 0.6297020 -0.5074233 0.5882151
vn 0.2890293 -0.6652723 0.6883856
vn -0.0588379 -0.8065613 0.5882151
vn -0.3206889 -0.8934320 0.3145440
vn -0.4263610 -0.9026074 -0.0592976
vn 0.3968632 -0.9134784 -0.0897595
vn -0.9737219 -0.2267292 0.0214369
vn -0.8760580 -0.1199888 -0.4670386
vn -0.5622462 0.0621990 -0.8246275
vn -0.1163720 0.2710172 -0.9555141
vn 0.3420928 0.4505130 -0.8246275
vn 0.6903031 0.5525908 -0.4670386
vn 0.8349561 0.5498989 0.0214369
vn 0.7372922 0.4431585 0.5099125
vn 0.4234804 0.2609706 0.8675014
vn -0.0223937 0.0521525 0.9983880
vn -0.4808586 -0.1273434 0.8675014
vn -0.8290689 -0.2294212 0.5099125
vn -0.9737219 -0.2267292 0.0214369
vn -0.8656634 -0.5004189 -0.0144175
vn -0.7671368 -0.3927356 -0.5072079
vn -0.4505530 -0.2089385 -0.8679555
vn -0.0007404 0.0017242 -0.9999982
vn 0.4617742 0.1828056 -0.8679555
vn 0.8130603 0.2857851 -0.5072079
vn 0.9589911 0.2830693 -0.0144175
vn 0.8604645 0.1753861 0.4783728
vn 0.5438807 -0.0084110 0.8391204
vn 0.0940681 -0.2190738 0.9711632
vn -0.3684465 -0.4001551 0.8391204
vn -0.7197326 -0.5031346 0.4783728
vn -0.8656634 -0.5004189 -0.0144175
vn -0.5983529 -0.7989292 -0.0607120
vn -0.5125129 -0.7051116 -0.4900492
vn -0.2366933 -0.5449807 -0.8043459
vn 0.1552002 -0.3614435 -0.9193865
vn 0.5581601 -0.2036787 -0.8043459
vn 0.8642136 -0.1139591 -0.4900492
vn 0.9913539 -0.1163252 -0.0607120
vn 0.9055139 -0.2101428 0.3686253
vn 0.6296943 -0.3702737 0.6829220
vn 0.2378008 -0.5538109 0.7979626
vn -0.1651591 -0.7115757 0.6829220
vn -0.4712126 -0.8012953 0.3686253
vn -0.5983529 -0.7989292 -0.0607120
vn -0.4621940 -0.8834531 -0.0767288
vn -0.3854599 -0.7995878 -0.4605215
vn -0.1388996 -0.6564437 -0.7414773
vn 0.2114214 -0.4923764 -0.8443142
vn 0.5716349 -0.3513474 -0.7414773
vn 0.8452219 -0.2711454 -0.4605215
vn 0.9588751 -0.2732605 -0.0767288
vn 0.8821411 -0.3571258 0.3070640
vn 0.6355807 -0.5002699 0.5880197
vn 0.2852597 -0.6643372 0.6908567
vn -0.0749538 -0.8053662 0.5880197
vn -0.3485408 -0.8855682 0.3070640
vn -0.4621940 -0.8834531 -0.0767288
vn -0.3916293 -0.9162989 -0.0838020
vn -0.3200436 -0.8380603 -0.4418451
vn -0.0900256 -0.7045201 -0.7039508
vn 0.2367916 -0.5514605 -0.7998882
vn 0.5728374 -0.4198935 -0.7039508
vn 0.8280688 -0.3450724 -0.4418451
vn 0.9340967 -0.3470456 -0.0838020
vn 0.8625109 -0.4252842 0.2742411
vn 0.6324929 -0.5588244 0.5363469
vn 0.3056758 -0.7118841 0.6322843
vn -0.0303700 -0.8434510 0.5363469
vn -0.2856014 -0.9182721 0.2742411
vn -0.3916293 -0.9162989 -0.0838020
vn -0.4310717 -0.8987695 -0.0799413
vn -0.3565758 -0.8173503 -0.4525398
vn -0.1172070 -0.6783814 -0.7253008
vn 0.2228961 -0.5190994 -0.8251382
vn 0.5726030 -0.3821839 -0.7253008
vn 0.8382102 -0.3043212 -0.4525398
vn 0.9485484 -0.3063746 -0.0799413
vn 0.8740525 -0.3877938 0.2926571
vn 0.6346837 -0.5267627 0.5654181
vn 0.2945806 -0.6860446 0.6652556
vn -0.0551263 -0.8229602 0.5654181
vn -0.3207335 -0.9008229 0.2926571
vn -0.4310717 -0.8987695 -0.0799413
vn 0.3916552 -0.9121202 -0.1210081
vn -0.9736195 -0.2264872 0.0277251
vn -0.8827147 -0.1037950 -0.4583027
vn -0.5737386 0.0898085 -0.8140998
vn -0.1294811 0.3024474 -0.9443306
vn 0.3310194 0.4771454 -0.8140998
vn 0.6843721 0.5670921 -0.4583027
vn 0.8358965 0.5481865 0.0277251
vn 0.7449917 0.4254943 0.5137529
vn 0.4360156 0.2318907 0.8695499
vn -0.0082419 0.0192518 0.9997807
vn -0.4687424 -0.1554461 0.8695499
vn -0.8220951 -0.2453928 0.5137529
vn -0.9736195 -0.2264872 0.0277251
vn -0.8664367 -0.4989386 -0.0186466
vn -0.7747290 -0.3751626 -0.5089677
vn -0.4630236 -0.1798489 -0.8679075
vn -0.0148419 0.0346683 -0.9992887
vn 0.4497263 0.2109093 -0.8679075
vn 0.8062003 0.3016506 -0.5089677
vn 0.9590631 0.2825780 -0.0186466
vn 0.8673553 0.1588020 0.4716744
vn 0.5556500 -0.0365117 0.8306142
vn 0.1074682 -0.2510289 0.9619954
vn -0.3570999 -0.4272699 0.8306142
vn -0.7135739 -0.5180112 0.4716744
vn -0.8664367 -0.4989386 -0.0186466
vn -0.6001978 -0.7959881 -0.0785207
vn -0.5202986 -0.6881499 -0.5057065
vn -0.2487293 -0.5179854 -0.8184283
vn 0.1417433 -0.3310900 -0.9328924
vn 0.5464923 -0.1775423 -0.8184283
vn 0.8570657 -0.0984851 -0.5057065
vn 0.9902455 -0.1151019 -0.0785207
vn 0.9103462 -0.2229401 0.3486652
vn 0.6387770 -0.3931046 0.6613870
vn 0.2483044 -0.5800000 0.7758511
vn -0.1564447 -0.7335478 0.6613870
vn -0.4670180 -0.8126049 0.3486652
vn -0.6001978 -0.7959881 -0.0785207
vn -0.4643894 -0.8800539 -0.0992357
vn -0.3929659 -0.7836552 -0.4811053
vn -0.1502050 -0.6315419 -0.7606532
vn 0.1988458 -0.4644726 -0.8629748
vn 0.5606587 -0.3272134 -0.7606532
vn 0.8382861 -0.2565427 -0.4811053
vn 0.9573380 -0.2713967 -0.0992357
vn 0.8859146 -0.3677954 0.2826339
vn 0.6431537 -0.5199086 0.5621818
vn 0.2941028 -0.6869780 0.6645034
vn -0.0677100 -0.8242372 0.5621818
vn -0.3453374 -0.8949079 0.2826339
vn -0.4643894 -0.8800539 -0.0992357
vn -0.3939747 -0.9127086 -0.1083837
vn -0.3273432 -0.8227776 -0.4646327
vn -0.1008697 -0.6808699 -0.7254250
vn 0.2247624 -0.5250097 -0.8208816
vn 0.5623004 -0.3969595 -0.7254250
vn 0.8213011 -0.3310303 -0.4646327
vn 0.9323655 -0.3448878 -0.1083837
vn 0.8657340 -0.4348188 0.2478653
vn 0.6392605 -0.5767264 0.5086576
vn 0.3136284 -0.7325866 0.6041143
vn -0.0239095 -0.8606368 0.5086576
vn -0.2829102 -0.9265660 0.2478653
vn -0.3939747 -0.9127086 -0.1083837
vn -0.4333356 -0.8952824 -0.1033906
vn -0.3639954 -0.8016955 -0.4741220
vn -0.1283152 -0.6540190 -0.7455162
vn 0.2105547 -0.4918226 -0.8448534
vn 0.5618144 -0.3585669 -0.7455162
vn 0.8313441 -0.2899575 -0.4741220
vn 0.9469236 -0.3043783 -0.1033906
vn 0.8775834 -0.3979652 0.2673408
vn 0.6419032 -0.5456417 0.5387350
vn 0.3030333 -0.7078381 0.6380722
vn -0.0482264 -0.8410938 0.5387350
vn -0.3177561 -0.9097032 0.2673408
vn -0.4333356 -0.8952824 -0.1033906
vn 0.3887120 -0.9079701 -0.1565035
vn -0.9716396 -0.2339273 0.0345624
vn -0.8891218 -0.0932361 -0.4480730
vn -0.5869649 0.1151164 -0.8013866
vn -0.1461314 0.3353023 -0.9307083
vn 0.3152576 0.5083229 -0.8013866
vn 0.6735733 0.5878177 -0.4480730
vn 0.8328054 0.5524858 0.0345624
vn 0.7502877 0.4117947 0.5171978
vn 0.4481307 0.2034422 0.8705114
vn 0.0072972 -0.0167437 0.9998332
vn -0.4540918 -0.1897644 0.8705114
vn -0.8124075 -0.2692591 0.5171978
vn -0.9716396 -0.2339273 0.0345624
vn -0.8635052 -0.5038040 -0.0232452
vn -0.7802585 -0.3618701 -0.5101438
vn -0.4754326 -0.1516772 -0.8665783
vn -0.0307051 0.0704537 -0.9970424
vn 0.4347594 0.2450027 -0.8665783
vn 0.7962403 0.3251996 -0.5101438
vn 0.9568789 0.2895557 -0.0232452
vn 0.8736322 0.1476217 0.4636535
vn 0.5688063 -0.0625712 0.8200880
vn 0.1240788 -0.2847020 0.9505521
vn -0.3413858 -0.4592510 0.8200880
vn -0.7028666 -0.5394479 0.4636535
vn -0.8635052 -0.5038040 -0.0232452
vn -0.5963958 -0.7966999 -0.0978849
vn -0.5238682 -0.6730417 -0.5220890
vn -0.2582925 -0.4899139 -0.8326280
vn 0.1291706 -0.2963852 -0.9462932
vn 0.5347006 -0.1443117 -0.8326280
vn 0.8496361 -0.0744411 -0.5220890
vn 0.9895905 -0.1054954 -0.0978849
vn 0.9170629 -0.2291535 0.3263193
vn 0.6514872 -0.4122814 0.6368583
vn 0.2640241 -0.6058100 0.7505235
vn -0.1415059 -0.7578836 0.6368583
vn -0.4564414 -0.8277541 0.3263193
vn -0.5963958 -0.7966999 -0.0978849
vn -0.4604086 -0.8790450 -0.1237085
vn -0.3955749 -0.7685047 -0.5029126
vn -0.1581717 -0.6048032 -0.7805093
vn 0.1881889 -0.4318043 -0.8821168
vn 0.5506999 -0.2958628 -0.7805093
vn 0.8322267 -0.2334042 -0.5029126
vn 0.9573346 -0.2611642 -0.1237085
vn 0.8925008 -0.3717046 0.2554957
vn 0.6550976 -0.5354061 0.5330924
vn 0.3087370 -0.7084050 0.6346998
vn -0.0537740 -0.8443464 0.5330924
vn -0.3353008 -0.9068050 0.2554957
vn -0.4604086 -0.8790450 -0.1237085
vn -0.3899442 -0.9108722 -0.1351125
vn -0.3294603 -0.8077483 -0.4888749
vn -0.1079851 -0.6550299 -0.7478469
vn 0.2151373 -0.4936379 -0.8426373
vn 0.5533265 -0.3668171 -0.7478469
vn 0.8159650 -0.3085490 -0.4888749
vn 0.9326790 -0.3344466 -0.1351125
vn 0.8721951 -0.4375705 0.2186499
vn 0.6507199 -0.5902888 0.4776219
vn 0.3275975 -0.7516808 0.5724123
vn -0.0105917 -0.8785016 0.4776219
vn -0.2732302 -0.9367697 0.2186499
vn -0.3899442 -0.9108722 -0.1351125
vn -0.4293297 -0.8939037 -0.1288880
vn -0.3663870 -0.7865876 -0.4970318
vn -0.1359083 -0.6276609 -0.7665317
vn 0.2003499 -0.4597079 -0.8651755
vn 0.5522873 -0.3277315 -0.7665317
vn 0.8256027 -0.2670947 -0.4970318
vn 0.9470615 -0.2940450 -0.1288880
vn 0.8841187 -0.4013612 0.2392557
vn 0.6536400 -0.5602879 0.5087556
vn 0.3173819 -0.7282408 0.6073994
vn -0.0345556 -0.8602172 0.5087556
vn -0.3078710 -0.9208541 0.2392557
vn -0.4293297 -0.8939037 -0.1288880
vn 0.3918482 -0.8991058 -0.1950993
vn -0.9663994 -0.2537015 0.0413250
vn -0.8944018 -0.0943924 -0.4371904
vn -0.6019924 0.1321653 -0.7874881
vn -0.1675221 0.3652657 -0.9157059
vn 0.2925932 0.5424498 -0.7874881
vn 0.6550660 0.6162411 -0.4371904
vn 0.8227719 0.5668673 0.0413250
vn 0.7507743 0.4075582 0.5198405
vn 0.4583650 0.1810005 0.8701381
vn 0.0238946 -0.0520999 0.9983560
vn -0.4362207 -0.2292839 0.8701381
vn -0.7986935 -0.3030752 0.5198405
vn -0.9663994 -0.2537015 0.0413250
vn -0.8541890 -0.5192193 -0.0277934
vn -0.7815555 -0.3585029 -0.5105357
vn -0.4865632 -0.1299440 -0.8639276
vn -0.0482550 0.1052155 -0.9932780
vn 0.4159246 0.2839646 -0.8639276
vn 0.7815992 0.3584077 -0.5105357
vn 0.9507865 0.3085978 -0.0277934
vn 0.8781529 0.1478815 0.4549489
vn 0.5831606 -0.0806774 0.8083408
vn 0.1448525 -0.3158369 0.9376912
vn -0.3193271 -0.4945860 0.8083408
vn -0.6850017 -0.5690291 0.4549489
vn -0.8541890 -0.5192193 -0.0277934
vn -0.5828959 -0.8040737 -0.1170374
vn -0.5196149 -0.6640517 -0.5376204
vn -0.2626066 -0.4649227 -0.8455085
vn 0.1192637 -0.2600430 -0.9582034
vn 0.5236742 -0.1043102 -0.8455085
vn 0.8422635 -0.0394525 -0.5376204
vn 0.9896658 -0.0828487 -0.1170374
vn 0.9263847 -0.2228708 0.3035457
vn 0.6693765 -0.4219998 0.6114338
vn 0.2875061 -0.6268795 0.7241287
vn -0.1169044 -0.7826123 0.6114338
vn -0.4354937 -0.8474699 0.3035457
vn -0.5828959 -0.8040737 -0.1170374
vn -0.4458302 -0.8828120 -0.1479137
vn -0.3892620 -0.7576436 -0.5238809
vn -0.1595175 -0.5796384 -0.7991079
vn 0.1818437 -0.3964926 -0.8998480
vn 0.5433539 -0.2572800 -0.7991079
vn 0.8281469 -0.1993026 -0.5238809
vn 0.9599126 -0.2380953 -0.1479137
vn 0.9033445 -0.3632636 0.2280534
vn 0.6735999 -0.5412688 0.5032805
vn 0.3322388 -0.7244146 0.6040206
vn -0.0292715 -0.8636272 0.5032805
vn -0.3140645 -0.9216047 0.2280534
vn -0.4458302 -0.8828120 -0.1479137
vn -0.3749776 -0.9128492 -0.1615491
vn -0.3222047 -0.7960787 -0.5122917
vn -0.1078743 -0.6300163 -0.7690530
vn 0.2105840 -0.4591582 -0.8630342
vn 0.5478397 -0.3292858 -0.7690530
vn 0.8135252 -0.2751982 -0.5122917
vn 0.9364504 -0.3113882 -0.1615491
vn 0.8836775 -0.4281586 0.1891935
vn 0.6693471 -0.5942211 0.4459549
vn 0.3508888 -0.7650792 0.5399361
vn 0.0136331 -0.8949516 0.4459549
vn -0.2520524 -0.9490392 0.1891935
vn -0.3749776 -0.9128492 -0.1615491
vn -0.4145671 -0.8968753 -0.1541068
vn -0.3596489 -0.7753578 -0.5191079
vn -0.1366054 -0.6025445 -0.7863073
vn 0.1947991 -0.4247406 -0.8841090
vn 0.5457650 -0.2895885 -0.7863073
vn 0.8222513 -0.2333021 -0.5191079
vn 0.9501737 -0.2709633 -0.1541068
vn 0.8952555 -0.3924808 0.2108944
vn 0.6722120 -0.5652941 0.4780938
vn 0.3408075 -0.7430980 0.5758955
vn -0.0101584 -0.8782501 0.4780938
vn -0.2866447 -0.9345365 0.2108944
vn -0.4145671 -0.8968753 -0.1541068
vn 0.4053769 -0.8838853 -0.2332732
vn -0.9562882 -0.2886497 0.0468435
vn -0.8967868 -0.1132163 -0.4277330
vn -0.6175214 0.1334705 -0.7751471
vn -0.1933208 0.3853112 -0.9023094
vn 0.2621506 0.5748252 -0.7751471
vn 0.6268498 0.6512325 -0.4277330
vn 0.8030558 0.5940598 0.0468435
vn 0.7435544 0.4186264 0.5214199
vn 0.4642890 0.1719396 0.8688340
vn 0.0400885 -0.0799011 0.9959964
vn -0.4153830 -0.2694151 0.8688340
vn -0.7800821 -0.3458224 0.5214199
vn -0.9562882 -0.2886497 0.0468435
vn -0.8359137 -0.5479560 -0.0315048
vn -0.7758867 -0.3709729 -0.5102733
vn -0.4941545 -0.1221071 -0.8607562
vn -0.0662069 0.1319582 -0.9890418
vn 0.3932878 0.3231462 -0.8607562
vn 0.7612085 0.4002285 -0.5102733
vn 0.9389710 0.3425507 -0.0315048
vn 0.8789440 0.1655677 0.4472637
vn 0.5972118 -0.0832982 0.7977465
vn 0.1692642 -0.3373634 0.9260322
vn -0.2902306 -0.5285515 0.7977465
vn -0.6581512 -0.6056337 0.4472637
vn -0.8359137 -0.5479560 -0.0315048
vn -0.5561867 -0.8203999 -0.1326662
vn -0.5038890 -0.6662057 -0.5497871
vn -0.2584334 -0.4493846 -0.8551407
vn 0.1144104 -0.2280335 -0.9669079
vn 0.5147393 -0.0614633 -0.8551407
vn 0.8352854 0.0056936 -0.5497871
vn 0.9901587 -0.0445574 -0.1326662
vn 0.9378610 -0.1987516 0.2844547
vn 0.6924054 -0.4155728 0.5898084
vn 0.3195616 -0.6369239 0.7015756
vn -0.0807673 -0.8034940 0.5898084
vn -0.4013134 -0.8706509 0.2844547
vn -0.5561867 -0.8203999 -0.1326662
vn -0.4169233 -0.8933438 -0.1676657
vn -0.3701734 -0.7555067 -0.5405380
vn -0.1507559 -0.5616862 -0.8134994
vn 0.1825362 -0.3638162 -0.9134102
vn 0.5403978 -0.2149160 -0.8134994
vn 0.8269401 -0.1548832 -0.5405380
vn 0.9653843 -0.1998035 -0.1676657
vn 0.9186343 -0.3376406 0.2052066
vn 0.6992169 -0.5314612 0.4781681
vn 0.3659247 -0.7293311 0.5780789
vn 0.0080632 -0.8782313 0.4781681
vn -0.2784791 -0.9382642 0.2052066
vn -0.4169233 -0.8933438 -0.1676657
vn -0.3452723 -0.9204637 -0.1831218
vn -0.3016589 -0.7918744 -0.5309772
vn -0.0969628 -0.6110578 -0.7856250
vn 0.2139680 -0.4264635 -0.8788325
vn 0.5478198 -0.2875533 -0.7856250
vn 0.8151372 -0.2315482 -0.5309772
vn 0.9442928 -0.2734548 -0.1831218
vn 0.9006794 -0.4020440 0.1647335
vn 0.6959833 -0.5828607 0.4193813
vn 0.3850525 -0.7674550 0.5125889
vn 0.0512008 -0.9063652 0.4193813
vn -0.2161167 -0.9623702 0.1647335
vn -0.3452723 -0.9204637 -0.1831218
vn -0.3852823 -0.9061139 -0.1746857
vn -0.3398959 -0.7722972 -0.5366822
vn -0.1268784 -0.5841299 -0.8016821
vn 0.1966925 -0.3920313 -0.8986787
vn 0.5441162 -0.2474741 -0.8016821
vn 0.8223007 -0.1891923 -0.5366822
vn 0.9567068 -0.2328024 -0.1746857
vn 0.9113205 -0.3666192 0.1873109
vn 0.6983029 -0.5547865 0.4523107
vn 0.3747320 -0.7468851 0.5493074
vn 0.0273084 -0.8914422 0.4523107
vn -0.2508762 -0.9497241 0.1873109
vn -0.3852823 -0.9061139 -0.1746857
vn 0.4324859 -0.8619954 -0.2644237
vn -0.9403019 -0.3367026 0.0496363
vn -0.8934506 -0.1517665 -0.4227446
vn -0.6296413 0.1134926 -0.7685515
vn -0.2195615 0.3879988 -0.8951255
vn 0.2269083 0.5981984 -0.7685515
vn 0.5901367 0.6877686 -0.4227446
vn 0.7727972 0.6327091 0.0496363
vn 0.7259458 0.4477731 0.5220172
vn 0.4621365 0.1825140 0.8678240
vn 0.0520567 -0.0919922 0.9943981
vn -0.3944130 -0.3021918 0.8678240
vn -0.7576415 -0.3917620 0.5220172
vn -0.9403019 -0.3367026 0.0496363
vn -0.8077875 -0.5885277 -0.0333831
vn -0.7605223 -0.4019581 -0.5099367
vn -0.4943827 -0.1343560 -0.8587981
vn -0.0806806 0.1425750 -0.9864902
vn 0.3697329 0.3546314 -0.8587981
vn 0.7361698 0.4449928 -0.5099367
vn 0.9204437 0.3894469 -0.0333831
vn 0.8731786 0.2028773 0.4431704
vn 0.6070390 -0.0647249 0.7920318
vn 0.1933368 -0.3416558 0.9197240
vn -0.2570767 -0.5537122 0.7920318
vn -0.6235136 -0.6440736 0.4431704
vn -0.8077875 -0.5885277 -0.0333831
vn -0.5156531 -0.8451866 -0.1405757
vn -0.4744739 -0.6826402 -0.5557669
vn -0.2426032 -0.4494952 -0.8597079
vn 0.1178294 -0.2082227 -0.9709581
vn 0.5102464 -0.0234713 -0.8597079
vn 0.8294999 0.0552549 -0.5557669
vn 0.9900462 0.0068613 -0.1405757
vn 0.9488670 -0.1556851 0.2746154
vn 0.7169963 -0.3888300 0.5785564
vn 0.3565636 -0.6301026 0.6898066
vn -0.0358534 -0.8148540 0.5785564
vn -0.3551068 -0.8935802 0.2746154
vn -0.5156531 -0.8451866 -0.1405757
vn -0.3732137 -0.9105755 -0.1776619
vn -0.3364028 -0.7652722 -0.5488092
vn -0.1291292 -0.5568595 -0.8205078
vn 0.1930684 -0.3411814 -0.9199564
vn 0.5438573 -0.1760286 -0.8205078
vn 0.8292441 -0.1056538 -0.5488092
vn 0.9727594 -0.1489138 -0.1776619
vn 0.9359486 -0.2942170 0.1934853
vn 0.7286750 -0.5026298 0.4651840
vn 0.4064774 -0.7183079 0.5646326
vn 0.0556884 -0.8834606 0.4651840
vn -0.2296983 -0.9538355 0.1934853
vn -0.3732137 -0.9105755 -0.1776619
vn -0.3004270 -0.9338588 -0.1940396
vn -0.2660858 -0.7983043 -0.5402857
vn -0.0727187 -0.6038745 -0.7937554
vn 0.2278618 -0.4026668 -0.8865317
vn 0.5551155 -0.2485945 -0.7937554
vn 0.8213549 -0.1829413 -0.5402857
vn 0.9552415 -0.2232988 -0.1940396
vn 0.9209004 -0.3588534 0.1522065
vn 0.7275332 -0.5532831 0.4056762
vn 0.4269527 -0.7544909 0.4984525
vn 0.0996990 -0.9085631 0.4056762
vn -0.1665404 -0.9742163 0.1522065
vn -0.3004270 -0.9338588 -0.1940396
vn -0.3410332 -0.9216475 -0.1851005
vn -0.3052960 -0.7805824 -0.5454223
vn -0.1040680 -0.5782486 -0.8091962
vn 0.2087319 -0.3688612 -0.9057441
vn 0.5492892 -0.2085256 -0.8091962
vn 0.8263519 -0.1402034 -0.5454223
vn 0.9656813 -0.1822015 -0.1851005
vn 0.9299442 -0.3232667 0.1752213
vn 0.7287162 -0.5256005 0.4389952
vn 0.4159163 -0.7349879 0.5355432
vn 0.0753589 -0.8953235 0.4389952
vn -0.2017038 -0.9636457 0.1752213
vn -0.3410332 -0.9216475 -0.1851005
vn 0.4727685 -0.8354545 -0.2801887
vn -0.9196116 -0.3898045 0.0486515
vn -0.8819556 -0.2047868 -0.4245193
vn -0.6326991 0.0734733 -0.7709043
vn -0.2386302 0.3704163 -0.8976900
vn 0.1946608 0.6064765 -0.7709043
vn 0.5510738 0.7184017 -0.4245193
vn 0.7351083 0.6762018 0.0486515
vn 0.6974523 0.4911841 0.5218222
vn 0.4481958 0.2129240 0.8682073
vn 0.0541269 -0.0840190 0.9949930
vn -0.3791641 -0.3200792 0.8682073
vn -0.7355771 -0.4320044 0.5218222
vn -0.9196116 -0.3898045 0.0486515
vn -0.7726238 -0.6340203 -0.0327208
vn -0.7346353 -0.4473683 -0.5100712
vn -0.4831770 -0.1666502 -0.8595159
vn -0.0856271 0.1329157 -0.9874216
vn 0.3514912 0.3710610 -0.8595159
vn 0.7110525 0.4839749 -0.5100712
vn 0.8967126 0.4414022 -0.0327208
vn 0.8587240 0.2547502 0.4446296
vn 0.6072657 -0.0259678 0.7940743
vn 0.2097159 -0.3255337 0.9219800
vn -0.2274025 -0.5636791 0.7940743
vn -0.5869638 -0.6765930 0.4446296
vn -0.7726238 -0.6340203 -0.0327208
vn -0.4659264 -0.8740294 -0.1377867
vn -0.4328294 -0.7114112 -0.5536721
vn -0.2137496 -0.4668392 -0.8581213
vn 0.1326106 -0.2058463 -0.9695575
vn 0.5134443 0.0016348 -0.8581213
vn 0.8267075 0.1000096 -0.5536721
vn 0.9884615 0.0629187 -0.1377867
vn 0.9553644 -0.0996995 0.2780987
vn 0.7362846 -0.3442715 0.5825479
vn 0.3899244 -0.6052644 0.6939841
vn 0.0090907 -0.8127455 0.5825479
vn -0.3041725 -0.9111203 0.2780987
vn -0.4659264 -0.8740294 -0.1377867
vn -0.3198583 -0.9313254 -0.1741371
vn -0.2902722 -0.7859579 -0.5459050
vn -0.0944326 -0.5673304 -0.8180579
vn 0.2151853 -0.3340238 -0.9176728
vn 0.5556198 -0.1485525 -0.8180579
vn 0.8356517 -0.0606134 -0.5459050
vn 0.9802467 -0.0937697 -0.1741371
vn 0.9506606 -0.2391372 0.1976307
vn 0.7548210 -0.4577647 0.4697837
vn 0.4452030 -0.6910713 0.5693986
vn 0.1047685 -0.8765426 0.4697837
vn -0.1752633 -0.9644817 0.1976307
vn -0.3198583 -0.9313254 -0.1741371
vn -0.2458059 -0.9504774 -0.1901898
vn -0.2182048 -0.8148630 -0.5370148
vn -0.0355046 -0.6109037 -0.7909084
vn 0.2533403 -0.3932503 -0.8838399
vn 0.5709342 -0.2202228 -0.7909084
vn 0.8321781 -0.1381837 -0.5370148
vn 0.9670718 -0.1691155 -0.1901898
vn 0.9394707 -0.3047298 0.1566352
vn 0.7567705 -0.5086891 0.4105287
vn 0.4679256 -0.7263426 0.5034602
vn 0.1503317 -0.8993701 0.4105287
vn -0.1109122 -0.9814091 0.1566352
vn -0.2458059 -0.9504774 -0.1901898
vn -0.2870730 -0.9405706 -0.1814281
vn -0.2583498 -0.7994431 -0.5423524
vn -0.0682224 -0.5871924 -0.8065673
vn 0.2323648 -0.3606908 -0.9032767
vn 0.5628697 -0.1806292 -0.8065673
vn 0.8347337 -0.0952551 -0.5423524
vn 0.9751112 -0.1274443 -0.1814281
vn 0.9463880 -0.2685717 0.1794962
vn 0.7562606 -0.4808225 0.4437112
vn 0.4556734 -0.7073241 0.5404206
vn 0.1251686 -0.8873856 0.4437112
vn -0.1466955 -0.9727597 0.1794962
vn -0.2870730 -0.9405706 -0.1814281
vn 0.5207457 -0.8083331 -0.2746297

o Tentacle_Variant_03
g Tentacle_Variant_03
s 1
usemtl KrakenSkin
f 1/1/1 23/23/23 22/22/22
f 1/1/1 2/2/2 23/23/23
f 2/2/2 24/24/24 23/23/23
f 2/2/2 3/3/3 24/24/24
f 3/3/3 25/25/25 24/24/24
f 3/3/3 4/4/4 25/25/25
f 4/4/4 26/26/26 25/25/25
f 4/4/4 5/5/5 26/26/26
f 5/5/5 27/27/27 26/26/26
f 5/5/5 6/6/6 27/27/27
f 6/6/6 28/28/28 27/27/27
f 6/6/6 7/7/7 28/28/28
f 7/7/7 29/29/29 28/28/28
f 7/7/7 8/8/8 29/29/29
f 8/8/8 30/30/30 29/29/29
f 8/8/8 9/9/9 30/30/30
f 9/9/9 31/31/31 30/30/30
f 9/9/9 10/10/10 31/31/31
f 10/10/10 32/32/32 31/31/31
f 10/10/10 11/11/11 32/32/32
f 11/11/11 33/33/33 32/32/32
f 11/11/11 12/12/12 33/33/33
f 12/12/12 34/34/34 33/33/33
f 12/12/12 13/13/13 34/34/34
f 13/13/13 35/35/35 34/34/34
f 13/13/13 14/14/14 35/35/35
f 14/14/14 36/36/36 35/35/35
f 14/14/14 15/15/15 36/36/36
f 15/15/15 37/37/37 36/36/36
f 15/15/15 16/16/16 37/37/37
f 16/16/16 38/38/38 37/37/37
f 16/16/16 17/17/17 38/38/38
f 17/17/17 39/39/39 38/38/38
f 17/17/17 18/18/18 39/39/39
f 18/18/18 40/40/40 39/39/39
f 18/18/18 19/19/19 40/40/40
f 19/19/19 41/41/41 40/40/40
f 19/19/19 20/20/20 41/41/41
f 20/20/20 42/42/42 41/41/41
f 20/20/20 21/21/21 42/42/42
f 22/22/22 44/44/44 43/43/43
f 22/22/22 23/23/23 44/44/44
f 23/23/23 45/45/45 44/44/44
f 23/23/23 24/24/24 45/45/45
f 24/24/24 46/46/46 45/45/45
f 24/24/24 25/25/25 46/46/46
f 25/25/25 47/47/47 46/46/46
f 25/25/25 26/26/26 47/47/47
f 26/26/26 48/48/48 47/47/47
f 26/26/26 27/27/27 48/48/48
f 27/27/27 49/49/49 48/48/48
f 27/27/27 28/28/28 49/49/49
f 28/28/28 50/50/50 49/49/49
f 28/28/28 29/29/29 50/50/50
f 29/29/29 51/51/51 50/50/50
f 29/29/29 30/30/30 51/51/51
f 30/30/30 52/52/52 51/51/51
f 30/30/30 31/31/31 52/52/52
f 31/31/31 53/53/53 52/52/52
f 31/31/31 32/32/32 53/53/53
f 32/32/32 54/54/54 53/53/53
f 32/32/32 33/33/33 54/54/54
f 33/33/33 55/55/55 54/54/54
f 33/33/33 34/34/34 55/55/55
f 34/34/34 56/56/56 55/55/55
f 34/34/34 35/35/35 56/56/56
f 35/35/35 57/57/57 56/56/56
f 35/35/35 36/36/36 57/57/57
f 36/36/36 58/58/58 57/57/57
f 36/36/36 37/37/37 58/58/58
f 37/37/37 59/59/59 58/58/58
f 37/37/37 38/38/38 59/59/59
f 38/38/38 60/60/60 59/59/59
f 38/38/38 39/39/39 60/60/60
f 39/39/39 61/61/61 60/60/60
f 39/39/39 40/40/40 61/61/61
f 40/40/40 62/62/62 61/61/61
f 40/40/40 41/41/41 62/62/62
f 41/41/41 63/63/63 62/62/62
f 41/41/41 42/42/42 63/63/63
f 43/43/43 65/65/65 64/64/64
f 43/43/43 44/44/44 65/65/65
f 44/44/44 66/66/66 65/65/65
f 44/44/44 45/45/45 66/66/66
f 45/45/45 67/67/67 66/66/66
f 45/45/45 46/46/46 67/67/67
f 46/46/46 68/68/68 67/67/67
f 46/46/46 47/47/47 68/68/68
f 47/47/47 69/69/69 68/68/68
f 47/47/47 48/48/48 69/69/69
f 48/48/48 70/70/70 69/69/69
f 48/48/48 49/49/49 70/70/70
f 49/49/49 71/71/71 70/70/70
f 49/49/49 50/50/50 71/71/71
f 50/50/50 72/72/72 71/71/71
f 50/50/50 51/51/51 72/72/72
f 51/51/51 73/73/73 72/72/72
f 51/51/51 52/52/52 73/73/73
f 52/52/52 74/74/74 73/73/73
f 52/52/52 53/53/53 74/74/74
f 53/53/53 75/75/75 74/74/74
f 53/53/53 54/54/54 75/75/75
f 54/54/54 76/76/76 75/75/75
f 54/54/54 55/55/55 76/76/76
f 55/55/55 77/77/77 76/76/76
f 55/55/55 56/56/56 77/77/77
f 56/56/56 78/78/78 77/77/77
f 56/56/56 57/57/57 78/78/78
f 57/57/57 79/79/79 78/78/78
f 57/57/57 58/58/58 79/79/79
f 58/58/58 80/80/80 79/79/79
f 58/58/58 59/59/59 80/80/80
f 59/59/59 81/81/81 80/80/80
f 59/59/59 60/60/60 81/81/81
f 60/60/60 82/82/82 81/81/81
f 60/60/60 61/61/61 82/82/82
f 61/61/61 83/83/83 82/82/82
f 61/61/61 62/62/62 83/83/83
f 62/62/62 84/84/84 83/83/83
f 62/62/62 63/63/63 84/84/84
f 64/64/64 86/86/86 85/85/85
f 64/64/64 65/65/65 86/86/86
f 65/65/65 87/87/87 86/86/86
f 65/65/65 66/66/66 87/87/87
f 66/66/66 88/88/88 87/87/87
f 66/66/66 67/67/67 88/88/88
f 67/67/67 89/89/89 88/88/88
f 67/67/67 68/68/68 89/89/89
f 68/68/68 90/90/90 89/89/89
f 68/68/68 69/69/69 90/90/90
f 69/69/69 91/91/91 90/90/90
f 69/69/69 70/70/70 91/91/91
f 70/70/70 92/92/92 91/91/91
f 70/70/70 71/71/71 92/92/92
f 71/71/71 93/93/93 92/92/92
f 71/71/71 72/72/72 93/93/93
f 72/72/72 94/94/94 93/93/93
f 72/72/72 73/73/73 94/94/94
f 73/73/73 95/95/95 94/94/94
f 73/73/73 74/74/74 95/95/95
f 74/74/74 96/96/96 95/95/95
f 74/74/74 75/75/75 96/96/96
f 75/75/75 97/97/97 96/96/96
f 75/75/75 76/76/76 97/97/97
f 76/76/76 98/98/98 97/97/97
f 76/76/76 77/77/77 98/98/98
f 77/77/77 99/99/99 98/98/98
f 77/77/77 78/78/78 99/99/99
f 78/78/78 100/100/100 99/99/99
f 78/78/78 79/79/79 100/100/100
f 79/79/79 101/101/101 100/100/100
f 79/79/79 80/80/80 101/101/101
f 80/80/80 102/102/102 101/101/101
f 80/80/80 81/81/81 102/102/102
f 81/81/81 103/103/103 102/102/102
f 81/81/81 82/82/82 103/103/103
f 82/82/82 104/104/104 103/103/103
f 82/82/82 83/83/83 104/104/104
f 83/83/83 105/105/105 104/104/104
f 83/83/83 84/84/84 105/105/105
f 85/85/85 107/107/107 106/106/106
f 85/85/85 86/86/86 107/107/107
f 86/86/86 108/108/108 107/107/107
f 86/86/86 87/87/87 108/108/108
f 87/87/87 109/109/109 108/108/108
f 87/87/87 88/88/88 109/109/109
f 88/88/88 110/110/110 109/109/109
f 88/88/88 89/89/89 110/110/110
f 89/89/89 111/111/111 110/110/110
f 89/89/89 90/90/90 111/111/111
f 90/90/90 112/112/112 111/111/111
f 90/90/90 91/91/91 112/112/112
f 91/91/91 113/113/113 112/112/112
f 91/91/91 92/92/92 113/113/113
f 92/92/92 114/114/114 113/113/113
f 92/92/92 93/93/93 114/114/114
f 93/93/93 115/115/115 114/114/114
f 93/93/93 94/94/94 115/115/115
f 94/94/94 116/116/116 115/115/115
f 94/94/94 95/95/95 116/116/116
f 95/95/95 117/117/117 116/116/116
f 95/95/95 96/96/96 117/117/117
f 96/96/96 118/118/118 117/117/117
f 96/96/96 97/97/97 118/118/118
f 97/97/97 119/119/119 118/118/118
f 97/97/97 98/98/98 119/119/119
f 98/98/98 120/120/120 119/119/119
f 98/98/98 99/99/99 120/120/120
f 99/99/99 121/121/121 120/120/120
f 99/99/99 100/100/100 121/121/121
f 100/100/100 122/122/122 121/121/121
f 100/100/100 101/101/101 122/122/122
f 101/101/101 123/123/123 122/122/122
f 101/101/101 102/102/102 123/123/123
f 102/102/102 124/124/124 123/123/123
f 102/102/102 103/103/103 124/124/124
f 103/103/103 125/125/125 124/124/124
f 103/103/103 104/104/104 125/125/125
f 104/104/104 126/126/126 125/125/125
f 104/104/104 105/105/105 126/126/126
f 106/106/106 128/128/128 127/127/127
f 106/106/106 107/107/107 128/128/128
f 107/107/107 129/129/129 128/128/128
f 107/107/107 108/108/108 129/129/129
f 108/108/108 130/130/130 129/129/129
f 108/108/108 109/109/109 130/130/130
f 109/109/109 131/131/131 130/130/130
f 109/109/109 110/110/110 131/131/131
f 110/110/110 132/132/132 131/131/131
f 110/110/110 111/111/111 132/132/132
f 111/111/111 133/133/133 132/132/132
f 111/111/111 112/112/112 133/133/133
f 112/112/112 134/134/134 133/133/133
f 112/112/112 113/113/113 134/134/134
f 113/113/113 135/135/135 134/134/134
f 113/113/113 114/114/114 135/135/135
f 114/114/114 136/136/136 135/135/135
f 114/114/114 115/115/115 136/136/136
f 115/115/115 137/137/137 136/136/136
f 115/115/115 116/116/116 137/137/137
f 116/116/116 138/138/138 137/137/137
f 116/116/116 117/117/117 138/138/138
f 117/117/117 139/139/139 138/138/138
f 117/117/117 118/118/118 139/139/139
f 118/118/118 140/140/140 139/139/139
f 118/118/118 119/119/119 140/140/140
f 119/119/119 141/141/141 140/140/140
f 119/119/119 120/120/120 141/141/141
f 120/120/120 142/142/142 141/141/141
f 120/120/120 121/121/121 142/142/142
f 121/121/121 143/143/143 142/142/142
f 121/121/121 122/122/122 143/143/143
f 122/122/122 144/144/144 143/143/143
f 122/122/122 123/123/123 144/144/144
f 123/123/123 145/145/145 144/144/144
f 123/123/123 124/124/124 145/145/145
f 124/124/124 146/146/146 145/145/145
f 124/124/124 125/125/125 146/146/146
f 125/125/125 147/147/147 146/146/146
f 125/125/125 126/126/126 147/147/147
f 127/127/127 149/149/149 148/148/148
f 127/127/127 128/128/128 149/149/149
f 128/128/128 150/150/150 149/149/149
f 128/128/128 129/129/129 150/150/150
f 129/129/129 151/151/151 150/150/150
f 129/129/129 130/130/130 151/151/151
f 130/130/130 152/152/152 151/151/151
f 130/130/130 131/131/131 152/152/152
f 131/131/131 153/153/153 152/152/152
f 131/131/131 132/132/132 153/153/153
f 132/132/132 154/154/154 153/153/153
f 132/132/132 133/133/133 154/154/154
f 133/133/133 155/155/155 154/154/154
f 133/133/133 134/134/134 155/155/155
f 134/134/134 156/156/156 155/155/155
f 134/134/134 135/135/135 156/156/156
f 135/135/135 157/157/157 156/156/156
f 135/135/135 136/136/136 157/157/157
f 136/136/136 158/158/158 157/157/157
f 136/136/136 137/137/137 158/158/158
f 137/137/137 159/159/159 158/158/158
f 137/137/137 138/138/138 159/159/159
f 138/138/138 160/160/160 159/159/159
f 138/138/138 139/139/139 160/160/160
f 139/139/139 161/161/161 160/160/160
f 139/139/139 140/140/140 161/161/161
f 140/140/140 162/162/162 161/161/161
f 140/140/140 141/141/141 162/162/162
f 141/141/141 163/163/163 162/162/162
f 141/141/141 142/142/142 163/163/163
f 142/142/142 164/164/164 163/163/163
f 142/142/142 143/143/143 164/164/164
f 143/143/143 165/165/165 164/164/164
f 143/143/143 144/144/144 165/165/165
f 144/144/144 166/166/166 165/165/165
f 144/144/144 145/145/145 166/166/166
f 145/145/145 167/167/167 166/166/166
f 145/145/145 146/146/146 167/167/167
f 146/146/146 168/168/168 167/167/167
f 146/146/146 147/147/147 168/168/168
f 148/148/148 170/170/170 169/169/169
f 148/148/148 149/149/149 170/170/170
f 149/149/149 171/171/171 170/170/170
f 149/149/149 150/150/150 171/171/171
f 150/150/150 172/172/172 171/171/171
f 150/150/150 151/151/151 172/172/172
f 151/151/151 173/173/173 172/172/172
f 151/151/151 152/152/152 173/173/173
f 152/152/152 174/174/174 173/173/173
f 152/152/152 153/153/153 174/174/174
f 153/153/153 175/175/175 174/174/174
f 153/153/153 154/154/154 175/175/175
f 154/154/154 176/176/176 175/175/175
f 154/154/154 155/155/155 176/176/176
f 155/155/155 177/177/177 176/176/176
f 155/155/155 156/156/156 177/177/177
f 156/156/156 178/178/178 177/177/177
f 156/156/156 157/157/157 178/178/178
f 157/157/157 179/179/179 178/178/178
f 157/157/157 158/158/158 179/179/179
f 158/158/158 180/180/180 179/179/179
f 158/158/158 159/159/159 180/180/180
f 159/159/159 181/181/181 180/180/180
f 159/159/159 160/160/160 181/181/181
f 160/160/160 182/182/182 181/181/181
f 160/160/160 161/161/161 182/182/182
f 161/161/161 183/183/183 182/182/182
f 161/161/161 162/162/162 183/183/183
f 162/162/162 184/184/184 183/183/183
f 162/162/162 163/163/163 184/184/184
f 163/163/163 185/185/185 184/184/184
f 163/163/163 164/164/164 185/185/185
f 164/164/164 186/186/186 185/185/185
f 164/164/164 165/165/165 186/186/186
f 165/165/165 187/187/187 186/186/186
f 165/165/165 166/166/166 187/187/187
f 166/166/166 188/188/188 187/187/187
f 166/166/166 167/167/167 188/188/188
f 167/167/167 189/189/189 188/188/188
f 167/167/167 168/168/168 189/189/189
f 169/169/169 191/191/191 190/190/190
f 169/169/169 170/170/170 191/191/191
f 170/170/170 192/192/192 191/191/191
f 170/170/170 171/171/171 192/192/192
f 171/171/171 193/193/193 192/192/192
f 171/171/171 172/172/172 193/193/193
f 172/172/172 194/194/194 193/193/193
f 172/172/172 173/173/173 194/194/194
f 173/173/173 195/195/195 194/194/194
f 173/173/173 174/174/174 195/195/195
f 174/174/174 196/196/196 195/195/195
f 174/174/174 175/175/175 196/196/196
f 175/175/175 197/197/197 196/196/196
f 175/175/175 176/176/176 197/197/197
f 176/176/176 198/198/198 197/197/197
f 176/176/176 177/177/177 198/198/198
f 177/177/177 199/199/199 198/198/198
f 177/177/177 178/178/178 199/199/199
f 178/178/178 200/200/200 199/199/199
f 178/178/178 179/179/179 200/200/200
f 179/179/179 201/201/201 200/200/200
f 179/179/179 180/180/180 201/201/201
f 180/180/180 202/202/202 201/201/201
f 180/180/180 181/181/181 202/202/202
f 181/181/181 203/203/203 202/202/202
f 181/181/181 182/182/182 203/203/203
f 182/182/182 204/204/204 203/203/203
f 182/182/182 183/183/183 204/204/204
f 183/183/183 205/205/205 204/204/204
f 183/183/183 184/184/184 205/205/205
f 184/184/184 206/206/206 205/205/205
f 184/184/184 185/185/185 206/206/206
f 185/185/185 207/207/207 206/206/206
f 185/185/185 186/186/186 207/207/207
f 186/186/186 208/208/208 207/207/207
f 186/186/186 187/187/187 208/208/208
f 187/187/187 209/209/209 208/208/208
f 187/187/187 188/188/188 209/209/209
f 188/188/188 210/210/210 209/209/209
f 188/188/188 189/189/189 210/210/210
f 190/190/190 212/212/212 211/211/211
f 190/190/190 191/191/191 212/212/212
f 191/191/191 213/213/213 212/212/212
f 191/191/191 192/192/192 213/213/213
f 192/192/192 214/214/214 213/213/213
f 192/192/192 193/193/193 214/214/214
f 193/193/193 215/215/215 214/214/214
f 193/193/193 194/194/194 215/215/215
f 194/194/194 216/216/216 215/215/215
f 194/194/194 195/195/195 216/216/216
f 195/195/195 217/217/217 216/216/216
f 195/195/195 196/196/196 217/217/217
f 196/196/196 218/218/218 217/217/217
f 196/196/196 197/197/197 218/218/218
f 197/197/197 219/219/219 218/218/218
f 197/197/197 198/198/198 219/219/219
f 198/198/198 220/220/220 219/219/219
f 198/198/198 199/199/199 220/220/220
f 199/199/199 221/221/221 220/220/220
f 199/199/199 200/200/200 221/221/221
f 200/200/200 222/222/222 221/221/221
f 200/200/200 201/201/201 222/222/222
f 201/201/201 223/223/223 222/222/222
f 201/201/201 202/202/202 223/223/223
f 202/202/202 224/224/224 223/223/223
f 202/202/202 203/203/203 224/224/224
f 203/203/203 225/225/225 224/224/224
f 203/203/203 204/204/204 225/225/225
f 204/204/204 226/226/226 225/225/225
f 204/204/204 205/205/205 226/226/226
f 205/205/205 227/227/227 226/226/226
f 205/205/205 206/206/206 227/227/227
f 206/206/206 228/228/228 227/227/227
f 206/206/206 207/207/207 228/228/228
f 207/207/207 229/229/229 228/228/228
f 207/207/207 208/208/208 229/229/229
f 208/208/208 230/230/230 229/229/229
f 208/208/208 209/209/209 230/230/230
f 209/209/209 231/231/231 230/230/230
f 209/209/209 210/210/210 231/231/231
f 211/211/211 233/233/233 232/232/232
f 211/211/211 212/212/212 233/233/233
f 212/212/212 234/234/234 233/233/233
f 212/212/212 213/213/213 234/234/234
f 213/213/213 235/235/235 234/234/234
f 213/213/213 214/214/214 235/235/235
f 214/214/214 236/236/236 235/235/235
f 214/214/214 215/215/215 236/236/236
f 215/215/215 237/237/237 236/236/236
f 215/215/215 216/216/216 237/237/237
f 216/216/216 238/238/238 237/237/237
f 216/216/216 217/217/217 238/238/238
f 217/217/217 239/239/239 238/238/238
f 217/217/217 218/218/218 239/239/239
f 218/218/218 240/240/240 239/239/239
f 218/218/218 219/219/219 240/240/240
f 219/219/219 241/241/241 240/240/240
f 219/219/219 220/220/220 241/241/241
f 220/220/220 242/242/242 241/241/241
f 220/220/220 221/221/221 242/242/242
f 221/221/221 243/243/243 242/242/242
f 221/221/221 222/222/222 243/243/243
f 222/222/222 244/244/244 243/243/243
f 222/222/222 223/223/223 244/244/244
f 223/223/223 245/245/245 244/244/244
f 223/223/223 224/224/224 245/245/245
f 224/224/224 246/246/246 245/245/245
f 224/224/224 225/225/225 246/246/246
f 225/225/225 247/247/247 246/246/246
f 225/225/225 226/226/226 247/247/247
f 226/226/226 248/248/248 247/247/247
f 226/226/226 227/227/227 248/248/248
f 227/227/227 249/249/249 248/248/248
f 227/227/227 228/228/228 249/249/249
f 228/228/228 250/250/250 249/249/249
f 228/228/228 229/229/229 250/250/250
f 229/229/229 251/251/251 250/250/250
f 229/229/229 230/230/230 251/251/251
f 230/230/230 252/252/252 251/251/251
f 230/230/230 231/231/231 252/252/252
f 232/232/232 254/254/254 253/253/253
f 232/232/232 233/233/233 254/254/254
f 233/233/233 255/255/255 254/254/254
f 233/233/233 234/234/234 255/255/255
f 234/234/234 256/256/256 255/255/255
f 234/234/234 235/235/235 256/256/256
f 235/235/235 257/257/257 256/256/256
f 235/235/235 236/236/236 257/257/257
f 236/236/236 258/258/258 257/257/257
f 236/236/236 237/237/237 258/258/258
f 237/237/237 259/259/259 258/258/258
f 237/237/237 238/238/238 259/259/259
f 238/238/238 260/260/260 259/259/259
f 238/238/238 239/239/239 260/260/260
f 239/239/239 261/261/261 260/260/260
f 239/239/239 240/240/240 261/261/261
f 240/240/240 262/262/262 261/261/261
f 240/240/240 241/241/241 262/262/262
f 241/241/241 263/263/263 262/262/262
f 241/241/241 242/242/242 263/263/263
f 242/242/242 264/264/264 263/263/263
f 242/242/242 243/243/243 264/264/264
f 243/243/243 265/265/265 264/264/264
f 243/243/243 244/244/244 265/265/265
f 244/244/244 266/266/266 265/265/265
f 244/244/244 245/245/245 266/266/266
f 245/245/245 267/267/267 266/266/266
f 245/245/245 246/246/246 267/267/267
f 246/246/246 268/268/268 267/267/267
f 246/246/246 247/247/247 268/268/268
f 247/247/247 269/269/269 268/268/268
f 247/247/247 248/248/248 269/269/269
f 248/248/248 270/270/270 269/269/269
f 248/248/248 249/249/249 270/270/270
f 249/249/249 271/271/271 270/270/270
f 249/249/249 250/250/250 271/271/271
f 250/250/250 272/272/272 271/271/271
f 250/250/250 251/251/251 272/272/272
f 251/251/251 273/273/273 272/272/272
f 251/251/251 252/252/252 273/273/273
f 253/253/253 275/275/275 274/274/274
f 253/253/253 254/254/254 275/275/275
f 254/254/254 276/276/276 275/275/275
f 254/254/254 255/255/255 276/276/276
f 255/255/255 277/277/277 276/276/276
f 255/255/255 256/256/256 277/277/277
f 256/256/256 278/278/278 277/277/277
f 256/256/256 257/257/257 278/278/278
f 257/257/257 279/279/279 278/278/278
f 257/257/257 258/258/258 279/279/279
f 258/258/258 280/280/280 279/279/279
f 258/258/258 259/259/259 280/280/280
f 259/259/259 281/281/281 280/280/280
f 259/259/259 260/260/260 281/281/281
f 260/260/260 282/282/282 281/281/281
f 260/260/260 261/261/261 282/282/282
f 261/261/261 283/283/283 282/282/282
f 261/261/261 262/262/262 283/283/283
f 262/262/262 284/284/284 283/283/283
f 262/262/262 263/263/263 284/284/284
f 263/263/263 285/285/285 284/284/284
f 263/263/263 264/264/264 285/285/285
f 264/264/264 286/286/286 285/285/285
f 264/264/264 265/265/265 286/286/286
f 265/265/265 287/287/287 286/286/286
f 265/265/265 266/266/266 287/287/287
f 266/266/266 288/288/288 287/287/287
f 266/266/266 267/267/267 288/288/288
f 267/267/267 289/289/289 288/288/288
f 267/267/267 268/268/268 289/289/289
f 268/268/268 290/290/290 289/289/289
f 268/268/268 269/269/269 290/290/290
f 269/269/269 291/291/291 290/290/290
f 269/269/269 270/270/270 291/291/291
f 270/270/270 292/292/292 291/291/291
f 270/270/270 271/271/271 292/292/292
f 271/271/271 293/293/293 292/292/292
f 271/271/271 272/272/272 293/293/293
f 272/272/272 294/294/294 293/293/293
f 272/272/272 273/273/273 294/294/294
f 274/274/274 296/296/296 295/295/295
f 274/274/274 275/275/275 296/296/296
f 275/275/275 297/297/297 296/296/296
f 275/275/275 276/276/276 297/297/297
f 276/276/276 298/298/298 297/297/297
f 276/276/276 277/277/277 298/298/298
f 277/277/277 299/299/299 298/298/298
f 277/277/277 278/278/278 299/299/299
f 278/278/278 300/300/300 299/299/299
f 278/278/278 279/279/279 300/300/300
f 279/279/279 301/301/301 300/300/300
f 279/279/279 280/280/280 301/301/301
f 280/280/280 302/302/302 301/301/301
f 280/280/280 281/281/281 302/302/302
f 281/281/281 303/303/303 302/302/302
f 281/281/281 282/282/282 303/303/303
f 282/282/282 304/304/304 303/303/303
f 282/282/282 283/283/283 304/304/304
f 283/283/283 305/305/305 304/304/304
f 283/283/283 284/284/284 305/305/305
f 284/284/284 306/306/306 305/305/305
f 284/284/284 285/285/285 306/306/306
f 285/285/285 307/307/307 306/306/306
f 285/285/285 286/286/286 307/307/307
f 286/286/286 308/308/308 307/307/307
f 286/286/286 287/287/287 308/308/308
f 287/287/287 309/309/309 308/308/308
f 287/287/287 288/288/288 309/309/309
f 288/288/288 310/310/310 309/309/309
f 288/288/288 289/289/289 310/310/310
f 289/289/289 311/311/311 310/310/310
f 289/289/289 290/290/290 311/311/311
f 290/290/290 312/312/312 311/311/311
f 290/290/290 291/291/291 312/312/312
f 291/291/291 313/313/313 312/312/312
f 291/291/291 292/292/292 313/313/313
f 292/292/292 314/314/314 313/313/313
f 292/292/292 293/293/293 314/314/314
f 293/293/293 315/315/315 314/314/314
f 293/293/293 294/294/294 315/315/315
f 295/295/295 317/317/317 316/316/316
f 295/295/295 296/296/296 317/317/317
f 296/296/296 318/318/318 317/317/317
f 296/296/296 297/297/297 318/318/318
f 297/297/297 319/319/319 318/318/318
f 297/297/297 298/298/298 319/319/319
f 298/298/298 320/320/320 319/319/319
f 298/298/298 299/299/299 320/320/320
f 299/299/299 321/321/321 320/320/320
f 299/299/299 300/300/300 321/321/321
f 300/300/300 322/322/322 321/321/321
f 300/300/300 301/301/301 322/322/322
f 301/301/301 323/323/323 322/322/322
f 301/301/301 302/302/302 323/323/323
f 302/302/302 324/324/324 323/323/323
f 302/302/302 303/303/303 324/324/324
f 303/303/303 325/325/325 324/324/324
f 303/303/303 304/304/304 325/325/325
f 304/304/304 326/326/326 325/325/325
f 304/304/304 305/305/305 326/326/326
f 305/305/305 327/327/327 326/326/326
f 305/305/305 306/306/306 327/327/327
f 306/306/306 328/328/328 327/327/327
f 306/306/306 307/307/307 328/328/328
f 307/307/307 329/329/329 328/328/328
f 307/307/307 308/308/308 329/329/329
f 308/308/308 330/330/330 329/329/329
f 308/308/308 309/309/309 330/330/330
f 309/309/309 331/331/331 330/330/330
f 309/309/309 310/310/310 331/331/331
f 310/310/310 332/332/332 331/331/331
f 310/310/310 311/311/311 332/332/332
f 311/311/311 333/333/333 332/332/332
f 311/311/311 312/312/312 333/333/333
f 312/312/312 334/334/334 333/333/333
f 312/312/312 313/313/313 334/334/334
f 313/313/313 335/335/335 334/334/334
f 313/313/313 314/314/314 335/335/335
f 314/314/314 336/336/336 335/335/335
f 314/314/314 315/315/315 336/336/336
f 316/316/316 338/338/338 337/337/337
f 316/316/316 317/317/317 338/338/338
f 317/317/317 339/339/339 338/338/338
f 317/317/317 318/318/318 339/339/339
f 318/318/318 340/340/340 339/339/339
f 318/318/318 319/319/319 340/340/340
f 319/319/319 341/341/341 340/340/340
f 319/319/319 320/320/320 341/341/341
f 320/320/320 342/342/342 341/341/341
f 320/320/320 321/321/321 342/342/342
f 321/321/321 343/343/343 342/342/342
f 321/321/321 322/322/322 343/343/343
f 322/322/322 344/344/344 343/343/343
f 322/322/322 323/323/323 344/344/344
f 323/323/323 345/345/345 344/344/344
f 323/323/323 324/324/324 345/345/345
f 324/324/324 346/346/346 345/345/345
f 324/324/324 325/325/325 346/346/346
f 325/325/325 347/347/347 346/346/346
f 325/325/325 326/326/326 347/347/347
f 326/326/326 348/348/348 347/347/347
f 326/326/326 327/327/327 348/348/348
f 327/327/327 349/349/349 348/348/348
f 327/327/327 328/328/328 349/349/349
f 328/328/328 350/350/350 349/349/349
f 328/328/328 329/329/329 350/350/350
f 329/329/329 351/351/351 350/350/350
f 329/329/329 330/330/330 351/351/351
f 330/330/330 352/352/352 351/351/351
f 330/330/330 331/331/331 352/352/352
f 331/331/331 353/353/353 352/352/352
f 331/331/331 332/332/332 353/353/353
f 332/332/332 354/354/354 353/353/353
f 332/332/332 333/333/333 354/354/354
f 333/333/333 355/355/355 354/354/354
f 333/333/333 334/334/334 355/355/355
f 334/334/334 356/356/356 355/355/355
f 334/334/334 335/335/335 356/356/356
f 335/335/335 357/357/357 356/356/356
f 335/335/335 336/336/336 357/357/357
f 337/337/337 359/359/359 358/358/358
f 337/337/337 338/338/338 359/359/359
f 338/338/338 360/360/360 359/359/359
f 338/338/338 339/339/339 360/360/360
f 339/339/339 361/361/361 360/360/360
f 339/339/339 340/340/340 361/361/361
f 340/340/340 362/362/362 361/361/361
f 340/340/340 341/341/341 362/362/362
f 341/341/341 363/363/363 362/362/362
f 341/341/341 342/342/342 363/363/363
f 342/342/342 364/364/364 363/363/363
f 342/342/342 343/343/343 364/364/364
f 343/343/343 365/365/365 364/364/364
f 343/343/343 344/344/344 365/365/365
f 344/344/344 366/366/366 365/365/365
f 344/344/344 345/345/345 366/366/366
f 345/345/345 367/367/367 366/366/366
f 345/345/345 346/346/346 367/367/367
f 346/346/346 368/368/368 367/367/367
f 346/346/346 347/347/347 368/368/368
f 347/347/347 369/369/369 368/368/368
f 347/347/347 348/348/348 369/369/369
f 348/348/348 370/370/370 369/369/369
f 348/348/348 349/349/349 370/370/370
f 349/349/349 371/371/371 370/370/370
f 349/349/349 350/350/350 371/371/371
f 350/350/350 372/372/372 371/371/371
f 350/350/350 351/351/351 372/372/372
f 351/351/351 373/373/373 372/372/372
f 351/351/351 352/352/352 373/373/373
f 352/352/352 374/374/374 373/373/373
f 352/352/352 353/353/353 374/374/374
f 353/353/353 375/375/375 374/374/374
f 353/353/353 354/354/354 375/375/375
f 354/354/354 376/376/376 375/375/375
f 354/354/354 355/355/355 376/376/376
f 355/355/355 377/377/377 376/376/376
f 355/355/355 356/356/356 377/377/377
f 356/356/356 378/378/378 377/377/377
f 356/356/356 357/357/357 378/378/378
f 358/358/358 380/380/380 379/379/379
f 358/358/358 359/359/359 380/380/380
f 359/359/359 381/381/381 380/380/380
f 359/359/359 360/360/360 381/381/381
f 360/360/360 382/382/382 381/381/381
f 360/360/360 361/361/361 382/382/382
f 361/361/361 383/383/383 382/382/382
f 361/361/361 362/362/362 383/383/383
f 362/362/362 384/384/384 383/383/383
f 362/362/362 363/363/363 384/384/384
f 363/363/363 385/385/385 384/384/384
f 363/363/363 364/364/364 385/385/385
f 364/364/364 386/386/386 385/385/385
f 364/364/364 365/365/365 386/386/386
f 365/365/365 387/387/387 386/386/386
f 365/365/365 366/366/366 387/387/387
f 366/366/366 388/388/388 387/387/387
f 366/366/366 367/367/367 388/388/388
f 367/367/367 389/389/389 388/388/388
f 367/367/367 368/368/368 389/389/389
f 368/368/368 390/390/390 389/389/389
f 368/368/368 369/369/369 390/390/390
f 369/369/369 391/391/391 390/390/390
f 369/369/369 370/370/370 391/391/391
f 370/370/370 392/392/392 391/391/391
f 370/370/370 371/371/371 392/392/392
f 371/371/371 393/393/393 392/392/392
f 371/371/371 372/372/372 393/393/393
f 372/372/372 394/394/394 393/393/393
f 372/372/372 373/373/373 394/394/394
f 373/373/373 395/395/395 394/394/394
f 373/373/373 374/374/374 395/395/395
f 374/374/374 396/396/396 395/395/395
f 374/374/374 375/375/375 396/396/396
f 375/375/375 397/397/397 396/396/396
f 375/375/375 376/376/376 397/397/397
f 376/376/376 398/398/398 397/397/397
f 376/376/376 377/377/377 398/398/398
f 377/377/377 399/399/399 398/398/398
f 377/377/377 378/378/378 399/399/399
f 379/379/379 401/401/401 400/400/400
f 379/379/379 380/380/380 401/401/401
f 380/380/380 402/402/402 401/401/401
f 380/380/380 381/381/381 402/402/402
f 381/381/381 403/403/403 402/402/402
f 381/381/381 382/382/382 403/403/403
f 382/382/382 404/404/404 403/403/403
f 382/382/382 383/383/383 404/404/404
f 383/383/383 405/405/405 404/404/404
f 383/383/383 384/384/384 405/405/405
f 384/384/384 406/406/406 405/405/405
f 384/384/384 385/385/385 406/406/406
f 385/385/385 407/407/407 406/406/406
f 385/385/385 386/386/386 407/407/407
f 386/386/386 408/408/408 407/407/407
f 386/386/386 387/387/387 408/408/408
f 387/387/387 409/409/409 408/408/408
f 387/387/387 388/388/388 409/409/409
f 388/388/388 410/410/410 409/409/409
f 388/388/388 389/389/389 410/410/410
f 389/389/389 411/411/411 410/410/410
f 389/389/389 390/390/390 411/411/411
f 390/390/390 412/412/412 411/411/411
f 390/390/390 391/391/391 412/412/412
f 391/391/391 413/413/413 412/412/412
f 391/391/391 392/392/392 413/413/413
f 392/392/392 414/414/414 413/413/413
f 392/392/392 393/393/393 414/414/414
f 393/393/393 415/415/415 414/414/414
f 393/393/393 394/394/394 415/415/415
f 394/394/394 416/416/416 415/415/415
f 394/394/394 395/395/395 416/416/416
f 395/395/395 417/417/417 416/416/416
f 395/395/395 396/396/396 417/417/417
f 396/396/396 418/418/418 417/417/417
f 396/396/396 397/397/397 418/418/418
f 397/397/397 419/419/419 418/418/418
f 397/397/397 398/398/398 419/419/419
f 398/398/398 420/420/420 419/419/419
f 398/398/398 399/399/399 420/420/420
f 400/400/400 422/422/422 421/421/421
f 400/400/400 401/401/401 422/422/422
f 401/401/401 423/423/423 422/422/422
f 401/401/401 402/402/402 423/423/423
f 402/402/402 424/424/424 423/423/423
f 402/402/402 403/403/403 424/424/424
f 403/403/403 425/425/425 424/424/424
f 403/403/403 404/404/404 425/425/425
f 404/404/404 426/426/426 425/425/425
f 404/404/404 405/405/405 426/426/426
f 405/405/405 427/427/427 426/426/426
f 405/405/405 406/406/406 427/427/427
f 406/406/406 428/428/428 427/427/427
f 406/406/406 407/407/407 428/428/428
f 407/407/407 429/429/429 428/428/428
f 407/407/407 408/408/408 429/429/429
f 408/408/408 430/430/430 429/429/429
f 408/408/408 409/409/409 430/430/430
f 409/409/409 431/431/431 430/430/430
f 409/409/409 410/410/410 431/431/431
f 410/410/410 432/432/432 431/431/431
f 410/410/410 411/411/411 432/432/432
f 411/411/411 433/433/433 432/432/432
f 411/411/411 412/412/412 433/433/433
f 412/412/412 434/434/434 433/433/433
f 412/412/412 413/413/413 434/434/434
f 413/413/413 435/435/435 434/434/434
f 413/413/413 414/414/414 435/435/435
f 414/414/414 436/436/436 435/435/435
f 414/414/414 415/415/415 436/436/436
f 415/415/415 437/437/437 436/436/436
f 415/415/415 416/416/416 437/437/437
f 416/416/416 438/438/438 437/437/437
f 416/416/416 417/417/417 438/438/438
f 417/417/417 439/439/439 438/438/438
f 417/417/417 418/418/418 439/439/439
f 418/418/418 440/440/440 439/439/439
f 418/418/418 419/419/419 440/440/440
f 419/419/419 441/441/441 440/440/440
f 419/419/419 420/420/420 441/441/441
f 421/421/421 443/443/443 442/442/442
f 421/421/421 422/422/422 443/443/443
f 422/422/422 444/444/444 443/443/443
f 422/422/422 423/423/423 444/444/444
f 423/423/423 445/445/445 444/444/444
f 423/423/423 424/424/424 445/445/445
f 424/424/424 446/446/446 445/445/445
f 424/424/424 425/425/425 446/446/446
f 425/425/425 447/447/447 446/446/446
f 425/425/425 426/426/426 447/447/447
f 426/426/426 448/448/448 447/447/447
f 426/426/426 427/427/427 448/448/448
f 427/427/427 449/449/449 448/448/448
f 427/427/427 428/428/428 449/449/449
f 428/428/428 450/450/450 449/449/449
f 428/428/428 429/429/429 450/450/450
f 429/429/429 451/451/451 450/450/450
f 429/429/429 430/430/430 451/451/451
f 430/430/430 452/452/452 451/451/451
f 430/430/430 431/431/431 452/452/452
f 431/431/431 453/453/453 452/452/452
f 431/431/431 432/432/432 453/453/453
f 432/432/432 454/454/454 453/453/453
f 432/432/432 433/433/433 454/454/454
f 433/433/433 455/455/455 454/454/454
f 433/433/433 434/434/434 455/455/455
f 434/434/434 456/456/456 455/455/455
f 434/434/434 435/435/435 456/456/456
f 435/435/435 457/457/457 456/456/456
f 435/435/435 436/436/436 457/457/457
f 436/436/436 458/458/458 457/457/457
f 436/436/436 437/437/437 458/458/458
f 437/437/437 459/459/459 458/458/458
f 437/437/437 438/438/438 459/459/459
f 438/438/438 460/460/460 459/459/459
f 438/438/438 439/439/439 460/460/460
f 439/439/439 461/461/461 460/460/460
f 439/439/439 440/440/440 461/461/461
f 440/440/440 462/462/462 461/461/461
f 440/440/440 441/441/441 462/462/462
f 442/442/442 464/464/464 463/463/463
f 442/442/442 443/443/443 464/464/464
f 443/443/443 465/465/465 464/464/464
f 443/443/443 444/444/444 465/465/465
f 444/444/444 466/466/466 465/465/465
f 444/444/444 445/445/445 466/466/466
f 445/445/445 467/467/467 466/466/466
f 445/445/445 446/446/446 467/467/467
f 446/446/446 468/468/468 467/467/467
f 446/446/446 447/447/447 468/468/468
f 447/447/447 469/469/469 468/468/468
f 447/447/447 448/448/448 469/469/469
f 448/448/448 470/470/470 469/469/469
f 448/448/448 449/449/449 470/470/470
f 449/449/449 471/471/471 470/470/470
f 449/449/449 450/450/450 471/471/471
f 450/450/450 472/472/472 471/471/471
f 450/450/450 451/451/451 472/472/472
f 451/451/451 473/473/473 472/472/472
f 451/451/451 452/452/452 473/473/473
f 452/452/452 474/474/474 473/473/473
f 452/452/452 453/453/453 474/474/474
f 453/453/453 475/475/475 474/474/474
f 453/453/453 454/454/454 475/475/475
f 454/454/454 476/476/476 475/475/475
f 454/454/454 455/455/455 476/476/476
f 455/455/455 477/477/477 476/476/476
f 455/455/455 456/456/456 477/477/477
f 456/456/456 478/478/478 477/477/477
f 456/456/456 457/457/457 478/478/478
f 457/457/457 479/479/479 478/478/478
f 457/457/457 458/458/458 479/479/479
f 458/458/458 480/480/480 479/479/479
f 458/458/458 459/459/459 480/480/480
f 459/459/459 481/481/481 480/480/480
f 459/459/459 460/460/460 481/481/481
f 460/460/460 482/482/482 481/481/481
f 460/460/460 461/461/461 482/482/482
f 461/461/461 483/483/483 482/482/482
f 461/461/461 462/462/462 483/483/483
f 463/463/463 485/485/485 484/484/484
f 463/463/463 464/464/464 485/485/485
f 464/464/464 486/486/486 485/485/485
f 464/464/464 465/465/465 486/486/486
f 465/465/465 487/487/487 486/486/486
f 465/465/465 466/466/466 487/487/487
f 466/466/466 488/488/488 487/487/487
f 466/466/466 467/467/467 488/488/488
f 467/467/467 489/489/489 488/488/488
f 467/467/467 468/468/468 489/489/489
f 468/468/468 490/490/490 489/489/489
f 468/468/468 469/469/469 490/490/490
f 469/469/469 491/491/491 490/490/490
f 469/469/469 470/470/470 491/491/491
f 470/470/470 492/492/492 491/491/491
f 470/470/470 471/471/471 492/492/492
f 471/471/471 493/493/493 492/492/492
f 471/471/471 472/472/472 493/493/493
f 472/472/472 494/494/494 493/493/493
f 472/472/472 473/473/473 494/494/494
f 473/473/473 495/495/495 494/494/494
f 473/473/473 474/474/474 495/495/495
f 474/474/474 496/496/496 495/495/495
f 474/474/474 475/475/475 496/496/496
f 475/475/475 497/497/497 496/496/496
f 475/475/475 476/476/476 497/497/497
f 476/476/476 498/498/498 497/497/497
f 476/476/476 477/477/477 498/498/498
f 477/477/477 499/499/499 498/498/498
f 477/477/477 478/478/478 499/499/499
f 478/478/478 500/500/500 499/499/499
f 478/478/478 479/479/479 500/500/500
f 479/479/479 501/501/501 500/500/500
f 479/479/479 480/480/480 501/501/501
f 480/480/480 502/502/502 501/501/501
f 480/480/480 481/481/481 502/502/502
f 481/481/481 503/503/503 502/502/502
f 481/481/481 482/482/482 503/503/503
f 482/482/482 504/504/504 503/503/503
f 482/482/482 483/483/483 504/504/504
f 484/484/484 506/506/506 505/505/505
f 484/484/484 485/485/485 506/506/506
f 485/485/485 507/507/507 506/506/506
f 485/485/485 486/486/486 507/507/507
f 486/486/486 508/508/508 507/507/507
f 486/486/486 487/487/487 508/508/508
f 487/487/487 509/509/509 508/508/508
f 487/487/487 488/488/488 509/509/509
f 488/488/488 510/510/510 509/509/509
f 488/488/488 489/489/489 510/510/510
f 489/489/489 511/511/511 510/510/510
f 489/489/489 490/490/490 511/511/511
f 490/490/490 512/512/512 511/511/511
f 490/490/490 491/491/491 512/512/512
f 491/491/491 513/513/513 512/512/512
f 491/491/491 492/492/492 513/513/513
f 492/492/492 514/514/514 513/513/513
f 492/492/492 493/493/493 514/514/514
f 493/493/493 515/515/515 514/514/514
f 493/493/493 494/494/494 515/515/515
f 494/494/494 516/516/516 515/515/515
f 494/494/494 495/495/495 516/516/516
f 495/495/495 517/517/517 516/516/516
f 495/495/495 496/496/496 517/517/517
f 496/496/496 518/518/518 517/517/517
f 496/496/496 497/497/497 518/518/518
f 497/497/497 519/519/519 518/518/518
f 497/497/497 498/498/498 519/519/519
f 498/498/498 520/520/520 519/519/519
f 498/498/498 499/499/499 520/520/520
f 499/499/499 521/521/521 520/520/520
f 499/499/499 500/500/500 521/521/521
f 500/500/500 522/522/522 521/521/521
f 500/500/500 501/501/501 522/522/522
f 501/501/501 523/523/523 522/522/522
f 501/501/501 502/502/502 523/523/523
f 502/502/502 524/524/524 523/523/523
f 502/502/502 503/503/503 524/524/524
f 503/503/503 525/525/525 524/524/524
f 503/503/503 504/504/504 525/525/525
f 505/505/505 527/527/527 526/526/526
f 505/505/505 506/506/506 527/527/527
f 506/506/506 528/528/528 527/527/527
f 506/506/506 507/507/507 528/528/528
f 507/507/507 529/529/529 528/528/528
f 507/507/507 508/508/508 529/529/529
f 508/508/508 530/530/530 529/529/529
f 508/508/508 509/509/509 530/530/530
f 509/509/509 531/531/531 530/530/530
f 509/509/509 510/510/510 531/531/531
f 510/510/510 532/532/532 531/531/531
f 510/510/510 511/511/511 532/532/532
f 511/511/511 533/533/533 532/532/532
f 511/511/511 512/512/512 533/533/533
f 512/512/512 534/534/534 533/533/533
f 512/512/512 513/513/513 534/534/534
f 513/513/513 535/535/535 534/534/534
f 513/513/513 514/514/514 535/535/535
f 514/514/514 536/536/536 535/535/535
f 514/514/514 515/515/515 536/536/536
f 515/515/515 537/537/537 536/536/536
f 515/515/515 516/516/516 537/537/537
f 516/516/516 538/538/538 537/537/537
f 516/516/516 517/517/517 538/538/538
f 517/517/517 539/539/539 538/538/538
f 517/517/517 518/518/518 539/539/539
f 518/518/518 540/540/540 539/539/539
f 518/518/518 519/519/519 540/540/540
f 519/519/519 541/541/541 540/540/540
f 519/519/519 520/520/520 541/541/541
f 520/520/520 542/542/542 541/541/541
f 520/520/520 521/521/521 542/542/542
f 521/521/521 543/543/543 542/542/542
f 521/521/521 522/522/522 543/543/543
f 522/522/522 544/544/544 543/543/543
f 522/522/522 523/523/523 544/544/544
f 523/523/523 545/545/545 544/544/544
f 523/523/523 524/524/524 545/545/545
f 524/524/524 546/546/546 545/545/545
f 524/524/524 525/525/525 546/546/546
f 526/526/526 548/548/548 547/547/547
f 526/526/526 527/527/527 548/548/548
f 527/527/527 549/549/549 548/548/548
f 527/527/527 528/528/528 549/549/549
f 528/528/528 550/550/550 549/549/549
f 528/528/528 529/529/529 550/550/550
f 529/529/529 551/551/551 550/550/550
f 529/529/529 530/530/530 551/551/551
f 530/530/530 552/552/552 551/551/551
f 530/530/530 531/531/531 552/552/552
f 531/531/531 553/553/553 552/552/552
f 531/531/531 532/532/532 553/553/553
f 532/532/532 554/554/554 553/553/553
f 532/532/532 533/533/533 554/554/554
f 533/533/533 555/555/555 554/554/554
f 533/533/533 534/534/534 555/555/555
f 534/534/534 556/556/556 555/555/555
f 534/534/534 535/535/535 556/556/556
f 535/535/535 557/557/557 556/556/556
f 535/535/535 536/536/536 557/557/557
f 536/536/536 558/558/558 557/557/557
f 536/536/536 537/537/537 558/558/558
f 537/537/537 559/559/559 558/558/558
f 537/537/537 538/538/538 559/559/559
f 538/538/538 560/560/560 559/559/559
f 538/538/538 539/539/539 560/560/560
f 539/539/539 561/561/561 560/560/560
f 539/539/539 540/540/540 561/561/561
f 540/540/540 562/562/562 561/561/561
f 540/540/540 541/541/541 562/562/562
f 541/541/541 563/563/563 562/562/562
f 541/541/541 542/542/542 563/563/563
f 542/542/542 564/564/564 563/563/563
f 542/542/542 543/543/543 564/564/564
f 543/543/543 565/565/565 564/564/564
f 543/543/543 544/544/544 565/565/565
f 544/544/544 566/566/566 565/565/565
f 544/544/544 545/545/545 566/566/566
f 545/545/545 567/567/567 566/566/566
f 545/545/545 546/546/546 567/567/567
f 547/547/547 569/569/569 568/568/568
f 547/547/547 548/548/548 569/569/569
f 548/548/548 570/570/570 569/569/569
f 548/548/548 549/549/549 570/570/570
f 549/549/549 571/571/571 570/570/570
f 549/549/549 550/550/550 571/571/571
f 550/550/550 572/572/572 571/571/571
f 550/550/550 551/551/551 572/572/572
f 551/551/551 573/573/573 572/572/572
f 551/551/551 552/552/552 573/573/573
f 552/552/552 574/574/574 573/573/573
f 552/552/552 553/553/553 574/574/574
f 553/553/553 575/575/575 574/574/574
f 553/553/553 554/554/554 575/575/575
f 554/554/554 576/576/576 575/575/575
f 554/554/554 555/555/555 576/576/576
f 555/555/555 577/577/577 576/576/576
f 555/555/555 556/556/556 577/577/577
f 556/556/556 578/578/578 577/577/577
f 556/556/556 557/557/557 578/578/578
f 557/557/557 579/579/579 578/578/578
f 557/557/557 558/558/558 579/579/579
f 558/558/558 580/580/580 579/579/579
f 558/558/558 559/559/559 580/580/580
f 559/559/559 581/581/581 580/580/580
f 559/559/559 560/560/560 581/581/581
f 560/560/560 582/582/582 581/581/581
f 560/560/560 561/561/561 582/582/582
f 561/561/561 583/583/583 582/582/582
f 561/561/561 562/562/562 583/583/583
f 562/562/562 584/584/584 583/583/583
f 562/562/562 563/563/563 584/584/584
f 563/563/563 585/585/585 584/584/584
f 563/563/563 564/564/564 585/585/585
f 564/564/564 586/586/586 585/585/585
f 564/564/564 565/565/565 586/586/586
f 565/565/565 587/587/587 586/586/586
f 565/565/565 566/566/566 587/587/587
f 566/566/566 588/588/588 587/587/587
f 566/566/566 567/567/567 588/588/588
f 568/568/568 590/590/590 589/589/589
f 568/568/568 569/569/569 590/590/590
f 569/569/569 591/591/591 590/590/590
f 569/569/569 570/570/570 591/591/591
f 570/570/570 592/592/592 591/591/591
f 570/570/570 571/571/571 592/592/592
f 571/571/571 593/593/593 592/592/592
f 571/571/571 572/572/572 593/593/593
f 572/572/572 594/594/594 593/593/593
f 572/572/572 573/573/573 594/594/594
f 573/573/573 595/595/595 594/594/594
f 573/573/573 574/574/574 595/595/595
f 574/574/574 596/596/596 595/595/595
f 574/574/574 575/575/575 596/596/596
f 575/575/575 597/597/597 596/596/596
f 575/575/575 576/576/576 597/597/597
f 576/576/576 598/598/598 597/597/597
f 576/576/576 577/577/577 598/598/598
f 577/577/577 599/599/599 598/598/598
f 577/577/577 578/578/578 599/599/599
f 578/578/578 600/600/600 599/599/599
f 578/578/578 579/579/579 600/600/600
f 579/579/579 601/601/601 600/600/600
f 579/579/579 580/580/580 601/601/601
f 580/580/580 602/602/602 601/601/601
f 580/580/580 581/581/581 602/602/602
f 581/581/581 603/603/603 602/602/602
f 581/581/581 582/582/582 603/603/603
f 582/582/582 604/604/604 603/603/603
f 582/582/582 583/583/583 604/604/604
f 583/583/583 605/605/605 604/604/604
f 583/583/583 584/584/584 605/605/605
f 584/584/584 606/606/606 605/605/605
f 584/584/584 585/585/585 606/606/606
f 585/585/585 607/607/607 606/606/606
f 585/585/585 586/586/586 607/607/607
f 586/586/586 608/608/608 607/607/607
f 586/586/586 587/587/587 608/608/608
f 587/587/587 609/609/609 608/608/608
f 587/587/587 588/588/588 609/609/609
f 589/589/589 611/611/611 610/610/610
f 589/589/589 590/590/590 611/611/611
f 590/590/590 612/612/612 611/611/611
f 590/590/590 591/591/591 612/612/612
f 591/591/591 613/613/613 612/612/612
f 591/591/591 592/592/592 613/613/613
f 592/592/592 614/614/614 613/613/613
f 592/592/592 593/593/593 614/614/614
f 593/593/593 615/615/615 614/614/614
f 593/593/593 594/594/594 615/615/615
f 594/594/594 616/616/616 615/615/615
f 594/594/594 595/595/595 616/616/616
f 595/595/595 617/617/617 616/616/616
f 595/595/595 596/596/596 617/617/617
f 596/596/596 618/618/618 617/617/617
f 596/596/596 597/597/597 618/618/618
f 597/597/597 619/619/619 618/618/618
f 597/597/597 598/598/598 619/619/619
f 598/598/598 620/620/620 619/619/619
f 598/598/598 599/599/599 620/620/620
f 599/599/599 621/621/621 620/620/620
f 599/599/599 600/600/600 621/621/621
f 600/600/600 622/622/622 621/621/621
f 600/600/600 601/601/601 622/622/622
f 601/601/601 623/623/623 622/622/622
f 601/601/601 602/602/602 623/623/623
f 602/602/602 624/624/624 623/623/623
f 602/602/602 603/603/603 624/624/624
f 603/603/603 625/625/625 624/624/624
f 603/603/603 604/604/604 625/625/625
f 604/604/604 626/626/626 625/625/625
f 604/604/604 605/605/605 626/626/626
f 605/605/605 627/627/627 626/626/626
f 605/605/605 606/606/606 627/627/627
f 606/606/606 628/628/628 627/627/627
f 606/606/606 607/607/607 628/628/628
f 607/607/607 629/629/629 628/628/628
f 607/607/607 608/608/608 629/629/629
f 608/608/608 630/630/630 629/629/629
f 608/608/608 609/609/609 630/630/630
f 610/610/610 632/632/632 631/631/631
f 610/610/610 611/611/611 632/632/632
f 611/611/611 633/633/633 632/632/632
f 611/611/611 612/612/612 633/633/633
f 612/612/612 634/634/634 633/633/633
f 612/612/612 613/613/613 634/634/634
f 613/613/613 635/635/635 634/634/634
f 613/613/613 614/614/614 635/635/635
f 614/614/614 636/636/636 635/635/635
f 614/614/614 615/615/615 636/636/636
f 615/615/615 637/637/637 636/636/636
f 615/615/615 616/616/616 637/637/637
f 616/616/616 638/638/638 637/637/637
f 616/616/616 617/617/617 638/638/638
f 617/617/617 639/639/639 638/638/638
f 617/617/617 618/618/618 639/639/639
f 618/618/618 640/640/640 639/639/639
f 618/618/618 619/619/619 640/640/640
f 619/619/619 641/641/641 640/640/640
f 619/619/619 620/620/620 641/641/641
f 620/620/620 642/642/642 641/641/641
f 620/620/620 621/621/621 642/642/642
f 621/621/621 643/643/643 642/642/642
f 621/621/621 622/622/622 643/643/643
f 622/622/622 644/644/644 643/643/643
f 622/622/622 623/623/623 644/644/644
f 623/623/623 645/645/645 644/644/644
f 623/623/623 624/624/624 645/645/645
f 624/624/624 646/646/646 645/645/645
f 624/624/624 625/625/625 646/646/646
f 625/625/625 647/647/647 646/646/646
f 625/625/625 626/626/626 647/647/647
f 626/626/626 648/648/648 647/647/647
f 626/626/626 627/627/627 648/648/648
f 627/627/627 649/649/649 648/648/648
f 627/627/627 628/628/628 649/649/649
f 628/628/628 650/650/650 649/649/649
f 628/628/628 629/629/629 650/650/650
f 629/629/629 651/651/651 650/650/650
f 629/629/629 630/630/630 651/651/651
f 631/631/631 653/653/653 652/652/652
f 631/631/631 632/632/632 653/653/653
f 632/632/632 654/654/654 653/653/653
f 632/632/632 633/633/633 654/654/654
f 633/633/633 655/655/655 654/654/654
f 633/633/633 634/634/634 655/655/655
f 634/634/634 656/656/656 655/655/655
f 634/634/634 635/635/635 656/656/656
f 635/635/635 657/657/657 656/656/656
f 635/635/635 636/636/636 657/657/657
f 636/636/636 658/658/658 657/657/657
f 636/636/636 637/637/637 658/658/658
f 637/637/637 659/659/659 658/658/658
f 637/637/637 638/638/638 659/659/659
f 638/638/638 660/660/660 659/659/659
f 638/638/638 639/639/639 660/660/660
f 639/639/639 661/661/661 660/660/660
f 639/639/639 640/640/640 661/661/661
f 640/640/640 662/662/662 661/661/661
f 640/640/640 641/641/641 662/662/662
f 641/641/641 663/663/663 662/662/662
f 641/641/641 642/642/642 663/663/663
f 642/642/642 664/664/664 663/663/663
f 642/642/642 643/643/643 664/664/664
f 643/643/643 665/665/665 664/664/664
f 643/643/643 644/644/644 665/665/665
f 644/644/644 666/666/666 665/665/665
f 644/644/644 645/645/645 666/666/666
f 645/645/645 667/667/667 666/666/666
f 645/645/645 646/646/646 667/667/667
f 646/646/646 668/668/668 667/667/667
f 646/646/646 647/647/647 668/668/668
f 647/647/647 669/669/669 668/668/668
f 647/647/647 648/648/648 669/669/669
f 648/648/648 670/670/670 669/669/669
f 648/648/648 649/649/649 670/670/670
f 649/649/649 671/671/671 670/670/670
f 649/649/649 650/650/650 671/671/671
f 650/650/650 672/672/672 671/671/671
f 650/650/650 651/651/651 672/672/672
f 652/652/652 674/674/674 673/673/673
f 652/652/652 653/653/653 674/674/674
f 653/653/653 675/675/675 674/674/674
f 653/653/653 654/654/654 675/675/675
f 654/654/654 676/676/676 675/675/675
f 654/654/654 655/655/655 676/676/676
f 655/655/655 677/677/677 676/676/676
f 655/655/655 656/656/656 677/677/677
f 656/656/656 678/678/678 677/677/677
f 656/656/656 657/657/657 678/678/678
f 657/657/657 679/679/679 678/678/678
f 657/657/657 658/658/658 679/679/679
f 658/658/658 680/680/680 679/679/679
f 658/658/658 659/659/659 680/680/680
f 659/659/659 681/681/681 680/680/680
f 659/659/659 660/660/660 681/681/681
f 660/660/660 682/682/682 681/681/681
f 660/660/660 661/661/661 682/682/682
f 661/661/661 683/683/683 682/682/682
f 661/661/661 662/662/662 683/683/683
f 662/662/662 684/684/684 683/683/683
f 662/662/662 663/663/663 684/684/684
f 663/663/663 685/685/685 684/684/684
f 663/663/663 664/664/664 685/685/685
f 664/664/664 686/686/686 685/685/685
f 664/664/664 665/665/665 686/686/686
f 665/665/665 687/687/687 686/686/686
f 665/665/665 666/666/666 687/687/687
f 666/666/666 688/688/688 687/687/687
f 666/666/666 667/667/667 688/688/688
f 667/667/667 689/689/689 688/688/688
f 667/667/667 668/668/668 689/689/689
f 668/668/668 690/690/690 689/689/689
f 668/668/668 669/669/669 690/690/690
f 669/669/669 691/691/691 690/690/690
f 669/669/669 670/670/670 691/691/691
f 670/670/670 692/692/692 691/691/691
f 670/670/670 671/671/671 692/692/692
f 671/671/671 693/693/693 692/692/692
f 671/671/671 672/672/672 693/693/693
f 673/673/673 695/695/695 694/694/694
f 673/673/673 674/674/674 695/695/695
f 674/674/674 696/696/696 695/695/695
f 674/674/674 675/675/675 696/696/696
f 675/675/675 697/697/697 696/696/696
f 675/675/675 676/676/676 697/697/697
f 676/676/676 698/698/698 697/697/697
f 676/676/676 677/677/677 698/698/698
f 677/677/677 699/699/699 698/698/698
f 677/677/677 678/678/678 699/699/699
f 678/678/678 700/700/700 699/699/699
f 678/678/678 679/679/679 700/700/700
f 679/679/679 701/701/701 700/700/700
f 679/679/679 680/680/680 701/701/701
f 680/680/680 702/702/702 701/701/701
f 680/680/680 681/681/681 702/702/702
f 681/681/681 703/703/703 702/702/702
f 681/681/681 682/682/682 703/703/703
f 682/682/682 704/704/704 703/703/703
f 682/682/682 683/683/683 704/704/704
f 683/683/683 705/705/705 704/704/704
f 683/683/683 684/684/684 705/705/705
f 684/684/684 706/706/706 705/705/705
f 684/684/684 685/685/685 706/706/706
f 685/685/685 707/707/707 706/706/706
f 685/685/685 686/686/686 707/707/707
f 686/686/686 708/708/708 707/707/707
f 686/686/686 687/687/687 708/708/708
f 687/687/687 709/709/709 708/708/708
f 687/687/687 688/688/688 709/709/709
f 688/688/688 710/710/710 709/709/709
f 688/688/688 689/689/689 710/710/710
f 689/689/689 711/711/711 710/710/710
f 689/689/689 690/690/690 711/711/711
f 690/690/690 712/712/712 711/711/711
f 690/690/690 691/691/691 712/712/712
f 691/691/691 713/713/713 712/712/712
f 691/691/691 692/692/692 713/713/713
f 692/692/692 714/714/714 713/713/713
f 692/692/692 693/693/693 714/714/714
f 694/694/694 716/716/716 715/715/715
f 694/694/694 695/695/695 716/716/716
f 695/695/695 717/717/717 716/716/716
f 695/695/695 696/696/696 717/717/717
f 696/696/696 718/718/718 717/717/717
f 696/696/696 697/697/697 718/718/718
f 697/697/697 719/719/719 718/718/718
f 697/697/697 698/698/698 719/719/719
f 698/698/698 720/720/720 719/719/719
f 698/698/698 699/699/699 720/720/720
f 699/699/699 721/721/721 720/720/720
f 699/699/699 700/700/700 721/721/721
f 700/700/700 722/722/722 721/721/721
f 700/700/700 701/701/701 722/722/722
f 701/701/701 723/723/723 722/722/722
f 701/701/701 702/702/702 723/723/723
f 702/702/702 724/724/724 723/723/723
f 702/702/702 703/703/703 724/724/724
f 703/703/703 725/725/725 724/724/724
f 703/703/703 704/704/704 725/725/725
f 704/704/704 726/726/726 725/725/725
f 704/704/704 705/705/705 726/726/726
f 705/705/705 727/727/727 726/726/726
f 705/705/705 706/706/706 727/727/727
f 706/706/706 728/728/728 727/727/727
f 706/706/706 707/707/707 728/728/728
f 707/707/707 729/729/729 728/728/728
f 707/707/707 708/708/708 729/729/729
f 708/708/708 730/730/730 729/729/729
f 708/708/708 709/709/709 730/730/730
f 709/709/709 731/731/731 730/730/730
f 709/709/709 710/710/710 731/731/731
f 710/710/710 732/732/732 731/731/731
f 710/710/710 711/711/711 732/732/732
f 711/711/711 733/733/733 732/732/732
f 711/711/711 712/712/712 733/733/733
f 712/712/712 734/734/734 733/733/733
f 712/712/712 713/713/713 734/734/734
f 713/713/713 735/735/735 734/734/734
f 713/713/713 714/714/714 735/735/735
f 715/715/715 737/737/737 736/736/736
f 715/715/715 716/716/716 737/737/737
f 716/716/716 738/738/738 737/737/737
f 716/716/716 717/717/717 738/738/738
f 717/717/717 739/739/739 738/738/738
f 717/717/717 718/718/718 739/739/739
f 718/718/718 740/740/740 739/739/739
f 718/718/718 719/719/719 740/740/740
f 719/719/719 741/741/741 740/740/740
f 719/719/719 720/720/720 741/741/741
f 720/720/720 742/742/742 741/741/741
f 720/720/720 721/721/721 742/742/742
f 721/721/721 743/743/743 742/742/742
f 721/721/721 722/722/722 743/743/743
f 722/722/722 744/744/744 743/743/743
f 722/722/722 723/723/723 744/744/744
f 723/723/723 745/745/745 744/744/744
f 723/723/723 724/724/724 745/745/745
f 724/724/724 746/746/746 745/745/745
f 724/724/724 725/725/725 746/746/746
f 725/725/725 747/747/747 746/746/746
f 725/725/725 726/726/726 747/747/747
f 726/726/726 748/748/748 747/747/747
f 726/726/726 727/727/727 748/748/748
f 727/727/727 749/749/749 748/748/748
f 727/727/727 728/728/728 749/749/749
f 728/728/728 750/750/750 749/749/749
f 728/728/728 729/729/729 750/750/750
f 729/729/729 751/751/751 750/750/750
f 729/729/729 730/730/730 751/751/751
f 730/730/730 752/752/752 751/751/751
f 730/730/730 731/731/731 752/752/752
f 731/731/731 753/753/753 752/752/752
f 731/731/731 732/732/732 753/753/753
f 732/732/732 754/754/754 753/753/753
f 732/732/732 733/733/733 754/754/754
f 733/733/733 755/755/755 754/754/754
f 733/733/733 734/734/734 755/755/755
f 734/734/734 756/756/756 755/755/755
f 734/734/734 735/735/735 756/756/756
f 736/736/736 758/758/758 757/757/757
f 736/736/736 737/737/737 758/758/758
f 737/737/737 759/759/759 758/758/758
f 737/737/737 738/738/738 759/759/759
f 738/738/738 760/760/760 759/759/759
f 738/738/738 739/739/739 760/760/760
f 739/739/739 761/761/761 760/760/760
f 739/739/739 740/740/740 761/761/761
f 740/740/740 762/762/762 761/761/761
f 740/740/740 741/741/741 762/762/762
f 741/741/741 763/763/763 762/762/762
f 741/741/741 742/742/742 763/763/763
f 742/742/742 764/764/764 763/763/763
f 742/742/742 743/743/743 764/764/764
f 743/743/743 765/765/765 764/764/764
f 743/743/743 744/744/744 765/765/765
f 744/744/744 766/766/766 765/765/765
f 744/744/744 745/745/745 766/766/766
f 745/745/745 767/767/767 766/766/766
f 745/745/745 746/746/746 767/767/767
f 746/746/746 768/768/768 767/767/767
f 746/746/746 747/747/747 768/768/768
f 747/747/747 769/769/769 768/768/768
f 747/747/747 748/748/748 769/769/769
f 748/748/748 770/770/770 769/769/769
f 748/748/748 749/749/749 770/770/770
f 749/749/749 771/771/771 770/770/770
f 749/749/749 750/750/750 771/771/771
f 750/750/750 772/772/772 771/771/771
f 750/750/750 751/751/751 772/772/772
f 751/751/751 773/773/773 772/772/772
f 751/751/751 752/752/752 773/773/773
f 752/752/752 774/774/774 773/773/773
f 752/752/752 753/753/753 774/774/774
f 753/753/753 775/775/775 774/774/774
f 753/753/753 754/754/754 775/775/775
f 754/754/754 776/776/776 775/775/775
f 754/754/754 755/755/755 776/776/776
f 755/755/755 777/777/777 776/776/776
f 755/755/755 756/756/756 777/777/777
f 778/778/778 2/2/2 1/1/1
f 779/779/779 757/757/757 758/758/758
f 778/778/778 3/3/3 2/2/2
f 779/779/779 758/758/758 759/759/759
f 778/778/778 4/4/4 3/3/3
f 779/779/779 759/759/759 760/760/760
f 778/778/778 5/5/5 4/4/4
f 779/779/779 760/760/760 761/761/761
f 778/778/778 6/6/6 5/5/5
f 779/779/779 761/761/761 762/762/762
f 778/778/778 7/7/7 6/6/6
f 779/779/779 762/762/762 763/763/763
f 778/778/778 8/8/8 7/7/7
f 779/779/779 763/763/763 764/764/764
f 778/778/778 9/9/9 8/8/8
f 779/779/779 764/764/764 765/765/765
f 778/778/778 10/10/10 9/9/9
f 779/779/779 765/765/765 766/766/766
f 778/778/778 11/11/11 10/10/10
f 779/779/779 766/766/766 767/767/767
f 778/778/778 12/12/12 11/11/11
f 779/779/779 767/767/767 768/768/768
f 778/778/778 13/13/13 12/12/12
f 779/779/779 768/768/768 769/769/769
f 778/778/778 14/14/14 13/13/13
f 779/779/779 769/769/769 770/770/770
f 778/778/778 15/15/15 14/14/14
f 779/779/779 770/770/770 771/771/771
f 778/778/778 16/16/16 15/15/15
f 779/779/779 771/771/771 772/772/772
f 778/778/778 17/17/17 16/16/16
f 779/779/779 772/772/772 773/773/773
f 778/778/778 18/18/18 17/17/17
f 779/779/779 773/773/773 774/774/774
f 778/778/778 19/19/19 18/18/18
f 779/779/779 774/774/774 775/775/775
f 778/778/778 20/20/20 19/19/19
f 779/779/779 775/775/775 776/776/776
f 778/778/778 21/21/21 20/20/20
f 779/779/779 776/776/776 777/777/777
usemtl KrakenSucker
f 780/780/780 793/793/793 794/794/794
f 780/780/780 794/794/794 781/781/781
f 781/781/781 794/794/794 795/795/795
f 781/781/781 795/795/795 782/782/782
f 782/782/782 795/795/795 796/796/796
f 782/782/782 796/796/796 783/783/783
f 783/783/783 796/796/796 797/797/797
f 783/783/783 797/797/797 784/784/784
f 784/784/784 797/797/797 798/798/798
f 784/784/784 798/798/798 785/785/785
f 785/785/785 798/798/798 799/799/799
f 785/785/785 799/799/799 786/786/786
f 786/786/786 799/799/799 800/800/800
f 786/786/786 800/800/800 787/787/787
f 787/787/787 800/800/800 801/801/801
f 787/787/787 801/801/801 788/788/788
f 788/788/788 801/801/801 802/802/802
f 788/788/788 802/802/802 789/789/789
f 789/789/789 802/802/802 803/803/803
f 789/789/789 803/803/803 790/790/790
f 790/790/790 803/803/803 804/804/804
f 790/790/790 804/804/804 791/791/791
f 791/791/791 804/804/804 805/805/805
f 791/791/791 805/805/805 792/792/792
f 793/793/793 806/806/806 807/807/807
f 793/793/793 807/807/807 794/794/794
f 794/794/794 807/807/807 808/808/808
f 794/794/794 808/808/808 795/795/795
f 795/795/795 808/808/808 809/809/809
f 795/795/795 809/809/809 796/796/796
f 796/796/796 809/809/809 810/810/810
f 796/796/796 810/810/810 797/797/797
f 797/797/797 810/810/810 811/811/811
f 797/797/797 811/811/811 798/798/798
f 798/798/798 811/811/811 812/812/812
f 798/798/798 812/812/812 799/799/799
f 799/799/799 812/812/812 813/813/813
f 799/799/799 813/813/813 800/800/800
f 800/800/800 813/813/813 814/814/814
f 800/800/800 814/814/814 801/801/801
f 801/801/801 814/814/814 815/815/815
f 801/801/801 815/815/815 802/802/802
f 802/802/802 815/815/815 816/816/816
f 802/802/802 816/816/816 803/803/803
f 803/803/803 816/816/816 817/817/817
f 803/803/803 817/817/817 804/804/804
f 804/804/804 817/817/817 818/818/818
f 804/804/804 818/818/818 805/805/805
usemtl KrakenSuckerInner
f 819/819/819 833/833/833 832/832/832
f 819/819/819 820/820/820 833/833/833
f 820/820/820 834/834/834 833/833/833
f 820/820/820 821/821/821 834/834/834
f 821/821/821 835/835/835 834/834/834
f 821/821/821 822/822/822 835/835/835
f 822/822/822 836/836/836 835/835/835
f 822/822/822 823/823/823 836/836/836
f 823/823/823 837/837/837 836/836/836
f 823/823/823 824/824/824 837/837/837
f 824/824/824 838/838/838 837/837/837
f 824/824/824 825/825/825 838/838/838
f 825/825/825 839/839/839 838/838/838
f 825/825/825 826/826/826 839/839/839
f 826/826/826 840/840/840 839/839/839
f 826/826/826 827/827/827 840/840/840
f 827/827/827 841/841/841 840/840/840
f 827/827/827 828/828/828 841/841/841
f 828/828/828 842/842/842 841/841/841
f 828/828/828 829/829/829 842/842/842
f 829/829/829 843/843/843 842/842/842
f 829/829/829 830/830/830 843/843/843
f 830/830/830 844/844/844 843/843/843
f 830/830/830 831/831/831 844/844/844
f 832/832/832 846/846/846 845/845/845
f 832/832/832 833/833/833 846/846/846
f 833/833/833 847/847/847 846/846/846
f 833/833/833 834/834/834 847/847/847
f 834/834/834 848/848/848 847/847/847
f 834/834/834 835/835/835 848/848/848
f 835/835/835 849/849/849 848/848/848
f 835/835/835 836/836/836 849/849/849
f 836/836/836 850/850/850 849/849/849
f 836/836/836 837/837/837 850/850/850
f 837/837/837 851/851/851 850/850/850
f 837/837/837 838/838/838 851/851/851
f 838/838/838 852/852/852 851/851/851
f 838/838/838 839/839/839 852/852/852
f 839/839/839 853/853/853 852/852/852
f 839/839/839 840/840/840 853/853/853
f 840/840/840 854/854/854 853/853/853
f 840/840/840 841/841/841 854/854/854
f 841/841/841 855/855/855 854/854/854
f 841/841/841 842/842/842 855/855/855
f 842/842/842 856/856/856 855/855/855
f 842/842/842 843/843/843 856/856/856
f 843/843/843 857/857/857 856/856/856
f 843/843/843 844/844/844 857/857/857
f 858/858/858 845/845/845 846/846/846
f 858/858/858 846/846/846 847/847/847
f 858/858/858 847/847/847 848/848/848
f 858/858/858 848/848/848 849/849/849
f 858/858/858 849/849/849 850/850/850
f 858/858/858 850/850/850 851/851/851
f 858/858/858 851/851/851 852/852/852
f 858/858/858 852/852/852 853/853/853
f 858/858/858 853/853/853 854/854/854
f 858/858/858 854/854/854 855/855/855
f 858/858/858 855/855/855 856/856/856
f 858/858/858 856/856/856 857/857/857
usemtl KrakenSucker
f 859/859/859 872/872/872 873/873/873
f 859/859/859 873/873/873 860/860/860
f 860/860/860 873/873/873 874/874/874
f 860/860/860 874/874/874 861/861/861
f 861/861/861 874/874/874 875/875/875
f 861/861/861 875/875/875 862/862/862
f 862/862/862 875/875/875 876/876/876
f 862/862/862 876/876/876 863/863/863
f 863/863/863 876/876/876 877/877/877
f 863/863/863 877/877/877 864/864/864
f 864/864/864 877/877/877 878/878/878
f 864/864/864 878/878/878 865/865/865
f 865/865/865 878/878/878 879/879/879
f 865/865/865 879/879/879 866/866/866
f 866/866/866 879/879/879 880/880/880
f 866/866/866 880/880/880 867/867/867
f 867/867/867 880/880/880 881/881/881
f 867/867/867 881/881/881 868/868/868
f 868/868/868 881/881/881 882/882/882
f 868/868/868 882/882/882 869/869/869
f 869/869/869 882/882/882 883/883/883
f 869/869/869 883/883/883 870/870/870
f 870/870/870 883/883/883 884/884/884
f 870/870/870 884/884/884 871/871/871
f 872/872/872 885/885/885 886/886/886
f 872/872/872 886/886/886 873/873/873
f 873/873/873 886/886/886 887/887/887
f 873/873/873 887/887/887 874/874/874
f 874/874/874 887/887/887 888/888/888
f 874/874/874 888/888/888 875/875/875
f 875/875/875 888/888/888 889/889/889
f 875/875/875 889/889/889 876/876/876
f 876/876/876 889/889/889 890/890/890
f 876/876/876 890/890/890 877/877/877
f 877/877/877 890/890/890 891/891/891
f 877/877/877 891/891/891 878/878/878
f 878/878/878 891/891/891 892/892/892
f 878/878/878 892/892/892 879/879/879
f 879/879/879 892/892/892 893/893/893
f 879/879/879 893/893/893 880/880/880
f 880/880/880 893/893/893 894/894/894
f 880/880/880 894/894/894 881/881/881
f 881/881/881 894/894/894 895/895/895
f 881/881/881 895/895/895 882/882/882
f 882/882/882 895/895/895 896/896/896
f 882/882/882 896/896/896 883/883/883
f 883/883/883 896/896/896 897/897/897
f 883/883/883 897/897/897 884/884/884
usemtl KrakenSuckerInner
f 898/898/898 912/912/912 911/911/911
f 898/898/898 899/899/899 912/912/912
f 899/899/899 913/913/913 912/912/912
f 899/899/899 900/900/900 913/913/913
f 900/900/900 914/914/914 913/913/913
f 900/900/900 901/901/901 914/914/914
f 901/901/901 915/915/915 914/914/914
f 901/901/901 902/902/902 915/915/915
f 902/902/902 916/916/916 915/915/915
f 902/902/902 903/903/903 916/916/916
f 903/903/903 917/917/917 916/916/916
f 903/903/903 904/904/904 917/917/917
f 904/904/904 918/918/918 917/917/917
f 904/904/904 905/905/905 918/918/918
f 905/905/905 919/919/919 918/918/918
f 905/905/905 906/906/906 919/919/919
f 906/906/906 920/920/920 919/919/919
f 906/906/906 907/907/907 920/920/920
f 907/907/907 921/921/921 920/920/920
f 907/907/907 908/908/908 921/921/921
f 908/908/908 922/922/922 921/921/921
f 908/908/908 909/909/909 922/922/922
f 909/909/909 923/923/923 922/922/922
f 909/909/909 910/910/910 923/923/923
f 911/911/911 925/925/925 924/924/924
f 911/911/911 912/912/912 925/925/925
f 912/912/912 926/926/926 925/925/925
f 912/912/912 913/913/913 926/926/926
f 913/913/913 927/927/927 926/926/926
f 913/913/913 914/914/914 927/927/927
f 914/914/914 928/928/928 927/927/927
f 914/914/914 915/915/915 928/928/928
f 915/915/915 929/929/929 928/928/928
f 915/915/915 916/916/916 929/929/929
f 916/916/916 930/930/930 929/929/929
f 916/916/916 917/917/917 930/930/930
f 917/917/917 931/931/931 930/930/930
f 917/917/917 918/918/918 931/931/931
f 918/918/918 932/932/932 931/931/931
f 918/918/918 919/919/919 932/932/932
f 919/919/919 933/933/933 932/932/932
f 919/919/919 920/920/920 933/933/933
f 920/920/920 934/934/934 933/933/933
f 920/920/920 921/921/921 934/934/934
f 921/921/921 935/935/935 934/934/934
f 921/921/921 922/922/922 935/935/935
f 922/922/922 936/936/936 935/935/935
f 922/922/922 923/923/923 936/936/936
f 937/937/937 924/924/924 925/925/925
f 937/937/937 925/925/925 926/926/926
f 937/937/937 926/926/926 927/927/927
f 937/937/937 927/927/927 928/928/928
f 937/937/937 928/928/928 929/929/929
f 937/937/937 929/929/929 930/930/930
f 937/937/937 930/930/930 931/931/931
f 937/937/937 931/931/931 932/932/932
f 937/937/937 932/932/932 933/933/933
f 937/937/937 933/933/933 934/934/934
f 937/937/937 934/934/934 935/935/935
f 937/937/937 935/935/935 936/936/936
usemtl KrakenSucker
f 938/938/938 951/951/951 952/952/952
f 938/938/938 952/952/952 939/939/939
f 939/939/939 952/952/952 953/953/953
f 939/939/939 953/953/953 940/940/940
f 940/940/940 953/953/953 954/954/954
f 940/940/940 954/954/954 941/941/941
f 941/941/941 954/954/954 955/955/955
f 941/941/941 955/955/955 942/942/942
f 942/942/942 955/955/955 956/956/956
f 942/942/942 956/956/956 943/943/943
f 943/943/943 956/956/956 957/957/957
f 943/943/943 957/957/957 944/944/944
f 944/944/944 957/957/957 958/958/958
f 944/944/944 958/958/958 945/945/945
f 945/945/945 958/958/958 959/959/959
f 945/945/945 959/959/959 946/946/946
f 946/946/946 959/959/959 960/960/960
f 946/946/946 960/960/960 947/947/947
f 947/947/947 960/960/960 961/961/961
f 947/947/947 961/961/961 948/948/948
f 948/948/948 961/961/961 962/962/962
f 948/948/948 962/962/962 949/949/949
f 949/949/949 962/962/962 963/963/963
f 949/949/949 963/963/963 950/950/950
f 951/951/951 964/964/964 965/965/965
f 951/951/951 965/965/965 952/952/952
f 952/952/952 965/965/965 966/966/966
f 952/952/952 966/966/966 953/953/953
f 953/953/953 966/966/966 967/967/967
f 953/953/953 967/967/967 954/954/954
f 954/954/954 967/967/967 968/968/968
f 954/954/954 968/968/968 955/955/955
f 955/955/955 968/968/968 969/969/969
f 955/955/955 969/969/969 956/956/956
f 956/956/956 969/969/969 970/970/970
f 956/956/956 970/970/970 957/957/957
f 957/957/957 970/970/970 971/971/971
f 957/957/957 971/971/971 958/958/958
f 958/958/958 971/971/971 972/972/972
f 958/958/958 972/972/972 959/959/959
f 959/959/959 972/972/972 973/973/973
f 959/959/959 973/973/973 960/960/960
f 960/960/960 973/973/973 974/974/974
f 960/960/960 974/974/974 961/961/961
f 961/961/961 974/974/974 975/975/975
f 961/961/961 975/975/975 962/962/962
f 962/962/962 975/975/975 976/976/976
f 962/962/962 976/976/976 963/963/963
usemtl KrakenSuckerInner
f 977/977/977 991/991/991 990/990/990
f 977/977/977 978/978/978 991/991/991
f 978/978/978 992/992/992 991/991/991
f 978/978/978 979/979/979 992/992/992
f 979/979/979 993/993/993 992/992/992
f 979/979/979 980/980/980 993/993/993
f 980/980/980 994/994/994 993/993/993
f 980/980/980 981/981/981 994/994/994
f 981/981/981 995/995/995 994/994/994
f 981/981/981 982/982/982 995/995/995
f 982/982/982 996/996/996 995/995/995
f 982/982/982 983/983/983 996/996/996
f 983/983/983 997/997/997 996/996/996
f 983/983/983 984/984/984 997/997/997
f 984/984/984 998/998/998 997/997/997
f 984/984/984 985/985/985 998/998/998
f 985/985/985 999/999/999 998/998/998
f 985/985/985 986/986/986 999/999/999
f 986/986/986 1000/1000/1000 999/999/999
f 986/986/986 987/987/987 1000/1000/1000
f 987/987/987 1001/1001/1001 1000/1000/1000
f 987/987/987 988/988/988 1001/1001/1001
f 988/988/988 1002/1002/1002 1001/1001/1001
f 988/988/988 989/989/989 1002/1002/1002
f 990/990/990 1004/1004/1004 1003/1003/1003
f 990/990/990 991/991/991 1004/1004/1004
f 991/991/991 1005/1005/1005 1004/1004/1004
f 991/991/991 992/992/992 1005/1005/1005
f 992/992/992 1006/1006/1006 1005/1005/1005
f 992/992/992 993/993/993 1006/1006/1006
f 993/993/993 1007/1007/1007 1006/1006/1006
f 993/993/993 994/994/994 1007/1007/1007
f 994/994/994 1008/1008/1008 1007/1007/1007
f 994/994/994 995/995/995 1008/1008/1008
f 995/995/995 1009/1009/1009 1008/1008/1008
f 995/995/995 996/996/996 1009/1009/1009
f 996/996/996 1010/1010/1010 1009/1009/1009
f 996/996/996 997/997/997 1010/1010/1010
f 997/997/997 1011/1011/1011 1010/1010/1010
f 997/997/997 998/998/998 1011/1011/1011
f 998/998/998 1012/1012/1012 1011/1011/1011
f 998/998/998 999/999/999 1012/1012/1012
f 999/999/999 1013/1013/1013 1012/1012/1012
f 999/999/999 1000/1000/1000 1013/1013/1013
f 1000/1000/1000 1014/1014/1014 1013/1013/1013
f 1000/1000/1000 1001/1001/1001 1014/1014/1014
f 1001/1001/1001 1015/1015/1015 1014/1014/1014
f 1001/1001/1001 1002/1002/1002 1015/1015/1015
f 1016/1016/1016 1003/1003/1003 1004/1004/1004
f 1016/1016/1016 1004/1004/1004 1005/1005/1005
f 1016/1016/1016 1005/1005/1005 1006/1006/1006
f 1016/1016/1016 1006/1006/1006 1007/1007/1007
f 1016/1016/1016 1007/1007/1007 1008/1008/1008
f 1016/1016/1016 1008/1008/1008 1009/1009/1009
f 1016/1016/1016 1009/1009/1009 1010/1010/1010
f 1016/1016/1016 1010/1010/1010 1011/1011/1011
f 1016/1016/1016 1011/1011/1011 1012/1012/1012
f 1016/1016/1016 1012/1012/1012 1013/1013/1013
f 1016/1016/1016 1013/1013/1013 1014/1014/1014
f 1016/1016/1016 1014/1014/1014 1015/1015/1015
usemtl KrakenSucker
f 1017/1017/1017 1030/1030/1030 1031/1031/1031
f 1017/1017/1017 1031/1031/1031 1018/1018/1018
f 1018/1018/1018 1031/1031/1031 1032/1032/1032
f 1018/1018/1018 1032/1032/1032 1019/1019/1019
f 1019/1019/1019 1032/1032/1032 1033/1033/1033
f 1019/1019/1019 1033/1033/1033 1020/1020/1020
f 1020/1020/1020 1033/1033/1033 1034/1034/1034
f 1020/1020/1020 1034/1034/1034 1021/1021/1021
f 1021/1021/1021 1034/1034/1034 1035/1035/1035
f 1021/1021/1021 1035/1035/1035 1022/1022/1022
f 1022/1022/1022 1035/1035/1035 1036/1036/1036
f 1022/1022/1022 1036/1036/1036 1023/1023/1023
f 1023/1023/1023 1036/1036/1036 1037/1037/1037
f 1023/1023/1023 1037/1037/1037 1024/1024/1024
f 1024/1024/1024 1037/1037/1037 1038/1038/1038
f 1024/1024/1024 1038/1038/1038 1025/1025/1025
f 1025/1025/1025 1038/1038/1038 1039/1039/1039
f 1025/1025/1025 1039/1039/1039 1026/1026/1026
f 1026/1026/1026 1039/1039/1039 1040/1040/1040
f 1026/1026/1026 1040/1040/1040 1027/1027/1027
f 1027/1027/1027 1040/1040/1040 1041/1041/1041
f 1027/1027/1027 1041/1041/1041 1028/1028/1028
f 1028/1028/1028 1041/1041/1041 1042/1042/1042
f 1028/1028/1028 1042/1042/1042 1029/1029/1029
f 1030/1030/1030 1043/1043/1043 1044/1044/1044
f 1030/1030/1030 1044/1044/1044 1031/1031/1031
f 1031/1031/1031 1044/1044/1044 1045/1045/1045
f 1031/1031/1031 1045/1045/1045 1032/1032/1032
f 1032/1032/1032 1045/1045/1045 1046/1046/1046
f 1032/1032/1032 1046/1046/1046 1033/1033/1033
f 1033/1033/1033 1046/1046/1046 1047/1047/1047
f 1033/1033/1033 1047/1047/1047 1034/1034/1034
f 1034/1034/1034 1047/1047/1047 1048/1048/1048
f 1034/1034/1034 1048/1048/1048 1035/1035/1035
f 1035/1035/1035 1048/1048/1048 1049/1049/1049
f 1035/1035/1035 1049/1049/1049 1036/1036/1036
f 1036/1036/1036 1049/1049/1049 1050/1050/1050
f 1036/1036/1036 1050/1050/1050 1037/1037/1037
f 1037/1037/1037 1050/1050/1050 1051/1051/1051
f 1037/1037/1037 1051/1051/1051 1038/1038/1038
f 1038/1038/1038 1051/1051/1051 1052/1052/1052
f 1038/1038/1038 1052/1052/1052 1039/1039/1039
f 1039/1039/1039 1052/1052/1052 1053/1053/1053
f 1039/1039/1039 1053/1053/1053 1040/1040/1040
f 1040/1040/1040 1053/1053/1053 1054/1054/1054
f 1040/1040/1040 1054/1054/1054 1041/1041/1041
f 1041/1041/1041 1054/1054/1054 1055/1055/1055
f 1041/1041/1041 1055/1055/1055 1042/1042/1042
usemtl KrakenSuckerInner
f 1056/1056/1056 1070/1070/1070 1069/1069/1069
f 1056/1056/1056 1057/1057/1057 1070/1070/1070
f 1057/1057/1057 1071/1071/1071 1070/1070/1070
f 1057/1057/1057 1058/1058/1058 1071/1071/1071
f 1058/1058/1058 1072/1072/1072 1071/1071/1071
f 1058/1058/1058 1059/1059/1059 1072/1072/1072
f 1059/1059/1059 1073/1073/1073 1072/1072/1072
f 1059/1059/1059 1060/1060/1060 1073/1073/1073
f 1060/1060/1060 1074/1074/1074 1073/1073/1073
f 1060/1060/1060 1061/1061/1061 1074/1074/1074
f 1061/1061/1061 1075/1075/1075 1074/1074/1074
f 1061/1061/1061 1062/1062/1062 1075/1075/1075
f 1062/1062/1062 1076/1076/1076 1075/1075/1075
f 1062/1062/1062 1063/1063/1063 1076/1076/1076
f 1063/1063/1063 1077/1077/1077 1076/1076/1076
f 1063/1063/1063 1064/1064/1064 1077/1077/1077
f 1064/1064/1064 1078/1078/1078 1077/1077/1077
f 1064/1064/1064 1065/1065/1065 1078/1078/1078
f 1065/1065/1065 1079/1079/1079 1078/1078/1078
f 1065/1065/1065 1066/1066/1066 1079/1079/1079
f 1066/1066/1066 1080/1080/1080 1079/1079/1079
f 1066/1066/1066 1067/1067/1067 1080/1080/1080
f 1067/1067/1067 1081/1081/1081 1080/1080/1080
f 1067/1067/1067 1068/1068/1068 1081/1081/1081
f 1069/1069/1069 1083/1083/1083 1082/1082/1082
f 1069/1069/1069 1070/1070/1070 1083/1083/1083
f 1070/1070/1070 1084/1084/1084 1083/1083/1083
f 1070/1070/1070 1071/1071/1071 1084/1084/1084
f 1071/1071/1071 1085/1085/1085 1084/1084/1084
f 1071/1071/1071 1072/1072/1072 1085/1085/1085
f 1072/1072/1072 1086/1086/1086 1085/1085/1085
f 1072/1072/1072 1073/1073/1073 1086/1086/1086
f 1073/1073/1073 1087/1087/1087 1086/1086/1086
f 1073/1073/1073 1074/1074/1074 1087/1087/1087
f 1074/1074/1074 1088/1088/1088 1087/1087/1087
f 1074/1074/1074 1075/1075/1075 1088/1088/1088
f 1075/1075/1075 1089/1089/1089 1088/1088/1088
f 1075/1075/1075 1076/1076/1076 1089/1089/1089
f 1076/1076/1076 1090/1090/1090 1089/1089/1089
f 1076/1076/1076 1077/1077/1077 1090/1090/1090
f 1077/1077/1077 1091/1091/1091 1090/1090/1090
f 1077/1077/1077 1078/1078/1078 1091/1091/1091
f 1078/1078/1078 1092/1092/1092 1091/1091/1091
f 1078/1078/1078 1079/1079/1079 1092/1092/1092
f 1079/1079/1079 1093/1093/1093 1092/1092/1092
f 1079/1079/1079 1080/1080/1080 1093/1093/1093
f 1080/1080/1080 1094/1094/1094 1093/1093/1093
f 1080/1080/1080 1081/1081/1081 1094/1094/1094
f 1095/1095/1095 1082/1082/1082 1083/1083/1083
f 1095/1095/1095 1083/1083/1083 1084/1084/1084
f 1095/1095/1095 1084/1084/1084 1085/1085/1085
f 1095/1095/1095 1085/1085/1085 1086/1086/1086
f 1095/1095/1095 1086/1086/1086 1087/1087/1087
f 1095/1095/1095 1087/1087/1087 1088/1088/1088
f 1095/1095/1095 1088/1088/1088 1089/1089/1089
f 1095/1095/1095 1089/1089/1089 1090/1090/1090
f 1095/1095/1095 1090/1090/1090 1091/1091/1091
f 1095/1095/1095 1091/1091/1091 1092/1092/1092
f 1095/1095/1095 1092/1092/1092 1093/1093/1093
f 1095/1095/1095 1093/1093/1093 1094/1094/1094
usemtl KrakenSucker
f 1096/1096/1096 1109/1109/1109 1110/1110/1110
f 1096/1096/1096 1110/1110/1110 1097/1097/1097
f 1097/1097/1097 1110/1110/1110 1111/1111/1111
f 1097/1097/1097 1111/1111/1111 1098/1098/1098
f 1098/1098/1098 1111/1111/1111 1112/1112/1112
f 1098/1098/1098 1112/1112/1112 1099/1099/1099
f 1099/1099/1099 1112/1112/1112 1113/1113/1113
f 1099/1099/1099 1113/1113/1113 1100/1100/1100
f 1100/1100/1100 1113/1113/1113 1114/1114/1114
f 1100/1100/1100 1114/1114/1114 1101/1101/1101
f 1101/1101/1101 1114/1114/1114 1115/1115/1115
f 1101/1101/1101 1115/1115/1115 1102/1102/1102
f 1102/1102/1102 1115/1115/1115 1116/1116/1116
f 1102/1102/1102 1116/1116/1116 1103/1103/1103
f 1103/1103/1103 1116/1116/1116 1117/1117/1117
f 1103/1103/1103 1117/1117/1117 1104/1104/1104
f 1104/1104/1104 1117/1117/1117 1118/1118/1118
f 1104/1104/1104 1118/1118/1118 1105/1105/1105
f 1105/1105/1105 1118/1118/1118 1119/1119/1119
f 1105/1105/1105 1119/1119/1119 1106/1106/1106
f 1106/1106/1106 1119/1119/1119 1120/1120/1120
f 1106/1106/1106 1120/1120/1120 1107/1107/1107
f 1107/1107/1107 1120/1120/1120 1121/1121/1121
f 1107/1107/1107 1121/1121/1121 1108/1108/1108
f 1109/1109/1109 1122/1122/1122 1123/1123/1123
f 1109/1109/1109 1123/1123/1123 1110/1110/1110
f 1110/1110/1110 1123/1123/1123 1124/1124/1124
f 1110/1110/1110 1124/1124/1124 1111/1111/1111
f 1111/1111/1111 1124/1124/1124 1125/1125/1125
f 1111/1111/1111 1125/1125/1125 1112/1112/1112
f 1112/1112/1112 1125/1125/1125 1126/1126/1126
f 1112/1112/1112 1126/1126/1126 1113/1113/1113
f 1113/1113/1113 1126/1126/1126 1127/1127/1127
f 1113/1113/1113 1127/1127/1127 1114/1114/1114
f 1114/1114/1114 1127/1127/1127 1128/1128/1128
f 1114/1114/1114 1128/1128/1128 1115/1115/1115
f 1115/1115/1115 1128/1128/1128 1129/1129/1129
f 1115/1115/1115 1129/1129/1129 1116/1116/1116
f 1116/1116/1116 1129/1129/1129 1130/1130/1130
f 1116/1116/1116 1130/1130/1130 1117/1117/1117
f 1117/1117/1117 1130/1130/1130 1131/1131/1131
f 1117/1117/1117 1131/1131/1131 1118/1118/1118
f 1118/1118/1118 1131/1131/1131 1132/1132/1132
f 1118/1118/1118 1132/1132/1132 1119/1119/1119
f 1119/1119/1119 1132/1132/1132 1133/1133/1133
f 1119/1119/1119 1133/1133/1133 1120/1120/1120
f 1120/1120/1120 1133/1133/1133 1134/1134/1134
f 1120/1120/1120 1134/1134/1134 1121/1121/1121
usemtl KrakenSuckerInner
f 1135/1135/1135 1149/1149/1149 1148/1148/1148
f 1135/1135/1135 1136/1136/1136 1149/1149/1149
f 1136/1136/1136 1150/1150/1150 1149/1149/1149
f 1136/1136/1136 1137/1137/1137 1150/1150/1150
f 1137/1137/1137 1151/1151/1151 1150/1150/1150
f 1137/1137/1137 1138/1138/1138 1151/1151/1151
f 1138/1138/1138 1152/1152/1152 1151/1151/1151
f 1138/1138/1138 1139/1139/1139 1152/1152/1152
f 1139/1139/1139 1153/1153/1153 1152/1152/1152
f 1139/1139/1139 1140/1140/1140 1153/1153/1153
f 1140/1140/1140 1154/1154/1154 1153/1153/1153
f 1140/1140/1140 1141/1141/1141 1154/1154/1154
f 1141/1141/1141 1155/1155/1155 1154/1154/1154
f 1141/1141/1141 1142/1142/1142 1155/1155/1155
f 1142/1142/1142 1156/1156/1156 1155/1155/1155
f 1142/1142/1142 1143/1143/1143 1156/1156/1156
f 1143/1143/1143 1157/1157/1157 1156/1156/1156
f 1143/1143/1143 1144/1144/1144 1157/1157/1157
f 1144/1144/1144 1158/1158/1158 1157/1157/1157
f 1144/1144/1144 1145/1145/1145 1158/1158/1158
f 1145/1145/1145 1159/1159/1159 1158/1158/1158
f 1145/1145/1145 1146/1146/1146 1159/1159/1159
f 1146/1146/1146 1160/1160/1160 1159/1159/1159
f 1146/1146/1146 1147/1147/1147 1160/1160/1160
f 1148/1148/1148 1162/1162/1162 1161/1161/1161
f 1148/1148/1148 1149/1149/1149 1162/1162/1162
f 1149/1149/1149 1163/1163/1163 1162/1162/1162
f 1149/1149/1149 1150/1150/1150 1163/1163/1163
f 1150/1150/1150 1164/1164/1164 1163/1163/1163
f 1150/1150/1150 1151/1151/1151 1164/1164/1164
f 1151/1151/1151 1165/1165/1165 1164/1164/1164
f 1151/1151/1151 1152/1152/1152 1165/1165/1165
f 1152/1152/1152 1166/1166/1166 1165/1165/1165
f 1152/1152/1152 1153/1153/1153 1166/1166/1166
f 1153/1153/1153 1167/1167/1167 1166/1166/1166
f 1153/1153/1153 1154/1154/1154 1167/1167/1167
f 1154/1154/1154 1168/1168/1168 1167/1167/1167
f 1154/1154/1154 1155/1155/1155 1168/1168/1168
f 1155/1155/1155 1169/1169/1169 1168/1168/1168
f 1155/1155/1155 1156/1156/1156 1169/1169/1169
f 1156/1156/1156 1170/1170/1170 1169/1169/1169
f 1156/1156/1156 1157/1157/1157 1170/1170/1170
f 1157/1157/1157 1171/1171/1171 1170/1170/1170
f 1157/1157/1157 1158/1158/1158 1171/1171/1171
f 1158/1158/1158 1172/1172/1172 1171/1171/1171
f 1158/1158/1158 1159/1159/1159 1172/1172/1172
f 1159/1159/1159 1173/1173/1173 1172/1172/1172
f 1159/1159/1159 1160/1160/1160 1173/1173/1173
f 1174/1174/1174 1161/1161/1161 1162/1162/1162
f 1174/1174/1174 1162/1162/1162 1163/1163/1163
f 1174/1174/1174 1163/1163/1163 1164/1164/1164
f 1174/1174/1174 1164/1164/1164 1165/1165/1165
f 1174/1174/1174 1165/1165/1165 1166/1166/1166
f 1174/1174/1174 1166/1166/1166 1167/1167/1167
f 1174/1174/1174 1167/1167/1167 1168/1168/1168
f 1174/1174/1174 1168/1168/1168 1169/1169/1169
f 1174/1174/1174 1169/1169/1169 1170/1170/1170
f 1174/1174/1174 1170/1170/1170 1171/1171/1171
f 1174/1174/1174 1171/1171/1171 1172/1172/1172
f 1174/1174/1174 1172/1172/1172 1173/1173/1173
usemtl KrakenSucker
f 1175/1175/1175 1188/1188/1188 1189/1189/1189
f 1175/1175/1175 1189/1189/1189 1176/1176/1176
f 1176/1176/1176 1189/1189/1189 1190/1190/1190
f 1176/1176/1176 1190/1190/1190 1177/1177/1177
f 1177/1177/1177 1190/1190/1190 1191/1191/1191
f 1177/1177/1177 1191/1191/1191 1178/1178/1178
f 1178/1178/1178 1191/1191/1191 1192/1192/1192
f 1178/1178/1178 1192/1192/1192 1179/1179/1179
f 1179/1179/1179 1192/1192/1192 1193/1193/1193
f 1179/1179/1179 1193/1193/1193 1180/1180/1180
f 1180/1180/1180 1193/1193/1193 1194/1194/1194
f 1180/1180/1180 1194/1194/1194 1181/1181/1181
f 1181/1181/1181 1194/1194/1194 1195/1195/1195
f 1181/1181/1181 1195/1195/1195 1182/1182/1182
f 1182/1182/1182 1195/1195/1195 1196/1196/1196
f 1182/1182/1182 1196/1196/1196 1183/1183/1183
f 1183/1183/1183 1196/1196/1196 1197/1197/1197
f 1183/1183/1183 1197/1197/1197 1184/1184/1184
f 1184/1184/1184 1197/1197/1197 1198/1198/1198
f 1184/1184/1184 1198/1198/1198 1185/1185/1185
f 1185/1185/1185 1198/1198/1198 1199/1199/1199
f 1185/1185/1185 1199/1199/1199 1186/1186/1186
f 1186/1186/1186 1199/1199/1199 1200/1200/1200
f 1186/1186/1186 1200/1200/1200 1187/1187/1187
f 1188/1188/1188 1201/1201/1201 1202/1202/1202
f 1188/1188/1188 1202/1202/1202 1189/1189/1189
f 1189/1189/1189 1202/1202/1202 1203/1203/1203
f 1189/1189/1189 1203/1203/1203 1190/1190/1190
f 1190/1190/1190 1203/1203/1203 1204/1204/1204
f 1190/1190/1190 1204/1204/1204 1191/1191/1191
f 1191/1191/1191 1204/1204/1204 1205/1205/1205
f 1191/1191/1191 1205/1205/1205 1192/1192/1192
f 1192/1192/1192 1205/1205/1205 1206/1206/1206
f 1192/1192/1192 1206/1206/1206 1193/1193/1193
f 1193/1193/1193 1206/1206/1206 1207/1207/1207
f 1193/1193/1193 1207/1207/1207 1194/1194/1194
f 1194/1194/1194 1207/1207/1207 1208/1208/1208
f 1194/1194/1194 1208/1208/1208 1195/1195/1195
f 1195/1195/1195 1208/1208/1208 1209/1209/1209
f 1195/1195/1195 1209/1209/1209 1196/1196/1196
f 1196/1196/1196 1209/1209/1209 1210/1210/1210
f 1196/1196/1196 1210/1210/1210 1197/1197/1197
f 1197/1197/1197 1210/1210/1210 1211/1211/1211
f 1197/1197/1197 1211/1211/1211 1198/1198/1198
f 1198/1198/1198 1211/1211/1211 1212/1212/1212
f 1198/1198/1198 1212/1212/1212 1199/1199/1199
f 1199/1199/1199 1212/1212/1212 1213/1213/1213
f 1199/1199/1199 1213/1213/1213 1200/1200/1200
usemtl KrakenSuckerInner
f 1214/1214/1214 1228/1228/1228 1227/1227/1227
f 1214/1214/1214 1215/1215/1215 1228/1228/1228
f 1215/1215/1215 1229/1229/1229 1228/1228/1228
f 1215/1215/1215 1216/1216/1216 1229/1229/1229
f 1216/1216/1216 1230/1230/1230 1229/1229/1229
f 1216/1216/1216 1217/1217/1217 1230/1230/1230
f 1217/1217/1217 1231/1231/1231 1230/1230/1230
f 1217/1217/1217 1218/1218/1218 1231/1231/1231
f 1218/1218/1218 1232/1232/1232 1231/1231/1231
f 1218/1218/1218 1219/1219/1219 1232/1232/1232
f 1219/1219/1219 1233/1233/1233 1232/1232/1232
f 1219/1219/1219 1220/1220/1220 1233/1233/1233
f 1220/1220/1220 1234/1234/1234 1233/1233/1233
f 1220/1220/1220 1221/1221/1221 1234/1234/1234
f 1221/1221/1221 1235/1235/1235 1234/1234/1234
f 1221/1221/1221 1222/1222/1222 1235/1235/1235
f 1222/1222/1222 1236/1236/1236 1235/1235/1235
f 1222/1222/1222 1223/1223/1223 1236/1236/1236
f 1223/1223/1223 1237/1237/1237 1236/1236/1236
f 1223/1223/1223 1224/1224/1224 1237/1237/1237
f 1224/1224/1224 1238/1238/1238 1237/1237/1237
f 1224/1224/1224 1225/1225/1225 1238/1238/1238
f 1225/1225/1225 1239/1239/1239 1238/1238/1238
f 1225/1225/1225 1226/1226/1226 1239/1239/1239
f 1227/1227/1227 1241/1241/1241 1240/1240/1240
f 1227/1227/1227 1228/1228/1228 1241/1241/1241
f 1228/1228/1228 1242/1242/1242 1241/1241/1241
f 1228/1228/1228 1229/1229/1229 1242/1242/1242
f 1229/1229/1229 1243/1243/1243 1242/1242/1242
f 1229/1229/1229 1230/1230/1230 1243/1243/1243
f 1230/1230/1230 1244/1244/1244 1243/1243/1243
f 1230/1230/1230 1231/1231/1231 1244/1244/1244
f 1231/1231/1231 1245/1245/1245 1244/1244/1244
f 1231/1231/1231 1232/1232/1232 1245/1245/1245
f 1232/1232/1232 1246/1246/1246 1245/1245/1245
f 1232/1232/1232 1233/1233/1233 1246/1246/1246
f 1233/1233/1233 1247/1247/1247 1246/1246/1246
f 1233/1233/1233 1234/1234/1234 1247/1247/1247
f 1234/1234/1234 1248/1248/1248 1247/1247/1247
f 1234/1234/1234 1235/1235/1235 1248/1248/1248
f 1235/1235/1235 1249/1249/1249 1248/1248/1248
f 1235/1235/1235 1236/1236/1236 1249/1249/1249
f 1236/1236/1236 1250/1250/1250 1249/1249/1249
f 1236/1236/1236 1237/1237/1237 1250/1250/1250
f 1237/1237/1237 1251/1251/1251 1250/1250/1250
f 1237/1237/1237 1238/1238/1238 1251/1251/1251
f 1238/1238/1238 1252/1252/1252 1251/1251/1251
f 1238/1238/1238 1239/1239/1239 1252/1252/1252
f 1253/1253/1253 1240/1240/1240 1241/1241/1241
f 1253/1253/1253 1241/1241/1241 1242/1242/1242
f 1253/1253/1253 1242/1242/1242 1243/1243/1243
f 1253/1253/1253 1243/1243/1243 1244/1244/1244
f 1253/1253/1253 1244/1244/1244 1245/1245/1245
f 1253/1253/1253 1245/1245/1245 1246/1246/1246
f 1253/1253/1253 1246/1246/1246 1247/1247/1247
f 1253/1253/1253 1247/1247/1247 1248/1248/1248
f 1253/1253/1253 1248/1248/1248 1249/1249/1249
f 1253/1253/1253 1249/1249/1249 1250/1250/1250
f 1253/1253/1253 1250/1250/1250 1251/1251/1251
f 1253/1253/1253 1251/1251/1251 1252/1252/1252
usemtl KrakenSucker
f 1254/1254/1254 1267/1267/1267 1268/1268/1268
f 1254/1254/1254 1268/1268/1268 1255/1255/1255
f 1255/1255/1255 1268/1268/1268 1269/1269/1269
f 1255/1255/1255 1269/1269/1269 1256/1256/1256
f 1256/1256/1256 1269/1269/1269 1270/1270/1270
f 1256/1256/1256 1270/1270/1270 1257/1257/1257
f 1257/1257/1257 1270/1270/1270 1271/1271/1271
f 1257/1257/1257 1271/1271/1271 1258/1258/1258
f 1258/1258/1258 1271/1271/1271 1272/1272/1272
f 1258/1258/1258 1272/1272/1272 1259/1259/1259
f 1259/1259/1259 1272/1272/1272 1273/1273/1273
f 1259/1259/1259 1273/1273/1273 1260/1260/1260
f 1260/1260/1260 1273/1273/1273 1274/1274/1274
f 1260/1260/1260 1274/1274/1274 1261/1261/1261
f 1261/1261/1261 1274/1274/1274 1275/1275/1275
f 1261/1261/1261 1275/1275/1275 1262/1262/1262
f 1262/1262/1262 1275/1275/1275 1276/1276/1276
f 1262/1262/1262 1276/1276/1276 1263/1263/1263
f 1263/1263/1263 1276/1276/1276 1277/1277/1277
f 1263/1263/1263 1277/1277/1277 1264/1264/1264
f 1264/1264/1264 1277/1277/1277 1278/1278/1278
f 1264/1264/1264 1278/1278/1278 1265/1265/1265
f 1265/1265/1265 1278/1278/1278 1279/1279/1279
f 1265/1265/1265 1279/1279/1279 1266/1266/1266
f 1267/1267/1267 1280/1280/1280 1281/1281/1281
f 1267/1267/1267 1281/1281/1281 1268/1268/1268
f 1268/1268/1268 1281/1281/1281 1282/1282/1282
f 1268/1268/1268 1282/1282/1282 1269/1269/1269
f 1269/1269/1269 1282/1282/1282 1283/1283/1283
f 1269/1269/1269 1283/1283/1283 1270/1270/1270
f 1270/1270/1270 1283/1283/1283 1284/1284/1284
f 1270/1270/1270 1284/1284/1284 1271/1271/1271
f 1271/1271/1271 1284/1284/1284 1285/1285/1285
f 1271/1271/1271 1285/1285/1285 1272/1272/1272
f 1272/1272/1272 1285/1285/1285 1286/1286/1286
f 1272/1272/1272 1286/1286/1286 1273/1273/1273
f 1273/1273/1273 1286/1286/1286 1287/1287/1287
f 1273/1273/1273 1287/1287/1287 1274/1274/1274
f 1274/1274/1274 1287/1287/1287 1288/1288/1288
f 1274/1274/1274 1288/1288/1288 1275/1275/1275
f 1275/1275/1275 1288/1288/1288 1289/1289/1289
f 1275/1275/1275 1289/1289/1289 1276/1276/1276
f 1276/1276/1276 1289/1289/1289 1290/1290/1290
f 1276/1276/1276 1290/1290/1290 1277/1277/1277
f 1277/1277/1277 1290/1290/1290 1291/1291/1291
f 1277/1277/1277 1291/1291/1291 1278/1278/1278
f 1278/1278/1278 1291/1291/1291 1292/1292/1292
f 1278/1278/1278 1292/1292/1292 1279/1279/1279
usemtl KrakenSuckerInner
f 1293/1293/1293 1307/1307/1307 1306/1306/1306
f 1293/1293/1293 1294/1294/1294 1307/1307/1307
f 1294/1294/1294 1308/1308/1308 1307/1307/1307
f 1294/1294/1294 1295/1295/1295 1308/1308/1308
f 1295/1295/1295 1309/1309/1309 1308/1308/1308
f 1295/1295/1295 1296/1296/1296 1309/1309/1309
f 1296/1296/1296 1310/1310/1310 1309/1309/1309
f 1296/1296/1296 1297/1297/1297 1310/1310/1310
f 1297/1297/1297 1311/1311/1311 1310/1310/1310
f 1297/1297/1297 1298/1298/1298 1311/1311/1311
f 1298/1298/1298 1312/1312/1312 1311/1311/1311
f 1298/1298/1298 1299/1299/1299 1312/1312/1312
f 1299/1299/1299 1313/1313/1313 1312/1312/1312
f 1299/1299/1299 1300/1300/1300 1313/1313/1313
f 1300/1300/1300 1314/1314/1314 1313/1313/1313
f 1300/1300/1300 1301/1301/1301 1314/1314/1314
f 1301/1301/1301 1315/1315/1315 1314/1314/1314
f 1301/1301/1301 1302/1302/1302 1315/1315/1315
f 1302/1302/1302 1316/1316/1316 1315/1315/1315
f 1302/1302/1302 1303/1303/1303 1316/1316/1316
f 1303/1303/1303 1317/1317/1317 1316/1316/1316
f 1303/1303/1303 1304/1304/1304 1317/1317/1317
f 1304/1304/1304 1318/1318/1318 1317/1317/1317
f 1304/1304/1304 1305/1305/1305 1318/1318/1318
f 1306/1306/1306 1320/1320/1320 1319/1319/1319
f 1306/1306/1306 1307/1307/1307 1320/1320/1320
f 1307/1307/1307 1321/1321/1321 1320/1320/1320
f 1307/1307/1307 1308/1308/1308 1321/1321/1321
f 1308/1308/1308 1322/1322/1322 1321/1321/1321
f 1308/1308/1308 1309/1309/1309 1322/1322/1322
f 1309/1309/1309 1323/1323/1323 1322/1322/1322
f 1309/1309/1309 1310/1310/1310 1323/1323/1323
f 1310/1310/1310 1324/1324/1324 1323/1323/1323
f 1310/1310/1310 1311/1311/1311 1324/1324/1324
f 1311/1311/1311 1325/1325/1325 1324/1324/1324
f 1311/1311/1311 1312/1312/1312 1325/1325/1325
f 1312/1312/1312 1326/1326/1326 1325/1325/1325
f 1312/1312/1312 1313/1313/1313 1326/1326/1326
f 1313/1313/1313 1327/1327/1327 1326/1326/1326
f 1313/1313/1313 1314/1314/1314 1327/1327/1327
f 1314/1314/1314 1328/1328/1328 1327/1327/1327
f 1314/1314/1314 1315/1315/1315 1328/1328/1328
f 1315/1315/1315 1329/1329/1329 1328/1328/1328
f 1315/1315/1315 1316/1316/1316 1329/1329/1329
f 1316/1316/1316 1330/1330/1330 1329/1329/1329
f 1316/1316/1316 1317/1317/1317 1330/1330/1330
f 1317/1317/1317 1331/1331/1331 1330/1330/1330
f 1317/1317/1317 1318/1318/1318 1331/1331/1331
f 1332/1332/1332 1319/1319/1319 1320/1320/1320
f 1332/1332/1332 1320/1320/1320 1321/1321/1321
f 1332/1332/1332 1321/1321/1321 1322/1322/1322
f 1332/1332/1332 1322/1322/1322 1323/1323/1323
f 1332/1332/1332 1323/1323/1323 1324/1324/1324
f 1332/1332/1332 1324/1324/1324 1325/1325/1325
f 1332/1332/1332 1325/1325/1325 1326/1326/1326
f 1332/1332/1332 1326/1326/1326 1327/1327/1327
f 1332/1332/1332 1327/1327/1327 1328/1328/1328
f 1332/1332/1332 1328/1328/1328 1329/1329/1329
f 1332/1332/1332 1329/1329/1329 1330/1330/1330
f 1332/1332/1332 1330/1330/1330 1331/1331/1331
usemtl KrakenSucker
f 1333/1333/1333 1346/1346/1346 1347/1347/1347
f 1333/1333/1333 1347/1347/1347 1334/1334/1334
f 1334/1334/1334 1347/1347/1347 1348/1348/1348
f 1334/1334/1334 1348/1348/1348 1335/1335/1335
f 1335/1335/1335 1348/1348/1348 1349/1349/1349
f 1335/1335/1335 1349/1349/1349 1336/1336/1336
f 1336/1336/1336 1349/1349/1349 1350/1350/1350
f 1336/1336/1336 1350/1350/1350 1337/1337/1337
f 1337/1337/1337 1350/1350/1350 1351/1351/1351
f 1337/1337/1337 1351/1351/1351 1338/1338/1338
f 1338/1338/1338 1351/1351/1351 1352/1352/1352
f 1338/1338/1338 1352/1352/1352 1339/1339/1339
f 1339/1339/1339 1352/1352/1352 1353/1353/1353
f 1339/1339/1339 1353/1353/1353 1340/1340/1340
f 1340/1340/1340 1353/1353/1353 1354/1354/1354
f 1340/1340/1340 1354/1354/1354 1341/1341/1341
f 1341/1341/1341 1354/1354/1354 1355/1355/1355
f 1341/1341/1341 1355/1355/1355 1342/1342/1342
f 1342/1342/1342 1355/1355/1355 1356/1356/1356
f 1342/1342/1342 1356/1356/1356 1343/1343/1343
f 1343/1343/1343 1356/1356/1356 1357/1357/1357
f 1343/1343/1343 1357/1357/1357 1344/1344/1344
f 1344/1344/1344 1357/1357/1357 1358/1358/1358
f 1344/1344/1344 1358/1358/1358 1345/1345/1345
f 1346/1346/1346 1359/1359/1359 1360/1360/1360
f 1346/1346/1346 1360/1360/1360 1347/1347/1347
f 1347/1347/1347 1360/1360/1360 1361/1361/1361
f 1347/1347/1347 1361/1361/1361 1348/1348/1348
f 1348/1348/1348 1361/1361/1361 1362/1362/1362
f 1348/1348/1348 1362/1362/1362 1349/1349/1349
f 1349/1349/1349 1362/1362/1362 1363/1363/1363
f 1349/1349/1349 1363/1363/1363 1350/1350/1350
f 1350/1350/1350 1363/1363/1363 1364/1364/1364
f 1350/1350/1350 1364/1364/1364 1351/1351/1351
f 1351/1351/1351 1364/1364/1364 1365/1365/1365
f 1351/1351/1351 1365/1365/1365 1352/1352/1352
f 1352/1352/1352 1365/1365/1365 1366/1366/1366
f 1352/1352/1352 1366/1366/1366 1353/1353/1353
f 1353/1353/1353 1366/1366/1366 1367/1367/1367
f 1353/1353/1353 1367/1367/1367 1354/1354/1354
f 1354/1354/1354 1367/1367/1367 1368/1368/1368
f 1354/1354/1354 1368/1368/1368 1355/1355/1355
f 1355/1355/1355 1368/1368/1368 1369/1369/1369
f 1355/1355/1355 1369/1369/1369 1356/1356/1356
f 1356/1356/1356 1369/1369/1369 1370/1370/1370
f 1356/1356/1356 1370/1370/1370 1357/1357/1357
f 1357/1357/1357 1370/1370/1370 1371/1371/1371
f 1357/1357/1357 1371/1371/1371 1358/1358/1358
usemtl KrakenSuckerInner
f 1372/1372/1372 1386/1386/1386 1385/1385/1385
f 1372/1372/1372 1373/1373/1373 1386/1386/1386
f 1373/1373/1373 1387/1387/1387 1386/1386/1386
f 1373/1373/1373 1374/1374/1374 1387/1387/1387
f 1374/1374/1374 1388/1388/1388 1387/1387/1387
f 1374/1374/1374 1375/1375/1375 1388/1388/1388
f 1375/1375/1375 1389/1389/1389 1388/1388/1388
f 1375/1375/1375 1376/1376/1376 1389/1389/1389
f 1376/1376/1376 1390/1390/1390 1389/1389/1389
f 1376/1376/1376 1377/1377/1377 1390/1390/1390
f 1377/1377/1377 1391/1391/1391 1390/1390/1390
f 1377/1377/1377 1378/1378/1378 1391/1391/1391
f 1378/1378/1378 1392/1392/1392 1391/1391/1391
f 1378/1378/1378 1379/1379/1379 1392/1392/1392
f 1379/1379/1379 1393/1393/1393 1392/1392/1392
f 1379/1379/1379 1380/1380/1380 1393/1393/1393
f 1380/1380/1380 1394/1394/1394 1393/1393/1393
f 1380/1380/1380 1381/1381/1381 1394/1394/1394
f 1381/1381/1381 1395/1395/1395 1394/1394/1394
f 1381/1381/1381 1382/1382/1382 1395/1395/1395
f 1382/1382/1382 1396/1396/1396 1395/1395/1395
f 1382/1382/1382 1383/1383/1383 1396/1396/1396
f 1383/1383/1383 1397/1397/1397 1396/1396/1396
f 1383/1383/1383 1384/1384/1384 1397/1397/1397
f 1385/1385/1385 1399/1399/1399 1398/1398/1398
f 1385/1385/1385 1386/1386/1386 1399/1399/1399
f 1386/1386/1386 1400/1400/1400 1399/1399/1399
f 1386/1386/1386 1387/1387/1387 1400/1400/1400
f 1387/1387/1387 1401/1401/1401 1400/1400/1400
f 1387/1387/1387 1388/1388/1388 1401/1401/1401
f 1388/1388/1388 1402/1402/1402 1401/1401/1401
f 1388/1388/1388 1389/1389/1389 1402/1402/1402
f 1389/1389/1389 1403/1403/1403 1402/1402/1402
f 1389/1389/1389 1390/1390/1390 1403/1403/1403
f 1390/1390/1390 1404/1404/1404 1403/1403/1403
f 1390/1390/1390 1391/1391/1391 1404/1404/1404
f 1391/1391/1391 1405/1405/1405 1404/1404/1404
f 1391/1391/1391 1392/1392/1392 1405/1405/1405
f 1392/1392/1392 1406/1406/1406 1405/1405/1405
f 1392/1392/1392 1393/1393/1393 1406/1406/1406
f 1393/1393/1393 1407/1407/1407 1406/1406/1406
f 1393/1393/1393 1394/1394/1394 1407/1407/1407
f 1394/1394/1394 1408/1408/1408 1407/1407/1407
f 1394/1394/1394 1395/1395/1395 1408/1408/1408
f 1395/1395/1395 1409/1409/1409 1408/1408/1408
f 1395/1395/1395 1396/1396/1396 1409/1409/1409
f 1396/1396/1396 1410/1410/1410 1409/1409/1409
f 1396/1396/1396 1397/1397/1397 1410/1410/1410
f 1411/1411/1411 1398/1398/1398 1399/1399/1399
f 1411/1411/1411 1399/1399/1399 1400/1400/1400
f 1411/1411/1411 1400/1400/1400 1401/1401/1401
f 1411/1411/1411 1401/1401/1401 1402/1402/1402
f 1411/1411/1411 1402/1402/1402 1403/1403/1403
f 1411/1411/1411 1403/1403/1403 1404/1404/1404
f 1411/1411/1411 1404/1404/1404 1405/1405/1405
f 1411/1411/1411 1405/1405/1405 1406/1406/1406
f 1411/1411/1411 1406/1406/1406 1407/1407/1407
f 1411/1411/1411 1407/1407/1407 1408/1408/1408
f 1411/1411/1411 1408/1408/1408 1409/1409/1409
f 1411/1411/1411 1409/1409/1409 1410/1410/1410
usemtl KrakenSucker
f 1412/1412/1412 1425/1425/1425 1426/1426/1426
f 1412/1412/1412 1426/1426/1426 1413/1413/1413
f 1413/1413/1413 1426/1426/1426 1427/1427/1427
f 1413/1413/1413 1427/1427/1427 1414/1414/1414
f 1414/1414/1414 1427/1427/1427 1428/1428/1428
f 1414/1414/1414 1428/1428/1428 1415/1415/1415
f 1415/1415/1415 1428/1428/1428 1429/1429/1429
f 1415/1415/1415 1429/1429/1429 1416/1416/1416
f 1416/1416/1416 1429/1429/1429 1430/1430/1430
f 1416/1416/1416 1430/1430/1430 1417/1417/1417
f 1417/1417/1417 1430/1430/1430 1431/1431/1431
f 1417/1417/1417 1431/1431/1431 1418/1418/1418
f 1418/1418/1418 1431/1431/1431 1432/1432/1432
f 1418/1418/1418 1432/1432/1432 1419/1419/1419
f 1419/1419/1419 1432/1432/1432 1433/1433/1433
f 1419/1419/1419 1433/1433/1433 1420/1420/1420
f 1420/1420/1420 1433/1433/1433 1434/1434/1434
f 1420/1420/1420 1434/1434/1434 1421/1421/1421
f 1421/1421/1421 1434/1434/1434 1435/1435/1435
f 1421/1421/1421 1435/1435/1435 1422/1422/1422
f 1422/1422/1422 1435/1435/1435 1436/1436/1436
f 1422/1422/1422 1436/1436/1436 1423/1423/1423
f 1423/1423/1423 1436/1436/1436 1437/1437/1437
f 1423/1423/1423 1437/1437/1437 1424/1424/1424
f 1425/1425/1425 1438/1438/1438 1439/1439/1439
f 1425/1425/1425 1439/1439/1439 1426/1426/1426
f 1426/1426/1426 1439/1439/1439 1440/1440/1440
f 1426/1426/1426 1440/1440/1440 1427/1427/1427
f 1427/1427/1427 1440/1440/1440 1441/1441/1441
f 1427/1427/1427 1441/1441/1441 1428/1428/1428
f 1428/1428/1428 1441/1441/1441 1442/1442/1442
f 1428/1428/1428 1442/1442/1442 1429/1429/1429
f 1429/1429/1429 1442/1442/1442 1443/1443/1443
f 1429/1429/1429 1443/1443/1443 1430/1430/1430
f 1430/1430/1430 1443/1443/1443 1444/1444/1444
f 1430/1430/1430 1444/1444/1444 1431/1431/1431
f 1431/1431/1431 1444/1444/1444 1445/1445/1445
f 1431/1431/1431 1445/1445/1445 1432/1432/1432
f 1432/1432/1432 1445/1445/1445 1446/1446/1446
f 1432/1432/1432 1446/1446/1446 1433/1433/1433
f 1433/1433/1433 1446/1446/1446 1447/1447/1447
f 1433/1433/1433 1447/1447/1447 1434/1434/1434
f 1434/1434/1434 1447/1447/1447 1448/1448/1448
f 1434/1434/1434 1448/1448/1448 1435/1435/1435
f 1435/1435/1435 1448/1448/1448 1449/1449/1449
f 1435/1435/1435 1449/1449/1449 1436/1436/1436
f 1436/1436/1436 1449/1449/1449 1450/1450/1450
f 1436/1436/1436 1450/1450/1450 1437/1437/1437
usemtl KrakenSuckerInner
f 1451/1451/1451 1465/1465/1465 1464/1464/1464
f 1451/1451/1451 1452/1452/1452 1465/1465/1465
f 1452/1452/1452 1466/1466/1466 1465/1465/1465
f 1452/1452/1452 1453/1453/1453 1466/1466/1466
f 1453/1453/1453 1467/1467/1467 1466/1466/1466
f 1453/1453/1453 1454/1454/1454 1467/1467/1467
f 1454/1454/1454 1468/1468/1468 1467/1467/1467
f 1454/1454/1454 1455/1455/1455 1468/1468/1468
f 1455/1455/1455 1469/1469/1469 1468/1468/1468
f 1455/1455/1455 1456/1456/1456 1469/1469/1469
f 1456/1456/1456 1470/1470/1470 1469/1469/1469
f 1456/1456/1456 1457/1457/1457 1470/1470/1470
f 1457/1457/1457 1471/1471/1471 1470/1470/1470
f 1457/1457/1457 1458/1458/1458 1471/1471/1471
f 1458/1458/1458 1472/1472/1472 1471/1471/1471
f 1458/1458/1458 1459/1459/1459 1472/1472/1472
f 1459/1459/1459 1473/1473/1473 1472/1472/1472
f 1459/1459/1459 1460/1460/1460 1473/1473/1473
f 1460/1460/1460 1474/1474/1474 1473/1473/1473
f 1460/1460/1460 1461/1461/1461 1474/1474/1474
f 1461/1461/1461 1475/1475/1475 1474/1474/1474
f 1461/1461/1461 1462/1462/1462 1475/1475/1475
f 1462/1462/1462 1476/1476/1476 1475/1475/1475
f 1462/1462/1462 1463/1463/1463 1476/1476/1476
f 1464/1464/1464 1478/1478/1478 1477/1477/1477
f 1464/1464/1464 1465/1465/1465 1478/1478/1478
f 1465/1465/1465 1479/1479/1479 1478/1478/1478
f 1465/1465/1465 1466/1466/1466 1479/1479/1479
f 1466/1466/1466 1480/1480/1480 1479/1479/1479
f 1466/1466/1466 1467/1467/1467 1480/1480/1480
f 1467/1467/1467 1481/1481/1481 1480/1480/1480
f 1467/1467/1467 1468/1468/1468 1481/1481/1481
f 1468/1468/1468 1482/1482/1482 1481/1481/1481
f 1468/1468/1468 1469/1469/1469 1482/1482/1482
f 1469/1469/1469 1483/1483/1483 1482/1482/1482
f 1469/1469/1469 1470/1470/1470 1483/1483/1483
f 1470/1470/1470 1484/1484/1484 1483/1483/1483
f 1470/1470/1470 1471/1471/1471 1484/1484/1484
f 1471/1471/1471 1485/1485/1485 1484/1484/1484
f 1471/1471/1471 1472/1472/1472 1485/1485/1485
f 1472/1472/1472 1486/1486/1486 1485/1485/1485
f 1472/1472/1472 1473/1473/1473 1486/1486/1486
f 1473/1473/1473 1487/1487/1487 1486/1486/1486
f 1473/1473/1473 1474/1474/1474 1487/1487/1487
f 1474/1474/1474 1488/1488/1488 1487/1487/1487
f 1474/1474/1474 1475/1475/1475 1488/1488/1488
f 1475/1475/1475 1489/1489/1489 1488/1488/1488
f 1475/1475/1475 1476/1476/1476 1489/1489/1489
f 1490/1490/1490 1477/1477/1477 1478/1478/1478
f 1490/1490/1490 1478/1478/1478 1479/1479/1479
f 1490/1490/1490 1479/1479/1479 1480/1480/1480
f 1490/1490/1490 1480/1480/1480 1481/1481/1481
f 1490/1490/1490 1481/1481/1481 1482/1482/1482
f 1490/1490/1490 1482/1482/1482 1483/1483/1483
f 1490/1490/1490 1483/1483/1483 1484/1484/1484
f 1490/1490/1490 1484/1484/1484 1485/1485/1485
f 1490/1490/1490 1485/1485/1485 1486/1486/1486
f 1490/1490/1490 1486/1486/1486 1487/1487/1487
f 1490/1490/1490 1487/1487/1487 1488/1488/1488
f 1490/1490/1490 1488/1488/1488 1489/1489/1489
usemtl KrakenSucker
f 1491/1491/1491 1504/1504/1504 1505/1505/1505
f 1491/1491/1491 1505/1505/1505 1492/1492/1492
f 1492/1492/1492 1505/1505/1505 1506/1506/1506
f 1492/1492/1492 1506/1506/1506 1493/1493/1493
f 1493/1493/1493 1506/1506/1506 1507/1507/1507
f 1493/1493/1493 1507/1507/1507 1494/1494/1494
f 1494/1494/1494 1507/1507/1507 1508/1508/1508
f 1494/1494/1494 1508/1508/1508 1495/1495/1495
f 1495/1495/1495 1508/1508/1508 1509/1509/1509
f 1495/1495/1495 1509/1509/1509 1496/1496/1496
f 1496/1496/1496 1509/1509/1509 1510/1510/1510
f 1496/1496/1496 1510/1510/1510 1497/1497/1497
f 1497/1497/1497 1510/1510/1510 1511/1511/1511
f 1497/1497/1497 1511/1511/1511 1498/1498/1498
f 1498/1498/1498 1511/1511/1511 1512/1512/1512
f 1498/1498/1498 1512/1512/1512 1499/1499/1499
f 1499/1499/1499 1512/1512/1512 1513/1513/1513
f 1499/1499/1499 1513/1513/1513 1500/1500/1500
f 1500/1500/1500 1513/1513/1513 1514/1514/1514
f 1500/1500/1500 1514/1514/1514 1501/1501/1501
f 1501/1501/1501 1514/1514/1514 1515/1515/1515
f 1501/1501/1501 1515/1515/1515 1502/1502/1502
f 1502/1502/1502 1515/1515/1515 1516/1516/1516
f 1502/1502/1502 1516/1516/1516 1503/1503/1503
f 1504/1504/1504 1517/1517/1517 1518/1518/1518
f 1504/1504/1504 1518/1518/1518 1505/1505/1505
f 1505/1505/1505 1518/1518/1518 1519/1519/1519
f 1505/1505/1505 1519/1519/1519 1506/1506/1506
f 1506/1506/1506 1519/1519/1519 1520/1520/1520
f 1506/1506/1506 1520/1520/1520 1507/1507/1507
f 1507/1507/1507 1520/1520/1520 1521/1521/1521
f 1507/1507/1507 1521/1521/1521 1508/1508/1508
f 1508/1508/1508 1521/1521/1521 1522/1522/1522
f 1508/1508/1508 1522/1522/1522 1509/1509/1509
f 1509/1509/1509 1522/1522/1522 1523/1523/1523
f 1509/1509/1509 1523/1523/1523 1510/1510/1510
f 1510/1510/1510 1523/1523/1523 1524/1524/1524
f 1510/1510/1510 1524/1524/1524 1511/1511/1511
f 1511/1511/1511 1524/1524/1524 1525/1525/1525
f 1511/1511/1511 1525/1525/1525 1512/1512/1512
f 1512/1512/1512 1525/1525/1525 1526/1526/1526
f 1512/1512/1512 1526/1526/1526 1513/1513/1513
f 1513/1513/1513 1526/1526/1526 1527/1527/1527
f 1513/1513/1513 1527/1527/1527 1514/1514/1514
f 1514/1514/1514 1527/1527/1527 1528/1528/1528
f 1514/1514/1514 1528/1528/1528 1515/1515/1515
f 1515/1515/1515 1528/1528/1528 1529/1529/1529
f 1515/1515/1515 1529/1529/1529 1516/1516/1516
usemtl KrakenSuckerInner
f 1530/1530/1530 1544/1544/1544 1543/1543/1543
f 1530/1530/1530 1531/1531/1531 1544/1544/1544
f 1531/1531/1531 1545/1545/1545 1544/1544/1544
f 1531/1531/1531 1532/1532/1532 1545/1545/1545
f 1532/1532/1532 1546/1546/1546 1545/1545/1545
f 1532/1532/1532 1533/1533/1533 1546/1546/1546
f 1533/1533/1533 1547/1547/1547 1546/1546/1546
f 1533/1533/1533 1534/1534/1534 1547/1547/1547
f 1534/1534/1534 1548/1548/1548 1547/1547/1547
f 1534/1534/1534 1535/1535/1535 1548/1548/1548
f 1535/1535/1535 1549/1549/1549 1548/1548/1548
f 1535/1535/1535 1536/1536/1536 1549/1549/1549
f 1536/1536/1536 1550/1550/1550 1549/1549/1549
f 1536/1536/1536 1537/1537/1537 1550/1550/1550
f 1537/1537/1537 1551/1551/1551 1550/1550/1550
f 1537/1537/1537 1538/1538/1538 1551/1551/1551
f 1538/1538/1538 1552/1552/1552 1551/1551/1551
f 1538/1538/1538 1539/1539/1539 1552/1552/1552
f 1539/1539/1539 1553/1553/1553 1552/1552/1552
f 1539/1539/1539 1540/1540/1540 1553/1553/1553
f 1540/1540/1540 1554/1554/1554 1553/1553/1553
f 1540/1540/1540 1541/1541/1541 1554/1554/1554
f 1541/1541/1541 1555/1555/1555 1554/1554/1554
f 1541/1541/1541 1542/1542/1542 1555/1555/1555
f 1543/1543/1543 1557/1557/1557 1556/1556/1556
f 1543/1543/1543 1544/1544/1544 1557/1557/1557
f 1544/1544/1544 1558/1558/1558 1557/1557/1557
f 1544/1544/1544 1545/1545/1545 1558/1558/1558
f 1545/1545/1545 1559/1559/1559 1558/1558/1558
f 1545/1545/1545 1546/1546/1546 1559/1559/1559
f 1546/1546/1546 1560/1560/1560 1559/1559/1559
f 1546/1546/1546 1547/1547/1547 1560/1560/1560
f 1547/1547/1547 1561/1561/1561 1560/1560/1560
f 1547/1547/1547 1548/1548/1548 1561/1561/1561
f 1548/1548/1548 1562/1562/1562 1561/1561/1561
f 1548/1548/1548 1549/1549/1549 1562/1562/1562
f 1549/1549/1549 1563/1563/1563 1562/1562/1562
f 1549/1549/1549 1550/1550/1550 1563/1563/1563
f 1550/1550/1550 1564/1564/1564 1563/1563/1563
f 1550/1550/1550 1551/1551/1551 1564/1564/1564
f 1551/1551/1551 1565/1565/1565 1564/1564/1564
f 1551/1551/1551 1552/1552/1552 1565/1565/1565
f 1552/1552/1552 1566/1566/1566 1565/1565/1565
f 1552/1552/1552 1553/1553/1553 1566/1566/1566
f 1553/1553/1553 1567/1567/1567 1566/1566/1566
f 1553/1553/1553 1554/1554/1554 1567/1567/1567
f 1554/1554/1554 1568/1568/1568 1567/1567/1567
f 1554/1554/1554 1555/1555/1555 1568/1568/1568
f 1569/1569/1569 1556/1556/1556 1557/1557/1557
f 1569/1569/1569 1557/1557/1557 1558/1558/1558
f 1569/1569/1569 1558/1558/1558 1559/1559/1559
f 1569/1569/1569 1559/1559/1559 1560/1560/1560
f 1569/1569/1569 1560/1560/1560 1561/1561/1561
f 1569/1569/1569 1561/1561/1561 1562/1562/1562
f 1569/1569/1569 1562/1562/1562 1563/1563/1563
f 1569/1569/1569 1563/1563/1563 1564/1564/1564
f 1569/1569/1569 1564/1564/1564 1565/1565/1565
f 1569/1569/1569 1565/1565/1565 1566/1566/1566
f 1569/1569/1569 1566/1566/1566 1567/1567/1567
f 1569/1569/1569 1567/1567/1567 1568/1568/1568
usemtl KrakenSucker
f 1570/1570/1570 1583/1583/1583 1584/1584/1584
f 1570/1570/1570 1584/1584/1584 1571/1571/1571
f 1571/1571/1571 1584/1584/1584 1585/1585/1585
f 1571/1571/1571 1585/1585/1585 1572/1572/1572
f 1572/1572/1572 1585/1585/1585 1586/1586/1586
f 1572/1572/1572 1586/1586/1586 1573/1573/1573
f 1573/1573/1573 1586/1586/1586 1587/1587/1587
f 1573/1573/1573 1587/1587/1587 1574/1574/1574
f 1574/1574/1574 1587/1587/1587 1588/1588/1588
f 1574/1574/1574 1588/1588/1588 1575/1575/1575
f 1575/1575/1575 1588/1588/1588 1589/1589/1589
f 1575/1575/1575 1589/1589/1589 1576/1576/1576
f 1576/1576/1576 1589/1589/1589 1590/1590/1590
f 1576/1576/1576 1590/1590/1590 1577/1577/1577
f 1577/1577/1577 1590/1590/1590 1591/1591/1591
f 1577/1577/1577 1591/1591/1591 1578/1578/1578
f 1578/1578/1578 1591/1591/1591 1592/1592/1592
f 1578/1578/1578 1592/1592/1592 1579/1579/1579
f 1579/1579/1579 1592/1592/1592 1593/1593/1593
f 1579/1579/1579 1593/1593/1593 1580/1580/1580
f 1580/1580/1580 1593/1593/1593 1594/1594/1594
f 1580/1580/1580 1594/1594/1594 1581/1581/1581
f 1581/1581/1581 1594/1594/1594 1595/1595/1595
f 1581/1581/1581 1595/1595/1595 1582/1582/1582
f 1583/1583/1583 1596/1596/1596 1597/1597/1597
f 1583/1583/1583 1597/1597/1597 1584/1584/1584
f 1584/1584/1584 1597/1597/1597 1598/1598/1598
f 1584/1584/1584 1598/1598/1598 1585/1585/1585
f 1585/1585/1585 1598/1598/1598 1599/1599/1599
f 1585/1585/1585 1599/1599/1599 1586/1586/1586
f 1586/1586/1586 1599/1599/1599 1600/1600/1600
f 1586/1586/1586 1600/1600/1600 1587/1587/1587
f 1587/1587/1587 1600/1600/1600 1601/1601/1601
f 1587/1587/1587 1601/1601/1601 1588/1588/1588
f 1588/1588/1588 1601/1601/1601 1602/1602/1602
f 1588/1588/1588 1602/1602/1602 1589/1589/1589
f 1589/1589/1589 1602/1602/1602 1603/1603/1603
f 1589/1589/1589 1603/1603/1603 1590/1590/1590
f 1590/1590/1590 1603/1603/1603 1604/1604/1604
f 1590/1590/1590 1604/1604/1604 1591/1591/1591
f 1591/1591/1591 1604/1604/1604 1605/1605/1605
f 1591/1591/1591 1605/1605/1605 1592/1592/1592
f 1592/1592/1592 1605/1605/1605 1606/1606/1606
f 1592/1592/1592 1606/1606/1606 1593/1593/1593
f 1593/1593/1593 1606/1606/1606 1607/1607/1607
f 1593/1593/1593 1607/1607/1607 1594/1594/1594
f 1594/1594/1594 1607/1607/1607 1608/1608/1608
f 1594/1594/1594 1608/1608/1608 1595/1595/1595
usemtl KrakenSuckerInner
f 1609/1609/1609 1623/1623/1623 1622/1622/1622
f 1609/1609/1609 1610/1610/1610 1623/1623/1623
f 1610/1610/1610 1624/1624/1624 1623/1623/1623
f 1610/1610/1610 1611/1611/1611 1624/1624/1624
f 1611/1611/1611 1625/1625/1625 1624/1624/1624
f 1611/1611/1611 1612/1612/1612 1625/1625/1625
f 1612/1612/1612 1626/1626/1626 1625/1625/1625
f 1612/1612/1612 1613/1613/1613 1626/1626/1626
f 1613/1613/1613 1627/1627/1627 1626/1626/1626
f 1613/1613/1613 1614/1614/1614 1627/1627/1627
f 1614/1614/1614 1628/1628/1628 1627/1627/1627
f 1614/1614/1614 1615/1615/1615 1628/1628/1628
f 1615/1615/1615 1629/1629/1629 1628/1628/1628
f 1615/1615/1615 1616/1616/1616 1629/1629/1629
f 1616/1616/1616 1630/1630/1630 1629/1629/1629
f 1616/1616/1616 1617/1617/1617 1630/1630/1630
f 1617/1617/1617 1631/1631/1631 1630/1630/1630
f 1617/1617/1617 1618/1618/1618 1631/1631/1631
f 1618/1618/1618 1632/1632/1632 1631/1631/1631
f 1618/1618/1618 1619/1619/1619 1632/1632/1632
f 1619/1619/1619 1633/1633/1633 1632/1632/1632
f 1619/1619/1619 1620/1620/1620 1633/1633/1633
f 1620/1620/1620 1634/1634/1634 1633/1633/1633
f 1620/1620/1620 1621/1621/1621 1634/1634/1634
f 1622/1622/1622 1636/1636/1636 1635/1635/1635
f 1622/1622/1622 1623/1623/1623 1636/1636/1636
f 1623/1623/1623 1637/1637/1637 1636/1636/1636
f 1623/1623/1623 1624/1624/1624 1637/1637/1637
f 1624/1624/1624 1638/1638/1638 1637/1637/1637
f 1624/1624/1624 1625/1625/1625 1638/1638/1638
f 1625/1625/1625 1639/1639/1639 1638/1638/1638
f 1625/1625/1625 1626/1626/1626 1639/1639/1639
f 1626/1626/1626 1640/1640/1640 1639/1639/1639
f 1626/1626/1626 1627/1627/1627 1640/1640/1640
f 1627/1627/1627 1641/1641/1641 1640/1640/1640
f 1627/1627/1627 1628/1628/1628 1641/1641/1641
f 1628/1628/1628 1642/1642/1642 1641/1641/1641
f 1628/1628/1628 1629/1629/1629 1642/1642/1642
f 1629/1629/1629 1643/1643/1643 1642/1642/1642
f 1629/1629/1629 1630/1630/1630 1643/1643/1643
f 1630/1630/1630 1644/1644/1644 1643/1643/1643
f 1630/1630/1630 1631/1631/1631 1644/1644/1644
f 1631/1631/1631 1645/1645/1645 1644/1644/1644
f 1631/1631/1631 1632/1632/1632 1645/1645/1645
f 1632/1632/1632 1646/1646/1646 1645/1645/1645
f 1632/1632/1632 1633/1633/1633 1646/1646/1646
f 1633/1633/1633 1647/1647/1647 1646/1646/1646
f 1633/1633/1633 1634/1634/1634 1647/1647/1647
f 1648/1648/1648 1635/1635/1635 1636/1636/1636
f 1648/1648/1648 1636/1636/1636 1637/1637/1637
f 1648/1648/1648 1637/1637/1637 1638/1638/1638
f 1648/1648/1648 1638/1638/1638 1639/1639/1639
f 1648/1648/1648 1639/1639/1639 1640/1640/1640
f 1648/1648/1648 1640/1640/1640 1641/1641/1641
f 1648/1648/1648 1641/1641/1641 1642/1642/1642
f 1648/1648/1648 1642/1642/1642 1643/1643/1643
f 1648/1648/1648 1643/1643/1643 1644/1644/1644
f 1648/1648/1648 1644/1644/1644 1645/1645/1645
f 1648/1648/1648 1645/1645/1645 1646/1646/1646
f 1648/1648/1648 1646/1646/1646 1647/1647/1647
usemtl KrakenSucker
f 1649/1649/1649 1662/1662/1662 1663/1663/1663
f 1649/1649/1649 1663/1663/1663 1650/1650/1650
f 1650/1650/1650 1663/1663/1663 1664/1664/1664
f 1650/1650/1650 1664/1664/1664 1651/1651/1651
f 1651/1651/1651 1664/1664/1664 1665/1665/1665
f 1651/1651/1651 1665/1665/1665 1652/1652/1652
f 1652/1652/1652 1665/1665/1665 1666/1666/1666
f 1652/1652/1652 1666/1666/1666 1653/1653/1653
f 1653/1653/1653 1666/1666/1666 1667/1667/1667
f 1653/1653/1653 1667/1667/1667 1654/1654/1654
f 1654/1654/1654 1667/1667/1667 1668/1668/1668
f 1654/1654/1654 1668/1668/1668 1655/1655/1655
f 1655/1655/1655 1668/1668/1668 1669/1669/1669
f 1655/1655/1655 1669/1669/1669 1656/1656/1656
f 1656/1656/1656 1669/1669/1669 1670/1670/1670
f 1656/1656/1656 1670/1670/1670 1657/1657/1657
f 1657/1657/1657 1670/1670/1670 1671/1671/1671
f 1657/1657/1657 1671/1671/1671 1658/1658/1658
f 1658/1658/1658 1671/1671/1671 1672/1672/1672
f 1658/1658/1658 1672/1672/1672 1659/1659/1659
f 1659/1659/1659 1672/1672/1672 1673/1673/1673
f 1659/1659/1659 1673/1673/1673 1660/1660/1660
f 1660/1660/1660 1673/1673/1673 1674/1674/1674
f 1660/1660/1660 1674/1674/1674 1661/1661/1661
f 1662/1662/1662 1675/1675/1675 1676/1676/1676
f 1662/1662/1662 1676/1676/1676 1663/1663/1663
f 1663/1663/1663 1676/1676/1676 1677/1677/1677
f 1663/1663/1663 1677/1677/1677 1664/1664/1664
f 1664/1664/1664 1677/1677/1677 1678/1678/1678
f 1664/1664/1664 1678/1678/1678 1665/1665/1665
f 1665/1665/1665 1678/1678/1678 1679/1679/1679
f 1665/1665/1665 1679/1679/1679 1666/1666/1666
f 1666/1666/1666 1679/1679/1679 1680/1680/1680
f 1666/1666/1666 1680/1680/1680 1667/1667/1667
f 1667/1667/1667 1680/1680/1680 1681/1681/1681
f 1667/1667/1667 1681/1681/1681 1668/1668/1668
f 1668/1668/1668 1681/1681/1681 1682/1682/1682
f 1668/1668/1668 1682/1682/1682 1669/1669/1669
f 1669/1669/1669 1682/1682/1682 1683/1683/1683
f 1669/1669/1669 1683/1683/1683 1670/1670/1670
f 1670/1670/1670 1683/1683/1683 1684/1684/1684
f 1670/1670/1670 1684/1684/1684 1671/1671/1671
f 1671/1671/1671 1684/1684/1684 1685/1685/1685
f 1671/1671/1671 1685/1685/1685 1672/1672/1672
f 1672/1672/1672 1685/1685/1685 1686/1686/1686
f 1672/1672/1672 1686/1686/1686 1673/1673/1673
f 1673/1673/1673 1686/1686/1686 1687/1687/1687
f 1673/1673/1673 1687/1687/1687 1674/1674/1674
usemtl KrakenSuckerInner
f 1688/1688/1688 1702/1702/1702 1701/1701/1701
f 1688/1688/1688 1689/1689/1689 1702/1702/1702
f 1689/1689/1689 1703/1703/1703 1702/1702/1702
f 1689/1689/1689 1690/1690/1690 1703/1703/1703
f 1690/1690/1690 1704/1704/1704 1703/1703/1703
f 1690/1690/1690 1691/1691/1691 1704/1704/1704
f 1691/1691/1691 1705/1705/1705 1704/1704/1704
f 1691/1691/1691 1692/1692/1692 1705/1705/1705
f 1692/1692/1692 1706/1706/1706 1705/1705/1705
f 1692/1692/1692 1693/1693/1693 1706/1706/1706
f 1693/1693/1693 1707/1707/1707 1706/1706/1706
f 1693/1693/1693 1694/1694/1694 1707/1707/1707
f 1694/1694/1694 1708/1708/1708 1707/1707/1707
f 1694/1694/1694 1695/1695/1695 1708/1708/1708
f 1695/1695/1695 1709/1709/1709 1708/1708/1708
f 1695/1695/1695 1696/1696/1696 1709/1709/1709
f 1696/1696/1696 1710/1710/1710 1709/1709/1709
f 1696/1696/1696 1697/1697/1697 1710/1710/1710
f 1697/1697/1697 1711/1711/1711 1710/1710/1710
f 1697/1697/1697 1698/1698/1698 1711/1711/1711
f 1698/1698/1698 1712/1712/1712 1711/1711/1711
f 1698/1698/1698 1699/1699/1699 1712/1712/1712
f 1699/1699/1699 1713/1713/1713 1712/1712/1712
f 1699/1699/1699 1700/1700/1700 1713/1713/1713
f 1701/1701/1701 1715/1715/1715 1714/1714/1714
f 1701/1701/1701 1702/1702/1702 1715/1715/1715
f 1702/1702/1702 1716/1716/1716 1715/1715/1715
f 1702/1702/1702 1703/1703/1703 1716/1716/1716
f 1703/1703/1703 1717/1717/1717 1716/1716/1716
f 1703/1703/1703 1704/1704/1704 1717/1717/1717
f 1704/1704/1704 1718/1718/1718 1717/1717/1717
f 1704/1704/1704 1705/1705/1705 1718/1718/1718
f 1705/1705/1705 1719/1719/1719 1718/1718/1718
f 1705/1705/1705 1706/1706/1706 1719/1719/1719
f 1706/1706/1706 1720/1720/1720 1719/1719/1719
f 1706/1706/1706 1707/1707/1707 1720/1720/1720
f 1707/1707/1707 1721/1721/1721 1720/1720/1720
f 1707/1707/1707 1708/1708/1708 1721/1721/1721
f 1708/1708/1708 1722/1722/1722 1721/1721/1721
f 1708/1708/1708 1709/1709/1709 1722/1722/1722
f 1709/1709/1709 1723/1723/1723 1722/1722/1722
f 1709/1709/1709 1710/1710/1710 1723/1723/1723
f 1710/1710/1710 1724/1724/1724 1723/1723/1723
f 1710/1710/1710 1711/1711/1711 1724/1724/1724
f 1711/1711/1711 1725/1725/1725 1724/1724/1724
f 1711/1711/1711 1712/1712/1712 1725/1725/1725
f 1712/1712/1712 1726/1726/1726 1725/1725/1725
f 1712/1712/1712 1713/1713/1713 1726/1726/1726
f 1727/1727/1727 1714/1714/1714 1715/1715/1715
f 1727/1727/1727 1715/1715/1715 1716/1716/1716
f 1727/1727/1727 1716/1716/1716 1717/1717/1717
f 1727/1727/1727 1717/1717/1717 1718/1718/1718
f 1727/1727/1727 1718/1718/1718 1719/1719/1719
f 1727/1727/1727 1719/1719/1719 1720/1720/1720
f 1727/1727/1727 1720/1720/1720 1721/1721/1721
f 1727/1727/1727 1721/1721/1721 1722/1722/1722
f 1727/1727/1727 1722/1722/1722 1723/1723/1723
f 1727/1727/1727 1723/1723/1723 1724/1724/1724
f 1727/1727/1727 1724/1724/1724 1725/1725/1725
f 1727/1727/1727 1725/1725/1725 1726/1726/1726
usemtl KrakenSucker
f 1728/1728/1728 1741/1741/1741 1742/1742/1742
f 1728/1728/1728 1742/1742/1742 1729/1729/1729
f 1729/1729/1729 1742/1742/1742 1743/1743/1743
f 1729/1729/1729 1743/1743/1743 1730/1730/1730
f 1730/1730/1730 1743/1743/1743 1744/1744/1744
f 1730/1730/1730 1744/1744/1744 1731/1731/1731
f 1731/1731/1731 1744/1744/1744 1745/1745/1745
f 1731/1731/1731 1745/1745/1745 1732/1732/1732
f 1732/1732/1732 1745/1745/1745 1746/1746/1746
f 1732/1732/1732 1746/1746/1746 1733/1733/1733
f 1733/1733/1733 1746/1746/1746 1747/1747/1747
f 1733/1733/1733 1747/1747/1747 1734/1734/1734
f 1734/1734/1734 1747/1747/1747 1748/1748/1748
f 1734/1734/1734 1748/1748/1748 1735/1735/1735
f 1735/1735/1735 1748/1748/1748 1749/1749/1749
f 1735/1735/1735 1749/1749/1749 1736/1736/1736
f 1736/1736/1736 1749/1749/1749 1750/1750/1750
f 1736/1736/1736 1750/1750/1750 1737/1737/1737
f 1737/1737/1737 1750/1750/1750 1751/1751/1751
f 1737/1737/1737 1751/1751/1751 1738/1738/1738
f 1738/1738/1738 1751/1751/1751 1752/1752/1752
f 1738/1738/1738 1752/1752/1752 1739/1739/1739
f 1739/1739/1739 1752/1752/1752 1753/1753/1753
f 1739/1739/1739 1753/1753/1753 1740/1740/1740
f 1741/1741/1741 1754/1754/1754 1755/1755/1755
f 1741/1741/1741 1755/1755/1755 1742/1742/1742
f 1742/1742/1742 1755/1755/1755 1756/1756/1756
f 1742/1742/1742 1756/1756/1756 1743/1743/1743
f 1743/1743/1743 1756/1756/1756 1757/1757/1757
f 1743/1743/1743 1757/1757/1757 1744/1744/1744
f 1744/1744/1744 1757/1757/1757 1758/1758/1758
f 1744/1744/1744 1758/1758/1758 1745/1745/1745
f 1745/1745/1745 1758/1758/1758 1759/1759/1759
f 1745/1745/1745 1759/1759/1759 1746/1746/1746
f 1746/1746/1746 1759/1759/1759 1760/1760/1760
f 1746/1746/1746 1760/1760/1760 1747/1747/1747
f 1747/1747/1747 1760/1760/1760 1761/1761/1761
f 1747/1747/1747 1761/1761/1761 1748/1748/1748
f 1748/1748/1748 1761/1761/1761 1762/1762/1762
f 1748/1748/1748 1762/1762/1762 1749/1749/1749
f 1749/1749/1749 1762/1762/1762 1763/1763/1763
f 1749/1749/1749 1763/1763/1763 1750/1750/1750
f 1750/1750/1750 1763/1763/1763 1764/1764/1764
f 1750/1750/1750 1764/1764/1764 1751/1751/1751
f 1751/1751/1751 1764/1764/1764 1765/1765/1765
f 1751/1751/1751 1765/1765/1765 1752/1752/1752
f 1752/1752/1752 1765/1765/1765 1766/1766/1766
f 1752/1752/1752 1766/1766/1766 1753/1753/1753
usemtl KrakenSuckerInner
f 1767/1767/1767 1781/1781/1781 1780/1780/1780
f 1767/1767/1767 1768/1768/1768 1781/1781/1781
f 1768/1768/1768 1782/1782/1782 1781/1781/1781
f 1768/1768/1768 1769/1769/1769 1782/1782/1782
f 1769/1769/1769 1783/1783/1783 1782/1782/1782
f 1769/1769/1769 1770/1770/1770 1783/1783/1783
f 1770/1770/1770 1784/1784/1784 1783/1783/1783
f 1770/1770/1770 1771/1771/1771 1784/1784/1784
f 1771/1771/1771 1785/1785/1785 1784/1784/1784
f 1771/1771/1771 1772/1772/1772 1785/1785/1785
f 1772/1772/1772 1786/1786/1786 1785/1785/1785
f 1772/1772/1772 1773/1773/1773 1786/1786/1786
f 1773/1773/1773 1787/1787/1787 1786/1786/1786
f 1773/1773/1773 1774/1774/1774 1787/1787/1787
f 1774/1774/1774 1788/1788/1788 1787/1787/1787
f 1774/1774/1774 1775/1775/1775 1788/1788/1788
f 1775/1775/1775 1789/1789/1789 1788/1788/1788
f 1775/1775/1775 1776/1776/1776 1789/1789/1789
f 1776/1776/1776 1790/1790/1790 1789/1789/1789
f 1776/1776/1776 1777/1777/1777 1790/1790/1790
f 1777/1777/1777 1791/1791/1791 1790/1790/1790
f 1777/1777/1777 1778/1778/1778 1791/1791/1791
f 1778/1778/1778 1792/1792/1792 1791/1791/1791
f 1778/1778/1778 1779/1779/1779 1792/1792/1792
f 1780/1780/1780 1794/1794/1794 1793/1793/1793
f 1780/1780/1780 1781/1781/1781 1794/1794/1794
f 1781/1781/1781 1795/1795/1795 1794/1794/1794
f 1781/1781/1781 1782/1782/1782 1795/1795/1795
f 1782/1782/1782 1796/1796/1796 1795/1795/1795
f 1782/1782/1782 1783/1783/1783 1796/1796/1796
f 1783/1783/1783 1797/1797/1797 1796/1796/1796
f 1783/1783/1783 1784/1784/1784 1797/1797/1797
f 1784/1784/1784 1798/1798/1798 1797/1797/1797
f 1784/1784/1784 1785/1785/1785 1798/1798/1798
f 1785/1785/1785 1799/1799/1799 1798/1798/1798
f 1785/1785/1785 1786/1786/1786 1799/1799/1799
f 1786/1786/1786 1800/1800/1800 1799/1799/1799
f 1786/1786/1786 1787/1787/1787 1800/1800/1800
f 1787/1787/1787 1801/1801/1801 1800/1800/1800
f 1787/1787/1787 1788/1788/1788 1801/1801/1801
f 1788/1788/1788 1802/1802/1802 1801/1801/1801
f 1788/1788/1788 1789/1789/1789 1802/1802/1802
f 1789/1789/1789 1803/1803/1803 1802/1802/1802
f 1789/1789/1789 1790/1790/1790 1803/1803/1803
f 1790/1790/1790 1804/1804/1804 1803/1803/1803
f 1790/1790/1790 1791/1791/1791 1804/1804/1804
f 1791/1791/1791 1805/1805/1805 1804/1804/1804
f 1791/1791/1791 1792/1792/1792 1805/1805/1805
f 1806/1806/1806 1793/1793/1793 1794/1794/1794
f 1806/1806/1806 1794/1794/1794 1795/1795/1795
f 1806/1806/1806 1795/1795/1795 1796/1796/1796
f 1806/1806/1806 1796/1796/1796 1797/1797/1797
f 1806/1806/1806 1797/1797/1797 1798/1798/1798
f 1806/1806/1806 1798/1798/1798 1799/1799/1799
f 1806/1806/1806 1799/1799/1799 1800/1800/1800
f 1806/1806/1806 1800/1800/1800 1801/1801/1801
f 1806/1806/1806 1801/1801/1801 1802/1802/1802
f 1806/1806/1806 1802/1802/1802 1803/1803/1803
f 1806/1806/1806 1803/1803/1803 1804/1804/1804
f 1806/1806/1806 1804/1804/1804 1805/1805/1805
usemtl KrakenSucker
f 1807/1807/1807 1820/1820/1820 1821/1821/1821
f 1807/1807/1807 1821/1821/1821 1808/1808/1808
f 1808/1808/1808 1821/1821/1821 1822/1822/1822
f 1808/1808/1808 1822/1822/1822 1809/1809/1809
f 1809/1809/1809 1822/1822/1822 1823/1823/1823
f 1809/1809/1809 1823/1823/1823 1810/1810/1810
f 1810/1810/1810 1823/1823/1823 1824/1824/1824
f 1810/1810/1810 1824/1824/1824 1811/1811/1811
f 1811/1811/1811 1824/1824/1824 1825/1825/1825
f 1811/1811/1811 1825/1825/1825 1812/1812/1812
f 1812/1812/1812 1825/1825/1825 1826/1826/1826
f 1812/1812/1812 1826/1826/1826 1813/1813/1813
f 1813/1813/1813 1826/1826/1826 1827/1827/1827
f 1813/1813/1813 1827/1827/1827 1814/1814/1814
f 1814/1814/1814 1827/1827/1827 1828/1828/1828
f 1814/1814/1814 1828/1828/1828 1815/1815/1815
f 1815/1815/1815 1828/1828/1828 1829/1829/1829
f 1815/1815/1815 1829/1829/1829 1816/1816/1816
f 1816/1816/1816 1829/1829/1829 1830/1830/1830
f 1816/1816/1816 1830/1830/1830 1817/1817/1817
f 1817/1817/1817 1830/1830/1830 1831/1831/1831
f 1817/1817/1817 1831/1831/1831 1818/1818/1818
f 1818/1818/1818 1831/1831/1831 1832/1832/1832
f 1818/1818/1818 1832/1832/1832 1819/1819/1819
f 1820/1820/1820 1833/1833/1833 1834/1834/1834
f 1820/1820/1820 1834/1834/1834 1821/1821/1821
f 1821/1821/1821 1834/1834/1834 1835/1835/1835
f 1821/1821/1821 1835/1835/1835 1822/1822/1822
f 1822/1822/1822 1835/1835/1835 1836/1836/1836
f 1822/1822/1822 1836/1836/1836 1823/1823/1823
f 1823/1823/1823 1836/1836/1836 1837/1837/1837
f 1823/1823/1823 1837/1837/1837 1824/1824/1824
f 1824/1824/1824 1837/1837/1837 1838/1838/1838
f 1824/1824/1824 1838/1838/1838 1825/1825/1825
f 1825/1825/1825 1838/1838/1838 1839/1839/1839
f 1825/1825/1825 1839/1839/1839 1826/1826/1826
f 1826/1826/1826 1839/1839/1839 1840/1840/1840
f 1826/1826/1826 1840/1840/1840 1827/1827/1827
f 1827/1827/1827 1840/1840/1840 1841/1841/1841
f 1827/1827/1827 1841/1841/1841 1828/1828/1828
f 1828/1828/1828 1841/1841/1841 1842/1842/1842
f 1828/1828/1828 1842/1842/1842 1829/1829/1829
f 1829/1829/1829 1842/1842/1842 1843/1843/1843
f 1829/1829/1829 1843/1843/1843 1830/1830/1830
f 1830/1830/1830 1843/1843/1843 1844/1844/1844
f 1830/1830/1830 1844/1844/1844 1831/1831/1831
f 1831/1831/1831 1844/1844/1844 1845/1845/1845
f 1831/1831/1831 1845/1845/1845 1832/1832/1832
usemtl KrakenSuckerInner
f 1846/1846/1846 1860/1860/1860 1859/1859/1859
f 1846/1846/1846 1847/1847/1847 1860/1860/1860
f 1847/1847/1847 1861/1861/1861 1860/1860/1860
f 1847/1847/1847 1848/1848/1848 1861/1861/1861
f 1848/1848/1848 1862/1862/1862 1861/1861/1861
f 1848/1848/1848 1849/1849/1849 1862/1862/1862
f 1849/1849/1849 1863/1863/1863 1862/1862/1862
f 1849/1849/1849 1850/1850/1850 1863/1863/1863
f 1850/1850/1850 1864/1864/1864 1863/1863/1863
f 1850/1850/1850 1851/1851/1851 1864/1864/1864
f 1851/1851/1851 1865/1865/1865 1864/1864/1864
f 1851/1851/1851 1852/1852/1852 1865/1865/1865
f 1852/1852/1852 1866/1866/1866 1865/1865/1865
f 1852/1852/1852 1853/1853/1853 1866/1866/1866
f 1853/1853/1853 1867/1867/1867 1866/1866/1866
f 1853/1853/1853 1854/1854/1854 1867/1867/1867
f 1854/1854/1854 1868/1868/1868 1867/1867/1867
f 1854/1854/1854 1855/1855/1855 1868/1868/1868
f 1855/1855/1855 1869/1869/1869 1868/1868/1868
f 1855/1855/1855 1856/1856/1856 1869/1869/1869
f 1856/1856/1856 1870/1870/1870 1869/1869/1869
f 1856/1856/1856 1857/1857/1857 1870/1870/1870
f 1857/1857/1857 1871/1871/1871 1870/1870/1870
f 1857/1857/1857 1858/1858/1858 1871/1871/1871
f 1859/1859/1859 1873/1873/1873 1872/1872/1872
f 1859/1859/1859 1860/1860/1860 1873/1873/1873
f 1860/1860/1860 1874/1874/1874 1873/1873/1873
f 1860/1860/1860 1861/1861/1861 1874/1874/1874
f 1861/1861/1861 1875/1875/1875 1874/1874/1874
f 1861/1861/1861 1862/1862/1862 1875/1875/1875
f 1862/1862/1862 1876/1876/1876 1875/1875/1875
f 1862/1862/1862 1863/1863/1863 1876/1876/1876
f 1863/1863/1863 1877/1877/1877 1876/1876/1876
f 1863/1863/1863 1864/1864/1864 1877/1877/1877
f 1864/1864/1864 1878/1878/1878 1877/1877/1877
f 1864/1864/1864 1865/1865/1865 1878/1878/1878
f 1865/1865/1865 1879/1879/1879 1878/1878/1878
f 1865/1865/1865 1866/1866/1866 1879/1879/1879
f 1866/1866/1866 1880/1880/1880 1879/1879/1879
f 1866/1866/1866 1867/1867/1867 1880/1880/1880
f 1867/1867/1867 1881/1881/1881 1880/1880/1880
f 1867/1867/1867 1868/1868/1868 1881/1881/1881
f 1868/1868/1868 1882/1882/1882 1881/1881/1881
f 1868/1868/1868 1869/1869/1869 1882/1882/1882
f 1869/1869/1869 1883/1883/1883 1882/1882/1882
f 1869/1869/1869 1870/1870/1870 1883/1883/1883
f 1870/1870/1870 1884/1884/1884 1883/1883/1883
f 1870/1870/1870 1871/1871/1871 1884/1884/1884
f 1885/1885/1885 1872/1872/1872 1873/1873/1873
f 1885/1885/1885 1873/1873/1873 1874/1874/1874
f 1885/1885/1885 1874/1874/1874 1875/1875/1875
f 1885/1885/1885 1875/1875/1875 1876/1876/1876
f 1885/1885/1885 1876/1876/1876 1877/1877/1877
f 1885/1885/1885 1877/1877/1877 1878/1878/1878
f 1885/1885/1885 1878/1878/1878 1879/1879/1879
f 1885/1885/1885 1879/1879/1879 1880/1880/1880
f 1885/1885/1885 1880/1880/1880 1881/1881/1881
f 1885/1885/1885 1881/1881/1881 1882/1882/1882
f 1885/1885/1885 1882/1882/1882 1883/1883/1883
f 1885/1885/1885 1883/1883/1883 1884/1884/1884
usemtl KrakenSucker
f 1886/1886/1886 1899/1899/1899 1900/1900/1900
f 1886/1886/1886 1900/1900/1900 1887/1887/1887
f 1887/1887/1887 1900/1900/1900 1901/1901/1901
f 1887/1887/1887 1901/1901/1901 1888/1888/1888
f 1888/1888/1888 1901/1901/1901 1902/1902/1902
f 1888/1888/1888 1902/1902/1902 1889/1889/1889
f 1889/1889/1889 1902/1902/1902 1903/1903/1903
f 1889/1889/1889 1903/1903/1903 1890/1890/1890
f 1890/1890/1890 1903/1903/1903 1904/1904/1904
f 1890/1890/1890 1904/1904/1904 1891/1891/1891
f 1891/1891/1891 1904/1904/1904 1905/1905/1905
f 1891/1891/1891 1905/1905/1905 1892/1892/1892
f 1892/1892/1892 1905/1905/1905 1906/1906/1906
f 1892/1892/1892 1906/1906/1906 1893/1893/1893
f 1893/1893/1893 1906/1906/1906 1907/1907/1907
f 1893/1893/1893 1907/1907/1907 1894/1894/1894
f 1894/1894/1894 1907/1907/1907 1908/1908/1908
f 1894/1894/1894 1908/1908/1908 1895/1895/1895
f 1895/1895/1895 1908/1908/1908 1909/1909/1909
f 1895/1895/1895 1909/1909/1909 1896/1896/1896
f 1896/1896/1896 1909/1909/1909 1910/1910/1910
f 1896/1896/1896 1910/1910/1910 1897/1897/1897
f 1897/1897/1897 1910/1910/1910 1911/1911/1911
f 1897/1897/1897 1911/1911/1911 1898/1898/1898
f 1899/1899/1899 1912/1912/1912 1913/1913/1913
f 1899/1899/1899 1913/1913/1913 1900/1900/1900
f 1900/1900/1900 1913/1913/1913 1914/1914/1914
f 1900/1900/1900 1914/1914/1914 1901/1901/1901
f 1901/1901/1901 1914/1914/1914 1915/1915/1915
f 1901/1901/1901 1915/1915/1915 1902/1902/1902
f 1902/1902/1902 1915/1915/1915 1916/1916/1916
f 1902/1902/1902 1916/1916/1916 1903/1903/1903
f 1903/1903/1903 1916/1916/1916 1917/1917/1917
f 1903/1903/1903 1917/1917/1917 1904/1904/1904
f 1904/1904/1904 1917/1917/1917 1918/1918/1918
f 1904/1904/1904 1918/1918/1918 1905/1905/1905
f 1905/1905/1905 1918/1918/1918 1919/1919/1919
f 1905/1905/1905 1919/1919/1919 1906/1906/1906
f 1906/1906/1906 1919/1919/1919 1920/1920/1920
f 1906/1906/1906 1920/1920/1920 1907/1907/1907
f 1907/1907/1907 1920/1920/1920 1921/1921/1921
f 1907/1907/1907 1921/1921/1921 1908/1908/1908
f 1908/1908/1908 1921/1921/1921 1922/1922/1922
f 1908/1908/1908 1922/1922/1922 1909/1909/1909
f 1909/1909/1909 1922/1922/1922 1923/1923/1923
f 1909/1909/1909 1923/1923/1923 1910/1910/1910
f 1910/1910/1910 1923/1923/1923 1924/1924/1924
f 1910/1910/1910 1924/1924/1924 1911/1911/1911
usemtl KrakenSuckerInner
f 1925/1925/1925 1939/1939/1939 1938/1938/1938
f 1925/1925/1925 1926/1926/1926 1939/1939/1939
f 1926/1926/1926 1940/1940/1940 1939/1939/1939
f 1926/1926/1926 1927/1927/1927 1940/1940/1940
f 1927/1927/1927 1941/1941/1941 1940/1940/1940
f 1927/1927/1927 1928/1928/1928 1941/1941/1941
f 1928/1928/1928 1942/1942/1942 1941/1941/1941
f 1928/1928/1928 1929/1929/1929 1942/1942/1942
f 1929/1929/1929 1943/1943/1943 1942/1942/1942
f 1929/1929/1929 1930/1930/1930 1943/1943/1943
f 1930/1930/1930 1944/1944/1944 1943/1943/1943
f 1930/1930/1930 1931/1931/1931 1944/1944/1944
f 1931/1931/1931 1945/1945/1945 1944/1944/1944
f 1931/1931/1931 1932/1932/1932 1945/1945/1945
f 1932/1932/1932 1946/1946/1946 1945/1945/1945
f 1932/1932/1932 1933/1933/1933 1946/1946/1946
f 1933/1933/1933 1947/1947/1947 1946/1946/1946
f 1933/1933/1933 1934/1934/1934 1947/1947/1947
f 1934/1934/1934 1948/1948/1948 1947/1947/1947
f 1934/1934/1934 1935/1935/1935 1948/1948/1948
f 1935/1935/1935 1949/1949/1949 1948/1948/1948
f 1935/1935/1935 1936/1936/1936 1949/1949/1949
f 1936/1936/1936 1950/1950/1950 1949/1949/1949
f 1936/1936/1936 1937/1937/1937 1950/1950/1950
f 1938/1938/1938 1952/1952/1952 1951/1951/1951
f 1938/1938/1938 1939/1939/1939 1952/1952/1952
f 1939/1939/1939 1953/1953/1953 1952/1952/1952
f 1939/1939/1939 1940/1940/1940 1953/1953/1953
f 1940/1940/1940 1954/1954/1954 1953/1953/1953
f 1940/1940/1940 1941/1941/1941 1954/1954/1954
f 1941/1941/1941 1955/1955/1955 1954/1954/1954
f 1941/1941/1941 1942/1942/1942 1955/1955/1955
f 1942/1942/1942 1956/1956/1956 1955/1955/1955
f 1942/1942/1942 1943/1943/1943 1956/1956/1956
f 1943/1943/1943 1957/1957/1957 1956/1956/1956
f 1943/1943/1943 1944/1944/1944 1957/1957/1957
f 1944/1944/1944 1958/1958/1958 1957/1957/1957
f 1944/1944/1944 1945/1945/1945 1958/1958/1958
f 1945/1945/1945 1959/1959/1959 1958/1958/1958
f 1945/1945/1945 1946/1946/1946 1959/1959/1959
f 1946/1946/1946 1960/1960/1960 1959/1959/1959
f 1946/1946/1946 1947/1947/1947 1960/1960/1960
f 1947/1947/1947 1961/1961/1961 1960/1960/1960
f 1947/1947/1947 1948/1948/1948 1961/1961/1961
f 1948/1948/1948 1962/1962/1962 1961/1961/1961
f 1948/1948/1948 1949/1949/1949 1962/1962/1962
f 1949/1949/1949 1963/1963/1963 1962/1962/1962
f 1949/1949/1949 1950/1950/1950 1963/1963/1963
f 1964/1964/1964 1951/1951/1951 1952/1952/1952
f 1964/1964/1964 1952/1952/1952 1953/1953/1953
f 1964/1964/1964 1953/1953/1953 1954/1954/1954
f 1964/1964/1964 1954/1954/1954 1955/1955/1955
f 1964/1964/1964 1955/1955/1955 1956/1956/1956
f 1964/1964/1964 1956/1956/1956 1957/1957/1957
f 1964/1964/1964 1957/1957/1957 1958/1958/1958
f 1964/1964/1964 1958/1958/1958 1959/1959/1959
f 1964/1964/1964 1959/1959/1959 1960/1960/1960
f 1964/1964/1964 1960/1960/1960 1961/1961/1961
f 1964/1964/1964 1961/1961/1961 1962/1962/1962
f 1964/1964/1964 1962/1962/1962 1963/1963/1963
usemtl KrakenSucker
f 1965/1965/1965 1978/1978/1978 1979/1979/1979
f 1965/1965/1965 1979/1979/1979 1966/1966/1966
f 1966/1966/1966 1979/1979/1979 1980/1980/1980
f 1966/1966/1966 1980/1980/1980 1967/1967/1967
f 1967/1967/1967 1980/1980/1980 1981/1981/1981
f 1967/1967/1967 1981/1981/1981 1968/1968/1968
f 1968/1968/1968 1981/1981/1981 1982/1982/1982
f 1968/1968/1968 1982/1982/1982 1969/1969/1969
f 1969/1969/1969 1982/1982/1982 1983/1983/1983
f 1969/1969/1969 1983/1983/1983 1970/1970/1970
f 1970/1970/1970 1983/1983/1983 1984/1984/1984
f 1970/1970/1970 1984/1984/1984 1971/1971/1971
f 1971/1971/1971 1984/1984/1984 1985/1985/1985
f 1971/1971/1971 1985/1985/1985 1972/1972/1972
f 1972/1972/1972 1985/1985/1985 1986/1986/1986
f 1972/1972/1972 1986/1986/1986 1973/1973/1973
f 1973/1973/1973 1986/1986/1986 1987/1987/1987
f 1973/1973/1973 1987/1987/1987 1974/1974/1974
f 1974/1974/1974 1987/1987/1987 1988/1988/1988
f 1974/1974/1974 1988/1988/1988 1975/1975/1975
f 1975/1975/1975 1988/1988/1988 1989/1989/1989
f 1975/1975/1975 1989/1989/1989 1976/1976/1976
f 1976/1976/1976 1989/1989/1989 1990/1990/1990
f 1976/1976/1976 1990/1990/1990 1977/1977/1977
f 1978/1978/1978 1991/1991/1991 1992/1992/1992
f 1978/1978/1978 1992/1992/1992 1979/1979/1979
f 1979/1979/1979 1992/1992/1992 1993/1993/1993
f 1979/1979/1979 1993/1993/1993 1980/1980/1980
f 1980/1980/1980 1993/1993/1993 1994/1994/1994
f 1980/1980/1980 1994/1994/1994 1981/1981/1981
f 1981/1981/1981 1994/1994/1994 1995/1995/1995
f 1981/1981/1981 1995/1995/1995 1982/1982/1982
f 1982/1982/1982 1995/1995/1995 1996/1996/1996
f 1982/1982/1982 1996/1996/1996 1983/1983/1983
f 1983/1983/1983 1996/1996/1996 1997/1997/1997
f 1983/1983/1983 1997/1997/1997 1984/1984/1984
f 1984/1984/1984 1997/1997/1997 1998/1998/1998
f 1984/1984/1984 1998/1998/1998 1985/1985/1985
f 1985/1985/1985 1998/1998/1998 1999/1999/1999
f 1985/1985/1985 1999/1999/1999 1986/1986/1986
f 1986/1986/1986 1999/1999/1999 2000/2000/2000
f 1986/1986/1986 2000/2000/2000 1987/1987/1987
f 1987/1987/1987 2000/2000/2000 2001/2001/2001
f 1987/1987/1987 2001/2001/2001 1988/1988/1988
f 1988/1988/1988 2001/2001/2001 2002/2002/2002
f 1988/1988/1988 2002/2002/2002 1989/1989/1989
f 1989/1989/1989 2002/2002/2002 2003/2003/2003
f 1989/1989/1989 2003/2003/2003 1990/1990/1990
usemtl KrakenSuckerInner
f 2004/2004/2004 2018/2018/2018 2017/2017/2017
f 2004/2004/2004 2005/2005/2005 2018/2018/2018
f 2005/2005/2005 2019/2019/2019 2018/2018/2018
f 2005/2005/2005 2006/2006/2006 2019/2019/2019
f 2006/2006/2006 2020/2020/2020 2019/2019/2019
f 2006/2006/2006 2007/2007/2007 2020/2020/2020
f 2007/2007/2007 2021/2021/2021 2020/2020/2020
f 2007/2007/2007 2008/2008/2008 2021/2021/2021
f 2008/2008/2008 2022/2022/2022 2021/2021/2021
f 2008/2008/2008 2009/2009/2009 2022/2022/2022
f 2009/2009/2009 2023/2023/2023 2022/2022/2022
f 2009/2009/2009 2010/2010/2010 2023/2023/2023
f 2010/2010/2010 2024/2024/2024 2023/2023/2023
f 2010/2010/2010 2011/2011/2011 2024/2024/2024
f 2011/2011/2011 2025/2025/2025 2024/2024/2024
f 2011/2011/2011 2012/2012/2012 2025/2025/2025
f 2012/2012/2012 2026/2026/2026 2025/2025/2025
f 2012/2012/2012 2013/2013/2013 2026/2026/2026
f 2013/2013/2013 2027/2027/2027 2026/2026/2026
f 2013/2013/2013 2014/2014/2014 2027/2027/2027
f 2014/2014/2014 2028/2028/2028 2027/2027/2027
f 2014/2014/2014 2015/2015/2015 2028/2028/2028
f 2015/2015/2015 2029/2029/2029 2028/2028/2028
f 2015/2015/2015 2016/2016/2016 2029/2029/2029
f 2017/2017/2017 2031/2031/2031 2030/2030/2030
f 2017/2017/2017 2018/2018/2018 2031/2031/2031
f 2018/2018/2018 2032/2032/2032 2031/2031/2031
f 2018/2018/2018 2019/2019/2019 2032/2032/2032
f 2019/2019/2019 2033/2033/2033 2032/2032/2032
f 2019/2019/2019 2020/2020/2020 2033/2033/2033
f 2020/2020/2020 2034/2034/2034 2033/2033/2033
f 2020/2020/2020 2021/2021/2021 2034/2034/2034
f 2021/2021/2021 2035/2035/2035 2034/2034/2034
f 2021/2021/2021 2022/2022/2022 2035/2035/2035
f 2022/2022/2022 2036/2036/2036 2035/2035/2035
f 2022/2022/2022 2023/2023/2023 2036/2036/2036
f 2023/2023/2023 2037/2037/2037 2036/2036/2036
f 2023/2023/2023 2024/2024/2024 2037/2037/2037
f 2024/2024/2024 2038/2038/2038 2037/2037/2037
f 2024/2024/2024 2025/2025/2025 2038/2038/2038
f 2025/2025/2025 2039/2039/2039 2038/2038/2038
f 2025/2025/2025 2026/2026/2026 2039/2039/2039
f 2026/2026/2026 2040/2040/2040 2039/2039/2039
f 2026/2026/2026 2027/2027/2027 2040/2040/2040
f 2027/2027/2027 2041/2041/2041 2040/2040/2040
f 2027/2027/2027 2028/2028/2028 2041/2041/2041
f 2028/2028/2028 2042/2042/2042 2041/2041/2041
f 2028/2028/2028 2029/2029/2029 2042/2042/2042
f 2043/2043/2043 2030/2030/2030 2031/2031/2031
f 2043/2043/2043 2031/2031/2031 2032/2032/2032
f 2043/2043/2043 2032/2032/2032 2033/2033/2033
f 2043/2043/2043 2033/2033/2033 2034/2034/2034
f 2043/2043/2043 2034/2034/2034 2035/2035/2035
f 2043/2043/2043 2035/2035/2035 2036/2036/2036
f 2043/2043/2043 2036/2036/2036 2037/2037/2037
f 2043/2043/2043 2037/2037/2037 2038/2038/2038
f 2043/2043/2043 2038/2038/2038 2039/2039/2039
f 2043/2043/2043 2039/2039/2039 2040/2040/2040
f 2043/2043/2043 2040/2040/2040 2041/2041/2041
f 2043/2043/2043 2041/2041/2041 2042/2042/2042
usemtl KrakenSucker
f 2044/2044/2044 2057/2057/2057 2058/2058/2058
f 2044/2044/2044 2058/2058/2058 2045/2045/2045
f 2045/2045/2045 2058/2058/2058 2059/2059/2059
f 2045/2045/2045 2059/2059/2059 2046/2046/2046
f 2046/2046/2046 2059/2059/2059 2060/2060/2060
f 2046/2046/2046 2060/2060/2060 2047/2047/2047
f 2047/2047/2047 2060/2060/2060 2061/2061/2061
f 2047/2047/2047 2061/2061/2061 2048/2048/2048
f 2048/2048/2048 2061/2061/2061 2062/2062/2062
f 2048/2048/2048 2062/2062/2062 2049/2049/2049
f 2049/2049/2049 2062/2062/2062 2063/2063/2063
f 2049/2049/2049 2063/2063/2063 2050/2050/2050
f 2050/2050/2050 2063/2063/2063 2064/2064/2064
f 2050/2050/2050 2064/2064/2064 2051/2051/2051
f 2051/2051/2051 2064/2064/2064 2065/2065/2065
f 2051/2051/2051 2065/2065/2065 2052/2052/2052
f 2052/2052/2052 2065/2065/2065 2066/2066/2066
f 2052/2052/2052 2066/2066/2066 2053/2053/2053
f 2053/2053/2053 2066/2066/2066 2067/2067/2067
f 2053/2053/2053 2067/2067/2067 2054/2054/2054
f 2054/2054/2054 2067/2067/2067 2068/2068/2068
f 2054/2054/2054 2068/2068/2068 2055/2055/2055
f 2055/2055/2055 2068/2068/2068 2069/2069/2069
f 2055/2055/2055 2069/2069/2069 2056/2056/2056
f 2057/2057/2057 2070/2070/2070 2071/2071/2071
f 2057/2057/2057 2071/2071/2071 2058/2058/2058
f 2058/2058/2058 2071/2071/2071 2072/2072/2072
f 2058/2058/2058 2072/2072/2072 2059/2059/2059
f 2059/2059/2059 2072/2072/2072 2073/2073/2073
f 2059/2059/2059 2073/2073/2073 2060/2060/2060
f 2060/2060/2060 2073/2073/2073 2074/2074/2074
f 2060/2060/2060 2074/2074/2074 2061/2061/2061
f 2061/2061/2061 2074/2074/2074 2075/2075/2075
f 2061/2061/2061 2075/2075/2075 2062/2062/2062
f 2062/2062/2062 2075/2075/2075 2076/2076/2076
f 2062/2062/2062 2076/2076/2076 2063/2063/2063
f 2063/2063/2063 2076/2076/2076 2077/2077/2077
f 2063/2063/2063 2077/2077/2077 2064/2064/2064
f 2064/2064/2064 2077/2077/2077 2078/2078/2078
f 2064/2064/2064 2078/2078/2078 2065/2065/2065
f 2065/2065/2065 2078/2078/2078 2079/2079/2079
f 2065/2065/2065 2079/2079/2079 2066/2066/2066
f 2066/2066/2066 2079/2079/2079 2080/2080/2080
f 2066/2066/2066 2080/2080/2080 2067/2067/2067
f 2067/2067/2067 2080/2080/2080 2081/2081/2081
f 2067/2067/2067 2081/2081/2081 2068/2068/2068
f 2068/2068/2068 2081/2081/2081 2082/2082/2082
f 2068/2068/2068 2082/2082/2082 2069/2069/2069
usemtl KrakenSuckerInner
f 2083/2083/2083 2097/2097/2097 2096/2096/2096
f 2083/2083/2083 2084/2084/2084 2097/2097/2097
f 2084/2084/2084 2098/2098/2098 2097/2097/2097
f 2084/2084/2084 2085/2085/2085 2098/2098/2098
f 2085/2085/2085 2099/2099/2099 2098/2098/2098
f 2085/2085/2085 2086/2086/2086 2099/2099/2099
f 2086/2086/2086 2100/2100/2100 2099/2099/2099
f 2086/2086/2086 2087/2087/2087 2100/2100/2100
f 2087/2087/2087 2101/2101/2101 2100/2100/2100
f 2087/2087/2087 2088/2088/2088 2101/2101/2101
f 2088/2088/2088 2102/2102/2102 2101/2101/2101
f 2088/2088/2088 2089/2089/2089 2102/2102/2102
f 2089/2089/2089 2103/2103/2103 2102/2102/2102
f 2089/2089/2089 2090/2090/2090 2103/2103/2103
f 2090/2090/2090 2104/2104/2104 2103/2103/2103
f 2090/2090/2090 2091/2091/2091 2104/2104/2104
f 2091/2091/2091 2105/2105/2105 2104/2104/2104
f 2091/2091/2091 2092/2092/2092 2105/2105/2105
f 2092/2092/2092 2106/2106/2106 2105/2105/2105
f 2092/2092/2092 2093/2093/2093 2106/2106/2106
f 2093/2093/2093 2107/2107/2107 2106/2106/2106
f 2093/2093/2093 2094/2094/2094 2107/2107/2107
f 2094/2094/2094 2108/2108/2108 2107/2107/2107
f 2094/2094/2094 2095/2095/2095 2108/2108/2108
f 2096/2096/2096 2110/2110/2110 2109/2109/2109
f 2096/2096/2096 2097/2097/2097 2110/2110/2110
f 2097/2097/2097 2111/2111/2111 2110/2110/2110
f 2097/2097/2097 2098/2098/2098 2111/2111/2111
f 2098/2098/2098 2112/2112/2112 2111/2111/2111
f 2098/2098/2098 2099/2099/2099 2112/2112/2112
f 2099/2099/2099 2113/2113/2113 2112/2112/2112
f 2099/2099/2099 2100/2100/2100 2113/2113/2113
f 2100/2100/2100 2114/2114/2114 2113/2113/2113
f 2100/2100/2100 2101/2101/2101 2114/2114/2114
f 2101/2101/2101 2115/2115/2115 2114/2114/2114
f 2101/2101/2101 2102/2102/2102 2115/2115/2115
f 2102/2102/2102 2116/2116/2116 2115/2115/2115
f 2102/2102/2102 2103/2103/2103 2116/2116/2116
f 2103/2103/2103 2117/2117/2117 2116/2116/2116
f 2103/2103/2103 2104/2104/2104 2117/2117/2117
f 2104/2104/2104 2118/2118/2118 2117/2117/2117
f 2104/2104/2104 2105/2105/2105 2118/2118/2118
f 2105/2105/2105 2119/2119/2119 2118/2118/2118
f 2105/2105/2105 2106/2106/2106 2119/2119/2119
f 2106/2106/2106 2120/2120/2120 2119/2119/2119
f 2106/2106/2106 2107/2107/2107 2120/2120/2120
f 2107/2107/2107 2121/2121/2121 2120/2120/2120
f 2107/2107/2107 2108/2108/2108 2121/2121/2121
f 2122/2122/2122 2109/2109/2109 2110/2110/2110
f 2122/2122/2122 2110/2110/2110 2111/2111/2111
f 2122/2122/2122 2111/2111/2111 2112/2112/2112
f 2122/2122/2122 2112/2112/2112 2113/2113/2113
f 2122/2122/2122 2113/2113/2113 2114/2114/2114
f 2122/2122/2122 2114/2114/2114 2115/2115/2115
f 2122/2122/2122 2115/2115/2115 2116/2116/2116
f 2122/2122/2122 2116/2116/2116 2117/2117/2117
f 2122/2122/2122 2117/2117/2117 2118/2118/2118
f 2122/2122/2122 2118/2118/2118 2119/2119/2119
f 2122/2122/2122 2119/2119/2119 2120/2120/2120
f 2122/2122/2122 2120/2120/2120 2121/2121/2121
usemtl KrakenSucker
f 2123/2123/2123 2136/2136/2136 2137/2137/2137
f 2123/2123/2123 2137/2137/2137 2124/2124/2124
f 2124/2124/2124 2137/2137/2137 2138/2138/2138
f 2124/2124/2124 2138/2138/2138 2125/2125/2125
f 2125/2125/2125 2138/2138/2138 2139/2139/2139
f 2125/2125/2125 2139/2139/2139 2126/2126/2126
f 2126/2126/2126 2139/2139/2139 2140/2140/2140
f 2126/2126/2126 2140/2140/2140 2127/2127/2127
f 2127/2127/2127 2140/2140/2140 2141/2141/2141
f 2127/2127/2127 2141/2141/2141 2128/2128/2128
f 2128/2128/2128 2141/2141/2141 2142/2142/2142
f 2128/2128/2128 2142/2142/2142 2129/2129/2129
f 2129/2129/2129 2142/2142/2142 2143/2143/2143
f 2129/2129/2129 2143/2143/2143 2130/2130/2130
f 2130/2130/2130 2143/2143/2143 2144/2144/2144
f 2130/2130/2130 2144/2144/2144 2131/2131/2131
f 2131/2131/2131 2144/2144/2144 2145/2145/2145
f 2131/2131/2131 2145/2145/2145 2132/2132/2132
f 2132/2132/2132 2145/2145/2145 2146/2146/2146
f 2132/2132/2132 2146/2146/2146 2133/2133/2133
f 2133/2133/2133 2146/2146/2146 2147/2147/2147
f 2133/2133/2133 2147/2147/2147 2134/2134/2134
f 2134/2134/2134 2147/2147/2147 2148/2148/2148
f 2134/2134/2134 2148/2148/2148 2135/2135/2135
f 2136/2136/2136 2149/2149/2149 2150/2150/2150
f 2136/2136/2136 2150/2150/2150 2137/2137/2137
f 2137/2137/2137 2150/2150/2150 2151/2151/2151
f 2137/2137/2137 2151/2151/2151 2138/2138/2138
f 2138/2138/2138 2151/2151/2151 2152/2152/2152
f 2138/2138/2138 2152/2152/2152 2139/2139/2139
f 2139/2139/2139 2152/2152/2152 2153/2153/2153
f 2139/2139/2139 2153/2153/2153 2140/2140/2140
f 2140/2140/2140 2153/2153/2153 2154/2154/2154
f 2140/2140/2140 2154/2154/2154 2141/2141/2141
f 2141/2141/2141 2154/2154/2154 2155/2155/2155
f 2141/2141/2141 2155/2155/2155 2142/2142/2142
f 2142/2142/2142 2155/2155/2155 2156/2156/2156
f 2142/2142/2142 2156/2156/2156 2143/2143/2143
f 2143/2143/2143 2156/2156/2156 2157/2157/2157
f 2143/2143/2143 2157/2157/2157 2144/2144/2144
f 2144/2144/2144 2157/2157/2157 2158/2158/2158
f 2144/2144/2144 2158/2158/2158 2145/2145/2145
f 2145/2145/2145 2158/2158/2158 2159/2159/2159
f 2145/2145/2145 2159/2159/2159 2146/2146/2146
f 2146/2146/2146 2159/2159/2159 2160/2160/2160
f 2146/2146/2146 2160/2160/2160 2147/2147/2147
f 2147/2147/2147 2160/2160/2160 2161/2161/2161
f 2147/2147/2147 2161/2161/2161 2148/2148/2148
usemtl KrakenSuckerInner
f 2162/2162/2162 2176/2176/2176 2175/2175/2175
f 2162/2162/2162 2163/2163/2163 2176/2176/2176
f 2163/2163/2163 2177/2177/2177 2176/2176/2176
f 2163/2163/2163 2164/2164/2164 2177/2177/2177
f 2164/2164/2164 2178/2178/2178 2177/2177/2177
f 2164/2164/2164 2165/2165/2165 2178/2178/2178
f 2165/2165/2165 2179/2179/2179 2178/2178/2178
f 2165/2165/2165 2166/2166/2166 2179/2179/2179
f 2166/2166/2166 2180/2180/2180 2179/2179/2179
f 2166/2166/2166 2167/2167/2167 2180/2180/2180
f 2167/2167/2167 2181/2181/2181 2180/2180/2180
f 2167/2167/2167 2168/2168/2168 2181/2181/2181
f 2168/2168/2168 2182/2182/2182 2181/2181/2181
f 2168/2168/2168 2169/2169/2169 2182/2182/2182
f 2169/2169/2169 2183/2183/2183 2182/2182/2182
f 2169/2169/2169 2170/2170/2170 2183/2183/2183
f 2170/2170/2170 2184/2184/2184 2183/2183/2183
f 2170/2170/2170 2171/2171/2171 2184/2184/2184
f 2171/2171/2171 2185/2185/2185 2184/2184/2184
f 2171/2171/2171 2172/2172/2172 2185/2185/2185
f 2172/2172/2172 2186/2186/2186 2185/2185/2185
f 2172/2172/2172 2173/2173/2173 2186/2186/2186
f 2173/2173/2173 2187/2187/2187 2186/2186/2186
f 2173/2173/2173 2174/2174/2174 2187/2187/2187
f 2175/2175/2175 2189/2189/2189 2188/2188/2188
f 2175/2175/2175 2176/2176/2176 2189/2189/2189
f 2176/2176/2176 2190/2190/2190 2189/2189/2189
f 2176/2176/2176 2177/2177/2177 2190/2190/2190
f 2177/2177/2177 2191/2191/2191 2190/2190/2190
f 2177/2177/2177 2178/2178/2178 2191/2191/2191
f 2178/2178/2178 2192/2192/2192 2191/2191/2191
f 2178/2178/2178 2179/2179/2179 2192/2192/2192
f 2179/2179/2179 2193/2193/2193 2192/2192/2192
f 2179/2179/2179 2180/2180/2180 2193/2193/2193
f 2180/2180/2180 2194/2194/2194 2193/2193/2193
f 2180/2180/2180 2181/2181/2181 2194/2194/2194
f 2181/2181/2181 2195/2195/2195 2194/2194/2194
f 2181/2181/2181 2182/2182/2182 2195/2195/2195
f 2182/2182/2182 2196/2196/2196 2195/2195/2195
f 2182/2182/2182 2183/2183/2183 2196/2196/2196
f 2183/2183/2183 2197/2197/2197 2196/2196/2196
f 2183/2183/2183 2184/2184/2184 2197/2197/2197
f 2184/2184/2184 2198/2198/2198 2197/2197/2197
f 2184/2184/2184 2185/2185/2185 2198/2198/2198
f 2185/2185/2185 2199/2199/2199 2198/2198/2198
f 2185/2185/2185 2186/2186/2186 2199/2199/2199
f 2186/2186/2186 2200/2200/2200 2199/2199/2199
f 2186/2186/2186 2187/2187/2187 2200/2200/2200
f 2201/2201/2201 2188/2188/2188 2189/2189/2189
f 2201/2201/2201 2189/2189/2189 2190/2190/2190
f 2201/2201/2201 2190/2190/2190 2191/2191/2191
f 2201/2201/2201 2191/2191/2191 2192/2192/2192
f 2201/2201/2201 2192/2192/2192 2193/2193/2193
f 2201/2201/2201 2193/2193/2193 2194/2194/2194
f 2201/2201/2201 2194/2194/2194 2195/2195/2195
f 2201/2201/2201 2195/2195/2195 2196/2196/2196
f 2201/2201/2201 2196/2196/2196 2197/2197/2197
f 2201/2201/2201 2197/2197/2197 2198/2198/2198
f 2201/2201/2201 2198/2198/2198 2199/2199/2199
f 2201/2201/2201 2199/2199/2199 2200/2200/2200
usemtl KrakenSucker
f 2202/2202/2202 2215/2215/2215 2216/2216/2216
f 2202/2202/2202 2216/2216/2216 2203/2203/2203
f 2203/2203/2203 2216/2216/2216 2217/2217/2217
f 2203/2203/2203 2217/2217/2217 2204/2204/2204
f 2204/2204/2204 2217/2217/2217 2218/2218/2218
f 2204/2204/2204 2218/2218/2218 2205/2205/2205
f 2205/2205/2205 2218/2218/2218 2219/2219/2219
f 2205/2205/2205 2219/2219/2219 2206/2206/2206
f 2206/2206/2206 2219/2219/2219 2220/2220/2220
f 2206/2206/2206 2220/2220/2220 2207/2207/2207
f 2207/2207/2207 2220/2220/2220 2221/2221/2221
f 2207/2207/2207 2221/2221/2221 2208/2208/2208
f 2208/2208/2208 2221/2221/2221 2222/2222/2222
f 2208/2208/2208 2222/2222/2222 2209/2209/2209
f 2209/2209/2209 2222/2222/2222 2223/2223/2223
f 2209/2209/2209 2223/2223/2223 2210/2210/2210
f 2210/2210/2210 2223/2223/2223 2224/2224/2224
f 2210/2210/2210 2224/2224/2224 2211/2211/2211
f 2211/2211/2211 2224/2224/2224 2225/2225/2225
f 2211/2211/2211 2225/2225/2225 2212/2212/2212
f 2212/2212/2212 2225/2225/2225 2226/2226/2226
f 2212/2212/2212 2226/2226/2226 2213/2213/2213
f 2213/2213/2213 2226/2226/2226 2227/2227/2227
f 2213/2213/2213 2227/2227/2227 2214/2214/2214
f 2215/2215/2215 2228/2228/2228 2229/2229/2229
f 2215/2215/2215 2229/2229/2229 2216/2216/2216
f 2216/2216/2216 2229/2229/2229 2230/2230/2230
f 2216/2216/2216 2230/2230/2230 2217/2217/2217
f 2217/2217/2217 2230/2230/2230 2231/2231/2231
f 2217/2217/2217 2231/2231/2231 2218/2218/2218
f 2218/2218/2218 2231/2231/2231 2232/2232/2232
f 2218/2218/2218 2232/2232/2232 2219/2219/2219
f 2219/2219/2219 2232/2232/2232 2233/2233/2233
f 2219/2219/2219 2233/2233/2233 2220/2220/2220
f 2220/2220/2220 2233/2233/2233 2234/2234/2234
f 2220/2220/2220 2234/2234/2234 2221/2221/2221
f 2221/2221/2221 2234/2234/2234 2235/2235/2235
f 2221/2221/2221 2235/2235/2235 2222/2222/2222
f 2222/2222/2222 2235/2235/2235 2236/2236/2236
f 2222/2222/2222 2236/2236/2236 2223/2223/2223
f 2223/2223/2223 2236/2236/2236 2237/2237/2237
f 2223/2223/2223 2237/2237/2237 2224/2224/2224
f 2224/2224/2224 2237/2237/2237 2238/2238/2238
f 2224/2224/2224 2238/2238/2238 2225/2225/2225
f 2225/2225/2225 2238/2238/2238 2239/2239/2239
f 2225/2225/2225 2239/2239/2239 2226/2226/2226
f 2226/2226/2226 2239/2239/2239 2240/2240/2240
f 2226/2226/2226 2240/2240/2240 2227/2227/2227
usemtl KrakenSuckerInner
f 2241/2241/2241 2255/2255/2255 2254/2254/2254
f 2241/2241/2241 2242/2242/2242 2255/2255/2255
f 2242/2242/2242 2256/2256/2256 2255/2255/2255
f 2242/2242/2242 2243/2243/2243 2256/2256/2256
f 2243/2243/2243 2257/2257/2257 2256/2256/2256
f 2243/2243/2243 2244/2244/2244 2257/2257/2257
f 2244/2244/2244 2258/2258/2258 2257/2257/2257
f 2244/2244/2244 2245/2245/2245 2258/2258/2258
f 2245/2245/2245 2259/2259/2259 2258/2258/2258
f 2245/2245/2245 2246/2246/2246 2259/2259/2259
f 2246/2246/2246 2260/2260/2260 2259/2259/2259
f 2246/2246/2246 2247/2247/2247 2260/2260/2260
f 2247/2247/2247 2261/2261/2261 2260/2260/2260
f 2247/2247/2247 2248/2248/2248 2261/2261/2261
f 2248/2248/2248 2262/2262/2262 2261/2261/2261
f 2248/2248/2248 2249/2249/2249 2262/2262/2262
f 2249/2249/2249 2263/2263/2263 2262/2262/2262
f 2249/2249/2249 2250/2250/2250 2263/2263/2263
f 2250/2250/2250 2264/2264/2264 2263/2263/2263
f 2250/2250/2250 2251/2251/2251 2264/2264/2264
f 2251/2251/2251 2265/2265/2265 2264/2264/2264
f 2251/2251/2251 2252/2252/2252 2265/2265/2265
f 2252/2252/2252 2266/2266/2266 2265/2265/2265
f 2252/2252/2252 2253/2253/2253 2266/2266/2266
f 2254/2254/2254 2268/2268/2268 2267/2267/2267
f 2254/2254/2254 2255/2255/2255 2268/2268/2268
f 2255/2255/2255 2269/2269/2269 2268/2268/2268
f 2255/2255/2255 2256/2256/2256 2269/2269/2269
f 2256/2256/2256 2270/2270/2270 2269/2269/2269
f 2256/2256/2256 2257/2257/2257 2270/2270/2270
f 2257/2257/2257 2271/2271/2271 2270/2270/2270
f 2257/2257/2257 2258/2258/2258 2271/2271/2271
f 2258/2258/2258 2272/2272/2272 2271/2271/2271
f 2258/2258/2258 2259/2259/2259 2272/2272/2272
f 2259/2259/2259 2273/2273/2273 2272/2272/2272
f 2259/2259/2259 2260/2260/2260 2273/2273/2273
f 2260/2260/2260 2274/2274/2274 2273/2273/2273
f 2260/2260/2260 2261/2261/2261 2274/2274/2274
f 2261/2261/2261 2275/2275/2275 2274/2274/2274
f 2261/2261/2261 2262/2262/2262 2275/2275/2275
f 2262/2262/2262 2276/2276/2276 2275/2275/2275
f 2262/2262/2262 2263/2263/2263 2276/2276/2276
f 2263/2263/2263 2277/2277/2277 2276/2276/2276
f 2263/2263/2263 2264/2264/2264 2277/2277/2277
f 2264/2264/2264 2278/2278/2278 2277/2277/2277
f 2264/2264/2264 2265/2265/2265 2278/2278/2278
f 2265/2265/2265 2279/2279/2279 2278/2278/2278
f 2265/2265/2265 2266/2266/2266 2279/2279/2279
f 2280/2280/2280 2267/2267/2267 2268/2268/2268
f 2280/2280/2280 2268/2268/2268 2269/2269/2269
f 2280/2280/2280 2269/2269/2269 2270/2270/2270
f 2280/2280/2280 2270/2270/2270 2271/2271/2271
f 2280/2280/2280 2271/2271/2271 2272/2272/2272
f 2280/2280/2280 2272/2272/2272 2273/2273/2273
f 2280/2280/2280 2273/2273/2273 2274/2274/2274
f 2280/2280/2280 2274/2274/2274 2275/2275/2275
f 2280/2280/2280 2275/2275/2275 2276/2276/2276
f 2280/2280/2280 2276/2276/2276 2277/2277/2277
f 2280/2280/2280 2277/2277/2277 2278/2278/2278
f 2280/2280/2280 2278/2278/2278 2279/2279/2279
usemtl KrakenSucker
f 2281/2281/2281 2294/2294/2294 2295/2295/2295
f 2281/2281/2281 2295/2295/2295 2282/2282/2282
f 2282/2282/2282 2295/2295/2295 2296/2296/2296
f 2282/2282/2282 2296/2296/2296 2283/2283/2283
f 2283/2283/2283 2296/2296/2296 2297/2297/2297
f 2283/2283/2283 2297/2297/2297 2284/2284/2284
f 2284/2284/2284 2297/2297/2297 2298/2298/2298
f 2284/2284/2284 2298/2298/2298 2285/2285/2285
f 2285/2285/2285 2298/2298/2298 2299/2299/2299
f 2285/2285/2285 2299/2299/2299 2286/2286/2286
f 2286/2286/2286 2299/2299/2299 2300/2300/2300
f 2286/2286/2286 2300/2300/2300 2287/2287/2287
f 2287/2287/2287 2300/2300/2300 2301/2301/2301
f 2287/2287/2287 2301/2301/2301 2288/2288/2288
f 2288/2288/2288 2301/2301/2301 2302/2302/2302
f 2288/2288/2288 2302/2302/2302 2289/2289/2289
f 2289/2289/2289 2302/2302/2302 2303/2303/2303
f 2289/2289/2289 2303/2303/2303 2290/2290/2290
f 2290/2290/2290 2303/2303/2303 2304/2304/2304
f 2290/2290/2290 2304/2304/2304 2291/2291/2291
f 2291/2291/2291 2304/2304/2304 2305/2305/2305
f 2291/2291/2291 2305/2305/2305 2292/2292/2292
f 2292/2292/2292 2305/2305/2305 2306/2306/2306
f 2292/2292/2292 2306/2306/2306 2293/2293/2293
f 2294/2294/2294 2307/2307/2307 2308/2308/2308
f 2294/2294/2294 2308/2308/2308 2295/2295/2295
f 2295/2295/2295 2308/2308/2308 2309/2309/2309
f 2295/2295/2295 2309/2309/2309 2296/2296/2296
f 2296/2296/2296 2309/2309/2309 2310/2310/2310
f 2296/2296/2296 2310/2310/2310 2297/2297/2297
f 2297/2297/2297 2310/2310/2310 2311/2311/2311
f 2297/2297/2297 2311/2311/2311 2298/2298/2298
f 2298/2298/2298 2311/2311/2311 2312/2312/2312
f 2298/2298/2298 2312/2312/2312 2299/2299/2299
f 2299/2299/2299 2312/2312/2312 2313/2313/2313
f 2299/2299/2299 2313/2313/2313 2300/2300/2300
f 2300/2300/2300 2313/2313/2313 2314/2314/2314
f 2300/2300/2300 2314/2314/2314 2301/2301/2301
f 2301/2301/2301 2314/2314/2314 2315/2315/2315
f 2301/2301/2301 2315/2315/2315 2302/2302/2302
f 2302/2302/2302 2315/2315/2315 2316/2316/2316
f 2302/2302/2302 2316/2316/2316 2303/2303/2303
f 2303/2303/2303 2316/2316/2316 2317/2317/2317
f 2303/2303/2303 2317/2317/2317 2304/2304/2304
f 2304/2304/2304 2317/2317/2317 2318/2318/2318
f 2304/2304/2304 2318/2318/2318 2305/2305/2305
f 2305/2305/2305 2318/2318/2318 2319/2319/2319
f 2305/2305/2305 2319/2319/2319 2306/2306/2306
usemtl KrakenSuckerInner
f 2320/2320/2320 2334/2334/2334 2333/2333/2333
f 2320/2320/2320 2321/2321/2321 2334/2334/2334
f 2321/2321/2321 2335/2335/2335 2334/2334/2334
f 2321/2321/2321 2322/2322/2322 2335/2335/2335
f 2322/2322/2322 2336/2336/2336 2335/2335/2335
f 2322/2322/2322 2323/2323/2323 2336/2336/2336
f 2323/2323/2323 2337/2337/2337 2336/2336/2336
f 2323/2323/2323 2324/2324/2324 2337/2337/2337
f 2324/2324/2324 2338/2338/2338 2337/2337/2337
f 2324/2324/2324 2325/2325/2325 2338/2338/2338
f 2325/2325/2325 2339/2339/2339 2338/2338/2338
f 2325/2325/2325 2326/2326/2326 2339/2339/2339
f 2326/2326/2326 2340/2340/2340 2339/2339/2339
f 2326/2326/2326 2327/2327/2327 2340/2340/2340
f 2327/2327/2327 2341/2341/2341 2340/2340/2340
f 2327/2327/2327 2328/2328/2328 2341/2341/2341
f 2328/2328/2328 2342/2342/2342 2341/2341/2341
f 2328/2328/2328 2329/2329/2329 2342/2342/2342
f 2329/2329/2329 2343/2343/2343 2342/2342/2342
f 2329/2329/2329 2330/2330/2330 2343/2343/2343
f 2330/2330/2330 2344/2344/2344 2343/2343/2343
f 2330/2330/2330 2331/2331/2331 2344/2344/2344
f 2331/2331/2331 2345/2345/2345 2344/2344/2344
f 2331/2331/2331 2332/2332/2332 2345/2345/2345
f 2333/2333/2333 2347/2347/2347 2346/2346/2346
f 2333/2333/2333 2334/2334/2334 2347/2347/2347
f 2334/2334/2334 2348/2348/2348 2347/2347/2347
f 2334/2334/2334 2335/2335/2335 2348/2348/2348
f 2335/2335/2335 2349/2349/2349 2348/2348/2348
f 2335/2335/2335 2336/2336/2336 2349/2349/2349
f 2336/2336/2336 2350/2350/2350 2349/2349/2349
f 2336/2336/2336 2337/2337/2337 2350/2350/2350
f 2337/2337/2337 2351/2351/2351 2350/2350/2350
f 2337/2337/2337 2338/2338/2338 2351/2351/2351
f 2338/2338/2338 2352/2352/2352 2351/2351/2351
f 2338/2338/2338 2339/2339/2339 2352/2352/2352
f 2339/2339/2339 2353/2353/2353 2352/2352/2352
f 2339/2339/2339 2340/2340/2340 2353/2353/2353
f 2340/2340/2340 2354/2354/2354 2353/2353/2353
f 2340/2340/2340 2341/2341/2341 2354/2354/2354
f 2341/2341/2341 2355/2355/2355 2354/2354/2354
f 2341/2341/2341 2342/2342/2342 2355/2355/2355
f 2342/2342/2342 2356/2356/2356 2355/2355/2355
f 2342/2342/2342 2343/2343/2343 2356/2356/2356
f 2343/2343/2343 2357/2357/2357 2356/2356/2356
f 2343/2343/2343 2344/2344/2344 2357/2357/2357
f 2344/2344/2344 2358/2358/2358 2357/2357/2357
f 2344/2344/2344 2345/2345/2345 2358/2358/2358
f 2359/2359/2359 2346/2346/2346 2347/2347/2347
f 2359/2359/2359 2347/2347/2347 2348/2348/2348
f 2359/2359/2359 2348/2348/2348 2349/2349/2349
f 2359/2359/2359 2349/2349/2349 2350/2350/2350
f 2359/2359/2359 2350/2350/2350 2351/2351/2351
f 2359/2359/2359 2351/2351/2351 2352/2352/2352
f 2359/2359/2359 2352/2352/2352 2353/2353/2353
f 2359/2359/2359 2353/2353/2353 2354/2354/2354
f 2359/2359/2359 2354/2354/2354 2355/2355/2355
f 2359/2359/2359 2355/2355/2355 2356/2356/2356
f 2359/2359/2359 2356/2356/2356 2357/2357/2357
f 2359/2359/2359 2357/2357/2357 2358/2358/2358
usemtl KrakenSucker
f 2360/2360/2360 2373/2373/2373 2374/2374/2374
f 2360/2360/2360 2374/2374/2374 2361/2361/2361
f 2361/2361/2361 2374/2374/2374 2375/2375/2375
f 2361/2361/2361 2375/2375/2375 2362/2362/2362
f 2362/2362/2362 2375/2375/2375 2376/2376/2376
f 2362/2362/2362 2376/2376/2376 2363/2363/2363
f 2363/2363/2363 2376/2376/2376 2377/2377/2377
f 2363/2363/2363 2377/2377/2377 2364/2364/2364
f 2364/2364/2364 2377/2377/2377 2378/2378/2378
f 2364/2364/2364 2378/2378/2378 2365/2365/2365
f 2365/2365/2365 2378/2378/2378 2379/2379/2379
f 2365/2365/2365 2379/2379/2379 2366/2366/2366
f 2366/2366/2366 2379/2379/2379 2380/2380/2380
f 2366/2366/2366 2380/2380/2380 2367/2367/2367
f 2367/2367/2367 2380/2380/2380 2381/2381/2381
f 2367/2367/2367 2381/2381/2381 2368/2368/2368
f 2368/2368/2368 2381/2381/2381 2382/2382/2382
f 2368/2368/2368 2382/2382/2382 2369/2369/2369
f 2369/2369/2369 2382/2382/2382 2383/2383/2383
f 2369/2369/2369 2383/2383/2383 2370/2370/2370
f 2370/2370/2370 2383/2383/2383 2384/2384/2384
f 2370/2370/2370 2384/2384/2384 2371/2371/2371
f 2371/2371/2371 2384/2384/2384 2385/2385/2385
f 2371/2371/2371 2385/2385/2385 2372/2372/2372
f 2373/2373/2373 2386/2386/2386 2387/2387/2387
f 2373/2373/2373 2387/2387/2387 2374/2374/2374
f 2374/2374/2374 2387/2387/2387 2388/2388/2388
f 2374/2374/2374 2388/2388/2388 2375/2375/2375
f 2375/2375/2375 2388/2388/2388 2389/2389/2389
f 2375/2375/2375 2389/2389/2389 2376/2376/2376
f 2376/2376/2376 2389/2389/2389 2390/2390/2390
f 2376/2376/2376 2390/2390/2390 2377/2377/2377
f 2377/2377/2377 2390/2390/2390 2391/2391/2391
f 2377/2377/2377 2391/2391/2391 2378/2378/2378
f 2378/2378/2378 2391/2391/2391 2392/2392/2392
f 2378/2378/2378 2392/2392/2392 2379/2379/2379
f 2379/2379/2379 2392/2392/2392 2393/2393/2393
f 2379/2379/2379 2393/2393/2393 2380/2380/2380
f 2380/2380/2380 2393/2393/2393 2394/2394/2394
f 2380/2380/2380 2394/2394/2394 2381/2381/2381
f 2381/2381/2381 2394/2394/2394 2395/2395/2395
f 2381/2381/2381 2395/2395/2395 2382/2382/2382
f 2382/2382/2382 2395/2395/2395 2396/2396/2396
f 2382/2382/2382 2396/2396/2396 2383/2383/2383
f 2383/2383/2383 2396/2396/2396 2397/2397/2397
f 2383/2383/2383 2397/2397/2397 2384/2384/2384
f 2384/2384/2384 2397/2397/2397 2398/2398/2398
f 2384/2384/2384 2398/2398/2398 2385/2385/2385
usemtl KrakenSuckerInner
f 2399/2399/2399 2413/2413/2413 2412/2412/2412
f 2399/2399/2399 2400/2400/2400 2413/2413/2413
f 2400/2400/2400 2414/2414/2414 2413/2413/2413
f 2400/2400/2400 2401/2401/2401 2414/2414/2414
f 2401/2401/2401 2415/2415/2415 2414/2414/2414
f 2401/2401/2401 2402/2402/2402 2415/2415/2415
f 2402/2402/2402 2416/2416/2416 2415/2415/2415
f 2402/2402/2402 2403/2403/2403 2416/2416/2416
f 2403/2403/2403 2417/2417/2417 2416/2416/2416
f 2403/2403/2403 2404/2404/2404 2417/2417/2417
f 2404/2404/2404 2418/2418/2418 2417/2417/2417
f 2404/2404/2404 2405/2405/2405 2418/2418/2418
f 2405/2405/2405 2419/2419/2419 2418/2418/2418
f 2405/2405/2405 2406/2406/2406 2419/2419/2419
f 2406/2406/2406 2420/2420/2420 2419/2419/2419
f 2406/2406/2406 2407/2407/2407 2420/2420/2420
f 2407/2407/2407 2421/2421/2421 2420/2420/2420
f 2407/2407/2407 2408/2408/2408 2421/2421/2421
f 2408/2408/2408 2422/2422/2422 2421/2421/2421
f 2408/2408/2408 2409/2409/2409 2422/2422/2422
f 2409/2409/2409 2423/2423/2423 2422/2422/2422
f 2409/2409/2409 2410/2410/2410 2423/2423/2423
f 2410/2410/2410 2424/2424/2424 2423/2423/2423
f 2410/2410/2410 2411/2411/2411 2424/2424/2424
f 2412/2412/2412 2426/2426/2426 2425/2425/2425
f 2412/2412/2412 2413/2413/2413 2426/2426/2426
f 2413/2413/2413 2427/2427/2427 2426/2426/2426
f 2413/2413/2413 2414/2414/2414 2427/2427/2427
f 2414/2414/2414 2428/2428/2428 2427/2427/2427
f 2414/2414/2414 2415/2415/2415 2428/2428/2428
f 2415/2415/2415 2429/2429/2429 2428/2428/2428
f 2415/2415/2415 2416/2416/2416 2429/2429/2429
f 2416/2416/2416 2430/2430/2430 2429/2429/2429
f 2416/2416/2416 2417/2417/2417 2430/2430/2430
f 2417/2417/2417 2431/2431/2431 2430/2430/2430
f 2417/2417/2417 2418/2418/2418 2431/2431/2431
f 2418/2418/2418 2432/2432/2432 2431/2431/2431
f 2418/2418/2418 2419/2419/2419 2432/2432/2432
f 2419/2419/2419 2433/2433/2433 2432/2432/2432
f 2419/2419/2419 2420/2420/2420 2433/2433/2433
f 2420/2420/2420 2434/2434/2434 2433/2433/2433
f 2420/2420/2420 2421/2421/2421 2434/2434/2434
f 2421/2421/2421 2435/2435/2435 2434/2434/2434
f 2421/2421/2421 2422/2422/2422 2435/2435/2435
f 2422/2422/2422 2436/2436/2436 2435/2435/2435
f 2422/2422/2422 2423/2423/2423 2436/2436/2436
f 2423/2423/2423 2437/2437/2437 2436/2436/2436
f 2423/2423/2423 2424/2424/2424 2437/2437/2437
f 2438/2438/2438 2425/2425/2425 2426/2426/2426
f 2438/2438/2438 2426/2426/2426 2427/2427/2427
f 2438/2438/2438 2427/2427/2427 2428/2428/2428
f 2438/2438/2438 2428/2428/2428 2429/2429/2429
f 2438/2438/2438 2429/2429/2429 2430/2430/2430
f 2438/2438/2438 2430/2430/2430 2431/2431/2431
f 2438/2438/2438 2431/2431/2431 2432/2432/2432
f 2438/2438/2438 2432/2432/2432 2433/2433/2433
f 2438/2438/2438 2433/2433/2433 2434/2434/2434
f 2438/2438/2438 2434/2434/2434 2435/2435/2435
f 2438/2438/2438 2435/2435/2435 2436/2436/2436
f 2438/2438/2438 2436/2436/2436 2437/2437/2437
usemtl KrakenSucker
f 2439/2439/2439 2452/2452/2452 2453/2453/2453
f 2439/2439/2439 2453/2453/2453 2440/2440/2440
f 2440/2440/2440 2453/2453/2453 2454/2454/2454
f 2440/2440/2440 2454/2454/2454 2441/2441/2441
f 2441/2441/2441 2454/2454/2454 2455/2455/2455
f 2441/2441/2441 2455/2455/2455 2442/2442/2442
f 2442/2442/2442 2455/2455/2455 2456/2456/2456
f 2442/2442/2442 2456/2456/2456 2443/2443/2443
f 2443/2443/2443 2456/2456/2456 2457/2457/2457
f 2443/2443/2443 2457/2457/2457 2444/2444/2444
f 2444/2444/2444 2457/2457/2457 2458/2458/2458
f 2444/2444/2444 2458/2458/2458 2445/2445/2445
f 2445/2445/2445 2458/2458/2458 2459/2459/2459
f 2445/2445/2445 2459/2459/2459 2446/2446/2446
f 2446/2446/2446 2459/2459/2459 2460/2460/2460
f 2446/2446/2446 2460/2460/2460 2447/2447/2447
f 2447/2447/2447 2460/2460/2460 2461/2461/2461
f 2447/2447/2447 2461/2461/2461 2448/2448/2448
f 2448/2448/2448 2461/2461/2461 2462/2462/2462
f 2448/2448/2448 2462/2462/2462 2449/2449/2449
f 2449/2449/2449 2462/2462/2462 2463/2463/2463
f 2449/2449/2449 2463/2463/2463 2450/2450/2450
f 2450/2450/2450 2463/2463/2463 2464/2464/2464
f 2450/2450/2450 2464/2464/2464 2451/2451/2451
f 2452/2452/2452 2465/2465/2465 2466/2466/2466
f 2452/2452/2452 2466/2466/2466 2453/2453/2453
f 2453/2453/2453 2466/2466/2466 2467/2467/2467
f 2453/2453/2453 2467/2467/2467 2454/2454/2454
f 2454/2454/2454 2467/2467/2467 2468/2468/2468
f 2454/2454/2454 2468/2468/2468 2455/2455/2455
f 2455/2455/2455 2468/2468/2468 2469/2469/2469
f 2455/2455/2455 2469/2469/2469 2456/2456/2456
f 2456/2456/2456 2469/2469/2469 2470/2470/2470
f 2456/2456/2456 2470/2470/2470 2457/2457/2457
f 2457/2457/2457 2470/2470/2470 2471/2471/2471
f 2457/2457/2457 2471/2471/2471 2458/2458/2458
f 2458/2458/2458 2471/2471/2471 2472/2472/2472
f 2458/2458/2458 2472/2472/2472 2459/2459/2459
f 2459/2459/2459 2472/2472/2472 2473/2473/2473
f 2459/2459/2459 2473/2473/2473 2460/2460/2460
f 2460/2460/2460 2473/2473/2473 2474/2474/2474
f 2460/2460/2460 2474/2474/2474 2461/2461/2461
f 2461/2461/2461 2474/2474/2474 2475/2475/2475
f 2461/2461/2461 2475/2475/2475 2462/2462/2462
f 2462/2462/2462 2475/2475/2475 2476/2476/2476
f 2462/2462/2462 2476/2476/2476 2463/2463/2463
f 2463/2463/2463 2476/2476/2476 2477/2477/2477
f 2463/2463/2463 2477/2477/2477 2464/2464/2464
usemtl KrakenSuckerInner
f 2478/2478/2478 2492/2492/2492 2491/2491/2491
f 2478/2478/2478 2479/2479/2479 2492/2492/2492
f 2479/2479/2479 2493/2493/2493 2492/2492/2492
f 2479/2479/2479 2480/2480/2480 2493/2493/2493
f 2480/2480/2480 2494/2494/2494 2493/2493/2493
f 2480/2480/2480 2481/2481/2481 2494/2494/2494
f 2481/2481/2481 2495/2495/2495 2494/2494/2494
f 2481/2481/2481 2482/2482/2482 2495/2495/2495
f 2482/2482/2482 2496/2496/2496 2495/2495/2495
f 2482/2482/2482 2483/2483/2483 2496/2496/2496
f 2483/2483/2483 2497/2497/2497 2496/2496/2496
f 2483/2483/2483 2484/2484/2484 2497/2497/2497
f 2484/2484/2484 2498/2498/2498 2497/2497/2497
f 2484/2484/2484 2485/2485/2485 2498/2498/2498
f 2485/2485/2485 2499/2499/2499 2498/2498/2498
f 2485/2485/2485 2486/2486/2486 2499/2499/2499
f 2486/2486/2486 2500/2500/2500 2499/2499/2499
f 2486/2486/2486 2487/2487/2487 2500/2500/2500
f 2487/2487/2487 2501/2501/2501 2500/2500/2500
f 2487/2487/2487 2488/2488/2488 2501/2501/2501
f 2488/2488/2488 2502/2502/2502 2501/2501/2501
f 2488/2488/2488 2489/2489/2489 2502/2502/2502
f 2489/2489/2489 2503/2503/2503 2502/2502/2502
f 2489/2489/2489 2490/2490/2490 2503/2503/2503
f 2491/2491/2491 2505/2505/2505 2504/2504/2504
f 2491/2491/2491 2492/2492/2492 2505/2505/2505
f 2492/2492/2492 2506/2506/2506 2505/2505/2505
f 2492/2492/2492 2493/2493/2493 2506/2506/2506
f 2493/2493/2493 2507/2507/2507 2506/2506/2506
f 2493/2493/2493 2494/2494/2494 2507/2507/2507
f 2494/2494/2494 2508/2508/2508 2507/2507/2507
f 2494/2494/2494 2495/2495/2495 2508/2508/2508
f 2495/2495/2495 2509/2509/2509 2508/2508/2508
f 2495/2495/2495 2496/2496/2496 2509/2509/2509
f 2496/2496/2496 2510/2510/2510 2509/2509/2509
f 2496/2496/2496 2497/2497/2497 2510/2510/2510
f 2497/2497/2497 2511/2511/2511 2510/2510/2510
f 2497/2497/2497 2498/2498/2498 2511/2511/2511
f 2498/2498/2498 2512/2512/2512 2511/2511/2511
f 2498/2498/2498 2499/2499/2499 2512/2512/2512
f 2499/2499/2499 2513/2513/2513 2512/2512/2512
f 2499/2499/2499 2500/2500/2500 2513/2513/2513
f 2500/2500/2500 2514/2514/2514 2513/2513/2513
f 2500/2500/2500 2501/2501/2501 2514/2514/2514
f 2501/2501/2501 2515/2515/2515 2514/2514/2514
f 2501/2501/2501 2502/2502/2502 2515/2515/2515
f 2502/2502/2502 2516/2516/2516 2515/2515/2515
f 2502/2502/2502 2503/2503/2503 2516/2516/2516
f 2517/2517/2517 2504/2504/2504 2505/2505/2505
f 2517/2517/2517 2505/2505/2505 2506/2506/2506
f 2517/2517/2517 2506/2506/2506 2507/2507/2507
f 2517/2517/2517 2507/2507/2507 2508/2508/2508
f 2517/2517/2517 2508/2508/2508 2509/2509/2509
f 2517/2517/2517 2509/2509/2509 2510/2510/2510
f 2517/2517/2517 2510/2510/2510 2511/2511/2511
f 2517/2517/2517 2511/2511/2511 2512/2512/2512
f 2517/2517/2517 2512/2512/2512 2513/2513/2513
f 2517/2517/2517 2513/2513/2513 2514/2514/2514
f 2517/2517/2517 2514/2514/2514 2515/2515/2515
f 2517/2517/2517 2515/2515/2515 2516/2516/2516
usemtl KrakenSucker
f 2518/2518/2518 2531/2531/2531 2532/2532/2532
f 2518/2518/2518 2532/2532/2532 2519/2519/2519
f 2519/2519/2519 2532/2532/2532 2533/2533/2533
f 2519/2519/2519 2533/2533/2533 2520/2520/2520
f 2520/2520/2520 2533/2533/2533 2534/2534/2534
f 2520/2520/2520 2534/2534/2534 2521/2521/2521
f 2521/2521/2521 2534/2534/2534 2535/2535/2535
f 2521/2521/2521 2535/2535/2535 2522/2522/2522
f 2522/2522/2522 2535/2535/2535 2536/2536/2536
f 2522/2522/2522 2536/2536/2536 2523/2523/2523
f 2523/2523/2523 2536/2536/2536 2537/2537/2537
f 2523/2523/2523 2537/2537/2537 2524/2524/2524
f 2524/2524/2524 2537/2537/2537 2538/2538/2538
f 2524/2524/2524 2538/2538/2538 2525/2525/2525
f 2525/2525/2525 2538/2538/2538 2539/2539/2539
f 2525/2525/2525 2539/2539/2539 2526/2526/2526
f 2526/2526/2526 2539/2539/2539 2540/2540/2540
f 2526/2526/2526 2540/2540/2540 2527/2527/2527
f 2527/2527/2527 2540/2540/2540 2541/2541/2541
f 2527/2527/2527 2541/2541/2541 2528/2528/2528
f 2528/2528/2528 2541/2541/2541 2542/2542/2542
f 2528/2528/2528 2542/2542/2542 2529/2529/2529
f 2529/2529/2529 2542/2542/2542 2543/2543/2543
f 2529/2529/2529 2543/2543/2543 2530/2530/2530
f 2531/2531/2531 2544/2544/2544 2545/2545/2545
f 2531/2531/2531 2545/2545/2545 2532/2532/2532
f 2532/2532/2532 2545/2545/2545 2546/2546/2546
f 2532/2532/2532 2546/2546/2546 2533/2533/2533
f 2533/2533/2533 2546/2546/2546 2547/2547/2547
f 2533/2533/2533 2547/2547/2547 2534/2534/2534
f 2534/2534/2534 2547/2547/2547 2548/2548/2548
f 2534/2534/2534 2548/2548/2548 2535/2535/2535
f 2535/2535/2535 2548/2548/2548 2549/2549/2549
f 2535/2535/2535 2549/2549/2549 2536/2536/2536
f 2536/2536/2536 2549/2549/2549 2550/2550/2550
f 2536/2536/2536 2550/2550/2550 2537/2537/2537
f 2537/2537/2537 2550/2550/2550 2551/2551/2551
f 2537/2537/2537 2551/2551/2551 2538/2538/2538
f 2538/2538/2538 2551/2551/2551 2552/2552/2552
f 2538/2538/2538 2552/2552/2552 2539/2539/2539
f 2539/2539/2539 2552/2552/2552 2553/2553/2553
f 2539/2539/2539 2553/2553/2553 2540/2540/2540
f 2540/2540/2540 2553/2553/2553 2554/2554/2554
f 2540/2540/2540 2554/2554/2554 2541/2541/2541
f 2541/2541/2541 2554/2554/2554 2555/2555/2555
f 2541/2541/2541 2555/2555/2555 2542/2542/2542
f 2542/2542/2542 2555/2555/2555 2556/2556/2556
f 2542/2542/2542 2556/2556/2556 2543/2543/2543
usemtl KrakenSuckerInner
f 2557/2557/2557 2571/2571/2571 2570/2570/2570
f 2557/2557/2557 2558/2558/2558 2571/2571/2571
f 2558/2558/2558 2572/2572/2572 2571/2571/2571
f 2558/2558/2558 2559/2559/2559 2572/2572/2572
f 2559/2559/2559 2573/2573/2573 2572/2572/2572
f 2559/2559/2559 2560/2560/2560 2573/2573/2573
f 2560/2560/2560 2574/2574/2574 2573/2573/2573
f 2560/2560/2560 2561/2561/2561 2574/2574/2574
f 2561/2561/2561 2575/2575/2575 2574/2574/2574
f 2561/2561/2561 2562/2562/2562 2575/2575/2575
f 2562/2562/2562 2576/2576/2576 2575/2575/2575
f 2562/2562/2562 2563/2563/2563 2576/2576/2576
f 2563/2563/2563 2577/2577/2577 2576/2576/2576
f 2563/2563/2563 2564/2564/2564 2577/2577/2577
f 2564/2564/2564 2578/2578/2578 2577/2577/2577
f 2564/2564/2564 2565/2565/2565 2578/2578/2578
f 2565/2565/2565 2579/2579/2579 2578/2578/2578
f 2565/2565/2565 2566/2566/2566 2579/2579/2579
f 2566/2566/2566 2580/2580/2580 2579/2579/2579
f 2566/2566/2566 2567/2567/2567 2580/2580/2580
f 2567/2567/2567 2581/2581/2581 2580/2580/2580
f 2567/2567/2567 2568/2568/2568 2581/2581/2581
f 2568/2568/2568 2582/2582/2582 2581/2581/2581
f 2568/2568/2568 2569/2569/2569 2582/2582/2582
f 2570/2570/2570 2584/2584/2584 2583/2583/2583
f 2570/2570/2570 2571/2571/2571 2584/2584/2584
f 2571/2571/2571 2585/2585/2585 2584/2584/2584
f 2571/2571/2571 2572/2572/2572 2585/2585/2585
f 2572/2572/2572 2586/2586/2586 2585/2585/2585
f 2572/2572/2572 2573/2573/2573 2586/2586/2586
f 2573/2573/2573 2587/2587/2587 2586/2586/2586
f 2573/2573/2573 2574/2574/2574 2587/2587/2587
f 2574/2574/2574 2588/2588/2588 2587/2587/2587
f 2574/2574/2574 2575/2575/2575 2588/2588/2588
f 2575/2575/2575 2589/2589/2589 2588/2588/2588
f 2575/2575/2575 2576/2576/2576 2589/2589/2589
f 2576/2576/2576 2590/2590/2590 2589/2589/2589
f 2576/2576/2576 2577/2577/2577 2590/2590/2590
f 2577/2577/2577 2591/2591/2591 2590/2590/2590
f 2577/2577/2577 2578/2578/2578 2591/2591/2591
f 2578/2578/2578 2592/2592/2592 2591/2591/2591
f 2578/2578/2578 2579/2579/2579 2592/2592/2592
f 2579/2579/2579 2593/2593/2593 2592/2592/2592
f 2579/2579/2579 2580/2580/2580 2593/2593/2593
f 2580/2580/2580 2594/2594/2594 2593/2593/2593
f 2580/2580/2580 2581/2581/2581 2594/2594/2594
f 2581/2581/2581 2595/2595/2595 2594/2594/2594
f 2581/2581/2581 2582/2582/2582 2595/2595/2595
f 2596/2596/2596 2583/2583/2583 2584/2584/2584
f 2596/2596/2596 2584/2584/2584 2585/2585/2585
f 2596/2596/2596 2585/2585/2585 2586/2586/2586
f 2596/2596/2596 2586/2586/2586 2587/2587/2587
f 2596/2596/2596 2587/2587/2587 2588/2588/2588
f 2596/2596/2596 2588/2588/2588 2589/2589/2589
f 2596/2596/2596 2589/2589/2589 2590/2590/2590
f 2596/2596/2596 2590/2590/2590 2591/2591/2591
f 2596/2596/2596 2591/2591/2591 2592/2592/2592
f 2596/2596/2596 2592/2592/2592 2593/2593/2593
f 2596/2596/2596 2593/2593/2593 2594/2594/2594
f 2596/2596/2596 2594/2594/2594 2595/2595/2595
usemtl KrakenSucker
f 2597/2597/2597 2610/2610/2610 2611/2611/2611
f 2597/2597/2597 2611/2611/2611 2598/2598/2598
f 2598/2598/2598 2611/2611/2611 2612/2612/2612
f 2598/2598/2598 2612/2612/2612 2599/2599/2599
f 2599/2599/2599 2612/2612/2612 2613/2613/2613
f 2599/2599/2599 2613/2613/2613 2600/2600/2600
f 2600/2600/2600 2613/2613/2613 2614/2614/2614
f 2600/2600/2600 2614/2614/2614 2601/2601/2601
f 2601/2601/2601 2614/2614/2614 2615/2615/2615
f 2601/2601/2601 2615/2615/2615 2602/2602/2602
f 2602/2602/2602 2615/2615/2615 2616/2616/2616
f 2602/2602/2602 2616/2616/2616 2603/2603/2603
f 2603/2603/2603 2616/2616/2616 2617/2617/2617
f 2603/2603/2603 2617/2617/2617 2604/2604/2604
f 2604/2604/2604 2617/2617/2617 2618/2618/2618
f 2604/2604/2604 2618/2618/2618 2605/2605/2605
f 2605/2605/2605 2618/2618/2618 2619/2619/2619
f 2605/2605/2605 2619/2619/2619 2606/2606/2606
f 2606/2606/2606 2619/2619/2619 2620/2620/2620
f 2606/2606/2606 2620/2620/2620 2607/2607/2607
f 2607/2607/2607 2620/2620/2620 2621/2621/2621
f 2607/2607/2607 2621/2621/2621 2608/2608/2608
f 2608/2608/2608 2621/2621/2621 2622/2622/2622
f 2608/2608/2608 2622/2622/2622 2609/2609/2609
f 2610/2610/2610 2623/2623/2623 2624/2624/2624
f 2610/2610/2610 2624/2624/2624 2611/2611/2611
f 2611/2611/2611 2624/2624/2624 2625/2625/2625
f 2611/2611/2611 2625/2625/2625 2612/2612/2612
f 2612/2612/2612 2625/2625/2625 2626/2626/2626
f 2612/2612/2612 2626/2626/2626 2613/2613/2613
f 2613/2613/2613 2626/2626/2626 2627/2627/2627
f 2613/2613/2613 2627/2627/2627 2614/2614/2614
f 2614/2614/2614 2627/2627/2627 2628/2628/2628
f 2614/2614/2614 2628/2628/2628 2615/2615/2615
f 2615/2615/2615 2628/2628/2628 2629/2629/2629
f 2615/2615/2615 2629/2629/2629 2616/2616/2616
f 2616/2616/2616 2629/2629/2629 2630/2630/2630
f 2616/2616/2616 2630/2630/2630 2617/2617/2617
f 2617/2617/2617 2630/2630/2630 2631/2631/2631
f 2617/2617/2617 2631/2631/2631 2618/2618/2618
f 2618/2618/2618 2631/2631/2631 2632/2632/2632
f 2618/2618/2618 2632/2632/2632 2619/2619/2619
f 2619/2619/2619 2632/2632/2632 2633/2633/2633
f 2619/2619/2619 2633/2633/2633 2620/2620/2620
f 2620/2620/2620 2633/2633/2633 2634/2634/2634
f 2620/2620/2620 2634/2634/2634 2621/2621/2621
f 2621/2621/2621 2634/2634/2634 2635/2635/2635
f 2621/2621/2621 2635/2635/2635 2622/2622/2622
usemtl KrakenSuckerInner
f 2636/2636/2636 2650/2650/2650 2649/2649/2649
f 2636/2636/2636 2637/2637/2637 2650/2650/2650
f 2637/2637/2637 2651/2651/2651 2650/2650/2650
f 2637/2637/2637 2638/2638/2638 2651/2651/2651
f 2638/2638/2638 2652/2652/2652 2651/2651/2651
f 2638/2638/2638 2639/2639/2639 2652/2652/2652
f 2639/2639/2639 2653/2653/2653 2652/2652/2652
f 2639/2639/2639 2640/2640/2640 2653/2653/2653
f 2640/2640/2640 2654/2654/2654 2653/2653/2653
f 2640/2640/2640 2641/2641/2641 2654/2654/2654
f 2641/2641/2641 2655/2655/2655 2654/2654/2654
f 2641/2641/2641 2642/2642/2642 2655/2655/2655
f 2642/2642/2642 2656/2656/2656 2655/2655/2655
f 2642/2642/2642 2643/2643/2643 2656/2656/2656
f 2643/2643/2643 2657/2657/2657 2656/2656/2656
f 2643/2643/2643 2644/2644/2644 2657/2657/2657
f 2644/2644/2644 2658/2658/2658 2657/2657/2657
f 2644/2644/2644 2645/2645/2645 2658/2658/2658
f 2645/2645/2645 2659/2659/2659 2658/2658/2658
f 2645/2645/2645 2646/2646/2646 2659/2659/2659
f 2646/2646/2646 2660/2660/2660 2659/2659/2659
f 2646/2646/2646 2647/2647/2647 2660/2660/2660
f 2647/2647/2647 2661/2661/2661 2660/2660/2660
f 2647/2647/2647 2648/2648/2648 2661/2661/2661
f 2649/2649/2649 2663/2663/2663 2662/2662/2662
f 2649/2649/2649 2650/2650/2650 2663/2663/2663
f 2650/2650/2650 2664/2664/2664 2663/2663/2663
f 2650/2650/2650 2651/2651/2651 2664/2664/2664
f 2651/2651/2651 2665/2665/2665 2664/2664/2664
f 2651/2651/2651 2652/2652/2652 2665/2665/2665
f 2652/2652/2652 2666/2666/2666 2665/2665/2665
f 2652/2652/2652 2653/2653/2653 2666/2666/2666
f 2653/2653/2653 2667/2667/2667 2666/2666/2666
f 2653/2653/2653 2654/2654/2654 2667/2667/2667
f 2654/2654/2654 2668/2668/2668 2667/2667/2667
f 2654/2654/2654 2655/2655/2655 2668/2668/2668
f 2655/2655/2655 2669/2669/2669 2668/2668/2668
f 2655/2655/2655 2656/2656/2656 2669/2669/2669
f 2656/2656/2656 2670/2670/2670 2669/2669/2669
f 2656/2656/2656 2657/2657/2657 2670/2670/2670
f 2657/2657/2657 2671/2671/2671 2670/2670/2670
f 2657/2657/2657 2658/2658/2658 2671/2671/2671
f 2658/2658/2658 2672/2672/2672 2671/2671/2671
f 2658/2658/2658 2659/2659/2659 2672/2672/2672
f 2659/2659/2659 2673/2673/2673 2672/2672/2672
f 2659/2659/2659 2660/2660/2660 2673/2673/2673
f 2660/2660/2660 2674/2674/2674 2673/2673/2673
f 2660/2660/2660 2661/2661/2661 2674/2674/2674
f 2675/2675/2675 2662/2662/2662 2663/2663/2663
f 2675/2675/2675 2663/2663/2663 2664/2664/2664
f 2675/2675/2675 2664/2664/2664 2665/2665/2665
f 2675/2675/2675 2665/2665/2665 2666/2666/2666
f 2675/2675/2675 2666/2666/2666 2667/2667/2667
f 2675/2675/2675 2667/2667/2667 2668/2668/2668
f 2675/2675/2675 2668/2668/2668 2669/2669/2669
f 2675/2675/2675 2669/2669/2669 2670/2670/2670
f 2675/2675/2675 2670/2670/2670 2671/2671/2671
f 2675/2675/2675 2671/2671/2671 2672/2672/2672
f 2675/2675/2675 2672/2672/2672 2673/2673/2673
f 2675/2675/2675 2673/2673/2673 2674/2674/2674
usemtl KrakenSucker
f 2676/2676/2676 2689/2689/2689 2690/2690/2690
f 2676/2676/2676 2690/2690/2690 2677/2677/2677
f 2677/2677/2677 2690/2690/2690 2691/2691/2691
f 2677/2677/2677 2691/2691/2691 2678/2678/2678
f 2678/2678/2678 2691/2691/2691 2692/2692/2692
f 2678/2678/2678 2692/2692/2692 2679/2679/2679
f 2679/2679/2679 2692/2692/2692 2693/2693/2693
f 2679/2679/2679 2693/2693/2693 2680/2680/2680
f 2680/2680/2680 2693/2693/2693 2694/2694/2694
f 2680/2680/2680 2694/2694/2694 2681/2681/2681
f 2681/2681/2681 2694/2694/2694 2695/2695/2695
f 2681/2681/2681 2695/2695/2695 2682/2682/2682
f 2682/2682/2682 2695/2695/2695 2696/2696/2696
f 2682/2682/2682 2696/2696/2696 2683/2683/2683
f 2683/2683/2683 2696/2696/2696 2697/2697/2697
f 2683/2683/2683 2697/2697/2697 2684/2684/2684
f 2684/2684/2684 2697/2697/2697 2698/2698/2698
f 2684/2684/2684 2698/2698/2698 2685/2685/2685
f 2685/2685/2685 2698/2698/2698 2699/2699/2699
f 2685/2685/2685 2699/2699/2699 2686/2686/2686
f 2686/2686/2686 2699/2699/2699 2700/2700/2700
f 2686/2686/2686 2700/2700/2700 2687/2687/2687
f 2687/2687/2687 2700/2700/2700 2701/2701/2701
f 2687/2687/2687 2701/2701/2701 2688/2688/2688
f 2689/2689/2689 2702/2702/2702 2703/2703/2703
f 2689/2689/2689 2703/2703/2703 2690/2690/2690
f 2690/2690/2690 2703/2703/2703 2704/2704/2704
f 2690/2690/2690 2704/2704/2704 2691/2691/2691
f 2691/2691/2691 2704/2704/2704 2705/2705/2705
f 2691/2691/2691 2705/2705/2705 2692/2692/2692
f 2692/2692/2692 2705/2705/2705 2706/2706/2706
f 2692/2692/2692 2706/2706/2706 2693/2693/2693
f 2693/2693/2693 2706/2706/2706 2707/2707/2707
f 2693/2693/2693 2707/2707/2707 2694/2694/2694
f 2694/2694/2694 2707/2707/2707 2708/2708/2708
f 2694/2694/2694 2708/2708/2708 2695/2695/2695
f 2695/2695/2695 2708/2708/2708 2709/2709/2709
f 2695/2695/2695 2709/2709/2709 2696/2696/2696
f 2696/2696/2696 2709/2709/2709 2710/2710/2710
f 2696/2696/2696 2710/2710/2710 2697/2697/2697
f 2697/2697/2697 2710/2710/2710 2711/2711/2711
f 2697/2697/2697 2711/2711/2711 2698/2698/2698
f 2698/2698/2698 2711/2711/2711 2712/2712/2712
f 2698/2698/2698 2712/2712/2712 2699/2699/2699
f 2699/2699/2699 2712/2712/2712 2713/2713/2713
f 2699/2699/2699 2713/2713/2713 2700/2700/2700
f 2700/2700/2700 2713/2713/2713 2714/2714/2714
f 2700/2700/2700 2714/2714/2714 2701/2701/2701
usemtl KrakenSuckerInner
f 2715/2715/2715 2729/2729/2729 2728/2728/2728
f 2715/2715/2715 2716/2716/2716 2729/2729/2729
f 2716/2716/2716 2730/2730/2730 2729/2729/2729
f 2716/2716/2716 2717/2717/2717 2730/2730/2730
f 2717/2717/2717 2731/2731/2731 2730/2730/2730
f 2717/2717/2717 2718/2718/2718 2731/2731/2731
f 2718/2718/2718 2732/2732/2732 2731/2731/2731
f 2718/2718/2718 2719/2719/2719 2732/2732/2732
f 2719/2719/2719 2733/2733/2733 2732/2732/2732
f 2719/2719/2719 2720/2720/2720 2733/2733/2733
f 2720/2720/2720 2734/2734/2734 2733/2733/2733
f 2720/2720/2720 2721/2721/2721 2734/2734/2734
f 2721/2721/2721 2735/2735/2735 2734/2734/2734
f 2721/2721/2721 2722/2722/2722 2735/2735/2735
f 2722/2722/2722 2736/2736/2736 2735/2735/2735
f 2722/2722/2722 2723/2723/2723 2736/2736/2736
f 2723/2723/2723 2737/2737/2737 2736/2736/2736
f 2723/2723/2723 2724/2724/2724 2737/2737/2737
f 2724/2724/2724 2738/2738/2738 2737/2737/2737
f 2724/2724/2724 2725/2725/2725 2738/2738/2738
f 2725/2725/2725 2739/2739/2739 2738/2738/2738
f 2725/2725/2725 2726/2726/2726 2739/2739/2739
f 2726/2726/2726 2740/2740/2740 2739/2739/2739
f 2726/2726/2726 2727/2727/2727 2740/2740/2740
f 2728/2728/2728 2742/2742/2742 2741/2741/2741
f 2728/2728/2728 2729/2729/2729 2742/2742/2742
f 2729/2729/2729 2743/2743/2743 2742/2742/2742
f 2729/2729/2729 2730/2730/2730 2743/2743/2743
f 2730/2730/2730 2744/2744/2744 2743/2743/2743
f 2730/2730/2730 2731/2731/2731 2744/2744/2744
f 2731/2731/2731 2745/2745/2745 2744/2744/2744
f 2731/2731/2731 2732/2732/2732 2745/2745/2745
f 2732/2732/2732 2746/2746/2746 2745/2745/2745
f 2732/2732/2732 2733/2733/2733 2746/2746/2746
f 2733/2733/2733 2747/2747/2747 2746/2746/2746
f 2733/2733/2733 2734/2734/2734 2747/2747/2747
f 2734/2734/2734 2748/2748/2748 2747/2747/2747
f 2734/2734/2734 2735/2735/2735 2748/2748/2748
f 2735/2735/2735 2749/2749/2749 2748/2748/2748
f 2735/2735/2735 2736/2736/2736 2749/2749/2749
f 2736/2736/2736 2750/2750/2750 2749/2749/2749
f 2736/2736/2736 2737/2737/2737 2750/2750/2750
f 2737/2737/2737 2751/2751/2751 2750/2750/2750
f 2737/2737/2737 2738/2738/2738 2751/2751/2751
f 2738/2738/2738 2752/2752/2752 2751/2751/2751
f 2738/2738/2738 2739/2739/2739 2752/2752/2752
f 2739/2739/2739 2753/2753/2753 2752/2752/2752
f 2739/2739/2739 2740/2740/2740 2753/2753/2753
f 2754/2754/2754 2741/2741/2741 2742/2742/2742
f 2754/2754/2754 2742/2742/2742 2743/2743/2743
f 2754/2754/2754 2743/2743/2743 2744/2744/2744
f 2754/2754/2754 2744/2744/2744 2745/2745/2745
f 2754/2754/2754 2745/2745/2745 2746/2746/2746
f 2754/2754/2754 2746/2746/2746 2747/2747/2747
f 2754/2754/2754 2747/2747/2747 2748/2748/2748
f 2754/2754/2754 2748/2748/2748 2749/2749/2749
f 2754/2754/2754 2749/2749/2749 2750/2750/2750
f 2754/2754/2754 2750/2750/2750 2751/2751/2751
f 2754/2754/2754 2751/2751/2751 2752/2752/2752
f 2754/2754/2754 2752/2752/2752 2753/2753/2753
usemtl KrakenSucker
f 2755/2755/2755 2768/2768/2768 2769/2769/2769
f 2755/2755/2755 2769/2769/2769 2756/2756/2756
f 2756/2756/2756 2769/2769/2769 2770/2770/2770
f 2756/2756/2756 2770/2770/2770 2757/2757/2757
f 2757/2757/2757 2770/2770/2770 2771/2771/2771
f 2757/2757/2757 2771/2771/2771 2758/2758/2758
f 2758/2758/2758 2771/2771/2771 2772/2772/2772
f 2758/2758/2758 2772/2772/2772 2759/2759/2759
f 2759/2759/2759 2772/2772/2772 2773/2773/2773
f 2759/2759/2759 2773/2773/2773 2760/2760/2760
f 2760/2760/2760 2773/2773/2773 2774/2774/2774
f 2760/2760/2760 2774/2774/2774 2761/2761/2761
f 2761/2761/2761 2774/2774/2774 2775/2775/2775
f 2761/2761/2761 2775/2775/2775 2762/2762/2762
f 2762/2762/2762 2775/2775/2775 2776/2776/2776
f 2762/2762/2762 2776/2776/2776 2763/2763/2763
f 2763/2763/2763 2776/2776/2776 2777/2777/2777
f 2763/2763/2763 2777/2777/2777 2764/2764/2764
f 2764/2764/2764 2777/2777/2777 2778/2778/2778
f 2764/2764/2764 2778/2778/2778 2765/2765/2765
f 2765/2765/2765 2778/2778/2778 2779/2779/2779
f 2765/2765/2765 2779/2779/2779 2766/2766/2766
f 2766/2766/2766 2779/2779/2779 2780/2780/2780
f 2766/2766/2766 2780/2780/2780 2767/2767/2767
f 2768/2768/2768 2781/2781/2781 2782/2782/2782
f 2768/2768/2768 2782/2782/2782 2769/2769/2769
f 2769/2769/2769 2782/2782/2782 2783/2783/2783
f 2769/2769/2769 2783/2783/2783 2770/2770/2770
f 2770/2770/2770 2783/2783/2783 2784/2784/2784
f 2770/2770/2770 2784/2784/2784 2771/2771/2771
f 2771/2771/2771 2784/2784/2784 2785/2785/2785
f 2771/2771/2771 2785/2785/2785 2772/2772/2772
f 2772/2772/2772 2785/2785/2785 2786/2786/2786
f 2772/2772/2772 2786/2786/2786 2773/2773/2773
f 2773/2773/2773 2786/2786/2786 2787/2787/2787
f 2773/2773/2773 2787/2787/2787 2774/2774/2774
f 2774/2774/2774 2787/2787/2787 2788/2788/2788
f 2774/2774/2774 2788/2788/2788 2775/2775/2775
f 2775/2775/2775 2788/2788/2788 2789/2789/2789
f 2775/2775/2775 2789/2789/2789 2776/2776/2776
f 2776/2776/2776 2789/2789/2789 2790/2790/2790
f 2776/2776/2776 2790/2790/2790 2777/2777/2777
f 2777/2777/2777 2790/2790/2790 2791/2791/2791
f 2777/2777/2777 2791/2791/2791 2778/2778/2778
f 2778/2778/2778 2791/2791/2791 2792/2792/2792
f 2778/2778/2778 2792/2792/2792 2779/2779/2779
f 2779/2779/2779 2792/2792/2792 2793/2793/2793
f 2779/2779/2779 2793/2793/2793 2780/2780/2780
usemtl KrakenSuckerInner
f 2794/2794/2794 2808/2808/2808 2807/2807/2807
f 2794/2794/2794 2795/2795/2795 2808/2808/2808
f 2795/2795/2795 2809/2809/2809 2808/2808/2808
f 2795/2795/2795 2796/2796/2796 2809/2809/2809
f 2796/2796/2796 2810/2810/2810 2809/2809/2809
f 2796/2796/2796 2797/2797/2797 2810/2810/2810
f 2797/2797/2797 2811/2811/2811 2810/2810/2810
f 2797/2797/2797 2798/2798/2798 2811/2811/2811
f 2798/2798/2798 2812/2812/2812 2811/2811/2811
f 2798/2798/2798 2799/2799/2799 2812/2812/2812
f 2799/2799/2799 2813/2813/2813 2812/2812/2812
f 2799/2799/2799 2800/2800/2800 2813/2813/2813
f 2800/2800/2800 2814/2814/2814 2813/2813/2813
f 2800/2800/2800 2801/2801/2801 2814/2814/2814
f 2801/2801/2801 2815/2815/2815 2814/2814/2814
f 2801/2801/2801 2802/2802/2802 2815/2815/2815
f 2802/2802/2802 2816/2816/2816 2815/2815/2815
f 2802/2802/2802 2803/2803/2803 2816/2816/2816
f 2803/2803/2803 2817/2817/2817 2816/2816/2816
f 2803/2803/2803 2804/2804/2804 2817/2817/2817
f 2804/2804/2804 2818/2818/2818 2817/2817/2817
f 2804/2804/2804 2805/2805/2805 2818/2818/2818
f 2805/2805/2805 2819/2819/2819 2818/2818/2818
f 2805/2805/2805 2806/2806/2806 2819/2819/2819
f 2807/2807/2807 2821/2821/2821 2820/2820/2820
f 2807/2807/2807 2808/2808/2808 2821/2821/2821
f 2808/2808/2808 2822/2822/2822 2821/2821/2821
f 2808/2808/2808 2809/2809/2809 2822/2822/2822
f 2809/2809/2809 2823/2823/2823 2822/2822/2822
f 2809/2809/2809 2810/2810/2810 2823/2823/2823
f 2810/2810/2810 2824/2824/2824 2823/2823/2823
f 2810/2810/2810 2811/2811/2811 2824/2824/2824
f 2811/2811/2811 2825/2825/2825 2824/2824/2824
f 2811/2811/2811 2812/2812/2812 2825/2825/2825
f 2812/2812/2812 2826/2826/2826 2825/2825/2825
f 2812/2812/2812 2813/2813/2813 2826/2826/2826
f 2813/2813/2813 2827/2827/2827 2826/2826/2826
f 2813/2813/2813 2814/2814/2814 2827/2827/2827
f 2814/2814/2814 2828/2828/2828 2827/2827/2827
f 2814/2814/2814 2815/2815/2815 2828/2828/2828
f 2815/2815/2815 2829/2829/2829 2828/2828/2828
f 2815/2815/2815 2816/2816/2816 2829/2829/2829
f 2816/2816/2816 2830/2830/2830 2829/2829/2829
f 2816/2816/2816 2817/2817/2817 2830/2830/2830
f 2817/2817/2817 2831/2831/2831 2830/2830/2830
f 2817/2817/2817 2818/2818/2818 2831/2831/2831
f 2818/2818/2818 2832/2832/2832 2831/2831/2831
f 2818/2818/2818 2819/2819/2819 2832/2832/2832
f 2833/2833/2833 2820/2820/2820 2821/2821/2821
f 2833/2833/2833 2821/2821/2821 2822/2822/2822
f 2833/2833/2833 2822/2822/2822 2823/2823/2823
f 2833/2833/2833 2823/2823/2823 2824/2824/2824
f 2833/2833/2833 2824/2824/2824 2825/2825/2825
f 2833/2833/2833 2825/2825/2825 2826/2826/2826
f 2833/2833/2833 2826/2826/2826 2827/2827/2827
f 2833/2833/2833 2827/2827/2827 2828/2828/2828
f 2833/2833/2833 2828/2828/2828 2829/2829/2829
f 2833/2833/2833 2829/2829/2829 2830/2830/2830
f 2833/2833/2833 2830/2830/2830 2831/2831/2831
f 2833/2833/2833 2831/2831/2831 2832/2832/2832
usemtl KrakenSucker
f 2834/2834/2834 2847/2847/2847 2848/2848/2848
f 2834/2834/2834 2848/2848/2848 2835/2835/2835
f 2835/2835/2835 2848/2848/2848 2849/2849/2849
f 2835/2835/2835 2849/2849/2849 2836/2836/2836
f 2836/2836/2836 2849/2849/2849 2850/2850/2850
f 2836/2836/2836 2850/2850/2850 2837/2837/2837
f 2837/2837/2837 2850/2850/2850 2851/2851/2851
f 2837/2837/2837 2851/2851/2851 2838/2838/2838
f 2838/2838/2838 2851/2851/2851 2852/2852/2852
f 2838/2838/2838 2852/2852/2852 2839/2839/2839
f 2839/2839/2839 2852/2852/2852 2853/2853/2853
f 2839/2839/2839 2853/2853/2853 2840/2840/2840
f 2840/2840/2840 2853/2853/2853 2854/2854/2854
f 2840/2840/2840 2854/2854/2854 2841/2841/2841
f 2841/2841/2841 2854/2854/2854 2855/2855/2855
f 2841/2841/2841 2855/2855/2855 2842/2842/2842
f 2842/2842/2842 2855/2855/2855 2856/2856/2856
f 2842/2842/2842 2856/2856/2856 2843/2843/2843
f 2843/2843/2843 2856/2856/2856 2857/2857/2857
f 2843/2843/2843 2857/2857/2857 2844/2844/2844
f 2844/2844/2844 2857/2857/2857 2858/2858/2858
f 2844/2844/2844 2858/2858/2858 2845/2845/2845
f 2845/2845/2845 2858/2858/2858 2859/2859/2859
f 2845/2845/2845 2859/2859/2859 2846/2846/2846
f 2847/2847/2847 2860/2860/2860 2861/2861/2861
f 2847/2847/2847 2861/2861/2861 2848/2848/2848
f 2848/2848/2848 2861/2861/2861 2862/2862/2862
f 2848/2848/2848 2862/2862/2862 2849/2849/2849
f 2849/2849/2849 2862/2862/2862 2863/2863/2863
f 2849/2849/2849 2863/2863/2863 2850/2850/2850
f 2850/2850/2850 2863/2863/2863 2864/2864/2864
f 2850/2850/2850 2864/2864/2864 2851/2851/2851
f 2851/2851/2851 2864/2864/2864 2865/2865/2865
f 2851/2851/2851 2865/2865/2865 2852/2852/2852
f 2852/2852/2852 2865/2865/2865 2866/2866/2866
f 2852/2852/2852 2866/2866/2866 2853/2853/2853
f 2853/2853/2853 2866/2866/2866 2867/2867/2867
f 2853/2853/2853 2867/2867/2867 2854/2854/2854
f 2854/2854/2854 2867/2867/2867 2868/2868/2868
f 2854/2854/2854 2868/2868/2868 2855/2855/2855
f 2855/2855/2855 2868/2868/2868 2869/2869/2869
f 2855/2855/2855 2869/2869/2869 2856/2856/2856
f 2856/2856/2856 2869/2869/2869 2870/2870/2870
f 2856/2856/2856 2870/2870/2870 2857/2857/2857
f 2857/2857/2857 2870/2870/2870 2871/2871/2871
f 2857/2857/2857 2871/2871/2871 2858/2858/2858
f 2858/2858/2858 2871/2871/2871 2872/2872/2872
f 2858/2858/2858 2872/2872/2872 2859/2859/2859
usemtl KrakenSuckerInner
f 2873/2873/2873 2887/2887/2887 2886/2886/2886
f 2873/2873/2873 2874/2874/2874 2887/2887/2887
f 2874/2874/2874 2888/2888/2888 2887/2887/2887
f 2874/2874/2874 2875/2875/2875 2888/2888/2888
f 2875/2875/2875 2889/2889/2889 2888/2888/2888
f 2875/2875/2875 2876/2876/2876 2889/2889/2889
f 2876/2876/2876 2890/2890/2890 2889/2889/2889
f 2876/2876/2876 2877/2877/2877 2890/2890/2890
f 2877/2877/2877 2891/2891/2891 2890/2890/2890
f 2877/2877/2877 2878/2878/2878 2891/2891/2891
f 2878/2878/2878 2892/2892/2892 2891/2891/2891
f 2878/2878/2878 2879/2879/2879 2892/2892/2892
f 2879/2879/2879 2893/2893/2893 2892/2892/2892
f 2879/2879/2879 2880/2880/2880 2893/2893/2893
f 2880/2880/2880 2894/2894/2894 2893/2893/2893
f 2880/2880/2880 2881/2881/2881 2894/2894/2894
f 2881/2881/2881 2895/2895/2895 2894/2894/2894
f 2881/2881/2881 2882/2882/2882 2895/2895/2895
f 2882/2882/2882 2896/2896/2896 2895/2895/2895
f 2882/2882/2882 2883/2883/2883 2896/2896/2896
f 2883/2883/2883 2897/2897/2897 2896/2896/2896
f 2883/2883/2883 2884/2884/2884 2897/2897/2897
f 2884/2884/2884 2898/2898/2898 2897/2897/2897
f 2884/2884/2884 2885/2885/2885 2898/2898/2898
f 2886/2886/2886 2900/2900/2900 2899/2899/2899
f 2886/2886/2886 2887/2887/2887 2900/2900/2900
f 2887/2887/2887 2901/2901/2901 2900/2900/2900
f 2887/2887/2887 2888/2888/2888 2901/2901/2901
f 2888/2888/2888 2902/2902/2902 2901/2901/2901
f 2888/2888/2888 2889/2889/2889 2902/2902/2902
f 2889/2889/2889 2903/2903/2903 2902/2902/2902
f 2889/2889/2889 2890/2890/2890 2903/2903/2903
f 2890/2890/2890 2904/2904/2904 2903/2903/2903
f 2890/2890/2890 2891/2891/2891 2904/2904/2904
f 2891/2891/2891 2905/2905/2905 2904/2904/2904
f 2891/2891/2891 2892/2892/2892 2905/2905/2905
f 2892/2892/2892 2906/2906/2906 2905/2905/2905
f 2892/2892/2892 2893/2893/2893 2906/2906/2906
f 2893/2893/2893 2907/2907/2907 2906/2906/2906
f 2893/2893/2893 2894/2894/2894 2907/2907/2907
f 2894/2894/2894 2908/2908/2908 2907/2907/2907
f 2894/2894/2894 2895/2895/2895 2908/2908/2908
f 2895/2895/2895 2909/2909/2909 2908/2908/2908
f 2895/2895/2895 2896/2896/2896 2909/2909/2909
f 2896/2896/2896 2910/2910/2910 2909/2909/2909
f 2896/2896/2896 2897/2897/2897 2910/2910/2910
f 2897/2897/2897 2911/2911/2911 2910/2910/2910
f 2897/2897/2897 2898/2898/2898 2911/2911/2911
f 2912/2912/2912 2899/2899/2899 2900/2900/2900
f 2912/2912/2912 2900/2900/2900 2901/2901/2901
f 2912/2912/2912 2901/2901/2901 2902/2902/2902
f 2912/2912/2912 2902/2902/2902 2903/2903/2903
f 2912/2912/2912 2903/2903/2903 2904/2904/2904
f 2912/2912/2912 2904/2904/2904 2905/2905/2905
f 2912/2912/2912 2905/2905/2905 2906/2906/2906
f 2912/2912/2912 2906/2906/2906 2907/2907/2907
f 2912/2912/2912 2907/2907/2907 2908/2908/2908
f 2912/2912/2912 2908/2908/2908 2909/2909/2909
f 2912/2912/2912 2909/2909/2909 2910/2910/2910
f 2912/2912/2912 2910/2910/2910 2911/2911/2911
