# Kraken Reusable Tentacle Variant 04 - Rigged Root at Origin
# Generated as a triangulated Z-up game asset.
mtllib kraken_midboss.mtl

v -0.9393076 0.0000000 -0.3139274
v -0.8926353 -0.2899039 -0.2974842
v -0.7585857 -0.5514299 -0.2861816
v -0.5502804 -0.7589781 -0.2811259
v -0.2881099 -0.8922323 -0.2828122
v 0.0022629 -0.9381486 -0.2910752
v 0.2924142 -0.8922323 -0.3051062
v 0.5539419 -0.7589781 -0.3235318
v 0.7612459 -0.5514299 -0.3445482
v 0.8940339 -0.2899039 -0.3660983
v 0.9393076 -0.0000000 -0.3860726
v 0.8926353 0.2899039 -0.4025158
v 0.7585857 0.5514299 -0.4138184
v 0.5502804 0.7589781 -0.4188741
v 0.2881099 0.8922323 -0.4171878
v -0.0022629 0.9381486 -0.4089248
v -0.2924142 0.8922323 -0.3948938
v -0.5539419 0.7589781 -0.3764682
v -0.7612459 0.5514299 -0.3554518
v -0.8940339 0.2899039 -0.3339017
v -0.9393076 0.0000000 -0.3139274
v -0.9082958 0.0178400 -0.0319852
v -0.8626575 -0.2659610 -0.0171940
v -0.7314552 -0.5218917 -0.0057901
v -0.5275320 -0.7248999 0.0011100
v -0.2708493 -0.8551137 0.0028310
v 0.0134670 -0.8997869 -0.0007956
v 0.2975861 -0.8545466 -0.0094149
v 0.5536963 -0.7238212 -0.0221829
v 0.7567279 -0.5204071 -0.0378501
v 0.8868067 -0.2642157 -0.0548827
v 0.9311996 0.0196750 -0.0716135
v 0.8855613 0.3034760 -0.0864047
v 0.7543590 0.5594067 -0.0978085
v 0.5504358 0.7624149 -0.1047087
v 0.2937531 0.8926287 -0.1064296
v 0.0094368 0.9373019 -0.1028030
v -0.2746823 0.8920616 -0.0941838
v -0.5307925 0.7613363 -0.0814157
v -0.7338241 0.5579221 -0.0657486
v -0.8639029 0.3017307 -0.0487160
v -0.9082958 0.0178400 -0.0319852
v -0.8868335 0.0311025 0.2415042
v -0.8422093 -0.2465998 0.2534541
v -0.7138798 -0.4968943 0.2651524
v -0.5144070 -0.6952806 0.2754538
v -0.2633166 -0.8223392 0.2833501
v 0.0148130 -0.8656328 0.2880683
v 0.2927564 -0.8209234 0.2891466
v 0.5433067 -0.6925875 0.2864793
v 0.7419382 -0.4931876 0.2803277
v 0.8692075 -0.2422422 0.2712938
v 0.9126565 0.0356842 0.2602619
v 0.8680323 0.3133865 0.2483120
v 0.7397029 0.5636810 0.2366138
v 0.5402301 0.7620673 0.2263123
v 0.2891396 0.8891259 0.2184160
v 0.0110101 0.9324195 0.2136978
v -0.2669334 0.8877101 0.2126195
v -0.5174836 0.7593742 0.2152868
v -0.7161151 0.5599743 0.2214384
v -0.8433844 0.3090289 0.2304723
v -0.8868335 0.0311025 0.2415042
v -0.8737761 0.0408322 0.5229684
v -0.8300974 -0.2306903 0.5322131
v -0.7046701 -0.4753288 0.5439495
v -0.5097720 -0.6691364 0.5570288
v -0.2644810 -0.7931419 0.5701706
v 0.0071921 -0.8352068 0.5820885
v 0.2786540 -0.7912135 0.5916160
v 0.5233321 -0.6654682 0.5978204
v 0.7172757 -0.4702800 0.6000943
v 0.8415001 -0.2247550 0.5982153
v 0.8838455 0.0470729 0.5923672
v 0.8401668 0.3185954 0.5831225
v 0.7147395 0.5632339 0.5713861
v 0.5198414 0.7570415 0.5583069
v 0.2745504 0.8810470 0.5451651
v 0.0028774 0.9231119 0.5332471
v -0.2685845 0.8791185 0.5237197
v -0.5132626 0.7533733 0.5175153
v -0.7072062 0.5581850 0.5152413
v -0.8314307 0.3126601 0.5171203
v -0.8737761 0.0408322 0.5229684
v -0.8687296 0.0469566 0.8117449
v -0.8259413 -0.2183080 0.8184171
v -0.7034319 -0.4572617 0.8299600
v -0.5131937 -0.6465141 0.8452437
v -0.2738484 -0.7675398 0.8627721
v -0.0088249 -0.8084921 0.8808295
v 0.2559346 -0.7653622 0.8976482
v 0.4945135 -0.6423719 0.9115819
v 0.6835581 -0.4515605 0.9212668
v 0.8045633 -0.2116058 0.9257546
v 0.8456843 0.0540036 0.9246063
v 0.8028960 0.3192682 0.9179341
v 0.6803867 0.5582219 0.9063912
v 0.4901484 0.7474743 0.8911075
v 0.2508032 0.8685000 0.8735791
v -0.0142204 0.9094523 0.8555217
v -0.2789799 0.8663224 0.8387030
v -0.5175588 0.7433321 0.8247692
v -0.7066034 0.5525207 0.8150844
v -0.8276086 0.3125660 0.8105965
v -0.8687296 0.0469566 0.8117449
v -0.8712461 0.0494203 1.1071715
v -0.8293048 -0.2095105 1.1113993
v -0.7097195 -0.4427430 1.1225406
v -0.5241961 -0.6274465 1.1395048
v -0.2908949 -0.7455412 1.1606314
v -0.0326531 -0.7854670 1.1838524
v 0.2252509 -0.7433158 1.2068946
v 0.4575715 -0.6232136 1.2275027
v 0.6415677 -0.4369168 1.2436593
v 0.7592286 -0.2026615 1.2537828
v 0.7990367 0.0566218 1.2568824
v 0.7570954 0.3155526 1.2526547
v 0.6375101 0.5487851 1.2415134
v 0.4519868 0.7334886 1.2245491
v 0.2186856 0.8515833 1.2034225
v -0.0395563 0.8915091 1.1802016
v -0.2974602 0.8493579 1.1571593
v -0.5297809 0.7292557 1.1365512
v -0.7137771 0.5429589 1.1203947
v -0.8314380 0.3087036 1.1102711
v -0.8712461 0.0494203 1.1071715
v -0.8808315 0.0481836 1.4085950
v -0.8397041 -0.2043394 1.4105013
v -0.7230425 -0.4318074 1.4210550
v -0.5422661 -0.6119541 1.4392232
v -0.3150707 -0.7271455 1.4632273
v -0.0636957 -0.7661058 1.4907176
v 0.1872525 -0.7250214 1.5190033
v 0.4132093 -0.6079140 1.5453156
v 0.5920566 -0.4262467 1.5670787
v 0.7062875 -0.1978024 1.5821624
v 0.7447204 0.0550571 1.5890902
v 0.7035930 0.3075802 1.5871839
v 0.5869313 0.5350481 1.5766301
v 0.4061550 0.7151948 1.5584620
v 0.1789596 0.8303862 1.5344579
v -0.0724154 0.8693466 1.5069676
v -0.3233636 0.8282622 1.4786819
v -0.5493204 0.7111547 1.4523696
v -0.7281677 0.5294874 1.4306065
v -0.8423987 0.3010431 1.4155228
v -0.8808315 0.0481836 1.4085950
v -0.8969529 0.0432207 1.7153763
v -0.8566154 -0.2028218 1.7150786
v -0.7428729 -0.4244763 1.7248794
v -0.5668593 -0.6000457 1.7438192
v -0.3458039 -0.7123439 1.7700442
v -0.1013453 -0.7503786 1.8009872
v 0.1425872 -0.7104265 1.8336193
v 0.3621159 -0.5963985 1.8647463
v 0.5357517 -0.4194565 1.8913213
v 0.6464980 -0.1969207 1.9107428
v 0.6835141 0.0494255 1.9211099
v 0.6431767 0.2954680 1.9214076
v 0.5294342 0.5171225 1.9116068
v 0.3534205 0.6926918 1.8926670
v 0.1323652 0.8049901 1.8664420
v -0.1120935 0.8430248 1.8354990
v -0.3560260 0.8030727 1.8028669
v -0.5755547 0.6890447 1.7717399
v -0.7491905 0.5121027 1.7451649
v -0.8599368 0.2895669 1.7257434
v -0.8969529 0.0432207 1.7153763
v -0.9190455 0.0345172 2.0268933
v -0.8794816 -0.2049726 2.0245037
v -0.7686520 -0.4207593 2.0334049
v -0.5974054 -0.5917204 2.0527256
v -0.3825046 -0.7011208 2.0805745
v -0.1449857 -0.7382518 2.1142257
v 0.0919014 -0.6994787 2.1503850
v 0.3049686 -0.5885969 2.1855130
v 0.4733593 -0.4164602 2.2161712
v 0.5805902 -0.1999187 2.2393584
v 0.6161649 0.0398312 2.2528049
v 0.5766010 0.2793210 2.2551945
v 0.4657714 0.4951078 2.2462933
v 0.2945248 0.6660688 2.2269727
v 0.0796240 0.7754693 2.1991237
v -0.1578950 0.8126003 2.1654726
v -0.3947821 0.7738272 2.1293132
v -0.6078492 0.6629453 2.0941852
v -0.7762399 0.4908087 2.0635270
v -0.8834708 0.2742671 2.0403399
v -0.9190455 0.0345172 2.0268933
v -0.9465182 0.0220692 2.3425422
v -0.9077184 -0.2107958 2.3381676
v -0.7997952 -0.4206560 2.3460400
v -0.6333128 -0.5869687 2.3653887
v -0.4245677 -0.6934542 2.3943199
v -0.1939933 -0.7296888 2.4300015
v 0.0358402 -0.6921257 2.4689407
v 0.2424350 -0.5844418 2.5073260
v 0.4055683 -0.4171780 2.5413998
v 0.5092714 -0.2067072 2.5678269
v 0.5433932 0.0263683 2.5840203
v 0.5045934 0.2592333 2.5883949
v 0.3966702 0.4690935 2.5805225
v 0.2301878 0.6354062 2.5611738
v 0.0214427 0.7418917 2.5322426
v -0.2091317 0.7781263 2.4965610
v -0.4389652 0.7405632 2.4576218
v -0.6455600 0.6328793 2.4192365
v -0.8086933 0.4656155 2.3851627
v -0.9123964 0.2551447 2.3587356
v -0.9465182 0.0220692 2.3425422
v -0.9787582 0.0058811 2.6617377
v -0.9407192 -0.2202869 2.6554802
v -0.8356972 -0.4241573 2.6622104
v -0.6739725 -0.5857739 2.6812694
v -0.4713758 -0.6893166 2.7107917
v -0.2477388 -0.7246498 2.7478873
v -0.0249525 -0.6883149 2.7889250
v 0.1751752 -0.5838687 2.8298879
v 0.3330543 -0.4215350 2.8667663
v 0.4332306 -0.2172042 2.8959500
v 0.4658982 0.0091223 2.9145826
v 0.4278591 0.2352903 2.9208401
v 0.3228371 0.4391607 2.9141099
v 0.1611124 0.6007773 2.8950509
v -0.0414842 0.7043200 2.8655286
v -0.2651213 0.7396532 2.8284330
v -0.4879076 0.7033184 2.7873953
v -0.6880353 0.5988721 2.7464324
v -0.8459144 0.4365385 2.7095541
v -0.9460907 0.2322077 2.6803703
v -0.9787582 0.0058811 2.6617377
v -1.0151357 -0.0140358 2.9839124
v -0.9778595 -0.2334334 2.9758701
v -0.8757358 -0.4312468 2.9813592
v -0.7187613 -0.5881126 2.9998426
v -0.5223017 -0.6886758 3.0295109
v -0.3055878 -0.7230924 3.0674600
v -0.0898332 -0.6879935 3.1099752
v 0.1038426 -0.5868150 3.1528948
v 0.2564813 -0.4294607 3.1920175
v 0.3531415 -0.2313337 3.2235138
v 0.3843615 -0.0118280 3.2443004
v 0.3470853 0.2075696 3.2523428
v 0.2449616 0.4053830 3.2468537
v 0.0879871 0.5622489 3.2283703
v -0.1084725 0.6628120 3.1987020
v -0.3251863 0.6972286 3.1607529
v -0.5409409 0.6621298 3.1182377
v -0.7346168 0.5609512 3.0753181
v -0.8872555 0.4035969 3.0361954
v -0.9839157 0.2054699 3.0046991
v -1.0151357 -0.0140358 2.9839124
v -1.0550063 -0.0376640 3.3085158
v -1.0184998 -0.2502168 3.2987827
v -0.9192749 -0.4419021 3.3029455
v -0.7670444 -0.5939564 3.3205966
v -0.5767099 -0.6914956 3.3500083
v -0.3669025 -0.7249718 3.3883015
v -0.1581596 -0.6911081 3.4317278
v 0.0290855 -0.5932194 3.4760363
v 0.1765040 -0.4408877 3.5168899
v 0.2696655 -0.2490243 3.5502895
v 0.2994508 -0.0364101 3.5729657
v 0.2629442 0.1761427 3.5826987
v 0.1637193 0.3678280 3.5785360
v 0.0114889 0.5198823 3.5608849
v -0.1788457 0.6174215 3.5314732
v -0.3886531 0.6508977 3.4931800
v -0.5973959 0.6170340 3.4497537
v -0.7846410 0.5191454 3.4054452
v -0.9320595 0.3668137 3.3645916
v -1.0252211 0.1749503 3.3311920
v -1.0550063 -0.0376640 3.3085158
v -1.0977141 -0.0649813 3.6350126
v -1.0619888 -0.2706131 3.6236801
v -0.9656673 -0.4560955 3.6264436
v -0.8181782 -0.6032720 3.6430327
v -0.6339588 -0.6977361 3.6718235
v -0.4310417 -0.7302409 3.7099978
v -0.2292900 -0.6976047 3.7538188
v -0.0484524 -0.6030221 3.7989969
v 0.0937694 -0.4557515 3.8411099
v 0.1834537 -0.2702088 3.8760354
v 0.2118216 -0.0645562 3.9003547
v 0.1760963 0.1410757 3.9116873
v 0.0797748 0.3265580 3.9089237
v -0.0677143 0.4737345 3.8923346
v -0.2519337 0.5681986 3.8635438
v -0.4548508 0.6007035 3.8253696
v -0.6566025 0.5680673 3.7815486
v -0.8374401 0.4734847 3.7363704
v -0.9796619 0.3262140 3.6942574
v -1.0693462 0.1406713 3.6593319
v -1.0977141 -0.0649813 3.6350126
v -1.1425934 -0.0959615 3.9628815
v -1.1076653 -0.2945939 3.9500385
v -1.0142567 -0.4737946 3.9513419
v -0.8715111 -0.6160221 3.9666640
v -0.6934014 -0.7073543 3.9945052
v -0.4973623 -0.7388508 4.0321399
v -0.3025834 -0.7074287 4.0758844
v -0.1281311 -0.6161637 4.1214566
v 0.0089181 -0.4739894 4.1643956
v 0.0951488 -0.2948230 4.2004981
v 0.1221202 -0.0962024 4.2262303
v 0.0871920 0.1024300 4.2390733
v -0.0062166 0.2816307 4.2377699
v -0.1489622 0.4238582 4.2224478
v -0.3270719 0.5151903 4.1946066
v -0.5231110 0.5466869 4.1569719
v -0.7178899 0.5152648 4.1132274
v -0.8923422 0.4239997 4.0676552
v -1.0293914 0.2818255 4.0247162
v -1.1156221 0.1026591 3.9886137
v -1.1425934 -0.0959615 3.9628815
v -1.1889703 -0.1305751 4.2916131
v -1.1548596 -0.3221270 4.2773472
v -1.0643790 -0.4949634 4.2771409
v -0.9263854 -0.6321658 4.2910144
v -0.7543867 -0.7203040 4.3176096
v -0.5652192 -0.7507503 4.3543232
v -0.3774000 -0.7205244 4.3975615
v -0.2093141 -0.6325851 4.4430919
v -0.0774150 -0.4955405 4.4864577
v 0.0053861 -0.3228054 4.5234139
v 0.0309842 -0.1312884 4.5503429
v -0.0031265 0.0602636 4.5646088
v -0.0936071 0.2331000 4.5648151
v -0.2316007 0.3703024 4.5509416
v -0.4035994 0.4584406 4.5243464
v -0.5927669 0.4888869 4.4876328
v -0.7805861 0.4586610 4.4443945
v -0.9486720 0.3707217 4.3988641
v -1.0805711 0.2336771 4.3554983
v -1.1633723 0.0609420 4.3185422
v -1.1889703 -0.1305751 4.2916131
v -1.2361638 -0.1687893 4.6207089
v -1.2028948 -0.3531767 4.6051070
v -1.1153637 -0.5195623 4.6033526
v -0.9821385 -0.6516591 4.6156174
v -0.8162603 -0.7365367 4.6407008
v -0.6339664 -0.7658865 4.6761475
v -0.4531010 -0.7368356 4.7184877
v -0.2913685 -0.6522277 4.7635768
v -0.1646003 -0.5203449 4.8070013
v -0.0852054 -0.3540966 4.8445103
v -0.0609555 -0.1697566 4.8724324
v -0.0942245 0.0146308 4.8880343
v -0.1817556 0.1810164 4.8897887
v -0.3149808 0.3131132 4.8775239
v -0.4808590 0.3979907 4.8524405
v -0.6631529 0.4273405 4.8169938
v -0.8440183 0.3982896 4.7746536
v -1.0057509 0.3136817 4.7295645
v -1.1325191 0.1817989 4.6861400
v -1.2119140 0.0155507 4.6486309
v -1.2361638 -0.1687893 4.6207089
v -1.2834864 -0.2105694 4.9496787
v -1.2510880 -0.3877046 4.9328283
v -1.1665347 -0.5475486 4.9294986
v -1.0381032 -0.6744549 4.9400156
v -0.8783652 -0.7560009 4.9633498
v -0.7029571 -0.7842044 4.9972171
v -0.5290488 -0.7563045 5.0383023
v -0.3736640 -0.6750325 5.0825838
v -0.2520126 -0.5483436 5.1257269
v -0.1760027 -0.3886391 5.1635084
v -0.1530748 -0.2115520 5.1922302
v -0.1854732 -0.0344169 5.2090806
v -0.2700265 0.1254272 5.2124103
v -0.3984580 0.2523334 5.2018933
v -0.5581960 0.3338794 5.1785590
v -0.7336042 0.3620829 5.1446917
v -0.9075124 0.3341831 5.1036065
v -1.0628972 0.2529110 5.0593251
v -1.1845487 0.1262221 5.0161820
v -1.2605585 -0.0334824 4.9784004
v -1.2834864 -0.2105694 4.9496787
v -1.3302447 -0.2558782 5.2780397
v -1.2987501 -0.4256695 5.2600295
v -1.2172108 -0.5788768 5.2551088
v -1.0936084 -0.7005032 5.2637593
v -0.9400420 -0.7786429 5.2851342
v -0.7715437 -0.8056472 5.3171412
v -0.6046074 -0.7788727 5.3566471
v -0.4555738 -0.7009402 5.3997850
v -0.3390315 -0.5794784 5.4423321
v -0.2663884 -0.4263767 5.4801236
v -0.2447553 -0.2566218 5.5094603
v -0.2762499 -0.0868305 5.5274705
v -0.3577892 0.0663768 5.5323912
v -0.4813916 0.1880032 5.5237407
v -0.6349580 0.2661429 5.5023658
v -0.8034563 0.2931472 5.4703588
v -0.9703926 0.2663727 5.4308529
v -1.1194262 0.1884402 5.3877150
v -1.2359685 0.0669784 5.3451679
v -1.3086116 -0.0861233 5.3073764
v -1.3302447 -0.2558782 5.2780397
v -1.3757395 -0.3046764 5.6053140
v -1.3451867 -0.4670275 5.5862357
v -1.2667060 -0.6134983 5.5797203
v -1.1479797 -0.7297511 5.5864058
v -1.0006295 -0.8044063 5.6056377
v -0.8390791 -0.8301561 5.6355334
v -0.6791421 -0.8044800 5.6731665
v -0.5364744 -0.7298914 5.7148533
v -0.4250411 -0.6136914 5.7565131
v -0.3557503 -0.4672545 5.7940681
v -0.3353845 -0.3049151 5.8238419
v -0.3659373 -0.1425639 5.8429203
v -0.4444179 0.0039068 5.8494356
v -0.5631443 0.1201596 5.8427501
v -0.7104945 0.1948148 5.8235182
v -0.8720449 0.2205647 5.7936225
v -1.0319818 0.1948886 5.7559894
v -1.1746496 0.1202999 5.7143026
v -1.2860828 0.0040999 5.6726428
v -1.3553737 -0.1423370 5.6350879
v -1.3757395 -0.3046764 5.6053140
v -1.4192657 -0.3569228 5.9310274
v -1.3896977 -0.5117323 5.9109765
v -1.3143297 -0.6513617 5.9028759
v -1.2005392 -0.7621429 5.9075185
v -1.0594647 -0.8332319 5.9244499
v -0.9049158 -0.8576700 5.9520127
v -0.7520206 -0.8330651 5.9875089
v -0.6157457 -0.7618257 6.0274639
v -0.5094305 -0.6509251 6.0679665
v -0.4434820 -0.5112191 6.1050522
v -0.4243557 -0.3563831 6.1350906
v -0.4539237 -0.2015735 6.1551415
v -0.5292917 -0.0619442 6.1632421
v -0.6430822 0.0488370 6.1585995
v -0.7841567 0.1199260 6.1416681
v -0.9387056 0.1443641 6.1141052
v -1.0916008 0.1197592 6.0786091
v -1.2278757 0.0485198 6.0386541
v -1.3341909 -0.0623808 5.9981515
v -1.4001394 -0.2020868 5.9610658
v -1.4192657 -0.3569228 5.9310274
v -1.4601122 -0.4125738 6.2547066
v -1.4315775 -0.5597346 6.2337846
v -1.3593864 -0.6924123 6.2241225
v -1.2506056 -0.7976194 6.2266659
v -1.1158832 -0.8650575 6.2411661
v -0.9684069 -0.8881254 6.2662035
v -0.8226125 -0.8645649 6.2993274
v -0.6927716 -0.7966823 6.3372954
v -0.5915938 -0.6911225 6.3763908
v -0.5289831 -0.5582184 6.4127868
v -0.5110683 -0.4109795 6.4429207
v -0.5396031 -0.2638186 6.4638427
v -0.6117941 -0.1311409 6.4735049
v -0.7205750 -0.0259338 6.4709614
v -0.8552973 0.0415043 6.4564612
v -1.0027737 0.0645721 6.4314238
v -1.1485680 0.0410116 6.3982999
v -1.2784090 -0.0268709 6.3603320
v -1.3795868 -0.1324307 6.3212365
v -1.4421974 -0.2653349 6.2848405
v -1.4601122 -0.4125738 6.2547066
v -1.4975612 -0.4715834 6.5758779
v -1.4701142 -0.6109818 6.5541939
v -1.4011759 -0.7365919 6.5430101
v -1.2974944 -0.8361180 6.5434212
v -1.1692189 -0.8998178 6.5553870
v -1.0289058 -0.9214560 6.5777363
v -0.8902900 -0.8989144 6.6082813
v -0.7669402 -0.8343997 6.6440320
v -0.6709306 -0.7342269 6.6814890
v -0.6116594 -0.6082016 6.7169856
v -0.5949285 -0.4686601 6.7470473
v -0.6223755 -0.3292617 6.7687313
v -0.6913139 -0.2036516 6.7799152
v -0.7949953 -0.1041255 6.7795041
v -0.9232708 -0.0404257 6.7675382
v -1.0635839 -0.0187875 6.7451890
v -1.2021997 -0.0413290 6.7146440
v -1.3255495 -0.1058438 6.6788932
v -1.4215591 -0.2060166 6.6414363
v -1.4808303 -0.3320419 6.6059396
v -1.4975612 -0.4715834 6.5758779
v -1.5308878 -0.5339027 6.8940640
v -1.5045893 -0.6654176 6.8717370
v -1.4389920 -0.7838378 6.8590900
v -1.3405171 -0.8775714 6.8573609
v -1.2188040 -0.9374432 6.8667191
v -1.0857668 -0.9575925 6.8862485
v -0.9544281 -0.9360468 6.9140373
v -0.8376442 -0.8749154 6.9473655
v -0.7468469 -0.7801821 6.9829707
v -0.6909239 -0.6611201 7.0173675
v -0.6753494 -0.5293839 7.0471890
v -0.7016479 -0.3978690 7.0695160
v -0.7672451 -0.2794488 7.0821630
v -0.8657200 -0.1857152 7.0838921
v -0.9874331 -0.1258434 7.0745339
v -1.1204704 -0.1056942 7.0550045
v -1.2518091 -0.1272398 7.0272157
v -1.3685929 -0.1883712 6.9938875
v -1.4593903 -0.2831045 6.9582823
v -1.5153133 -0.4021666 6.9238855
v -1.5308878 -0.5339027 6.8940640
v -1.5593588 -0.5994787 7.2087815
v -1.5342767 -0.7229808 7.1859434
v -1.4721228 -0.8340822 7.1719133
v -1.3789810 -0.9219074 7.1680648
v -1.2639689 -0.9778595 7.1747745
v -1.1383444 -0.9964616 7.1913855
v -1.0144048 -0.9758927 7.2162720
v -0.9042819 -0.9181662 7.2469978
v -0.8187554 -0.8289329 7.2805553
v -0.7661973 -0.7169275 7.3136597
v -0.7517523 -0.5931139 7.3430704
v -0.7768344 -0.4696118 7.3659085
v -0.8389883 -0.3585104 7.3799385
v -0.9321301 -0.2706852 7.3837871
v -1.0471422 -0.2147331 7.3770774
v -1.1727667 -0.1961310 7.3604663
v -1.2967064 -0.2166999 7.3355798
v -1.4068292 -0.2744264 7.3048540
v -1.4923557 -0.3636597 7.2712965
v -1.5449138 -0.4756651 7.2381922
v -1.5593588 -0.5994787 7.2087815
v -1.5822319 -0.6682538 7.5195374
v -1.5584419 -0.7836042 7.4963361
v -1.4998489 -0.8872504 7.4810290
v -1.4121885 -0.9690468 7.4751144
v -1.3040415 -1.0209866 7.4791712
v -1.1859940 -1.0379855 7.4928024
v -1.0696014 -1.0183796 7.5146737
v -0.9662570 -0.9640881 7.5426440
v -0.8860769 -0.8804254 7.5739756
v -0.8369096 -0.7755809 7.6056014
v -0.8235680 -0.6598176 7.6344257
v -0.8473580 -0.5444672 7.6576269
v -0.9059510 -0.4408210 7.6729341
v -0.9936114 -0.3590246 7.6788487
v -1.1017584 -0.3070849 7.6747918
v -1.2198059 -0.2900859 7.6611606
v -1.3361985 -0.3096918 7.6392894
v -1.4395429 -0.3639833 7.6113190
v -1.5197230 -0.4476460 7.5799874
v -1.5688903 -0.5524905 7.5483616
v -1.5822319 -0.6682538 7.5195374
v -1.5987544 -0.7401638 7.8258252
v -1.5763403 -0.8472125 7.8024292
v -1.5214429 -0.9432592 7.7859816
v -1.4394360 -1.0189021 7.7780926
v -1.3383470 -1.0667366 7.7795342
v -1.2280712 -1.0820806 7.7901655
v -1.1194032 -1.0634319 7.8089457
v -1.0229801 -1.0126160 7.8340365
v -0.9482405 -0.9346072 7.8629818
v -0.9025005 -0.8370415 7.8929483
v -0.8902374 -0.7294693 7.9210027
v -0.9126515 -0.6224205 7.9443987
v -0.9675489 -0.5263738 7.9608462
v -1.0495558 -0.4507310 7.9687353
v -1.1506448 -0.4028964 7.9672936
v -1.2609206 -0.3875525 7.9566623
v -1.3695886 -0.4062012 7.9378821
v -1.4660117 -0.4570170 7.9127913
v -1.5407512 -0.5350258 7.8838460
v -1.5864913 -0.6325916 7.8538795
v -1.5987544 -0.7401638 7.8258252
v -1.6081610 -0.8151358 8.1271201
v -1.5872154 -0.9137201 8.1037232
v -1.5361669 -1.0020139 8.0863093
v -1.4600124 -1.0713743 8.0765828
v -1.3662065 -1.1150120 8.0754959
v -1.2639314 -1.1286553 8.0831550
v -1.1631987 -1.1109688 8.0988104
v -1.0738687 -1.0636837 8.1209296
v -1.0046857 -0.9914286 8.1473474
v -0.9624218 -0.9012763 8.1754779
v -0.9512140 -0.8020517 8.2025674
v -0.9721596 -0.7034674 8.2259643
v -1.0232081 -0.6151736 8.2433782
v -1.0993626 -0.5458132 8.2531047
v -1.1931685 -0.5021755 8.2541916
v -1.2954436 -0.4885322 8.2465325
v -1.3961763 -0.5062187 8.2308771
v -1.4855063 -0.5535038 8.2087579
v -1.5546893 -0.6257589 8.1823401
v -1.5969532 -0.7159112 8.1542096
v -1.6081610 -0.8151358 8.1271201
v -1.6096716 -0.8930856 8.4228731
v -1.5902968 -0.9830268 8.3997014
v -1.5432711 -1.0634039 8.3815405
v -1.4731977 -1.1263492 8.3701682
v -1.3869359 -1.1657011 8.3666977
v -1.2929295 -1.1776076 8.3714687
v -1.2003807 -1.1609032 8.3840141
v -1.1183486 -1.1172230 8.4031060
v -1.0548632 -1.0508427 8.4268755
v -1.0161389 -0.9682602 8.4529958
v -1.0059662 -0.8775591 8.4789102
v -1.0253410 -0.7876180 8.5020819
v -1.0723667 -0.7072408 8.5202428
v -1.1424401 -0.6442955 8.5316150
v -1.2287020 -0.6049436 8.5350855
v -1.3227083 -0.5930371 8.5303146
v -1.4152572 -0.6097415 8.5177691
v -1.4972893 -0.6534217 8.4986772
v -1.5607747 -0.7198020 8.4749078
v -1.5994990 -0.8023845 8.4487874
v -1.6096716 -0.8930856 8.4228731
v -1.6024879 -0.9739132 8.7125033
v -1.5847957 -1.0550129 8.6898233
v -1.5419895 -1.1272974 8.6711914
v -1.4782594 -1.1836908 8.6584314
v -1.3998439 -1.2186732 8.6527924
v -1.3144187 -1.2288200 8.6548263
v -1.2303459 -1.2131381 8.6643341
v -1.1558550 -1.1731626 8.6803851
v -1.0982379 -1.1128065 8.7014080
v -1.0631344 -1.0379779 8.7253451
v -1.0539807 -0.9560015 8.7498531
v -1.0716729 -0.8749018 8.7725331
v -1.1144791 -0.8026173 8.7911650
v -1.1782092 -0.7462238 8.8039250
v -1.2566247 -0.7112415 8.8095640
v -1.3420499 -0.7010947 8.8075301
v -1.4261228 -0.7167766 8.7980223
v -1.5006136 -0.7567521 8.7819713
v -1.5582307 -0.8171082 8.7609484
v -1.5933342 -0.8919368 8.7370113
v -1.6024879 -0.9739132 8.7125033
v -1.5857867 -1.0574974 8.9953889
v -1.5698989 -1.1295314 8.9735186
v -1.5315342 -1.1935311 8.9547617
v -1.4744480 -1.2432318 8.9409541
v -1.4042283 -1.2737683 8.9334475
v -1.3277487 -1.2821515 8.9329767
v -1.2524955 -1.2675610 8.9395878
v -1.1858350 -1.2314247 8.9526336
v -1.1342925 -1.1772801 8.9708371
v -1.1029132 -1.1104272 8.9924164
v -1.0947689 -1.0374100 9.0152592
v -1.1106567 -0.9653760 9.0371295
v -1.1490213 -0.9013763 9.0558865
v -1.2061075 -0.8516756 9.0696940
v -1.2763272 -0.8211391 9.0772006
v -1.3528069 -0.8127559 9.0776714
v -1.4280601 -0.8273465 9.0710604
v -1.4947205 -0.8634827 9.0580146
v -1.5462631 -0.9176273 9.0398111
v -1.5776423 -0.9844802 9.0182318
v -1.5857867 -1.0574974 8.9953889
v -1.5587089 -1.1436874 9.2708549
v -1.5447574 -1.2063953 9.2501787
v -1.5110852 -1.2618959 9.2317315
v -1.4609884 -1.3047564 9.2173191
v -1.3993709 -1.3307814 9.2083522
v -1.3322640 -1.3374232 9.2057085
v -1.2662368 -1.3240318 9.2096470
v -1.2077525 -1.2919181 9.2197819
v -1.1625358 -1.2442254 9.2351213
v -1.1350130 -1.1856224 9.2541636
v -1.1278781 -1.1218455 9.2750449
v -1.1418295 -1.0591376 9.2957211
v -1.1755017 -1.0036369 9.3141683
v -1.2255985 -0.9607764 9.3285807
v -1.2872161 -0.9347515 9.3375476
v -1.3543229 -0.9281096 9.3401912
v -1.4203501 -0.9415010 9.3362528
v -1.4788345 -0.9736148 9.3261179
v -1.5240511 -1.0213074 9.3107785
v -1.5515740 -1.0799104 9.2917361
v -1.5587089 -1.1436874 9.2708549
v -1.5203351 -1.2322908 9.5381549
v -1.5084623 -1.2853572 9.5191450
v -1.4797689 -1.3321092 9.5015576
v -1.4370637 -1.3679705 9.4871141
v -1.3845268 -1.3894306 9.4772285
v -1.3273011 -1.3943890 9.4728684
v -1.2709880 -1.3823602 9.4744606
v -1.2211001 -1.3545216 9.4818492
v -1.1825206 -1.3135985 9.4943110
v -1.1590259 -1.2635965 9.5106262
v -1.1529159 -1.2094102 9.5291976
v -1.1647887 -1.1563438 9.5482075
v -1.1934821 -1.1095917 9.5657950
v -1.2361874 -1.0737305 9.5802384
v -1.2887242 -1.0522703 9.5901240
v -1.3459500 -1.0473120 9.5944842
v -1.4022630 -1.0593408 9.5928920
v -1.4521509 -1.0871793 9.5855034
v -1.4907305 -1.1281025 9.5730415
v -1.5142251 -1.1781045 9.5567264
v -1.5203351 -1.2322908 9.5381549
v -1.4696279 -1.3230529 9.7964429
v -1.4599889 -1.3660702 9.7796932
v -1.4366095 -1.4037616 9.7636710
v -1.4017781 -1.4324375 9.7499444
v -1.3589043 -1.4492909 9.7398573
v -1.3121849 -1.4526722 9.7343969
v -1.2661931 -1.4422503 9.7340978
v -1.2254310 -1.4190454 9.7389892
v -1.1938885 -1.3853289 9.7485924
v -1.1746533 -1.3444013 9.7619674
v -1.1696082 -1.3002688 9.7778048
v -1.1792472 -1.2572515 9.7945544
v -1.2026266 -1.2195602 9.8105767
v -1.2374580 -1.1908843 9.8243033
v -1.2803318 -1.1740308 9.8343904
v -1.3270512 -1.1706496 9.8398508
v -1.3730430 -1.1810715 9.8401499
v -1.4138052 -1.2042764 9.8352584
v -1.4453476 -1.2379929 9.8256552
v -1.4645829 -1.2789205 9.8122803
v -1.4696279 -1.3230529 9.7964429
v -1.3768556 -1.4129998 10.0417628
v -1.3714350 -1.4372861 10.0314805
v -1.3582011 -1.4584270 10.0213385
v -1.3384493 -1.4743530 10.0123295
v -1.3141131 -1.4835051 10.0053353
v -1.2875746 -1.4849876 10.0010407
v -1.2614316 -1.4786553 9.9998660
v -1.2382433 -1.4651280 10.0019262
v -1.2202793 -1.4457300 10.0070196
v -1.2092982 -1.4223599 10.0146477
v -1.2063748 -1.3973054 10.0240637
v -1.2117954 -1.3730191 10.0343460
v -1.2250293 -1.3518782 10.0444880
v -1.2447811 -1.3359522 10.0534970
v -1.2691174 -1.3268001 10.0604911
v -1.2956558 -1.3253176 10.0647858
v -1.3217988 -1.3316499 10.0659605
v -1.3449872 -1.3451772 10.0639003
v -1.3629512 -1.3645753 10.0588069
v -1.3739323 -1.3879453 10.0511788
v -1.3768556 -1.4129998 10.0417628
v -1.2775391 -1.5041210 10.2744971
v -1.2759387 -1.5113710 10.2711588
v -1.2719913 -1.5176333 10.2677722
v -1.2660831 -1.5222949 10.2646688
v -1.2587926 -1.5248995 10.2621523
v -1.2508334 -1.5251920 10.2604691
v -1.2429846 -1.5231440 10.2597840
v -1.2360144 -1.5189558 10.2601640
v -1.2306053 -1.5130375 10.2615719
v -1.2272866 -1.5059683 10.2638699
v -1.2263832 -1.4984403 10.2668331
v -1.2279836 -1.4911903 10.2701713
v -1.2319311 -1.4849280 10.2735579
v -1.2378392 -1.4802664 10.2766614
v -1.2451297 -1.4776618 10.2791778
v -1.2530889 -1.4773693 10.2808610
v -1.2609378 -1.4794173 10.2815462
v -1.2679079 -1.4836055 10.2811662
v -1.2733171 -1.4895238 10.2797583
v -1.2766357 -1.4965930 10.2774603
v -1.2775391 -1.5041210 10.2744971
v -1.2014086 -1.6001713 10.5002454
v -1.2013214 -1.6005698 10.5000541
v -1.2011048 -1.6009125 10.4998575
v -1.2007801 -1.6011659 10.4996749
v -1.2003791 -1.6013051 10.4995241
v -1.1999409 -1.6013166 10.4994199
v -1.1995086 -1.6011993 10.4993724
v -1.1991243 -1.6009645 10.4993864
v -1.1988257 -1.6006353 10.4994605
v -1.1986421 -1.6002439 10.4995873
v -1.1985914 -1.5998287 10.4997546
v -1.1986786 -1.5994302 10.4999459
v -1.1988952 -1.5990875 10.5001425
v -1.1992199 -1.5988341 10.5003251
v -1.1996209 -1.5986949 10.5004759
v -1.2000591 -1.5986834 10.5005801
v -1.2004914 -1.5988007 10.5006276
v -1.2008757 -1.5990355 10.5006136
v -1.2011743 -1.5993647 10.5005395
v -1.2013579 -1.5997561 10.5004127
v -1.2014086 -1.6001713 10.5002454
v 0.0000000 0.0000000 -0.3500000
v -1.2000000 -1.6000000 10.5000000
v -0.4436767 -0.6578930 1.0592634
v -0.4311537 -0.6618878 1.0104783
v -0.3980047 -0.6752475 0.9747651
v -0.3531118 -0.6943923 0.9616931
v -0.3085040 -0.7141925 0.9747651
v -0.2761340 -0.7293426 1.0104783
v -0.2646753 -0.7357831 1.0592634
v -0.2771983 -0.7317883 1.1080486
v -0.3103473 -0.7184287 1.1437618
v -0.3552402 -0.6992838 1.1568338
v -0.3998480 -0.6794836 1.1437618
v -0.4322180 -0.6643336 1.1080486
v -0.4436767 -0.6578930 1.0592634
v -0.5352222 -0.6585943 1.0582473
v -0.5119653 -0.6660132 0.9676463
v -0.4504028 -0.6908240 0.9013218
v -0.3670302 -0.7263787 0.8770453
v -0.2841873 -0.7631505 0.9013218
v -0.2240716 -0.7912864 0.9676463
v -0.2027912 -0.8032473 1.0582473
v -0.2260480 -0.7958285 1.1488484
v -0.2876106 -0.7710177 1.2151729
v -0.3709831 -0.7354629 1.2394494
v -0.4538261 -0.6986912 1.2151729
v -0.5139417 -0.6705553 1.1488484
v -0.5352222 -0.6585943 1.0582473
v -0.6006418 -0.6807980 1.0569772
v -0.5708253 -0.6903094 0.9408221
v -0.4918990 -0.7221181 0.8557906
v -0.3850111 -0.7677011 0.8246669
v -0.2788022 -0.8148444 0.8557906
v -0.2017308 -0.8509160 0.9408221
v -0.1744482 -0.8662506 1.0569772
v -0.2042647 -0.8567392 1.1731324
v -0.2831910 -0.8249305 1.2581638
v -0.3900789 -0.7793475 1.2892875
v -0.4962878 -0.7322042 1.2581638
v -0.5733592 -0.6961326 1.1731324
v -0.6006418 -0.6807980 1.0569772
v -0.6006418 -0.6807980 1.0569772
v -0.5708253 -0.6903094 0.9408221
v -0.4918990 -0.7221181 0.8557906
v -0.3850111 -0.7677011 0.8246669
v -0.2788022 -0.8148444 0.8557906
v -0.2017308 -0.8509160 0.9408221
v -0.1744482 -0.8662506 1.0569772
v -0.2042647 -0.8567392 1.1731324
v -0.2831910 -0.8249305 1.2581638
v -0.3900789 -0.7793475 1.2892875
v -0.4962878 -0.7322042 1.2581638
v -0.5733592 -0.6961326 1.1731324
v -0.6006418 -0.6807980 1.0569772
v -0.5215189 -0.7202943 1.0568502
v -0.5030326 -0.7261914 0.9848340
v -0.4540983 -0.7459128 0.9321145
v -0.3878278 -0.7741742 0.9128178
v -0.3219783 -0.8034031 0.9321145
v -0.2741940 -0.8257675 0.9848340
v -0.2572788 -0.8352749 1.0568502
v -0.2757650 -0.8293779 1.1288664
v -0.3246994 -0.8096565 1.1815859
v -0.3909698 -0.7813950 1.2008826
v -0.4568194 -0.7521662 1.1815859
v -0.5046036 -0.7298018 1.1288664
v -0.5215189 -0.7202943 1.0568502
v -0.4414596 -0.6993939 1.0582473
v -0.4313220 -0.7026278 1.0187546
v -0.4044870 -0.7134427 0.9898439
v -0.3681451 -0.7289409 0.9792618
v -0.3320341 -0.7449697 0.9898439
v -0.3058298 -0.7572340 1.0187546
v -0.2965538 -0.7624478 1.0582473
v -0.3066914 -0.7592139 1.0977401
v -0.3335263 -0.7483989 1.1266508
v -0.3698682 -0.7329007 1.1372328
v -0.4059792 -0.7168720 1.1266508
v -0.4321835 -0.7046076 1.0977401
v -0.4414596 -0.6993939 1.0582473
v -0.3615913 -0.7138795 1.0587554
v -0.4932299 -0.6237541 1.7048502
v -0.4805957 -0.6257851 1.6587129
v -0.4486315 -0.6371847 1.6249380
v -0.4059021 -0.6548983 1.6125756
v -0.3638568 -0.6741795 1.6249380
v -0.3337617 -0.6898620 1.6587129
v -0.3236806 -0.6977436 1.7048502
v -0.3363148 -0.6957126 1.7509875
v -0.3682790 -0.6843130 1.7847624
v -0.4110084 -0.6665994 1.7971249
v -0.4530537 -0.6473182 1.7847624
v -0.4831488 -0.6316357 1.7509875
v -0.4932299 -0.6237541 1.7048502
v -0.5799536 -0.6242624 1.7024184
v -0.5564900 -0.6280343 1.6167348
v -0.4971279 -0.6492049 1.5540101
v -0.4177734 -0.6821016 1.5310512
v -0.3396893 -0.7179096 1.5540101
v -0.2837983 -0.7470342 1.6167348
v -0.2650762 -0.7616716 1.7024184
v -0.2885398 -0.7578996 1.7881020
v -0.3479019 -0.7367290 1.8508268
v -0.4272565 -0.7038324 1.8737856
v -0.5053405 -0.6680244 1.8508268
v -0.5612316 -0.6388997 1.7881020
v -0.5799536 -0.6242624 1.7024184
v -0.6419339 -0.6451568 1.6993787
v -0.6118524 -0.6499926 1.5895279
v -0.5357472 -0.6771345 1.5091116
v -0.4340106 -0.7193096 1.4796772
v -0.3339028 -0.7652173 1.5091116
v -0.2622476 -0.8025566 1.5895279
v -0.2382450 -0.8213224 1.6993787
v -0.2683265 -0.8164866 1.8092295
v -0.3444317 -0.7893447 1.8896458
v -0.4461684 -0.7471696 1.9190803
v -0.5462762 -0.7012619 1.8896458
v -0.6179313 -0.6639226 1.8092295
v -0.6419339 -0.6451568 1.6993787
v -0.6419339 -0.6451568 1.6993787
v -0.6118524 -0.6499926 1.5895279
v -0.5357472 -0.6771345 1.5091116
v -0.4340106 -0.7193096 1.4796772
v -0.3339028 -0.7652173 1.5091116
v -0.2622476 -0.8025566 1.5895279
v -0.2382450 -0.8213224 1.6993787
v -0.2683265 -0.8164866 1.8092295
v -0.3444317 -0.7893447 1.8896458
v -0.4461684 -0.7471696 1.9190803
v -0.5462762 -0.7012619 1.8896458
v -0.6179313 -0.6639226 1.8092295
v -0.6419339 -0.6451568 1.6993787
v -0.5669905 -0.6826555 1.6990747
v -0.5483400 -0.6856537 1.6309673
v -0.5011547 -0.7024817 1.5811091
v -0.4380780 -0.7286303 1.5628598
v -0.3760112 -0.7570930 1.5811091
v -0.3315850 -0.7802434 1.6309673
v -0.3167034 -0.7918782 1.6990747
v -0.3353539 -0.7888800 1.7671822
v -0.3825391 -0.7720521 1.8170403
v -0.4456159 -0.7459035 1.8352897
v -0.5076827 -0.7174407 1.8170403
v -0.5521089 -0.6942903 1.7671822
v -0.5669905 -0.6826555 1.6990747
v -0.4911420 -0.6630188 1.7024184
v -0.4809143 -0.6646630 1.6650692
v -0.4550385 -0.6738912 1.6377276
v -0.4204481 -0.6882308 1.6277199
v -0.3864114 -0.7038394 1.6377276
v -0.3620487 -0.7165347 1.6650692
v -0.3538878 -0.7229151 1.7024184
v -0.3641155 -0.7212709 1.7397677
v -0.3899913 -0.7120427 1.7671093
v -0.4245817 -0.6977032 1.7771170
v -0.4586184 -0.6820945 1.7671093
v -0.4829811 -0.6693992 1.7397677
v -0.4911420 -0.6630188 1.7024184
v -0.4154851 -0.6768579 1.7036343
v -0.5686495 -0.6068537 2.3685929
v -0.5560951 -0.6073121 2.3251839
v -0.5254520 -0.6169740 2.2934062
v -0.4849311 -0.6332507 2.2817748
v -0.4453897 -0.6517808 2.2934062
v -0.4174232 -0.6675992 2.3251839
v -0.4085249 -0.6764673 2.3685929
v -0.4210793 -0.6760090 2.4120020
v -0.4517223 -0.6663470 2.4437796
v -0.4922433 -0.6500703 2.4554111
v -0.5317846 -0.6315402 2.4437796
v -0.5597512 -0.6157218 2.4120020
v -0.5686495 -0.6068537 2.3685929
v -0.6504606 -0.6073505 2.3650995
v -0.6271454 -0.6082017 2.2844827
v -0.5702368 -0.6261454 2.2254671
v -0.4949836 -0.6563735 2.2038658
v -0.4215498 -0.6907866 2.2254671
v -0.3696118 -0.7201635 2.2844827
v -0.3530865 -0.7366329 2.3650995
v -0.3764017 -0.7357817 2.4457164
v -0.4333103 -0.7178380 2.5047320
v -0.5085635 -0.6876099 2.5263332
v -0.5819974 -0.6531968 2.5047320
v -0.6339353 -0.6238199 2.4457164
v -0.6504606 -0.6073505 2.3650995
v -0.7088810 -0.6270324 2.3607328
v -0.6789896 -0.6281236 2.2573779
v -0.6060300 -0.6511284 2.1817168
v -0.5095515 -0.6898824 2.1540229
v -0.4154055 -0.7340017 2.1817168
v -0.3488184 -0.7716645 2.2573779
v -0.3276321 -0.7927790 2.3607328
v -0.3575234 -0.7916877 2.4640877
v -0.4304831 -0.7686830 2.5397488
v -0.5269616 -0.7299290 2.5674427
v -0.6211076 -0.6858097 2.5397488
v -0.6876947 -0.6481469 2.4640877
v -0.7088810 -0.6270324 2.3607328
v -0.7088810 -0.6270324 2.3607328
v -0.6789896 -0.6281236 2.2573779
v -0.6060300 -0.6511284 2.1817168
v -0.5095515 -0.6898824 2.1540229
v -0.4154055 -0.7340017 2.1817168
v -0.3488184 -0.7716645 2.2573779
v -0.3276321 -0.7927790 2.3607328
v -0.3575234 -0.7916877 2.4640877
v -0.4304831 -0.7686830 2.5397488
v -0.5269616 -0.7299290 2.5674427
v -0.6211076 -0.6858097 2.5397488
v -0.6876947 -0.6481469 2.4640877
v -0.7088810 -0.6270324 2.3607328
v -0.6380920 -0.6623156 2.3602961
v -0.6195594 -0.6629922 2.2962161
v -0.5743244 -0.6772551 2.2493062
v -0.5145077 -0.7012827 2.2321360
v -0.4561372 -0.7286366 2.2493062
v -0.4148532 -0.7519875 2.2962161
v -0.4017177 -0.7650786 2.3602961
v -0.4202503 -0.7644020 2.4243762
v -0.4654853 -0.7501390 2.4712861
v -0.5253020 -0.7261115 2.4884563
v -0.5836725 -0.6987576 2.4712861
v -0.6249565 -0.6754066 2.4243762
v -0.6380920 -0.6623156 2.3602961
v -0.5665859 -0.6438148 2.3650995
v -0.5564228 -0.6441858 2.3299589
v -0.5316165 -0.6520074 2.3042341
v -0.4988138 -0.6651838 2.2948182
v -0.4668042 -0.6801843 2.3042341
v -0.4441646 -0.6929897 2.3299589
v -0.4369612 -0.7001686 2.3650995
v -0.4471243 -0.6997976 2.4002402
v -0.4719306 -0.6919760 2.4259650
v -0.5047333 -0.6787996 2.4353809
v -0.5367429 -0.6637991 2.4259650
v -0.5593825 -0.6509937 2.4002402
v -0.5665859 -0.6438148 2.3650995
v -0.4951804 -0.6568261 2.3668462
v -0.6649846 -0.6068990 3.0457693
v -0.6526845 -0.6061270 3.0051435
v -0.6235023 -0.6142678 2.9754033
v -0.5852576 -0.6291401 2.9645177
v -0.5481978 -0.6467590 2.9754033
v -0.5222532 -0.6624033 3.0051435
v -0.5143755 -0.6718813 3.0457693
v -0.5266757 -0.6726533 3.0863951
v -0.5558578 -0.6645124 3.1161353
v -0.5941026 -0.6496401 3.1270209
v -0.6311623 -0.6320213 3.1161353
v -0.6571069 -0.6163770 3.0863951
v -0.6649846 -0.6068990 3.0457693
v -0.7417937 -0.6074699 3.0415166
v -0.7189506 -0.6060362 2.9660687
v -0.6647552 -0.6211549 2.9108370
v -0.5937293 -0.6487749 2.8906207
v -0.5249040 -0.6814955 2.9108370
v -0.4767211 -0.7105493 2.9660687
v -0.4620912 -0.7281513 3.0415166
v -0.4849343 -0.7295850 3.1169645
v -0.5391297 -0.7144663 3.1721962
v -0.6101556 -0.6868462 3.1924125
v -0.6789809 -0.6541256 3.1721962
v -0.7271638 -0.6250718 3.1169645
v -0.7417937 -0.6074699 3.0415166
v -0.7965669 -0.6259763 3.0362007
v -0.7672809 -0.6241382 2.9394726
v -0.6977997 -0.6435211 2.8686627
v -0.6067407 -0.6789314 2.8427445
v -0.5185032 -0.7208810 2.8686627
v -0.4567302 -0.7581294 2.9394726
v -0.4379739 -0.7806960 3.0362007
v -0.4672600 -0.7825341 3.1329288
v -0.5367412 -0.7631512 3.2037387
v -0.6278002 -0.7277408 3.2296570
v -0.7160377 -0.6857913 3.2037387
v -0.7778106 -0.6485429 3.1329288
v -0.7965669 -0.6259763 3.0362007
v -0.7965669 -0.6259763 3.0362007
v -0.7672809 -0.6241382 2.9394726
v -0.6977997 -0.6435211 2.8686627
v -0.6067407 -0.6789314 2.8427445
v -0.5185032 -0.7208810 2.8686627
v -0.4567302 -0.7581294 2.9394726
v -0.4379739 -0.7806960 3.0362007
v -0.4672600 -0.7825341 3.1329288
v -0.5367412 -0.7631512 3.2037387
v -0.6278002 -0.7277408 3.2296570
v -0.7160377 -0.6857913 3.2037387
v -0.7778106 -0.6485429 3.1329288
v -0.7965669 -0.6259763 3.0362007
v -0.7299670 -0.6589256 3.0356691
v -0.7118097 -0.6577860 2.9756977
v -0.6687313 -0.6698034 2.9317956
v -0.6122748 -0.6917578 2.9157263
v -0.5575675 -0.7177665 2.9317956
v -0.5192683 -0.7408605 2.9756977
v -0.5076394 -0.7548518 3.0356691
v -0.5257967 -0.7559914 3.0956406
v -0.5688751 -0.7439740 3.1395427
v -0.6253317 -0.7220196 3.1556120
v -0.6800389 -0.6960109 3.1395427
v -0.7183381 -0.6729169 3.0956406
v -0.7299670 -0.6589256 3.0356691
v -0.6629033 -0.6415082 3.0415166
v -0.6529460 -0.6408833 3.0086290
v -0.6293224 -0.6474735 2.9845537
v -0.5983623 -0.6595130 2.9757415
v -0.5683616 -0.6737758 2.9845537
v -0.5473588 -0.6864403 3.0086290
v -0.5409816 -0.6941129 3.0415166
v -0.5509389 -0.6947379 3.0744042
v -0.5745625 -0.6881477 3.0984795
v -0.6055226 -0.6761082 3.1072917
v -0.6355233 -0.6618453 3.0984795
v -0.6565261 -0.6491809 3.0744042
v -0.6629033 -0.6415082 3.0415166
v -0.5958113 -0.6536003 3.0436430
v -0.7762665 -0.6232245 3.7314854
v -0.7643716 -0.6215160 3.6936844
v -0.7367841 -0.6283353 3.6660122
v -0.7008962 -0.6418552 3.6558834
v -0.6663239 -0.6584530 3.6660122
v -0.6423308 -0.6736814 3.6936844
v -0.6353459 -0.6834599 3.7314854
v -0.6472409 -0.6851684 3.7692864
v -0.6748283 -0.6783491 3.7969587
v -0.7107162 -0.6648292 3.8070874
v -0.7452885 -0.6482314 3.7969587
v -0.7692816 -0.6330030 3.7692864
v -0.7762665 -0.6232245 3.7314854
v -0.8479809 -0.6238922 3.7267264
v -0.8258903 -0.6207193 3.6565246
v -0.7746565 -0.6333837 3.6051332
v -0.7080075 -0.6584920 3.5863227
v -0.6438018 -0.6893166 3.6051332
v -0.5992433 -0.7175978 3.6565246
v -0.5862714 -0.7357579 3.7267264
v -0.6083619 -0.7389309 3.7969283
v -0.6595957 -0.7262664 3.8483196
v -0.7262447 -0.7011581 3.8671301
v -0.7904505 -0.6703336 3.8483196
v -0.8350090 -0.6420523 3.7969283
v -0.8479809 -0.6238922 3.7267264
v -0.8990385 -0.6412199 3.7207777
v -0.8707173 -0.6371520 3.6307753
v -0.8050329 -0.6533885 3.5648890
v -0.7195854 -0.6855787 3.5407729
v -0.6372704 -0.7250973 3.5648890
v -0.5801441 -0.7613553 3.6307753
v -0.5635135 -0.7846375 3.7207777
v -0.5918347 -0.7887053 3.8107800
v -0.6575191 -0.7724689 3.8766664
v -0.7429666 -0.7402787 3.9007824
v -0.8252816 -0.7007601 3.8766664
v -0.8824079 -0.6645021 3.8107800
v -0.8990385 -0.6412199 3.7207777
v -0.8990385 -0.6412199 3.7207777
v -0.8707173 -0.6371520 3.6307753
v -0.8050329 -0.6533885 3.5648890
v -0.7195854 -0.6855787 3.5407729
v -0.6372704 -0.7250973 3.5648890
v -0.5801441 -0.7613553 3.6307753
v -0.5635135 -0.7846375 3.7207777
v -0.5918347 -0.7887053 3.8107800
v -0.6575191 -0.7724689 3.8766664
v -0.7429666 -0.7402787 3.9007824
v -0.8252816 -0.7007601 3.8766664
v -0.8824079 -0.6645021 3.8107800
v -0.8990385 -0.6412199 3.7207777
v -0.8367037 -0.6717796 3.7201828
v -0.8191446 -0.6692575 3.6643813
v -0.7784203 -0.6793241 3.6235318
v -0.7254428 -0.6992820 3.6085798
v -0.6744075 -0.7237836 3.6235318
v -0.6389892 -0.7462636 3.6643813
v -0.6286782 -0.7606985 3.7201828
v -0.6462374 -0.7632206 3.7759843
v -0.6869617 -0.7531540 3.8168338
v -0.7399391 -0.7331961 3.8317857
v -0.7909744 -0.7086945 3.8168338
v -0.8263927 -0.6862145 3.7759843
v -0.8367037 -0.6717796 3.7201828
v -0.7741654 -0.6554441 3.7267264
v -0.7645362 -0.6540610 3.6961256
v -0.7422035 -0.6595814 3.6737243
v -0.7131513 -0.6705261 3.6655248
v -0.6851642 -0.6839624 3.6737243
v -0.6657413 -0.6962901 3.6961256
v -0.6600869 -0.7042061 3.7267264
v -0.6697161 -0.7055891 3.7573272
v -0.6920488 -0.7000687 3.7797286
v -0.7211009 -0.6891241 3.7879280
v -0.7490880 -0.6756877 3.7797286
v -0.7685109 -0.6633600 3.7573272
v -0.7741654 -0.6554441 3.7267264
v -0.7114662 -0.6665836 3.7291059
v -0.8963345 -0.6550595 4.4211216
v -0.8849735 -0.6526667 4.3861818
v -0.8591061 -0.6583450 4.3606041
v -0.8256634 -0.6705729 4.3512421
v -0.7936064 -0.6860740 4.3606041
v -0.7715247 -0.7006947 4.3861818
v -0.7653351 -0.7105174 4.4211216
v -0.7766961 -0.7129102 4.4560613
v -0.8025635 -0.7072318 4.4816390
v -0.8360062 -0.6950039 4.4910011
v -0.8680632 -0.6795029 4.4816390
v -0.8901449 -0.6648822 4.4560613
v -0.8963345 -0.6550595 4.4211216
v -0.9628552 -0.6558063 4.4160682
v -0.9417562 -0.6513625 4.3511801
v -0.8937168 -0.6619080 4.3036787
v -0.8316089 -0.6846170 4.2862920
v -0.7720745 -0.7134047 4.3036787
v -0.7310656 -0.7405574 4.3511801
v -0.7195706 -0.7587996 4.4160682
v -0.7406696 -0.7632433 4.4809563
v -0.7887090 -0.7526978 4.5284577
v -0.8508169 -0.7299888 4.5458444
v -0.9103513 -0.7012012 4.5284577
v -0.9513602 -0.6740485 4.4809563
v -0.9628552 -0.6558063 4.4160682
v -1.0101372 -0.6719247 4.4097515
v -0.9830872 -0.6662276 4.3265616
v -0.9214982 -0.6797474 4.2656624
v -0.8418727 -0.7088615 4.2433717
v -0.7655465 -0.7457688 4.2656624
v -0.7129710 -0.7805800 4.3265616
v -0.6982338 -0.8039674 4.4097515
v -0.7252838 -0.8096645 4.4929414
v -0.7868729 -0.7961447 4.5538406
v -0.8664983 -0.7670306 4.5761313
v -0.9428245 -0.7301233 4.5538406
v -0.9954000 -0.6953121 4.4929414
v -1.0101372 -0.6719247 4.4097515
v -1.0101372 -0.6719247 4.4097515
v -0.9830872 -0.6662276 4.3265616
v -0.9214982 -0.6797474 4.2656624
v -0.8418727 -0.7088615 4.2433717
v -0.7655465 -0.7457688 4.2656624
v -0.7129710 -0.7805800 4.3265616
v -0.6982338 -0.8039674 4.4097515
v -0.7252838 -0.8096645 4.4929414
v -0.7868729 -0.7961447 4.5538406
v -0.8664983 -0.7670306 4.5761313
v -0.9428245 -0.7301233 4.5538406
v -0.9954000 -0.6953121 4.4929414
v -1.0101372 -0.6719247 4.4097515
v -0.9521728 -0.7000771 4.4091199
v -0.9354018 -0.6965449 4.3575421
v -0.8972166 -0.7049272 4.3197846
v -0.8478489 -0.7229780 4.3059644
v -0.8005266 -0.7458605 4.3197846
v -0.7679298 -0.7674434 4.3575421
v -0.7587927 -0.7819436 4.4091199
v -0.7755637 -0.7854758 4.4606976
v -0.8137489 -0.7770935 4.4984551
v -0.8631167 -0.7590428 4.5122753
v -0.9104390 -0.7361602 4.4984551
v -0.9430358 -0.7145773 4.4606976
v -0.9521728 -0.7000771 4.4091199
v -0.8942365 -0.6848557 4.4160682
v -0.8850395 -0.6829187 4.3877837
v -0.8640992 -0.6875154 4.3670779
v -0.8370266 -0.6974142 4.3594991
v -0.8110756 -0.7099627 4.3670779
v -0.7932000 -0.7217985 4.3877837
v -0.7881893 -0.7297502 4.4160682
v -0.7973863 -0.7316872 4.4443528
v -0.8183266 -0.7270905 4.4650585
v -0.8453993 -0.7171917 4.4726373
v -0.8713502 -0.7046432 4.4650585
v -0.8892258 -0.6928074 4.4443528
v -0.8942365 -0.6848557 4.4160682
v -0.8360239 -0.6950457 4.4185949
v -1.0191081 -0.7018293 5.1103522
v -1.0083918 -0.6989721 5.0783114
v -0.9843635 -0.7036728 5.0548558
v -0.9534616 -0.7146718 5.0462705
v -0.9239661 -0.7290220 5.0548558
v -0.9037804 -0.7428782 5.0783114
v -0.8983133 -0.7525276 5.1103522
v -0.9090296 -0.7553848 5.1423930
v -0.9330578 -0.7506841 5.1658485
v -0.9639598 -0.7396851 5.1744338
v -0.9934553 -0.7253349 5.1658485
v -1.0136409 -0.7114787 5.1423930
v -1.0191081 -0.7018293 5.1103522
v -1.0803248 -0.7026113 5.1051851
v -1.0604232 -0.6973051 5.0456807
v -1.0157992 -0.7060350 5.0021205
v -0.9584099 -0.7264617 4.9861763
v -0.9036326 -0.7531120 5.0021205
v -0.8661449 -0.7788449 5.0456807
v -0.8559916 -0.7967653 5.1051851
v -0.8758932 -0.8020715 5.1646895
v -0.9205172 -0.7933416 5.2082498
v -0.9779066 -0.7729149 5.2241939
v -1.0326838 -0.7462646 5.2082498
v -1.0701715 -0.7205317 5.1646895
v -1.0803248 -0.7026113 5.1051851
v -1.1237710 -0.7174704 5.0987263
v -1.0982560 -0.7106676 5.0224386
v -1.0410458 -0.7218598 4.9665922
v -0.9674697 -0.7480479 4.9461510
v -0.8972425 -0.7822149 4.9665922
v -0.8491813 -0.8152059 5.0224386
v -0.8361643 -0.8381807 5.0987263
v -0.8616792 -0.8449835 5.1750140
v -0.9188894 -0.8337914 5.2308605
v -0.9924655 -0.8076033 5.2513017
v -1.0626928 -0.7734362 5.2308605
v -1.1107539 -0.7404453 5.1750140
v -1.1237710 -0.7174704 5.0987263
v -1.1237710 -0.7174704 5.0987263
v -1.0982560 -0.7106676 5.0224386
v -1.0410458 -0.7218598 4.9665922
v -0.9674697 -0.7480479 4.9461510
v -0.8972425 -0.7822149 4.9665922
v -0.8491813 -0.8152059 5.0224386
v -0.8361643 -0.8381807 5.0987263
v -0.8616792 -0.8449835 5.1750140
v -0.9188894 -0.8337914 5.2308605
v -0.9924655 -0.8076033 5.2513017
v -1.0626928 -0.7734362 5.2308605
v -1.1107539 -0.7404453 5.1750140
v -1.1237710 -0.7174704 5.0987263
v -1.0703066 -0.7432191 5.0980804
v -1.0544874 -0.7390014 5.0507821
v -1.0190170 -0.7459405 5.0161573
v -0.9733999 -0.7621772 5.0034837
v -0.9298590 -0.7833607 5.0161573
v -0.9000610 -0.8038151 5.0507821
v -0.8919905 -0.8180595 5.0980804
v -0.9078097 -0.8222772 5.1453788
v -0.9432801 -0.8153381 5.1800036
v -0.9888972 -0.7991015 5.1926772
v -1.0324381 -0.7779179 5.1800036
v -1.0622361 -0.7574636 5.1453788
v -1.0703066 -0.7432191 5.0980804
v -1.0170514 -0.7291675 5.1051851
v -1.0083763 -0.7268546 5.0792473
v -0.9889248 -0.7306599 5.0602595
v -0.9639089 -0.7395639 5.0533095
v -0.9400317 -0.7511807 5.0602595
v -0.9236909 -0.7623976 5.0792473
v -0.9192651 -0.7702090 5.1051851
v -0.9279401 -0.7725220 5.1311230
v -0.9473916 -0.7687167 5.1501107
v -0.9724075 -0.7598127 5.1570608
v -0.9962848 -0.7481959 5.1501107
v -1.0126256 -0.7369790 5.1311230
v -1.0170514 -0.7291675 5.1051851
v -0.9634344 -0.7384334 5.1077687
v -1.1383833 -0.7629441 5.7950097
v -1.1284087 -0.7598167 5.7659113
v -1.1063349 -0.7636875 5.7446098
v -1.0780765 -0.7735192 5.7368129
v -1.0512054 -0.7866774 5.7446098
v -1.0329216 -0.7996365 5.7659113
v -1.0281242 -0.8089240 5.7950097
v -1.0380988 -0.8120514 5.8241081
v -1.0601726 -0.8081806 5.8454096
v -1.0884310 -0.7983489 5.8532065
v -1.1153021 -0.7851906 5.8454096
v -1.1335859 -0.7722316 5.8241081
v -1.1383833 -0.7629441 5.7950097
v -1.1941703 -0.7637006 5.7898855
v -1.1756461 -0.7578927 5.7358456
v -1.1346519 -0.7650812 5.6962856
v -1.0821720 -0.7833401 5.6818057
v -1.0322685 -0.8077769 5.6962856
v -0.9983128 -0.8318438 5.7358456
v -0.9894035 -0.8490920 5.7898855
v -1.0079277 -0.8549000 5.8439254
v -1.0489219 -0.8477114 5.8834854
v -1.1014017 -0.8294525 5.8979653
v -1.1513053 -0.8050157 5.8834854
v -1.1852609 -0.7809489 5.8439254
v -1.1941703 -0.7637006 5.7898855
v -1.2337141 -0.7772361 5.7834802
v -1.2099651 -0.7697900 5.7141982
v -1.1574084 -0.7790061 5.6634803
v -1.0901266 -0.8024149 5.6449163
v -1.0261476 -0.8337441 5.6634803
v -0.9826148 -0.8645991 5.7141982
v -0.9711925 -0.8867122 5.7834802
v -0.9949415 -0.8941583 5.8527621
v -1.0474981 -0.8849422 5.9034800
v -1.1147800 -0.8615334 5.9220441
v -1.1787589 -0.8302042 5.9034800
v -1.2222918 -0.7993492 5.8527621
v -1.2337141 -0.7772361 5.7834802
v -1.2337141 -0.7772361 5.7834802
v -1.2099651 -0.7697900 5.7141982
v -1.1574084 -0.7790061 5.6634803
v -1.0901266 -0.8024149 5.6449163
v -1.0261476 -0.8337441 5.6634803
v -0.9826148 -0.8645991 5.7141982
v -0.9711925 -0.8867122 5.7834802
v -0.9949415 -0.8941583 5.8527621
v -1.0474981 -0.8849422 5.9034800
v -1.1147800 -0.8615334 5.9220441
v -1.1787589 -0.8302042 5.9034800
v -1.2222918 -0.7993492 5.8527621
v -1.2337141 -0.7772361 5.7834802
v -1.1849016 -0.8005943 5.7828397
v -1.1701772 -0.7959778 5.7398849
v -1.1375921 -0.8016917 5.7084398
v -1.0958774 -0.8162052 5.6969300
v -1.0562104 -0.8356293 5.7084398
v -1.0292200 -0.8547594 5.7398849
v -1.0221382 -0.8684695 5.7828397
v -1.0368626 -0.8730861 5.8257945
v -1.0694477 -0.8673721 5.8572396
v -1.1111625 -0.8528586 5.8687493
v -1.1508294 -0.8334345 5.8572396
v -1.1778198 -0.8143045 5.8257945
v -1.1849016 -0.8005943 5.7828397
v -1.1364155 -0.7877854 5.7898855
v -1.1283409 -0.7852537 5.7663296
v -1.1104716 -0.7883872 5.7490855
v -1.0875958 -0.7963462 5.7427738
v -1.0658430 -0.8069981 5.7490855
v -1.0510418 -0.8174888 5.7663296
v -1.0471582 -0.8250073 5.7898855
v -1.0552329 -0.8275389 5.8134413
v -1.0731021 -0.8244055 5.8306854
v -1.0959780 -0.8164464 5.8369972
v -1.1177308 -0.8057945 5.8306854
v -1.1325320 -0.7953038 5.8134413
v -1.1364155 -0.7877854 5.7898855
v -1.0875203 -0.7961652 5.7924476
v -1.2478622 -0.8377905 6.4710700
v -1.2387170 -0.8345676 6.4449673
v -1.2187130 -0.8377423 6.4258588
v -1.1932103 -0.8464640 6.4188646
v -1.1690423 -0.8583955 6.4258588
v -1.1526848 -0.8703400 6.4449673
v -1.1485208 -0.8790969 6.4710700
v -1.1576661 -0.8823198 6.4971727
v -1.1776700 -0.8791451 6.5162812
v -1.2031727 -0.8704235 6.5232754
v -1.2273407 -0.8584919 6.5162812
v -1.2436982 -0.8465474 6.4971727
v -1.2478622 -0.8377905 6.4710700
v -1.2980728 -0.8384513 6.4661275
v -1.2810888 -0.8324660 6.4176510
v -1.2439385 -0.8383619 6.3821638
v -1.1965763 -0.8545592 6.3691746
v -1.1516929 -0.8767178 6.3821638
v -1.1213147 -0.8989005 6.4176510
v -1.1135816 -0.9151633 6.4661275
v -1.1305655 -0.9211486 6.5146040
v -1.1677158 -0.9152527 6.5500912
v -1.2150780 -0.8990554 6.5630805
v -1.2599614 -0.8768968 6.5500912
v -1.2903396 -0.8547141 6.5146040
v -1.2980728 -0.8384513 6.4661275
v -1.3336353 -0.8505875 6.4599494
v -1.3118610 -0.8429140 6.3978000
v -1.2642324 -0.8504728 6.3523036
v -1.2035117 -0.8712386 6.3356507
v -1.1459688 -0.8996471 6.3523036
v -1.1070224 -0.9280864 6.3978000
v -1.0971081 -0.9489361 6.4599494
v -1.1188824 -0.9566096 6.5220987
v -1.1665110 -0.9490508 6.5675952
v -1.2272317 -0.9282850 6.5842480
v -1.2847746 -0.8998765 6.5675952
v -1.3237210 -0.8714372 6.5220987
v -1.3336353 -0.8505875 6.4599494
v -1.3336353 -0.8505875 6.4599494
v -1.3118610 -0.8429140 6.3978000
v -1.2642324 -0.8504728 6.3523036
v -1.2035117 -0.8712386 6.3356507
v -1.1459688 -0.8996471 6.3523036
v -1.1070224 -0.9280864 6.3978000
v -1.0971081 -0.9489361 6.4599494
v -1.1188824 -0.9566096 6.5220987
v -1.1665110 -0.9490508 6.5675952
v -1.2272317 -0.9282850 6.5842480
v -1.2847746 -0.8998765 6.5675952
v -1.3237210 -0.8714372 6.5220987
v -1.3336353 -0.8505875 6.4599494
v -1.2896496 -0.8715692 6.4593316
v -1.2761495 -0.8668116 6.4207990
v -1.2466198 -0.8714981 6.3925912
v -1.2089729 -0.8843728 6.3822664
v -1.1732964 -0.9019861 6.3925912
v -1.1491496 -0.9196185 6.4207990
v -1.1430027 -0.9325453 6.4593316
v -1.1565028 -0.9373029 6.4978641
v -1.1860325 -0.9326164 6.5260719
v -1.2236794 -0.9197416 6.5363967
v -1.2593559 -0.9021283 6.5260719
v -1.2835027 -0.8844960 6.4978641
v -1.2896496 -0.8715692 6.4593316
v -1.2460368 -0.8600880 6.4661275
v -1.2386335 -0.8574790 6.4449967
v -1.2224398 -0.8600490 6.4295279
v -1.2017948 -0.8671094 6.4238660
v -1.1822302 -0.8767683 6.4295279
v -1.1689884 -0.8864377 6.4449967
v -1.1656175 -0.8935266 6.4661275
v -1.1730208 -0.8961356 6.4872583
v -1.1892145 -0.8935656 6.5027271
v -1.2098596 -0.8865052 6.5083890
v -1.2294241 -0.8768463 6.5027271
v -1.2426659 -0.8671769 6.4872583
v -1.2460368 -0.8600880 6.4661275
v -1.2020094 -0.8676255 6.4685988
v -1.3411582 -0.9257202 7.1346424
v -1.3329254 -0.9225626 7.1116027
v -1.3151112 -0.9251627 7.0947366
v -1.2924889 -0.9328239 7.0885631
v -1.2711202 -0.9434934 7.0947366
v -1.2567307 -0.9543123 7.1116027
v -1.2531761 -0.9623816 7.1346424
v -1.2614088 -0.9655393 7.1576820
v -1.2792230 -0.9629391 7.1745482
v -1.3018453 -0.9552779 7.1807216
v -1.3232141 -0.9446084 7.1745482
v -1.3376036 -0.9337895 7.1576820
v -1.3411582 -0.9257202 7.1346424
v -1.3856167 -0.9262117 7.1300090
v -1.3703272 -0.9203475 7.0872211
v -1.3372437 -0.9251764 7.0558982
v -1.2952309 -0.9394043 7.0444332
v -1.2555461 -0.9592191 7.0558982
v -1.2288227 -0.9793113 7.0872211
v -1.2222213 -0.9942972 7.1300090
v -1.2375108 -1.0001614 7.1727968
v -1.2705943 -0.9953326 7.2041197
v -1.3126071 -0.9811046 7.2155847
v -1.3522919 -0.9612898 7.2041197
v -1.3790153 -0.9411976 7.1727968
v -1.3856167 -0.9262117 7.1300090
v -1.4170995 -0.9368643 7.1242172
v -1.3974976 -0.9293461 7.0693610
v -1.3550829 -0.9355370 7.0292034
v -1.3012203 -0.9537780 7.0145047
v -1.2503423 -0.9791815 7.0292034
v -1.2160816 -1.0049407 7.0693610
v -1.2076183 -1.0241534 7.1242172
v -1.2272201 -1.0316716 7.1790735
v -1.2696348 -1.0254808 7.2192310
v -1.3234974 -1.0072398 7.2339297
v -1.3743754 -0.9818363 7.2192310
v -1.4086362 -0.9560771 7.1790735
v -1.4170995 -0.9368643 7.1242172
v -1.4170995 -0.9368643 7.1242172
v -1.3974976 -0.9293461 7.0693610
v -1.3550829 -0.9355370 7.0292034
v -1.3012203 -0.9537780 7.0145047
v -1.2503423 -0.9791815 7.0292034
v -1.2160816 -1.0049407 7.0693610
v -1.2076183 -1.0241534 7.1242172
v -1.2272201 -1.0316716 7.1790735
v -1.2696348 -1.0254808 7.2192310
v -1.3234974 -1.0072398 7.2339297
v -1.3743754 -0.9818363 7.2192310
v -1.4086362 -0.9560771 7.1790735
v -1.4170995 -0.9368643 7.1242172
v -1.3781420 -0.9554747 7.1236380
v -1.3659889 -0.9508134 7.0896272
v -1.3396917 -0.9546517 7.0647295
v -1.3062969 -0.9659612 7.0556163
v -1.2747526 -0.9817114 7.0647295
v -1.2535109 -0.9976821 7.0896272
v -1.2482637 -1.0095940 7.1236380
v -1.2604168 -1.0142552 7.1576489
v -1.2867139 -1.0104169 7.1825466
v -1.3201087 -0.9991075 7.1916598
v -1.3516531 -0.9833573 7.1825466
v -1.3728948 -0.9673866 7.1576489
v -1.3781420 -0.9554747 7.1236380
v -1.3395308 -0.9454153 7.1300090
v -1.3328662 -0.9428591 7.1113578
v -1.3184452 -0.9449640 7.0977043
v -1.3001319 -0.9511659 7.0927067
v -1.2828334 -0.9598032 7.0977043
v -1.2711847 -0.9685613 7.1113578
v -1.2683072 -0.9750936 7.1300090
v -1.2749718 -0.9776498 7.1486601
v -1.2893928 -0.9755449 7.1623137
v -1.3077061 -0.9693430 7.1673112
v -1.3250046 -0.9607058 7.1623137
v -1.3366533 -0.9519476 7.1486601
v -1.3395308 -0.9454153 7.1300090
v -1.3005431 -0.9521527 7.1323257
v -1.4117507 -1.0260381 7.7819508
v -1.4045146 -1.0230974 7.7620618
v -1.3890214 -1.0252321 7.7475019
v -1.3694225 -1.0318703 7.7421727
v -1.3509694 -1.0412333 7.7475019
v -1.3386065 -1.0508123 7.7620618
v -1.3356466 -1.0580406 7.7819508
v -1.3428827 -1.0609814 7.8018399
v -1.3583759 -1.0588467 7.8163997
v -1.3779749 -1.0522085 7.8217290
v -1.3964280 -1.0428454 7.8163997
v -1.4087908 -1.0332664 7.8018399
v -1.4117507 -1.0260381 7.7819508
v -1.4502407 -1.0262916 7.7777483
v -1.4368023 -1.0208301 7.7408115
v -1.4080292 -1.0247946 7.7137718
v -1.3716312 -1.0371227 7.7038746
v -1.3373611 -1.0545111 7.7137718
v -1.3144016 -1.0723007 7.7408115
v -1.3089046 -1.0857247 7.7777483
v -1.3223431 -1.0911862 7.8146852
v -1.3511162 -1.0872217 7.8417248
v -1.3875142 -1.0748936 7.8516220
v -1.4217842 -1.0575052 7.8417248
v -1.4447438 -1.0397156 7.8146852
v -1.4502407 -1.0262916 7.7777483
v -1.4775153 -1.0353710 7.7724952
v -1.4602864 -1.0283691 7.7251402
v -1.4233978 -1.0334518 7.6904740
v -1.3767338 -1.0492570 7.6777853
v -1.3327978 -1.0715499 7.6904740
v -1.3033625 -1.0943570 7.7251402
v -1.2963151 -1.1115673 7.7724952
v -1.3135439 -1.1185692 7.8198501
v -1.3504325 -1.1134865 7.8545163
v -1.3970966 -1.0976813 7.8672050
v -1.4410326 -1.0753884 7.8545163
v -1.4704678 -1.0525812 7.8198501
v -1.4775153 -1.0353710 7.7724952
v -1.4775153 -1.0353710 7.7724952
v -1.4602864 -1.0283691 7.7251402
v -1.4233978 -1.0334518 7.6904740
v -1.3767338 -1.0492570 7.6777853
v -1.3327978 -1.0715499 7.6904740
v -1.3033625 -1.0943570 7.7251402
v -1.2963151 -1.1115673 7.7724952
v -1.3135439 -1.1185692 7.8198501
v -1.3504325 -1.1134865 7.8545163
v -1.3970966 -1.0976813 7.8672050
v -1.4410326 -1.0753884 7.8545163
v -1.4704678 -1.0525812 7.8198501
v -1.4775153 -1.0353710 7.7724952
v -1.4438215 -1.0515944 7.7719699
v -1.4331396 -1.0472532 7.7426098
v -1.4102687 -1.0504045 7.7211167
v -1.3813369 -1.0602037 7.7132497
v -1.3540966 -1.0740253 7.7211167
v -1.3358468 -1.0881657 7.7426098
v -1.3314774 -1.0988361 7.7719699
v -1.3421592 -1.1031772 7.8013299
v -1.3650302 -1.1000260 7.8228230
v -1.3939619 -1.0902267 7.8306900
v -1.4212022 -1.0764052 7.8228230
v -1.4394521 -1.0622647 7.8013299
v -1.4438215 -1.0515944 7.7719699
v -1.4103767 -1.0430548 7.7777483
v -1.4045189 -1.0406741 7.7616476
v -1.3919768 -1.0424022 7.7498611
v -1.3761110 -1.0477760 7.7455470
v -1.3611728 -1.0553556 7.7498611
v -1.3511648 -1.0631100 7.7616476
v -1.3487686 -1.0689615 7.7777483
v -1.3546264 -1.0713422 7.7938490
v -1.3671686 -1.0696141 7.8056355
v -1.3830343 -1.0642403 7.8099497
v -1.3979726 -1.0566607 7.8056355
v -1.4079806 -1.0489063 7.7938490
v -1.4103767 -1.0430548 7.7777483
v -1.3766357 -1.0490238 7.7798496
v -1.4519409 -1.1382315 8.4086727
v -1.4457966 -1.1356554 8.3920566
v -1.4327806 -1.1374190 8.3798927
v -1.4163807 -1.1430495 8.3754404
v -1.4009911 -1.1510384 8.3798927
v -1.3907355 -1.1592450 8.3920566
v -1.3883619 -1.1654703 8.4086727
v -1.3945062 -1.1680464 8.4252888
v -1.4075222 -1.1662828 8.4374526
v -1.4239221 -1.1606523 8.4419049
v -1.4393117 -1.1526634 8.4374526
v -1.4495673 -1.1444568 8.4252888
v -1.4519409 -1.1382315 8.4086727
v -1.4841746 -1.1381946 8.4050250
v -1.4727637 -1.1334105 8.3741665
v -1.4485912 -1.1366857 8.3515765
v -1.4181342 -1.1471424 8.3433080
v -1.3895535 -1.1619789 8.3515765
v -1.3705074 -1.1772197 8.3741665
v -1.3660992 -1.1887810 8.4050250
v -1.3775102 -1.1935651 8.4358835
v -1.4016827 -1.1902899 8.4584735
v -1.4321397 -1.1798332 8.4667420
v -1.4607204 -1.1649967 8.4584735
v -1.4797665 -1.1497559 8.4358835
v -1.4841746 -1.1381946 8.4050250
v -1.5070582 -1.1456067 8.4004654
v -1.4924288 -1.1394733 8.3609033
v -1.4614384 -1.1436722 8.3319418
v -1.4223909 -1.1570783 8.3213411
v -1.3857491 -1.1760994 8.3319418
v -1.3613310 -1.1956389 8.3609033
v -1.3556795 -1.2104611 8.4004654
v -1.3703089 -1.2165945 8.4400276
v -1.4012993 -1.2123956 8.4689891
v -1.4403468 -1.1989895 8.4795898
v -1.4769886 -1.1799684 8.4689891
v -1.5014067 -1.1604289 8.4400276
v -1.5070582 -1.1456067 8.4004654
v -1.5070582 -1.1456067 8.4004654
v -1.4924288 -1.1394733 8.3609033
v -1.4614384 -1.1436722 8.3319418
v -1.4223909 -1.1570783 8.3213411
v -1.3857491 -1.1760994 8.3319418
v -1.3613310 -1.1956389 8.3609033
v -1.3556795 -1.2104611 8.4004654
v -1.3703089 -1.2165945 8.4400276
v -1.4012993 -1.2123956 8.4689891
v -1.4403468 -1.1989895 8.4795898
v -1.4769886 -1.1799684 8.4689891
v -1.5014067 -1.1604289 8.4400276
v -1.5070582 -1.1456067 8.4004654
v -1.4789194 -1.1593836 8.4000095
v -1.4698492 -1.1555809 8.3754809
v -1.4506352 -1.1581843 8.3575248
v -1.4264257 -1.1664960 8.3509524
v -1.4037078 -1.1782891 8.3575248
v -1.3885686 -1.1904036 8.3754809
v -1.3850647 -1.1995934 8.4000095
v -1.3941349 -1.2033961 8.4245380
v -1.4133489 -1.2007928 8.4424942
v -1.4375584 -1.1924810 8.4490666
v -1.4602763 -1.1806879 8.4424942
v -1.4754155 -1.1685734 8.4245380
v -1.4789194 -1.1593836 8.4000095
v -1.4508713 -1.1524625 8.4050250
v -1.4458973 -1.1503772 8.3915739
v -1.4353606 -1.1518048 8.3817270
v -1.4220844 -1.1563629 8.3781227
v -1.4096262 -1.1628301 8.3817270
v -1.4013241 -1.1694735 8.3915739
v -1.3994026 -1.1745130 8.4050250
v -1.4043766 -1.1765984 8.4184761
v -1.4149133 -1.1751708 8.4283231
v -1.4281894 -1.1706127 8.4319273
v -1.4406477 -1.1641455 8.4283231
v -1.4489498 -1.1575021 8.4184761
v -1.4508713 -1.1524625 8.4050250
v -1.4226442 -1.1576693 8.4068488
v -1.4553540 -1.2609350 9.0118315
v -1.4504157 -1.2588644 8.9986593
v -1.4400682 -1.2603234 8.9890166
v -1.4270842 -1.2649210 8.9854871
v -1.4149426 -1.2714254 8.9890166
v -1.4068969 -1.2780936 8.9986593
v -1.4051029 -1.2831390 9.0118315
v -1.4100412 -1.2852096 9.0250036
v -1.4203887 -1.2837506 9.0346463
v -1.4333727 -1.2791530 9.0381758
v -1.4455143 -1.2726487 9.0346463
v -1.4535600 -1.2659804 9.0250036
v -1.4553540 -1.2609350 9.0118315
v -1.4809464 -1.2605988 9.0088678
v -1.4717752 -1.2567534 8.9844051
v -1.4525585 -1.2594629 8.9664973
v -1.4284453 -1.2680014 8.9599425
v -1.4058967 -1.2800809 8.9664973
v -1.3909546 -1.2924648 8.9844051
v -1.3876228 -1.3018348 9.0088678
v -1.3967940 -1.3056802 9.0333304
v -1.4160108 -1.3029706 9.0512383
v -1.4401240 -1.2944322 9.0577930
v -1.4626726 -1.2823527 9.0512383
v -1.4776146 -1.2699688 9.0333304
v -1.4809464 -1.2605988 9.0088678
v -1.4991776 -1.2662581 9.0051631
v -1.4874197 -1.2613281 8.9738008
v -1.4627828 -1.2648019 8.9508420
v -1.4318685 -1.2757486 8.9424385
v -1.4029600 -1.2912352 8.9508420
v -1.3838036 -1.3071119 8.9738008
v -1.3795320 -1.3191248 9.0051631
v -1.3912899 -1.3240548 9.0365255
v -1.4159268 -1.3205810 9.0594843
v -1.4468412 -1.3096343 9.0678878
v -1.4757496 -1.2941477 9.0594843
v -1.4949061 -1.2782710 9.0365255
v -1.4991776 -1.2662581 9.0051631
v -1.4991776 -1.2662581 9.0051631
v -1.4874197 -1.2613281 8.9738008
v -1.4627828 -1.2648019 8.9508420
v -1.4318685 -1.2757486 8.9424385
v -1.4029600 -1.2912352 8.9508420
v -1.3838036 -1.3071119 8.9738008
v -1.3795320 -1.3191248 9.0051631
v -1.3912899 -1.3240548 9.0365255
v -1.4159268 -1.3205810 9.0594843
v -1.4468412 -1.3096343 9.0678878
v -1.4757496 -1.2941477 9.0594843
v -1.4949061 -1.2782710 9.0365255
v -1.4991776 -1.2662581 9.0051631
v -1.4769520 -1.2774503 9.0047927
v -1.4696621 -1.2743936 8.9853480
v -1.4543872 -1.2765474 8.9711136
v -1.4352203 -1.2833344 8.9659034
v -1.4172971 -1.2929360 8.9711136
v -1.4054201 -1.3027796 8.9853480
v -1.4027717 -1.3102276 9.0047927
v -1.4100616 -1.3132842 9.0242373
v -1.4253365 -1.3111305 9.0384718
v -1.4445034 -1.3043435 9.0436820
v -1.4624266 -1.2947418 9.0384718
v -1.4743036 -1.2848982 9.0242373
v -1.4769520 -1.2774503 9.0047927
v -1.4546244 -1.2722294 9.0088678
v -1.4506267 -1.2705532 8.9982046
v -1.4422501 -1.2717343 8.9903986
v -1.4317393 -1.2754562 8.9875414
v -1.4219104 -1.2807216 8.9903986
v -1.4153972 -1.2861197 8.9982046
v -1.4139449 -1.2902041 9.0088678
v -1.4179426 -1.2918803 9.0195310
v -1.4263191 -1.2906992 9.0273370
v -1.4368300 -1.2869773 9.0301941
v -1.4466588 -1.2817119 9.0273370
v -1.4531720 -1.2763138 9.0195310
v -1.4546244 -1.2722294 9.0088678
v -1.4322565 -1.2766269 9.0103496
v -1.4141797 -1.3925757 9.5880771
v -1.4106036 -1.3911386 9.5786230
v -1.4031892 -1.3923051 9.5717021
v -1.3939230 -1.3957627 9.5691689
v -1.3852880 -1.4005848 9.5717021
v -1.3795979 -1.4054795 9.5786230
v -1.3783773 -1.4091352 9.5880771
v -1.3819534 -1.4105723 9.5975312
v -1.3893679 -1.4094058 9.6044521
v -1.3986341 -1.4059482 9.6069853
v -1.4072691 -1.4011260 9.6044521
v -1.4129592 -1.3962314 9.5975312
v -1.4141797 -1.3925757 9.5880771
v -1.4325474 -1.3920165 9.5859395
v -1.4259061 -1.3893475 9.5683819
v -1.4121364 -1.3915139 9.5555288
v -1.3949278 -1.3979351 9.5508242
v -1.3788914 -1.4068906 9.5555288
v -1.3683240 -1.4159807 9.5683819
v -1.3660573 -1.4227698 9.5859395
v -1.3726986 -1.4254387 9.6034972
v -1.3864683 -1.4232724 9.6163503
v -1.4036769 -1.4168512 9.6210548
v -1.4197134 -1.4078957 9.6163503
v -1.4302807 -1.3988056 9.6034972
v -1.4325474 -1.3920165 9.5859395
v -1.4457040 -1.3958516 9.5832675
v -1.4371896 -1.3924299 9.5607577
v -1.4195361 -1.3952073 9.5442794
v -1.3974738 -1.4034396 9.5382479
v -1.3769142 -1.4149210 9.5442794
v -1.3633664 -1.4265750 9.5607577
v -1.3604603 -1.4352789 9.5832675
v -1.3689748 -1.4387007 9.6057773
v -1.3866283 -1.4359232 9.6222557
v -1.4086906 -1.4276909 9.6282872
v -1.4292502 -1.4162096 9.6222557
v -1.4427980 -1.4045556 9.6057773
v -1.4457040 -1.3958516 9.5832675
v -1.4457040 -1.3958516 9.5832675
v -1.4371896 -1.3924299 9.5607577
v -1.4195361 -1.3952073 9.5442794
v -1.3974738 -1.4034396 9.5382479
v -1.3769142 -1.4149210 9.5442794
v -1.3633664 -1.4265750 9.5607577
v -1.3604603 -1.4352789 9.5832675
v -1.3689748 -1.4387007 9.6057773
v -1.3866283 -1.4359232 9.6222557
v -1.4086906 -1.4276909 9.6282872
v -1.4292502 -1.4162096 9.6222557
v -1.4427980 -1.4045556 9.6057773
v -1.4457040 -1.3958516 9.5832675
v -1.4298857 -1.4041600 9.5830003
v -1.4246068 -1.4020385 9.5690443
v -1.4136616 -1.4037605 9.5588277
v -1.3999829 -1.4088646 9.5550882
v -1.3872360 -1.4159830 9.5588277
v -1.3788364 -1.4232085 9.5690443
v -1.3770346 -1.4286050 9.5830003
v -1.3823136 -1.4307264 9.5969564
v -1.3932588 -1.4290044 9.6071730
v -1.4069374 -1.4239004 9.6109125
v -1.4196843 -1.4167819 9.6071730
v -1.4280840 -1.4095565 9.5969564
v -1.4298857 -1.4041600 9.5830003
v -1.4137938 -1.4006905 9.5859395
v -1.4108989 -1.3995271 9.5782862
v -1.4048967 -1.4004714 9.5726836
v -1.3973955 -1.4032704 9.5706329
v -1.3904053 -1.4071741 9.5726836
v -1.3857990 -1.4111364 9.5782862
v -1.3848109 -1.4140958 9.5859395
v -1.3877059 -1.4152592 9.5935929
v -1.3937081 -1.4143149 9.5991955
v -1.4012092 -1.4115159 9.6012462
v -1.4081995 -1.4076122 9.5991955
v -1.4128058 -1.4036498 9.5935929
v -1.4137938 -1.4006905 9.5859395
v -1.3977904 -1.4041243 9.5870083
v 0.1526748 -0.7203963 1.4447122
v 0.1650594 -0.7170367 1.3972077
v 0.1977078 -0.7049506 1.3624320
v 0.2418719 -0.6873765 1.3497033
v 0.2857180 -0.6690233 1.3624320
v 0.3174975 -0.6548088 1.3972077
v 0.3286952 -0.6485417 1.4447122
v 0.3163106 -0.6519013 1.4922167
v 0.2836622 -0.6639874 1.5269924
v 0.2394981 -0.6815616 1.5397212
v 0.1956521 -0.6999148 1.5269924
v 0.1638725 -0.7141293 1.4922167
v 0.1526748 -0.7203963 1.4447122
v 0.0909167 -0.7847006 1.4459085
v 0.1139166 -0.7784613 1.3576859
v 0.1745493 -0.7560156 1.2931025
v 0.2565683 -0.7233779 1.2694633
v 0.3379968 -0.6892934 1.2931025
v 0.3970159 -0.6628951 1.3576859
v 0.4178116 -0.6512562 1.4459085
v 0.3948117 -0.6574955 1.5341311
v 0.3341790 -0.6799412 1.5987146
v 0.2521600 -0.7125789 1.6223538
v 0.1707315 -0.7466633 1.5987146
v 0.1117124 -0.7730617 1.5341311
v 0.0909167 -0.7847006 1.4459085
v 0.0619150 -0.8454064 1.4474040
v 0.0914021 -0.8374073 1.3342981
v 0.1691363 -0.8086308 1.2514988
v 0.2742889 -0.7667876 1.2211921
v 0.3786844 -0.7230896 1.2514988
v 0.4543499 -0.6892455 1.3342981
v 0.4810111 -0.6743239 1.4474040
v 0.4515240 -0.6823230 1.5605099
v 0.3737898 -0.7110995 1.6433091
v 0.2686372 -0.7529426 1.6736158
v 0.1642418 -0.7966407 1.6433091
v 0.0885762 -0.8304848 1.5605099
v 0.0619150 -0.8454064 1.4474040
v 0.0619150 -0.8454064 1.4474040
v 0.0914021 -0.8374073 1.3342981
v 0.1691363 -0.8086308 1.2514988
v 0.2742889 -0.7667876 1.2211921
v 0.3786844 -0.7230896 1.2514988
v 0.4543499 -0.6892455 1.3342981
v 0.4810111 -0.6743239 1.4474040
v 0.4515240 -0.6823230 1.5605099
v 0.3737898 -0.7110995 1.6433091
v 0.2686372 -0.7529426 1.6736158
v 0.1642418 -0.7966407 1.6433091
v 0.0885762 -0.8304848 1.5605099
v 0.0619150 -0.8454064 1.4474040
v 0.1432532 -0.8170894 1.4475535
v 0.1615351 -0.8121299 1.3774278
v 0.2097304 -0.7942885 1.3260923
v 0.2749250 -0.7683457 1.3073022
v 0.3396502 -0.7412529 1.3260923
v 0.3865628 -0.7202696 1.3774278
v 0.4030927 -0.7110182 1.4475535
v 0.3848108 -0.7159777 1.5176792
v 0.3366155 -0.7338191 1.5690147
v 0.2714209 -0.7597619 1.5878048
v 0.2066957 -0.7868547 1.5690147
v 0.1597831 -0.8078380 1.5176792
v 0.1432532 -0.8170894 1.4475535
v 0.1831178 -0.7470624 1.4459085
v 0.1931434 -0.7443427 1.4074525
v 0.2195731 -0.7345587 1.3793008
v 0.2553249 -0.7203320 1.3689965
v 0.2908194 -0.7054747 1.3793008
v 0.3165457 -0.6939677 1.4074525
v 0.3256105 -0.6888944 1.4459085
v 0.3155849 -0.6916141 1.4843645
v 0.2891552 -0.7013981 1.5125163
v 0.2534034 -0.7156248 1.5228206
v 0.2179089 -0.7304821 1.5125163
v 0.1921826 -0.7419891 1.4843645
v 0.1831178 -0.7470624 1.4459085
v 0.2475246 -0.7012237 1.4453104
v 0.0486885 -0.6920262 2.1470357
v 0.0602232 -0.6884953 2.1022016
v 0.0909430 -0.6768892 2.0693808
v 0.1326164 -0.6603177 2.0573675
v 0.1740773 -0.6432211 2.0693808
v 0.2042160 -0.6301804 2.1022016
v 0.2149571 -0.6246899 2.1470357
v 0.2034224 -0.6282208 2.1918698
v 0.1727027 -0.6398269 2.2246906
v 0.1310292 -0.6563985 2.2367039
v 0.0895684 -0.6734951 2.2246906
v 0.0594296 -0.6865357 2.1918698
v 0.0486885 -0.6920262 2.1470357
v -0.0097470 -0.7525460 2.1478411
v 0.0116745 -0.7459886 2.0645778
v 0.0687255 -0.7244344 2.0036248
v 0.1461191 -0.6936587 1.9813145
v 0.2231177 -0.6619079 2.0036248
v 0.2790898 -0.6376895 2.0645778
v 0.2990375 -0.6274929 2.1478411
v 0.2776159 -0.6340503 2.2311044
v 0.2205650 -0.6556045 2.2920574
v 0.1431714 -0.6863802 2.3143678
v 0.0661727 -0.7181310 2.2920574
v 0.0102007 -0.7423494 2.2311044
v -0.0097470 -0.7525460 2.1478411
v -0.0372656 -0.8097584 2.1488479
v -0.0098020 -0.8013516 2.0421001
v 0.0633402 -0.7737179 1.9639552
v 0.1625628 -0.7342619 1.9353522
v 0.2612790 -0.6935557 1.9639552
v 0.3330380 -0.6625066 2.0421001
v 0.3586120 -0.6494340 2.1488479
v 0.3311485 -0.6578409 2.2555957
v 0.2580062 -0.6854745 2.3337406
v 0.1587837 -0.7249305 2.3623436
v 0.0600674 -0.7656367 2.3337406
v -0.0116916 -0.7966859 2.2555957
v -0.0372656 -0.8097584 2.1488479
v -0.0372656 -0.8097584 2.1488479
v -0.0098020 -0.8013516 2.0421001
v 0.0633402 -0.7737179 1.9639552
v 0.1625628 -0.7342619 1.9353522
v 0.2612790 -0.6935557 1.9639552
v 0.3330380 -0.6625066 2.0421001
v 0.3586120 -0.6494340 2.1488479
v 0.3311485 -0.6578409 2.2555957
v 0.2580062 -0.6854745 2.3337406
v 0.1587837 -0.7249305 2.3623436
v 0.0600674 -0.7656367 2.3337406
v -0.0116916 -0.7966859 2.2555957
v -0.0372656 -0.8097584 2.1488479
v 0.0395540 -0.7832545 2.1489486
v 0.0565814 -0.7780422 2.0827649
v 0.1019295 -0.7609094 2.0343151
v 0.1634475 -0.7364466 2.0165812
v 0.2246516 -0.7112088 2.0343151
v 0.2691422 -0.6919583 2.0827649
v 0.2849981 -0.6838533 2.1489486
v 0.2679707 -0.6890656 2.2151322
v 0.2226225 -0.7061984 2.2635820
v 0.1611045 -0.7306612 2.2813159
v 0.0999004 -0.7558990 2.2635820
v 0.0554098 -0.7751495 2.2151322
v 0.0395540 -0.7832545 2.1489486
v 0.0773460 -0.7172746 2.1478411
v 0.0866836 -0.7144163 2.1115469
v 0.1115520 -0.7050209 2.0849776
v 0.1452877 -0.6916058 2.0752526
v 0.1788512 -0.6777657 2.0849776
v 0.2032493 -0.6672090 2.1115469
v 0.2119444 -0.6627643 2.1478411
v 0.2026068 -0.6656226 2.1841354
v 0.1777385 -0.6750181 2.2107046
v 0.1440028 -0.6884331 2.2204297
v 0.1104393 -0.7022732 2.2107046
v 0.0860412 -0.7128300 2.1841354
v 0.0773460 -0.7172746 2.1478411
v 0.1382340 -0.6741888 2.1474384
v -0.0810090 -0.6815622 2.8577342
v -0.0703666 -0.6777786 2.8156229
v -0.0416563 -0.6665397 2.7847953
v -0.0025709 -0.6508571 2.7735116
v 0.0364166 -0.6349328 2.7847953
v 0.0648597 -0.6230337 2.8156229
v 0.0751369 -0.6183483 2.8577342
v 0.0644946 -0.6221319 2.8998454
v 0.0357843 -0.6333707 2.9306730
v -0.0033011 -0.6490534 2.9419567
v -0.0422887 -0.6649777 2.9306730
v -0.0707317 -0.6768768 2.8998454
v -0.0810090 -0.6815622 2.8577342
v -0.1358887 -0.7383940 2.8581048
v -0.1161243 -0.7313673 2.7798981
v -0.0628052 -0.7104951 2.7226469
v 0.0097820 -0.6813701 2.7016915
v 0.0821874 -0.6517964 2.7226469
v 0.1350102 -0.6296982 2.7798981
v 0.1540965 -0.6209967 2.8581048
v 0.1343322 -0.6280234 2.9363114
v 0.0810130 -0.6488955 2.9935627
v 0.0084259 -0.6780205 3.0145181
v -0.0639796 -0.7075942 2.9935627
v -0.1168024 -0.7296924 2.9363114
v -0.1358887 -0.7383940 2.8581048
v -0.1617341 -0.7921251 2.8585681
v -0.1363952 -0.7831165 2.7583032
v -0.0680373 -0.7563573 2.6849041
v 0.0250231 -0.7190176 2.6580382
v 0.1178506 -0.6811026 2.6849041
v 0.1855722 -0.6527716 2.7583032
v 0.2100418 -0.6416157 2.8585681
v 0.1847029 -0.6506244 2.9588330
v 0.1163450 -0.6773835 3.0322321
v 0.0232846 -0.7147232 3.0590980
v -0.0695429 -0.7526382 3.0322321
v -0.1372645 -0.7809693 2.9588330
v -0.1617341 -0.7921251 2.8585681
v -0.1617341 -0.7921251 2.8585681
v -0.1363952 -0.7831165 2.7583032
v -0.0680373 -0.7563573 2.6849041
v 0.0250231 -0.7190176 2.6580382
v 0.1178506 -0.6811026 2.6849041
v 0.1855722 -0.6527716 2.7583032
v 0.2100418 -0.6416157 2.8585681
v 0.1847029 -0.6506244 2.9588330
v 0.1163450 -0.6773835 3.0322321
v 0.0232846 -0.7147232 3.0590980
v -0.0695429 -0.7526382 3.0322321
v -0.1372645 -0.7809693 2.9588330
v -0.1617341 -0.7921251 2.8585681
v -0.0895917 -0.7672458 2.8586144
v -0.0738816 -0.7616605 2.7964502
v -0.0314997 -0.7450698 2.7509428
v 0.0261978 -0.7219192 2.7342859
v 0.0837509 -0.6984119 2.7509428
v 0.1257382 -0.6808466 2.7964502
v 0.1409094 -0.6739300 2.8586144
v 0.1251993 -0.6795154 2.9207787
v 0.0828174 -0.6961061 2.9662861
v 0.0251199 -0.7192567 2.9829429
v -0.0324332 -0.7427640 2.9662861
v -0.0744205 -0.7603292 2.9207787
v -0.0895917 -0.7672458 2.8586144
v -0.0540980 -0.7052819 2.8581048
v -0.0454827 -0.7022190 2.8240147
v -0.0222411 -0.6931209 2.7990590
v 0.0093995 -0.6804254 2.7899246
v 0.0409608 -0.6675343 2.7990590
v 0.0639862 -0.6579017 2.8240147
v 0.0723058 -0.6541087 2.8581048
v 0.0636906 -0.6571717 2.8921949
v 0.0404489 -0.6662698 2.9171505
v 0.0088084 -0.6789653 2.9262850
v -0.0227530 -0.6918564 2.9171505
v -0.0457783 -0.7014889 2.8921949
v -0.0540980 -0.7052819 2.8581048
v 0.0030840 -0.6648253 2.8579195
v -0.2290192 -0.6880008 3.5727577
v -0.2193016 -0.6839220 3.5334285
v -0.1926669 -0.6729893 3.5046375
v -0.1562517 -0.6581320 3.4940993
v -0.1198136 -0.6433311 3.5046375
v -0.0931161 -0.6325526 3.5334285
v -0.0833128 -0.6286844 3.5727577
v -0.0930304 -0.6327632 3.6120870
v -0.1196651 -0.6436959 3.6408779
v -0.1560803 -0.6585532 3.6514162
v -0.1925184 -0.6733541 3.6408779
v -0.2192159 -0.6841326 3.6120870
v -0.2290192 -0.6880008 3.5727577
v -0.2801666 -0.7411755 3.5726711
v -0.2621196 -0.7336007 3.4996311
v -0.2126550 -0.7132971 3.4461622
v -0.1450269 -0.6857050 3.4265912
v -0.0773562 -0.6582176 3.4461622
v -0.0277750 -0.6382003 3.4996311
v -0.0095688 -0.6310167 3.5726711
v -0.0276158 -0.6385915 3.6457111
v -0.0770804 -0.6588951 3.6991801
v -0.1447085 -0.6864873 3.7187511
v -0.2123792 -0.7139746 3.6991801
v -0.2619603 -0.7339919 3.6457111
v -0.2801666 -0.7411755 3.5726711
v -0.3042049 -0.7914026 3.5725628
v -0.2810677 -0.7816913 3.4789218
v -0.2176517 -0.7556610 3.4103719
v -0.1309490 -0.7202865 3.3852808
v -0.0441916 -0.6850464 3.4103719
v 0.0193740 -0.6593832 3.4789218
v 0.0427153 -0.6501733 3.5725628
v 0.0195781 -0.6598846 3.6662038
v -0.0438380 -0.6859149 3.7347538
v -0.1305407 -0.7212895 3.7598448
v -0.2172981 -0.7565296 3.7347538
v -0.2808636 -0.7821928 3.6662038
v -0.3042049 -0.7914026 3.5725628
v -0.3042049 -0.7914026 3.5725628
v -0.2810677 -0.7816913 3.4789218
v -0.2176517 -0.7556610 3.4103719
v -0.1309490 -0.7202865 3.3852808
v -0.0441916 -0.6850464 3.4103719
v 0.0193740 -0.6593832 3.4789218
v 0.0427153 -0.6501733 3.5725628
v 0.0195781 -0.6598846 3.6662038
v -0.0438380 -0.6859149 3.7347538
v -0.1305407 -0.7212895 3.7598448
v -0.2172981 -0.7565296 3.7347538
v -0.2808636 -0.7821928 3.6662038
v -0.3042049 -0.7914026 3.5725628
v -0.2368778 -0.7680383 3.5725520
v -0.2225327 -0.7620173 3.5144946
v -0.1832148 -0.7458785 3.4719936
v -0.1294591 -0.7239463 3.4564372
v -0.0756695 -0.7020974 3.4719936
v -0.0362589 -0.6861862 3.5144946
v -0.0217873 -0.6804761 3.5725520
v -0.0361323 -0.6864971 3.6306094
v -0.0754503 -0.7026359 3.6731104
v -0.1292060 -0.7245681 3.6886668
v -0.1829956 -0.7464170 3.6731104
v -0.2224062 -0.7623282 3.6306094
v -0.2368778 -0.7680383 3.5725520
v -0.2038441 -0.7101051 3.5726711
v -0.1959775 -0.7068032 3.5408332
v -0.1744160 -0.6979529 3.5175262
v -0.1449371 -0.6859256 3.5089952
v -0.1154396 -0.6739440 3.5175262
v -0.0938273 -0.6652185 3.5408332
v -0.0858913 -0.6620871 3.5726711
v -0.0937579 -0.6653890 3.6045090
v -0.1153194 -0.6742393 3.6278160
v -0.1447983 -0.6862666 3.6363470
v -0.1742958 -0.6982483 3.6278160
v -0.1959081 -0.7069737 3.6045090
v -0.2038441 -0.7101051 3.5726711
v -0.1505168 -0.6722194 3.5727144
v -0.3887627 -0.7107461 4.2882842
v -0.3799973 -0.7063554 4.2518046
v -0.3554969 -0.6957041 4.2250997
v -0.3218265 -0.6816462 4.2153250
v -0.2880079 -0.6679485 4.2250997
v -0.2631028 -0.6582812 4.2518046
v -0.2537846 -0.6552348 4.2882842
v -0.2625500 -0.6596254 4.3247637
v -0.2870503 -0.6702767 4.3514687
v -0.3207208 -0.6843346 4.3612433
v -0.3545394 -0.6980324 4.3514687
v -0.3794445 -0.7076996 4.3247637
v -0.3887627 -0.7107461 4.2882842
v -0.4360390 -0.7602417 4.2877305
v -0.4197604 -0.7520876 4.2199827
v -0.3742597 -0.7323066 4.1703879
v -0.3117288 -0.7061990 4.1522349
v -0.2489228 -0.6807604 4.1703879
v -0.2026706 -0.6628069 4.2199827
v -0.1853653 -0.6571492 4.2877305
v -0.2016439 -0.6653033 4.3554783
v -0.2471446 -0.6850843 4.4050731
v -0.3096755 -0.7111918 4.4232260
v -0.3724814 -0.7366305 4.4050731
v -0.4187337 -0.7545840 4.3554783
v -0.4360390 -0.7602417 4.2877305
v -0.4581761 -0.8069116 4.2870383
v -0.4373060 -0.7964577 4.2001822
v -0.3789718 -0.7710974 4.1365991
v -0.2988040 -0.7376262 4.1133261
v -0.2182836 -0.7050125 4.1365991
v -0.1589858 -0.6819953 4.2001822
v -0.1367995 -0.6747418 4.2870383
v -0.1576695 -0.6851958 4.3738945
v -0.2160037 -0.7105560 4.4374776
v -0.2961715 -0.7440272 4.4607506
v -0.3766920 -0.7766409 4.4374776
v -0.4359898 -0.7996582 4.3738945
v -0.4581761 -0.8069116 4.2870383
v -0.4581761 -0.8069116 4.2870383
v -0.4373060 -0.7964577 4.2001822
v -0.3789718 -0.7710974 4.1365991
v -0.2988040 -0.7376262 4.1133261
v -0.2182836 -0.7050125 4.1365991
v -0.1589858 -0.6819953 4.2001822
v -0.1367995 -0.6747418 4.2870383
v -0.1576695 -0.6851958 4.3738945
v -0.2160037 -0.7105560 4.4374776
v -0.2961715 -0.7440272 4.4607506
v -0.3766920 -0.7766409 4.4374776
v -0.4359898 -0.7996582 4.3738945
v -0.4581761 -0.8069116 4.2870383
v -0.3957931 -0.7850125 4.2869691
v -0.3828537 -0.7785310 4.2331183
v -0.3466865 -0.7628077 4.1936968
v -0.2969824 -0.7420555 4.1792675
v -0.2470597 -0.7218350 4.1936968
v -0.2102951 -0.7075643 4.2331183
v -0.1965396 -0.7030672 4.2869691
v -0.2094790 -0.7095487 4.3408199
v -0.2456462 -0.7252720 4.3802415
v -0.2953503 -0.7460242 4.3946708
v -0.3452730 -0.7662446 4.3802415
v -0.3820376 -0.7805153 4.3408199
v -0.3957931 -0.7850125 4.2869691
v -0.3653362 -0.7311643 4.2877305
v -0.3582403 -0.7276100 4.2581994
v -0.3384067 -0.7189875 4.2365811
v -0.3111497 -0.7076073 4.2286683
v -0.2837727 -0.6965186 4.2365811
v -0.2636115 -0.6886927 4.2581994
v -0.2560681 -0.6862266 4.2877305
v -0.2631639 -0.6897809 4.3172616
v -0.2829976 -0.6984034 4.3388798
v -0.3102546 -0.7097836 4.3467926
v -0.3376316 -0.7208723 4.3388798
v -0.3577928 -0.7286981 4.3172616
v -0.3653362 -0.7311643 4.2877305
v -0.3159879 -0.6958429 4.2880073
v -0.5537359 -0.7492700 5.0004888
v -0.5459468 -0.7445710 4.9669365
v -0.5236358 -0.7342061 4.9423745
v -0.4927809 -0.7209524 4.9333842
v -0.4616497 -0.7083614 4.9423745
v -0.4385838 -0.6998068 4.9669365
v -0.4297637 -0.6975807 5.0004888
v -0.4375527 -0.7022797 5.0340412
v -0.4598638 -0.7126447 5.0586032
v -0.4907187 -0.7258983 5.0675935
v -0.5218499 -0.7384894 5.0586032
v -0.5449158 -0.7470440 5.0340412
v -0.5537359 -0.7492700 5.0004888
v -0.5970290 -0.7950175 4.9994682
v -0.5825637 -0.7862908 4.9371567
v -0.5411289 -0.7670416 4.8915415
v -0.4838269 -0.7424277 4.8748452
v -0.4260119 -0.7190444 4.8915415
v -0.3831752 -0.7031572 4.9371567
v -0.3667951 -0.6990231 4.9994682
v -0.3812604 -0.7077498 5.0617797
v -0.4226952 -0.7269991 5.1073949
v -0.4799972 -0.7516130 5.1240912
v -0.5378122 -0.7749963 5.1073949
v -0.5806489 -0.7908834 5.0617797
v -0.5970290 -0.7950175 4.9994682
v -0.6172008 -0.8380489 4.9981923
v -0.5986555 -0.8268608 4.9183058
v -0.5455339 -0.8021823 4.8598248
v -0.4720698 -0.7706260 4.8384192
v -0.3979480 -0.7406474 4.8598248
v -0.3430292 -0.7202792 4.9183058
v -0.3220290 -0.7149791 4.9981923
v -0.3405743 -0.7261672 5.0780789
v -0.3936959 -0.7508457 5.1365599
v -0.4671599 -0.7824020 5.1579654
v -0.5412818 -0.8123806 5.1365599
v -0.5962005 -0.8327488 5.0780789
v -0.6172008 -0.8380489 4.9981923
v -0.6172008 -0.8380489 4.9981923
v -0.5986555 -0.8268608 4.9183058
v -0.5455339 -0.8021823 4.8598248
v -0.4720698 -0.7706260 4.8384192
v -0.3979480 -0.7406474 4.8598248
v -0.3430292 -0.7202792 4.9183058
v -0.3220290 -0.7149791 4.9981923
v -0.3405743 -0.7261672 5.0780789
v -0.3936959 -0.7508457 5.1365599
v -0.4671599 -0.7824020 5.1579654
v -0.5412818 -0.8123806 5.1365599
v -0.5962005 -0.8327488 5.0780789
v -0.6172008 -0.8380489 4.9981923
v -0.5598884 -0.8176150 4.9980647
v -0.5483903 -0.8106784 4.9485351
v -0.5154549 -0.7953777 4.9122768
v -0.4699072 -0.7758128 4.8990054
v -0.4239517 -0.7572261 4.9122768
v -0.3899021 -0.7445978 4.9485351
v -0.3768819 -0.7413117 4.9980647
v -0.3883800 -0.7482484 5.0475944
v -0.4213154 -0.7635490 5.0838526
v -0.4668631 -0.7831139 5.0971240
v -0.5128186 -0.8017007 5.0838526
v -0.5468683 -0.8143289 5.0475944
v -0.5598884 -0.8176150 4.9980647
v -0.5320913 -0.7679422 4.9994682
v -0.5257859 -0.7641382 4.9723067
v -0.5077245 -0.7557476 4.9524232
v -0.4827467 -0.7450184 4.9451453
v -0.4575453 -0.7348257 4.9524232
v -0.4388729 -0.7279005 4.9723067
v -0.4317329 -0.7260985 4.9994682
v -0.4380382 -0.7299024 5.0266296
v -0.4560996 -0.7382931 5.0465131
v -0.4810774 -0.7490222 5.0537910
v -0.5062788 -0.7592150 5.0465131
v -0.5249512 -0.7661401 5.0266296
v -0.5320913 -0.7679422 4.9994682
v -0.4868309 -0.7352229 4.9999785
v -0.7172512 -0.8032167 5.7053572
v -0.7104601 -0.7982312 5.6748231
v -0.6903921 -0.7881840 5.6524706
v -0.6624243 -0.7757673 5.6442890
v -0.6340508 -0.7643082 5.6524706
v -0.6128742 -0.7568770 5.6748231
v -0.6045687 -0.7554650 5.7053572
v -0.6113598 -0.7604506 5.7358913
v -0.6314279 -0.7704977 5.7582438
v -0.6593956 -0.7829144 5.7664254
v -0.6877691 -0.7943736 5.7582438
v -0.7089457 -0.8018048 5.7358913
v -0.7172512 -0.8032167 5.7053572
v -0.7564664 -0.8451019 5.7038787
v -0.7438544 -0.8358430 5.6471725
v -0.7065852 -0.8171840 5.6056606
v -0.6546451 -0.7941244 5.5904663
v -0.6019515 -0.7728431 5.6056606
v -0.5626234 -0.7590424 5.6471725
v -0.5471990 -0.7564201 5.7038787
v -0.5598110 -0.7656789 5.7605849
v -0.5970802 -0.7843380 5.8020967
v -0.6490203 -0.8073976 5.8172911
v -0.7017139 -0.8286789 5.8020967
v -0.7410420 -0.8424796 5.7605849
v -0.7564664 -0.8451019 5.7038787
v -0.7746319 -0.8843834 5.7020305
v -0.7584626 -0.8725131 5.6293302
v -0.7106816 -0.8485913 5.5761099
v -0.6440918 -0.8190277 5.5566300
v -0.5765358 -0.7917440 5.5761099
v -0.5261153 -0.7740507 5.6293302
v -0.5063403 -0.7706888 5.7020305
v -0.5225097 -0.7825591 5.7747308
v -0.5702907 -0.8064810 5.8279510
v -0.6368805 -0.8360446 5.8474310
v -0.7044364 -0.8633283 5.8279510
v -0.7548570 -0.8810216 5.7747308
v -0.7746319 -0.8843834 5.7020305
v -0.7746319 -0.8843834 5.7020305
v -0.7584626 -0.8725131 5.6293302
v -0.7106816 -0.8485913 5.5761099
v -0.6440918 -0.8190277 5.5566300
v -0.5765358 -0.7917440 5.5761099
v -0.5261153 -0.7740507 5.6293302
v -0.5063403 -0.7706888 5.7020305
v -0.5225097 -0.7825591 5.7747308
v -0.5702907 -0.8064810 5.8279510
v -0.6368805 -0.8360446 5.8474310
v -0.7044364 -0.8633283 5.8279510
v -0.7548570 -0.8810216 5.7747308
v -0.7746319 -0.8843834 5.7020305
v -0.7225219 -0.8654590 5.7018457
v -0.7124969 -0.8580994 5.6567715
v -0.6828727 -0.8432678 5.6237749
v -0.6415870 -0.8249384 5.6116974
v -0.5997023 -0.8080225 5.6237749
v -0.5684416 -0.7970527 5.6567715
v -0.5561811 -0.7949683 5.7018457
v -0.5662061 -0.8023279 5.7469198
v -0.5958303 -0.8171595 5.7799164
v -0.6371160 -0.8354889 5.7919940
v -0.6790007 -0.8524048 5.7799164
v -0.7102614 -0.8633746 5.7469198
v -0.7225219 -0.8654590 5.7018457
v -0.6974423 -0.8200891 5.7038787
v -0.6919447 -0.8160532 5.6791606
v -0.6756992 -0.8079197 5.6610657
v -0.6530586 -0.7978681 5.6544425
v -0.6300896 -0.7885917 5.6610657
v -0.6129466 -0.7825759 5.6791606
v -0.6062231 -0.7814329 5.7038787
v -0.6117207 -0.7854688 5.7285968
v -0.6279662 -0.7936023 5.7466917
v -0.6506068 -0.8036539 5.7533149
v -0.6735758 -0.8129303 5.7466917
v -0.6907188 -0.8189460 5.7285968
v -0.6974423 -0.8200891 5.7038787
v -0.6563713 -0.7900509 5.7046179
v -0.8722232 -0.8721481 6.3987101
v -0.8664471 -0.8669190 6.3713024
v -0.8486754 -0.8572496 6.3512385
v -0.8236700 -0.8457308 6.3438947
v -0.7981310 -0.8354490 6.3512385
v -0.7789016 -0.8291593 6.3713024
v -0.7711343 -0.8285469 6.3987101
v -0.7769103 -0.8337760 6.4261178
v -0.7946820 -0.8434454 6.4461816
v -0.8196875 -0.8549642 6.4535255
v -0.8452265 -0.8652460 6.4461816
v -0.8644559 -0.8715357 6.4261178
v -0.8722232 -0.8721481 6.3987101
v -0.9072767 -0.9100089 6.3967947
v -0.8965498 -0.9002977 6.3458947
v -0.8635452 -0.8823402 6.3086333
v -0.8171065 -0.8609482 6.2949947
v -0.7696770 -0.8418534 6.3086333
v -0.7339652 -0.8301725 6.3458947
v -0.7195402 -0.8290352 6.3967947
v -0.7302672 -0.8387464 6.4476947
v -0.7632717 -0.8567039 6.4849561
v -0.8097104 -0.8780959 6.4985947
v -0.8571400 -0.8971907 6.4849561
v -0.8928517 -0.9088716 6.4476947
v -0.9072767 -0.9100089 6.3967947
v -0.9234145 -0.9453964 6.3944005
v -0.9096621 -0.9329462 6.3291441
v -0.8673485 -0.9099238 6.2813731
v -0.8078117 -0.8824980 6.2638877
v -0.7470046 -0.8580176 6.2813731
v -0.7012203 -0.8430421 6.3291441
v -0.6827267 -0.8415841 6.3944005
v -0.6964792 -0.8540342 6.4596569
v -0.7387928 -0.8770566 6.5074279
v -0.7983295 -0.9044824 6.5249133
v -0.8591367 -0.9289628 6.5074279
v -0.9049210 -0.9439384 6.4596569
v -0.9234145 -0.9453964 6.3944005
v -0.9234145 -0.9453964 6.3944005
v -0.9096621 -0.9329462 6.3291441
v -0.8673485 -0.9099238 6.2813731
v -0.8078117 -0.8824980 6.2638877
v -0.7470046 -0.8580176 6.2813731
v -0.7012203 -0.8430421 6.3291441
v -0.6827267 -0.8415841 6.3944005
v -0.6964792 -0.8540342 6.4596569
v -0.7387928 -0.8770566 6.5074279
v -0.7983295 -0.9044824 6.5249133
v -0.8591367 -0.9289628 6.5074279
v -0.9049210 -0.9439384 6.4596569
v -0.9234145 -0.9453964 6.3944005
v -0.8766501 -0.9280689 6.3941611
v -0.8681235 -0.9203497 6.3537021
v -0.8418891 -0.9060759 6.3240841
v -0.8049763 -0.8890719 6.3132431
v -0.7672759 -0.8738940 6.3240841
v -0.7388896 -0.8646092 6.3537021
v -0.7274236 -0.8637052 6.3941611
v -0.7359502 -0.8714243 6.4346200
v -0.7621846 -0.8856982 6.4642381
v -0.7990974 -0.9027022 6.4750790
v -0.8367978 -0.9178800 6.4642381
v -0.8651841 -0.9271649 6.4346200
v -0.8766501 -0.9280689 6.3941611
v -0.8543254 -0.8871701 6.3967947
v -0.8496496 -0.8829371 6.3746075
v -0.8352629 -0.8751095 6.3583654
v -0.8150204 -0.8657847 6.3524203
v -0.7943460 -0.8574614 6.3583654
v -0.7787794 -0.8523697 6.3746075
v -0.7724915 -0.8518740 6.3967947
v -0.7771674 -0.8561070 6.4189819
v -0.7915540 -0.8639346 6.4352240
v -0.8117965 -0.8732594 6.4411691
v -0.8324709 -0.8815827 6.4352240
v -0.8480376 -0.8866744 6.4189819
v -0.8543254 -0.8871701 6.3967947
v -0.8175436 -0.8599348 6.3977524
v -1.0121623 -0.9549249 7.0772386
v -1.0074065 -0.9495286 7.0530817
v -0.9919781 -0.9403347 7.0353976
v -0.9700110 -0.9298065 7.0289248
v -0.9473914 -0.9207651 7.0353976
v -0.9301801 -0.9156332 7.0530817
v -0.9229889 -0.9157858 7.0772386
v -0.9277446 -0.9211821 7.1013955
v -0.9431731 -0.9303760 7.1190795
v -0.9651401 -0.9409042 7.1255523
v -0.9877598 -0.9499456 7.1190795
v -1.0049711 -0.9550775 7.1013955
v -1.0121623 -0.9549249 7.0772386
v -1.0429824 -0.9885522 7.0749301
v -1.0341502 -0.9785305 7.0300673
v -1.0054974 -0.9614560 6.9972255
v -0.9647015 -0.9419037 6.9852045
v -0.9226936 -0.9251126 6.9972255
v -0.8907297 -0.9155819 7.0300673
v -0.8773746 -0.9158653 7.0749301
v -0.8862067 -0.9258869 7.1197929
v -0.9148595 -0.9429614 7.1526347
v -0.9556555 -0.9625138 7.1646556
v -0.9976634 -0.9793049 7.1526347
v -1.0296272 -0.9888356 7.1197929
v -1.0429824 -0.9885522 7.0749301
v -1.0570909 -1.0198696 7.0720445
v -1.0457677 -1.0070213 7.0145281
v -1.0090333 -0.9851309 6.9724232
v -0.9567308 -0.9600638 6.9570117
v -0.9028745 -0.9385368 6.9724232
v -0.8618952 -0.9263179 7.0145281
v -0.8447733 -0.9266813 7.0720445
v -0.8560965 -0.9395295 7.1295608
v -0.8928309 -0.9614199 7.1716657
v -0.9451334 -0.9864870 7.1870772
v -0.9989897 -1.0080141 7.1716657
v -1.0399690 -1.0202329 7.1295608
v -1.0570909 -1.0198696 7.0720445
v -1.0570909 -1.0198696 7.0720445
v -1.0457677 -1.0070213 7.0145281
v -1.0090333 -0.9851309 6.9724232
v -0.9567308 -0.9600638 6.9570117
v -0.9028745 -0.9385368 6.9724232
v -0.8618952 -0.9263179 7.0145281
v -0.8447733 -0.9266813 7.0720445
v -0.8560965 -0.9395295 7.1295608
v -0.8928309 -0.9614199 7.1716657
v -0.9451334 -0.9864870 7.1870772
v -0.9989897 -1.0080141 7.1716657
v -1.0399690 -1.0202329 7.1295608
v -1.0570909 -1.0198696 7.0720445
v -1.0158259 -1.0042705 7.0717559
v -1.0088055 -0.9963046 7.0360957
v -0.9860302 -0.9827325 7.0099907
v -0.9536027 -0.9671909 7.0004356
v -0.9202118 -0.9538441 7.0099907
v -0.8948046 -0.9462684 7.0360957
v -0.8841890 -0.9464937 7.0717559
v -0.8912094 -0.9544596 7.1074160
v -0.9139847 -0.9680317 7.1335211
v -0.9464123 -0.9835733 7.1430762
v -0.9798032 -0.9969200 7.1335211
v -1.0052103 -1.0044957 7.1074160
v -1.0158259 -1.0042705 7.0717559
v -0.9962725 -0.9680507 7.0749301
v -0.9924226 -0.9636823 7.0553745
v -0.9799329 -0.9562396 7.0410588
v -0.9621500 -0.9477168 7.0358189
v -0.9438389 -0.9403976 7.0410588
v -0.9299059 -0.9362432 7.0553745
v -0.9240845 -0.9363667 7.0749301
v -0.9279344 -0.9407351 7.0944856
v -0.9404241 -0.9481778 7.1088013
v -0.9582069 -0.9567007 7.1140412
v -0.9765181 -0.9640199 7.1088013
v -0.9904510 -0.9681743 7.0944856
v -0.9962725 -0.9680507 7.0749301
v -0.9638770 -0.9437820 7.0760843
v -1.1305138 -1.0508027 7.7375752
v -1.1267668 -1.0453582 7.7168165
v -1.1137230 -1.0367829 7.7016201
v -1.0948775 -1.0273747 7.6960579
v -1.0752800 -1.0196544 7.7016201
v -1.0601815 -1.0156908 7.7168165
v -1.0536277 -1.0165458 7.7375752
v -1.0573747 -1.0219903 7.7583339
v -1.0704184 -1.0305656 7.7735303
v -1.0892639 -1.0399738 7.7790925
v -1.1088615 -1.0476941 7.7735303
v -1.1239600 -1.0516577 7.7583339
v -1.1305138 -1.0508027 7.7375752
v -1.1570280 -1.0799313 7.7349479
v -1.1500693 -1.0698200 7.6963961
v -1.1258452 -1.0538945 7.6681742
v -1.0908464 -1.0364220 7.6578443
v -1.0544510 -1.0220844 7.6681742
v -1.0264109 -1.0147233 7.6963961
v -1.0142396 -1.0163112 7.7349479
v -1.0211983 -1.0264225 7.7734998
v -1.0454224 -1.0423480 7.8017216
v -1.0804212 -1.0598205 7.8120516
v -1.1168166 -1.0741581 7.8017216
v -1.1448567 -1.0815192 7.7734998
v -1.1570280 -1.0799313 7.7349479
v -1.1691187 -1.1069621 7.7316638
v -1.1601973 -1.0939989 7.6822384
v -1.1291407 -1.0735816 7.6460565
v -1.0842705 -1.0511810 7.6328130
v -1.0376096 -1.0327994 7.6460565
v -1.0016608 -1.0233622 7.6822384
v -0.9860566 -1.0253979 7.7316638
v -0.9949780 -1.0383612 7.7810893
v -1.0260346 -1.0587785 7.8172712
v -1.0709048 -1.0811790 7.8305147
v -1.1175656 -1.0995606 7.8172712
v -1.1535144 -1.1089978 7.7810893
v -1.1691187 -1.1069621 7.7316638
v -1.1691187 -1.1069621 7.7316638
v -1.1601973 -1.0939989 7.6822384
v -1.1291407 -1.0735816 7.6460565
v -1.0842705 -1.0511810 7.6328130
v -1.0376096 -1.0327994 7.6460565
v -1.0016608 -1.0233622 7.6822384
v -0.9860566 -1.0253979 7.7316638
v -0.9949780 -1.0383612 7.7810893
v -1.0260346 -1.0587785 7.8172712
v -1.0709048 -1.0811790 7.8305147
v -1.1175656 -1.0995606 7.8172712
v -1.1535144 -1.1089978 7.7810893
v -1.1691187 -1.1069621 7.7316638
v -1.1335323 -1.0932708 7.7313354
v -1.1280010 -1.0852336 7.7006917
v -1.1087459 -1.0725748 7.6782589
v -1.0809264 -1.0586865 7.6700479
v -1.0519967 -1.0472899 7.6782589
v -1.0297084 -1.0414388 7.7006917
v -1.0200338 -1.0427010 7.7313354
v -1.0255650 -1.0507382 7.7619792
v -1.0448201 -1.0633969 7.7844120
v -1.0726396 -1.0772853 7.7926230
v -1.1015694 -1.0886818 7.7844120
v -1.1238576 -1.0945329 7.7619792
v -1.1335323 -1.0932708 7.7313354
v -1.1167544 -1.0619872 7.7349479
v -1.1137211 -1.0575797 7.7181433
v -1.1031618 -1.0506378 7.7058414
v -1.0879060 -1.0430216 7.7013387
v -1.0720413 -1.0367719 7.7058414
v -1.0598187 -1.0335632 7.7181433
v -1.0545132 -1.0342553 7.7349479
v -1.0575465 -1.0386628 7.7517526
v -1.0681058 -1.0456047 7.7640544
v -1.0833616 -1.0532209 7.7685572
v -1.0992263 -1.0594706 7.7640544
v -1.1114489 -1.0626793 7.7517526
v -1.1167544 -1.0619872 7.7349479
v -1.0888523 -1.0408977 7.7362616
v -1.2207022 -1.1589390 8.3767353
v -1.2179256 -1.1536274 8.3595507
v -1.2073005 -1.1458759 8.3469706
v -1.1916739 -1.1377616 8.3423660
v -1.1752330 -1.1314585 8.3469706
v -1.1623830 -1.1286558 8.3595507
v -1.1565671 -1.1301042 8.3767353
v -1.1593437 -1.1354158 8.3939200
v -1.1699688 -1.1431673 8.4065001
v -1.1855954 -1.1512817 8.4111047
v -1.2020363 -1.1575847 8.4065001
v -1.2148863 -1.1603875 8.3939200
v -1.2207022 -1.1589390 8.3767353
v -1.2428197 -1.1832385 8.3739118
v -1.2376632 -1.1733741 8.3419974
v -1.2179309 -1.1589785 8.3186344
v -1.1889101 -1.1439089 8.3100830
v -1.1583769 -1.1322033 8.3186344
v -1.1345127 -1.1269981 8.3419974
v -1.1237118 -1.1296881 8.3739118
v -1.1288683 -1.1395525 8.4058262
v -1.1486006 -1.1539481 8.4291891
v -1.1776213 -1.1690177 8.4377406
v -1.2081545 -1.1807233 8.4291891
v -1.2320188 -1.1859285 8.4058262
v -1.2428197 -1.1832385 8.3739118
v -1.2529059 -1.2057175 8.3703823
v -1.2462949 -1.1930709 8.3294664
v -1.2209971 -1.1746150 8.2995139
v -1.1837910 -1.1552950 8.2885505
v -1.1446459 -1.1402878 8.2995139
v -1.1140507 -1.1336145 8.3294664
v -1.1002033 -1.1370633 8.3703823
v -1.1068143 -1.1497099 8.4112982
v -1.1321121 -1.1681658 8.4412507
v -1.1693182 -1.1874858 8.4522141
v -1.2084633 -1.2024930 8.4412507
v -1.2390585 -1.2091662 8.4112982
v -1.2529059 -1.2057175 8.3703823
v -1.2529059 -1.2057175 8.3703823
v -1.2462949 -1.1930709 8.3294664
v -1.2209971 -1.1746150 8.2995139
v -1.1837910 -1.1552950 8.2885505
v -1.1446459 -1.1402878 8.2995139
v -1.1140507 -1.1336145 8.3294664
v -1.1002033 -1.1370633 8.3703823
v -1.1068143 -1.1497099 8.4112982
v -1.1321121 -1.1681658 8.4412507
v -1.1693182 -1.1874858 8.4522141
v -1.2084633 -1.2024930 8.4412507
v -1.2390585 -1.2091662 8.4112982
v -1.2529059 -1.2057175 8.3703823
v -1.2232213 -1.1941659 8.3700294
v -1.2191225 -1.1863250 8.3446615
v -1.2034379 -1.1748823 8.3260910
v -1.1803700 -1.1629040 8.3192937
v -1.1561001 -1.1535995 8.3260910
v -1.1371310 -1.1494621 8.3446615
v -1.1285457 -1.1516003 8.3700294
v -1.1326445 -1.1594412 8.3953972
v -1.1483291 -1.1708839 8.4139678
v -1.1713969 -1.1828622 8.4207651
v -1.1956669 -1.1921667 8.4139678
v -1.2146359 -1.1963041 8.3953972
v -1.2232213 -1.1941659 8.3700294
v -1.2092252 -1.1681345 8.3739118
v -1.2069775 -1.1638347 8.3600004
v -1.1983762 -1.1575596 8.3498165
v -1.1857261 -1.1509909 8.3460890
v -1.1724168 -1.1458884 8.3498165
v -1.1620144 -1.1436195 8.3600004
v -1.1573063 -1.1447921 8.3739118
v -1.1595540 -1.1490919 8.3878232
v -1.1681553 -1.1553669 8.3980070
v -1.1808054 -1.1619357 8.4017346
v -1.1941147 -1.1670382 8.3980070
v -1.2045171 -1.1693071 8.3878232
v -1.2092252 -1.1681345 8.3739118
v -1.1859502 -1.1504925 8.3753236
v -1.2744911 -1.2786141 8.9911427
v -1.2726105 -1.2737107 8.9777566
v -1.2644414 -1.2670768 8.9679572
v -1.2521728 -1.2604899 8.9643704
v -1.2390920 -1.2557151 8.9679572
v -1.2287040 -1.2540318 8.9777566
v -1.2237924 -1.2558909 8.9911427
v -1.2256730 -1.2607944 9.0045289
v -1.2338421 -1.2674283 9.0143282
v -1.2461108 -1.2740151 9.0179151
v -1.2591915 -1.2787899 9.0143282
v -1.2695795 -1.2804733 9.0045289
v -1.2744911 -1.2786141 8.9911427
v -1.2920478 -1.2976596 8.9883196
v -1.2885551 -1.2885532 8.9634595
v -1.2733840 -1.2762330 8.9452607
v -1.2505994 -1.2640004 8.9385995
v -1.2263065 -1.2551329 8.9452607
v -1.2070146 -1.2520067 8.9634595
v -1.1978929 -1.2554593 8.9883196
v -1.2013856 -1.2645658 9.0131796
v -1.2165568 -1.2768859 9.0313784
v -1.2393414 -1.2891186 9.0380396
v -1.2636343 -1.2979860 9.0313784
v -1.2829261 -1.3011123 9.0131796
v -1.2920478 -1.2976596 8.9883196
v -1.3001119 -1.3152446 8.9847906
v -1.2956341 -1.3035697 8.9529188
v -1.2761838 -1.2877746 8.9295870
v -1.2469728 -1.2720917 8.9210470
v -1.2158281 -1.2607232 8.9295870
v -1.1910949 -1.2567152 8.9529188
v -1.1794005 -1.2611417 8.9847906
v -1.1838783 -1.2728166 9.0166625
v -1.2033285 -1.2886116 9.0399943
v -1.2325395 -1.3042945 9.0485343
v -1.2636842 -1.3156631 9.0399943
v -1.2884174 -1.3196711 9.0166625
v -1.3001119 -1.3152446 8.9847906
v -1.3001119 -1.3152446 8.9847906
v -1.2956341 -1.3035697 8.9529188
v -1.2761838 -1.2877746 8.9295870
v -1.2469728 -1.2720917 8.9210470
v -1.2158281 -1.2607232 8.9295870
v -1.1910949 -1.2567152 8.9529188
v -1.1794005 -1.2611417 8.9847906
v -1.1838783 -1.2728166 9.0166625
v -1.2033285 -1.2886116 9.0399943
v -1.2325395 -1.3042945 9.0485343
v -1.2636842 -1.3156631 9.0399943
v -1.2884174 -1.3196711 9.0166625
v -1.3001119 -1.3152446 8.9847906
v -1.2766553 -1.3061284 8.9844377
v -1.2738790 -1.2988899 8.9646772
v -1.2618199 -1.2890970 8.9502115
v -1.2437091 -1.2793736 8.9449167
v -1.2243994 -1.2723251 8.9502115
v -1.2090648 -1.2698402 8.9646772
v -1.2018142 -1.2725846 8.9844377
v -1.2045905 -1.2798230 9.0041983
v -1.2166496 -1.2896160 9.0186640
v -1.2347604 -1.2993394 9.0239588
v -1.2540701 -1.3063879 9.0186640
v -1.2694047 -1.3088728 9.0041983
v -1.2766553 -1.3061284 8.9844377
v -1.2654913 -1.2857570 8.9883196
v -1.2639689 -1.2817875 8.9774831
v -1.2573558 -1.2764172 8.9695503
v -1.2474241 -1.2710850 8.9666467
v -1.2368349 -1.2672197 8.9695503
v -1.2284256 -1.2658570 8.9774831
v -1.2244495 -1.2673620 8.9883196
v -1.2259719 -1.2713314 8.9991560
v -1.2325850 -1.2767018 9.0070888
v -1.2425167 -1.2820339 9.0099924
v -1.2531059 -1.2858992 9.0070888
v -1.2615152 -1.2872620 8.9991560
v -1.2654913 -1.2857570 8.9883196
v -1.2470561 -1.2719060 8.9897311
v -1.2855538 -1.4078072 9.5802225
v -1.2844430 -1.4037486 9.5709204
v -1.2787867 -1.3986623 9.5641108
v -1.2701007 -1.3939111 9.5616184
v -1.2607123 -1.3907680 9.5641108
v -1.2531371 -1.3900753 9.5709204
v -1.2494049 -1.3920186 9.5802225
v -1.2505157 -1.3960771 9.5895245
v -1.2561719 -1.4011635 9.5963341
v -1.2648579 -1.4059147 9.5988266
v -1.2742464 -1.4090578 9.5963341
v -1.2818216 -1.4097505 9.5895245
v -1.2855538 -1.4078072 9.5802225
v -1.2982095 -1.4210686 9.5777275
v -1.2961465 -1.4135313 9.5604522
v -1.2856421 -1.4040852 9.5478059
v -1.2695109 -1.3952615 9.5431770
v -1.2520752 -1.3894243 9.5478059
v -1.2380070 -1.3881379 9.5604522
v -1.2310757 -1.3917468 9.5777275
v -1.2331387 -1.3992841 9.5950027
v -1.2436431 -1.4087302 9.6076491
v -1.2597743 -1.4175539 9.6122780
v -1.2772100 -1.4233911 9.6076491
v -1.2912782 -1.4246775 9.5950027
v -1.2982095 -1.4210686 9.5777275
v -1.3041311 -1.4333222 9.5746088
v -1.3014863 -1.4236590 9.5524610
v -1.2880191 -1.4115487 9.5362477
v -1.2673381 -1.4002362 9.5303133
v -1.2449847 -1.3927527 9.5362477
v -1.2269485 -1.3911034 9.5524610
v -1.2180623 -1.3957302 9.5746088
v -1.2207071 -1.4053934 9.5967565
v -1.2341743 -1.4175038 9.6129698
v -1.2548553 -1.4288163 9.6189043
v -1.2772087 -1.4362998 9.6129698
v -1.2952449 -1.4379490 9.5967565
v -1.3041311 -1.4333222 9.5746088
v -1.3041311 -1.4333222 9.5746088
v -1.3014863 -1.4236590 9.5524610
v -1.2880191 -1.4115487 9.5362477
v -1.2673381 -1.4002362 9.5303133
v -1.2449847 -1.3927527 9.5362477
v -1.2269485 -1.3911034 9.5524610
v -1.2180623 -1.3957302 9.5746088
v -1.2207071 -1.4053934 9.5967565
v -1.2341743 -1.4175038 9.6129698
v -1.2548553 -1.4288163 9.6189043
v -1.2772087 -1.4362998 9.6129698
v -1.2952449 -1.4379490 9.5967565
v -1.3041311 -1.4333222 9.5746088
v -1.2874235 -1.4269916 9.5742969
v -1.2857837 -1.4210004 9.5605653
v -1.2774340 -1.4134920 9.5505131
v -1.2646118 -1.4064782 9.5468337
v -1.2507527 -1.4018385 9.5505131
v -1.2395702 -1.4008159 9.5605653
v -1.2340608 -1.4036846 9.5742969
v -1.2357006 -1.4096757 9.5880285
v -1.2440502 -1.4171842 9.5980807
v -1.2568724 -1.4241979 9.6017601
v -1.2707316 -1.4288377 9.5980807
v -1.2819140 -1.4298602 9.5880285
v -1.2874235 -1.4269916 9.5742969
v -1.2792743 -1.4127983 9.5777275
v -1.2783751 -1.4095128 9.5701973
v -1.2737962 -1.4053953 9.5646847
v -1.2667647 -1.4015491 9.5626670
v -1.2591645 -1.3990047 9.5646847
v -1.2530322 -1.3984439 9.5701973
v -1.2500109 -1.4000171 9.5777275
v -1.2509101 -1.4033026 9.5852577
v -1.2554890 -1.4074201 9.5907702
v -1.2625205 -1.4112663 9.5927880
v -1.2701207 -1.4138107 9.5907702
v -1.2762530 -1.4143715 9.5852577
v -1.2792743 -1.4127983 9.5777275
v -1.2660610 -1.4031603 9.5789750

vt 0.0020000 0.0020000
vt 0.0393000 0.0020000
vt 0.0766000 0.0020000
vt 0.1139000 0.0020000
vt 0.1512000 0.0020000
vt 0.1885000 0.0020000
vt 0.2258000 0.0020000
vt 0.2631000 0.0020000
vt 0.3004000 0.0020000
vt 0.3377000 0.0020000
vt 0.3750000 0.0020000
vt 0.4123000 0.0020000
vt 0.4496000 0.0020000
vt 0.4869000 0.0020000
vt 0.5242000 0.0020000
vt 0.5615000 0.0020000
vt 0.5988000 0.0020000
vt 0.6361000 0.0020000
vt 0.6734000 0.0020000
vt 0.7107000 0.0020000
vt 0.7480000 0.0020000
vt 0.0020000 0.0296667
vt 0.0393000 0.0296667
vt 0.0766000 0.0296667
vt 0.1139000 0.0296667
vt 0.1512000 0.0296667
vt 0.1885000 0.0296667
vt 0.2258000 0.0296667
vt 0.2631000 0.0296667
vt 0.3004000 0.0296667
vt 0.3377000 0.0296667
vt 0.3750000 0.0296667
vt 0.4123000 0.0296667
vt 0.4496000 0.0296667
vt 0.4869000 0.0296667
vt 0.5242000 0.0296667
vt 0.5615000 0.0296667
vt 0.5988000 0.0296667
vt 0.6361000 0.0296667
vt 0.6734000 0.0296667
vt 0.7107000 0.0296667
vt 0.7480000 0.0296667
vt 0.0020000 0.0573333
vt 0.0393000 0.0573333
vt 0.0766000 0.0573333
vt 0.1139000 0.0573333
vt 0.1512000 0.0573333
vt 0.1885000 0.0573333
vt 0.2258000 0.0573333
vt 0.2631000 0.0573333
vt 0.3004000 0.0573333
vt 0.3377000 0.0573333
vt 0.3750000 0.0573333
vt 0.4123000 0.0573333
vt 0.4496000 0.0573333
vt 0.4869000 0.0573333
vt 0.5242000 0.0573333
vt 0.5615000 0.0573333
vt 0.5988000 0.0573333
vt 0.6361000 0.0573333
vt 0.6734000 0.0573333
vt 0.7107000 0.0573333
vt 0.7480000 0.0573333
vt 0.0020000 0.0850000
vt 0.0393000 0.0850000
vt 0.0766000 0.0850000
vt 0.1139000 0.0850000
vt 0.1512000 0.0850000
vt 0.1885000 0.0850000
vt 0.2258000 0.0850000
vt 0.2631000 0.0850000
vt 0.3004000 0.0850000
vt 0.3377000 0.0850000
vt 0.3750000 0.0850000
vt 0.4123000 0.0850000
vt 0.4496000 0.0850000
vt 0.4869000 0.0850000
vt 0.5242000 0.0850000
vt 0.5615000 0.0850000
vt 0.5988000 0.0850000
vt 0.6361000 0.0850000
vt 0.6734000 0.0850000
vt 0.7107000 0.0850000
vt 0.7480000 0.0850000
vt 0.0020000 0.1126667
vt 0.0393000 0.1126667
vt 0.0766000 0.1126667
vt 0.1139000 0.1126667
vt 0.1512000 0.1126667
vt 0.1885000 0.1126667
vt 0.2258000 0.1126667
vt 0.2631000 0.1126667
vt 0.3004000 0.1126667
vt 0.3377000 0.1126667
vt 0.3750000 0.1126667
vt 0.4123000 0.1126667
vt 0.4496000 0.1126667
vt 0.4869000 0.1126667
vt 0.5242000 0.1126667
vt 0.5615000 0.1126667
vt 0.5988000 0.1126667
vt 0.6361000 0.1126667
vt 0.6734000 0.1126667
vt 0.7107000 0.1126667
vt 0.7480000 0.1126667
vt 0.0020000 0.1403333
vt 0.0393000 0.1403333
vt 0.0766000 0.1403333
vt 0.1139000 0.1403333
vt 0.1512000 0.1403333
vt 0.1885000 0.1403333
vt 0.2258000 0.1403333
vt 0.2631000 0.1403333
vt 0.3004000 0.1403333
vt 0.3377000 0.1403333
vt 0.3750000 0.1403333
vt 0.4123000 0.1403333
vt 0.4496000 0.1403333
vt 0.4869000 0.1403333
vt 0.5242000 0.1403333
vt 0.5615000 0.1403333
vt 0.5988000 0.1403333
vt 0.6361000 0.1403333
vt 0.6734000 0.1403333
vt 0.7107000 0.1403333
vt 0.7480000 0.1403333
vt 0.0020000 0.1680000
vt 0.0393000 0.1680000
vt 0.0766000 0.1680000
vt 0.1139000 0.1680000
vt 0.1512000 0.1680000
vt 0.1885000 0.1680000
vt 0.2258000 0.1680000
vt 0.2631000 0.1680000
vt 0.3004000 0.1680000
vt 0.3377000 0.1680000
vt 0.3750000 0.1680000
vt 0.4123000 0.1680000
vt 0.4496000 0.1680000
vt 0.4869000 0.1680000
vt 0.5242000 0.1680000
vt 0.5615000 0.1680000
vt 0.5988000 0.1680000
vt 0.6361000 0.1680000
vt 0.6734000 0.1680000
vt 0.7107000 0.1680000
vt 0.7480000 0.1680000
vt 0.0020000 0.1956667
vt 0.0393000 0.1956667
vt 0.0766000 0.1956667
vt 0.1139000 0.1956667
vt 0.1512000 0.1956667
vt 0.1885000 0.1956667
vt 0.2258000 0.1956667
vt 0.2631000 0.1956667
vt 0.3004000 0.1956667
vt 0.3377000 0.1956667
vt 0.3750000 0.1956667
vt 0.4123000 0.1956667
vt 0.4496000 0.1956667
vt 0.4869000 0.1956667
vt 0.5242000 0.1956667
vt 0.5615000 0.1956667
vt 0.5988000 0.1956667
vt 0.6361000 0.1956667
vt 0.6734000 0.1956667
vt 0.7107000 0.1956667
vt 0.7480000 0.1956667
vt 0.0020000 0.2233333
vt 0.0393000 0.2233333
vt 0.0766000 0.2233333
vt 0.1139000 0.2233333
vt 0.1512000 0.2233333
vt 0.1885000 0.2233333
vt 0.2258000 0.2233333
vt 0.2631000 0.2233333
vt 0.3004000 0.2233333
vt 0.3377000 0.2233333
vt 0.3750000 0.2233333
vt 0.4123000 0.2233333
vt 0.4496000 0.2233333
vt 0.4869000 0.2233333
vt 0.5242000 0.2233333
vt 0.5615000 0.2233333
vt 0.5988000 0.2233333
vt 0.6361000 0.2233333
vt 0.6734000 0.2233333
vt 0.7107000 0.2233333
vt 0.7480000 0.2233333
vt 0.0020000 0.2510000
vt 0.0393000 0.2510000
vt 0.0766000 0.2510000
vt 0.1139000 0.2510000
vt 0.1512000 0.2510000
vt 0.1885000 0.2510000
vt 0.2258000 0.2510000
vt 0.2631000 0.2510000
vt 0.3004000 0.2510000
vt 0.3377000 0.2510000
vt 0.3750000 0.2510000
vt 0.4123000 0.2510000
vt 0.4496000 0.2510000
vt 0.4869000 0.2510000
vt 0.5242000 0.2510000
vt 0.5615000 0.2510000
vt 0.5988000 0.2510000
vt 0.6361000 0.2510000
vt 0.6734000 0.2510000
vt 0.7107000 0.2510000
vt 0.7480000 0.2510000
vt 0.0020000 0.2786667
vt 0.0393000 0.2786667
vt 0.0766000 0.2786667
vt 0.1139000 0.2786667
vt 0.1512000 0.2786667
vt 0.1885000 0.2786667
vt 0.2258000 0.2786667
vt 0.2631000 0.2786667
vt 0.3004000 0.2786667
vt 0.3377000 0.2786667
vt 0.3750000 0.2786667
vt 0.4123000 0.2786667
vt 0.4496000 0.2786667
vt 0.4869000 0.2786667
vt 0.5242000 0.2786667
vt 0.5615000 0.2786667
vt 0.5988000 0.2786667
vt 0.6361000 0.2786667
vt 0.6734000 0.2786667
vt 0.7107000 0.2786667
vt 0.7480000 0.2786667
vt 0.0020000 0.3063333
vt 0.0393000 0.3063333
vt 0.0766000 0.3063333
vt 0.1139000 0.3063333
vt 0.1512000 0.3063333
vt 0.1885000 0.3063333
vt 0.2258000 0.3063333
vt 0.2631000 0.3063333
vt 0.3004000 0.3063333
vt 0.3377000 0.3063333
vt 0.3750000 0.3063333
vt 0.4123000 0.3063333
vt 0.4496000 0.3063333
vt 0.4869000 0.3063333
vt 0.5242000 0.3063333
vt 0.5615000 0.3063333
vt 0.5988000 0.3063333
vt 0.6361000 0.3063333
vt 0.6734000 0.3063333
vt 0.7107000 0.3063333
vt 0.7480000 0.3063333
vt 0.0020000 0.3340000
vt 0.0393000 0.3340000
vt 0.0766000 0.3340000
vt 0.1139000 0.3340000
vt 0.1512000 0.3340000
vt 0.1885000 0.3340000
vt 0.2258000 0.3340000
vt 0.2631000 0.3340000
vt 0.3004000 0.3340000
vt 0.3377000 0.3340000
vt 0.3750000 0.3340000
vt 0.4123000 0.3340000
vt 0.4496000 0.3340000
vt 0.4869000 0.3340000
vt 0.5242000 0.3340000
vt 0.5615000 0.3340000
vt 0.5988000 0.3340000
vt 0.6361000 0.3340000
vt 0.6734000 0.3340000
vt 0.7107000 0.3340000
vt 0.7480000 0.3340000
vt 0.0020000 0.3616667
vt 0.0393000 0.3616667
vt 0.0766000 0.3616667
vt 0.1139000 0.3616667
vt 0.1512000 0.3616667
vt 0.1885000 0.3616667
vt 0.2258000 0.3616667
vt 0.2631000 0.3616667
vt 0.3004000 0.3616667
vt 0.3377000 0.3616667
vt 0.3750000 0.3616667
vt 0.4123000 0.3616667
vt 0.4496000 0.3616667
vt 0.4869000 0.3616667
vt 0.5242000 0.3616667
vt 0.5615000 0.3616667
vt 0.5988000 0.3616667
vt 0.6361000 0.3616667
vt 0.6734000 0.3616667
vt 0.7107000 0.3616667
vt 0.7480000 0.3616667
vt 0.0020000 0.3893333
vt 0.0393000 0.3893333
vt 0.0766000 0.3893333
vt 0.1139000 0.3893333
vt 0.1512000 0.3893333
vt 0.1885000 0.3893333
vt 0.2258000 0.3893333
vt 0.2631000 0.3893333
vt 0.3004000 0.3893333
vt 0.3377000 0.3893333
vt 0.3750000 0.3893333
vt 0.4123000 0.3893333
vt 0.4496000 0.3893333
vt 0.4869000 0.3893333
vt 0.5242000 0.3893333
vt 0.5615000 0.3893333
vt 0.5988000 0.3893333
vt 0.6361000 0.3893333
vt 0.6734000 0.3893333
vt 0.7107000 0.3893333
vt 0.7480000 0.3893333
vt 0.0020000 0.4170000
vt 0.0393000 0.4170000
vt 0.0766000 0.4170000
vt 0.1139000 0.4170000
vt 0.1512000 0.4170000
vt 0.1885000 0.4170000
vt 0.2258000 0.4170000
vt 0.2631000 0.4170000
vt 0.3004000 0.4170000
vt 0.3377000 0.4170000
vt 0.3750000 0.4170000
vt 0.4123000 0.4170000
vt 0.4496000 0.4170000
vt 0.4869000 0.4170000
vt 0.5242000 0.4170000
vt 0.5615000 0.4170000
vt 0.5988000 0.4170000
vt 0.6361000 0.4170000
vt 0.6734000 0.4170000
vt 0.7107000 0.4170000
vt 0.7480000 0.4170000
vt 0.0020000 0.4446667
vt 0.0393000 0.4446667
vt 0.0766000 0.4446667
vt 0.1139000 0.4446667
vt 0.1512000 0.4446667
vt 0.1885000 0.4446667
vt 0.2258000 0.4446667
vt 0.2631000 0.4446667
vt 0.3004000 0.4446667
vt 0.3377000 0.4446667
vt 0.3750000 0.4446667
vt 0.4123000 0.4446667
vt 0.4496000 0.4446667
vt 0.4869000 0.4446667
vt 0.5242000 0.4446667
vt 0.5615000 0.4446667
vt 0.5988000 0.4446667
vt 0.6361000 0.4446667
vt 0.6734000 0.4446667
vt 0.7107000 0.4446667
vt 0.7480000 0.4446667
vt 0.0020000 0.4723333
vt 0.0393000 0.4723333
vt 0.0766000 0.4723333
vt 0.1139000 0.4723333
vt 0.1512000 0.4723333
vt 0.1885000 0.4723333
vt 0.2258000 0.4723333
vt 0.2631000 0.4723333
vt 0.3004000 0.4723333
vt 0.3377000 0.4723333
vt 0.3750000 0.4723333
vt 0.4123000 0.4723333
vt 0.4496000 0.4723333
vt 0.4869000 0.4723333
vt 0.5242000 0.4723333
vt 0.5615000 0.4723333
vt 0.5988000 0.4723333
vt 0.6361000 0.4723333
vt 0.6734000 0.4723333
vt 0.7107000 0.4723333
vt 0.7480000 0.4723333
vt 0.0020000 0.5000000
vt 0.0393000 0.5000000
vt 0.0766000 0.5000000
vt 0.1139000 0.5000000
vt 0.1512000 0.5000000
vt 0.1885000 0.5000000
vt 0.2258000 0.5000000
vt 0.2631000 0.5000000
vt 0.3004000 0.5000000
vt 0.3377000 0.5000000
vt 0.3750000 0.5000000
vt 0.4123000 0.5000000
vt 0.4496000 0.5000000
vt 0.4869000 0.5000000
vt 0.5242000 0.5000000
vt 0.5615000 0.5000000
vt 0.5988000 0.5000000
vt 0.6361000 0.5000000
vt 0.6734000 0.5000000
vt 0.7107000 0.5000000
vt 0.7480000 0.5000000
vt 0.0020000 0.5276667
vt 0.0393000 0.5276667
vt 0.0766000 0.5276667
vt 0.1139000 0.5276667
vt 0.1512000 0.5276667
vt 0.1885000 0.5276667
vt 0.2258000 0.5276667
vt 0.2631000 0.5276667
vt 0.3004000 0.5276667
vt 0.3377000 0.5276667
vt 0.3750000 0.5276667
vt 0.4123000 0.5276667
vt 0.4496000 0.5276667
vt 0.4869000 0.5276667
vt 0.5242000 0.5276667
vt 0.5615000 0.5276667
vt 0.5988000 0.5276667
vt 0.6361000 0.5276667
vt 0.6734000 0.5276667
vt 0.7107000 0.5276667
vt 0.7480000 0.5276667
vt 0.0020000 0.5553333
vt 0.0393000 0.5553333
vt 0.0766000 0.5553333
vt 0.1139000 0.5553333
vt 0.1512000 0.5553333
vt 0.1885000 0.5553333
vt 0.2258000 0.5553333
vt 0.2631000 0.5553333
vt 0.3004000 0.5553333
vt 0.3377000 0.5553333
vt 0.3750000 0.5553333
vt 0.4123000 0.5553333
vt 0.4496000 0.5553333
vt 0.4869000 0.5553333
vt 0.5242000 0.5553333
vt 0.5615000 0.5553333
vt 0.5988000 0.5553333
vt 0.6361000 0.5553333
vt 0.6734000 0.5553333
vt 0.7107000 0.5553333
vt 0.7480000 0.5553333
vt 0.0020000 0.5830000
vt 0.0393000 0.5830000
vt 0.0766000 0.5830000
vt 0.1139000 0.5830000
vt 0.1512000 0.5830000
vt 0.1885000 0.5830000
vt 0.2258000 0.5830000
vt 0.2631000 0.5830000
vt 0.3004000 0.5830000
vt 0.3377000 0.5830000
vt 0.3750000 0.5830000
vt 0.4123000 0.5830000
vt 0.4496000 0.5830000
vt 0.4869000 0.5830000
vt 0.5242000 0.5830000
vt 0.5615000 0.5830000
vt 0.5988000 0.5830000
vt 0.6361000 0.5830000
vt 0.6734000 0.5830000
vt 0.7107000 0.5830000
vt 0.7480000 0.5830000
vt 0.0020000 0.6106667
vt 0.0393000 0.6106667
vt 0.0766000 0.6106667
vt 0.1139000 0.6106667
vt 0.1512000 0.6106667
vt 0.1885000 0.6106667
vt 0.2258000 0.6106667
vt 0.2631000 0.6106667
vt 0.3004000 0.6106667
vt 0.3377000 0.6106667
vt 0.3750000 0.6106667
vt 0.4123000 0.6106667
vt 0.4496000 0.6106667
vt 0.4869000 0.6106667
vt 0.5242000 0.6106667
vt 0.5615000 0.6106667
vt 0.5988000 0.6106667
vt 0.6361000 0.6106667
vt 0.6734000 0.6106667
vt 0.7107000 0.6106667
vt 0.7480000 0.6106667
vt 0.0020000 0.6383333
vt 0.0393000 0.6383333
vt 0.0766000 0.6383333
vt 0.1139000 0.6383333
vt 0.1512000 0.6383333
vt 0.1885000 0.6383333
vt 0.2258000 0.6383333
vt 0.2631000 0.6383333
vt 0.3004000 0.6383333
vt 0.3377000 0.6383333
vt 0.3750000 0.6383333
vt 0.4123000 0.6383333
vt 0.4496000 0.6383333
vt 0.4869000 0.6383333
vt 0.5242000 0.6383333
vt 0.5615000 0.6383333
vt 0.5988000 0.6383333
vt 0.6361000 0.6383333
vt 0.6734000 0.6383333
vt 0.7107000 0.6383333
vt 0.7480000 0.6383333
vt 0.0020000 0.6660000
vt 0.0393000 0.6660000
vt 0.0766000 0.6660000
vt 0.1139000 0.6660000
vt 0.1512000 0.6660000
vt 0.1885000 0.6660000
vt 0.2258000 0.6660000
vt 0.2631000 0.6660000
vt 0.3004000 0.6660000
vt 0.3377000 0.6660000
vt 0.3750000 0.6660000
vt 0.4123000 0.6660000
vt 0.4496000 0.6660000
vt 0.4869000 0.6660000
vt 0.5242000 0.6660000
vt 0.5615000 0.6660000
vt 0.5988000 0.6660000
vt 0.6361000 0.6660000
vt 0.6734000 0.6660000
vt 0.7107000 0.6660000
vt 0.7480000 0.6660000
vt 0.0020000 0.6936667
vt 0.0393000 0.6936667
vt 0.0766000 0.6936667
vt 0.1139000 0.6936667
vt 0.1512000 0.6936667
vt 0.1885000 0.6936667
vt 0.2258000 0.6936667
vt 0.2631000 0.6936667
vt 0.3004000 0.6936667
vt 0.3377000 0.6936667
vt 0.3750000 0.6936667
vt 0.4123000 0.6936667
vt 0.4496000 0.6936667
vt 0.4869000 0.6936667
vt 0.5242000 0.6936667
vt 0.5615000 0.6936667
vt 0.5988000 0.6936667
vt 0.6361000 0.6936667
vt 0.6734000 0.6936667
vt 0.7107000 0.6936667
vt 0.7480000 0.6936667
vt 0.0020000 0.7213333
vt 0.0393000 0.7213333
vt 0.0766000 0.7213333
vt 0.1139000 0.7213333
vt 0.1512000 0.7213333
vt 0.1885000 0.7213333
vt 0.2258000 0.7213333
vt 0.2631000 0.7213333
vt 0.3004000 0.7213333
vt 0.3377000 0.7213333
vt 0.3750000 0.7213333
vt 0.4123000 0.7213333
vt 0.4496000 0.7213333
vt 0.4869000 0.7213333
vt 0.5242000 0.7213333
vt 0.5615000 0.7213333
vt 0.5988000 0.7213333
vt 0.6361000 0.7213333
vt 0.6734000 0.7213333
vt 0.7107000 0.7213333
vt 0.7480000 0.7213333
vt 0.0020000 0.7490000
vt 0.0393000 0.7490000
vt 0.0766000 0.7490000
vt 0.1139000 0.7490000
vt 0.1512000 0.7490000
vt 0.1885000 0.7490000
vt 0.2258000 0.7490000
vt 0.2631000 0.7490000
vt 0.3004000 0.7490000
vt 0.3377000 0.7490000
vt 0.3750000 0.7490000
vt 0.4123000 0.7490000
vt 0.4496000 0.7490000
vt 0.4869000 0.7490000
vt 0.5242000 0.7490000
vt 0.5615000 0.7490000
vt 0.5988000 0.7490000
vt 0.6361000 0.7490000
vt 0.6734000 0.7490000
vt 0.7107000 0.7490000
vt 0.7480000 0.7490000
vt 0.0020000 0.7766667
vt 0.0393000 0.7766667
vt 0.0766000 0.7766667
vt 0.1139000 0.7766667
vt 0.1512000 0.7766667
vt 0.1885000 0.7766667
vt 0.2258000 0.7766667
vt 0.2631000 0.7766667
vt 0.3004000 0.7766667
vt 0.3377000 0.7766667
vt 0.3750000 0.7766667
vt 0.4123000 0.7766667
vt 0.4496000 0.7766667
vt 0.4869000 0.7766667
vt 0.5242000 0.7766667
vt 0.5615000 0.7766667
vt 0.5988000 0.7766667
vt 0.6361000 0.7766667
vt 0.6734000 0.7766667
vt 0.7107000 0.7766667
vt 0.7480000 0.7766667
vt 0.0020000 0.8043333
vt 0.0393000 0.8043333
vt 0.0766000 0.8043333
vt 0.1139000 0.8043333
vt 0.1512000 0.8043333
vt 0.1885000 0.8043333
vt 0.2258000 0.8043333
vt 0.2631000 0.8043333
vt 0.3004000 0.8043333
vt 0.3377000 0.8043333
vt 0.3750000 0.8043333
vt 0.4123000 0.8043333
vt 0.4496000 0.8043333
vt 0.4869000 0.8043333
vt 0.5242000 0.8043333
vt 0.5615000 0.8043333
vt 0.5988000 0.8043333
vt 0.6361000 0.8043333
vt 0.6734000 0.8043333
vt 0.7107000 0.8043333
vt 0.7480000 0.8043333
vt 0.0020000 0.8320000
vt 0.0393000 0.8320000
vt 0.0766000 0.8320000
vt 0.1139000 0.8320000
vt 0.1512000 0.8320000
vt 0.1885000 0.8320000
vt 0.2258000 0.8320000
vt 0.2631000 0.8320000
vt 0.3004000 0.8320000
vt 0.3377000 0.8320000
vt 0.3750000 0.8320000
vt 0.4123000 0.8320000
vt 0.4496000 0.8320000
vt 0.4869000 0.8320000
vt 0.5242000 0.8320000
vt 0.5615000 0.8320000
vt 0.5988000 0.8320000
vt 0.6361000 0.8320000
vt 0.6734000 0.8320000
vt 0.7107000 0.8320000
vt 0.7480000 0.8320000
vt 0.0020000 0.8596667
vt 0.0393000 0.8596667
vt 0.0766000 0.8596667
vt 0.1139000 0.8596667
vt 0.1512000 0.8596667
vt 0.1885000 0.8596667
vt 0.2258000 0.8596667
vt 0.2631000 0.8596667
vt 0.3004000 0.8596667
vt 0.3377000 0.8596667
vt 0.3750000 0.8596667
vt 0.4123000 0.8596667
vt 0.4496000 0.8596667
vt 0.4869000 0.8596667
vt 0.5242000 0.8596667
vt 0.5615000 0.8596667
vt 0.5988000 0.8596667
vt 0.6361000 0.8596667
vt 0.6734000 0.8596667
vt 0.7107000 0.8596667
vt 0.7480000 0.8596667
vt 0.0020000 0.8873333
vt 0.0393000 0.8873333
vt 0.0766000 0.8873333
vt 0.1139000 0.8873333
vt 0.1512000 0.8873333
vt 0.1885000 0.8873333
vt 0.2258000 0.8873333
vt 0.2631000 0.8873333
vt 0.3004000 0.8873333
vt 0.3377000 0.8873333
vt 0.3750000 0.8873333
vt 0.4123000 0.8873333
vt 0.4496000 0.8873333
vt 0.4869000 0.8873333
vt 0.5242000 0.8873333
vt 0.5615000 0.8873333
vt 0.5988000 0.8873333
vt 0.6361000 0.8873333
vt 0.6734000 0.8873333
vt 0.7107000 0.8873333
vt 0.7480000 0.8873333
vt 0.0020000 0.9150000
vt 0.0393000 0.9150000
vt 0.0766000 0.9150000
vt 0.1139000 0.9150000
vt 0.1512000 0.9150000
vt 0.1885000 0.9150000
vt 0.2258000 0.9150000
vt 0.2631000 0.9150000
vt 0.3004000 0.9150000
vt 0.3377000 0.9150000
vt 0.3750000 0.9150000
vt 0.4123000 0.9150000
vt 0.4496000 0.9150000
vt 0.4869000 0.9150000
vt 0.5242000 0.9150000
vt 0.5615000 0.9150000
vt 0.5988000 0.9150000
vt 0.6361000 0.9150000
vt 0.6734000 0.9150000
vt 0.7107000 0.9150000
vt 0.7480000 0.9150000
vt 0.0020000 0.9426667
vt 0.0393000 0.9426667
vt 0.0766000 0.9426667
vt 0.1139000 0.9426667
vt 0.1512000 0.9426667
vt 0.1885000 0.9426667
vt 0.2258000 0.9426667
vt 0.2631000 0.9426667
vt 0.3004000 0.9426667
vt 0.3377000 0.9426667
vt 0.3750000 0.9426667
vt 0.4123000 0.9426667
vt 0.4496000 0.9426667
vt 0.4869000 0.9426667
vt 0.5242000 0.9426667
vt 0.5615000 0.9426667
vt 0.5988000 0.9426667
vt 0.6361000 0.9426667
vt 0.6734000 0.9426667
vt 0.7107000 0.9426667
vt 0.7480000 0.9426667
vt 0.0020000 0.9703333
vt 0.0393000 0.9703333
vt 0.0766000 0.9703333
vt 0.1139000 0.9703333
vt 0.1512000 0.9703333
vt 0.1885000 0.9703333
vt 0.2258000 0.9703333
vt 0.2631000 0.9703333
vt 0.3004000 0.9703333
vt 0.3377000 0.9703333
vt 0.3750000 0.9703333
vt 0.4123000 0.9703333
vt 0.4496000 0.9703333
vt 0.4869000 0.9703333
vt 0.5242000 0.9703333
vt 0.5615000 0.9703333
vt 0.5988000 0.9703333
vt 0.6361000 0.9703333
vt 0.6734000 0.9703333
vt 0.7107000 0.9703333
vt 0.7480000 0.9703333
vt 0.0020000 0.9980000
vt 0.0393000 0.9980000
vt 0.0766000 0.9980000
vt 0.1139000 0.9980000
vt 0.1512000 0.9980000
vt 0.1885000 0.9980000
vt 0.2258000 0.9980000
vt 0.2631000 0.9980000
vt 0.3004000 0.9980000
vt 0.3377000 0.9980000
vt 0.3750000 0.9980000
vt 0.4123000 0.9980000
vt 0.4496000 0.9980000
vt 0.4869000 0.9980000
vt 0.5242000 0.9980000
vt 0.5615000 0.9980000
vt 0.5988000 0.9980000
vt 0.6361000 0.9980000
vt 0.6734000 0.9980000
vt 0.7107000 0.9980000
vt 0.7480000 0.9980000
vt 0.3750000 0.0039920
vt 0.3750000 0.9960080
vt 0.7750000 0.5900000
vt 0.7912500 0.5900000
vt 0.8075000 0.5900000
vt 0.8237500 0.5900000
vt 0.8400000 0.5900000
vt 0.8562500 0.5900000
vt 0.8725000 0.5900000
vt 0.8887500 0.5900000
vt 0.9050000 0.5900000
vt 0.9212500 0.5900000
vt 0.9375000 0.5900000
vt 0.9537500 0.5900000
vt 0.9700000 0.5900000
vt 0.7750000 0.6625000
vt 0.7912500 0.6625000
vt 0.8075000 0.6625000
vt 0.8237500 0.6625000
vt 0.8400000 0.6625000
vt 0.8562500 0.6625000
vt 0.8725000 0.6625000
vt 0.8887500 0.6625000
vt 0.9050000 0.6625000
vt 0.9212500 0.6625000
vt 0.9375000 0.6625000
vt 0.9537500 0.6625000
vt 0.9700000 0.6625000
vt 0.7750000 0.7350000
vt 0.7912500 0.7350000
vt 0.8075000 0.7350000
vt 0.8237500 0.7350000
vt 0.8400000 0.7350000
vt 0.8562500 0.7350000
vt 0.8725000 0.7350000
vt 0.8887500 0.7350000
vt 0.9050000 0.7350000
vt 0.9212500 0.7350000
vt 0.9375000 0.7350000
vt 0.9537500 0.7350000
vt 0.9700000 0.7350000
vt 0.7750000 0.4050000
vt 0.7912500 0.4050000
vt 0.8075000 0.4050000
vt 0.8237500 0.4050000
vt 0.8400000 0.4050000
vt 0.8562500 0.4050000
vt 0.8725000 0.4050000
vt 0.8887500 0.4050000
vt 0.9050000 0.4050000
vt 0.9212500 0.4050000
vt 0.9375000 0.4050000
vt 0.9537500 0.4050000
vt 0.9700000 0.4050000
vt 0.7750000 0.4694000
vt 0.7912500 0.4694000
vt 0.8075000 0.4694000
vt 0.8237500 0.4694000
vt 0.8400000 0.4694000
vt 0.8562500 0.4694000
vt 0.8725000 0.4694000
vt 0.8887500 0.4694000
vt 0.9050000 0.4694000
vt 0.9212500 0.4694000
vt 0.9375000 0.4694000
vt 0.9537500 0.4694000
vt 0.9700000 0.4694000
vt 0.7750000 0.5450000
vt 0.7912500 0.5450000
vt 0.8075000 0.5450000
vt 0.8237500 0.5450000
vt 0.8400000 0.5450000
vt 0.8562500 0.5450000
vt 0.8725000 0.5450000
vt 0.8887500 0.5450000
vt 0.9050000 0.5450000
vt 0.9212500 0.5450000
vt 0.9375000 0.5450000
vt 0.9537500 0.5450000
vt 0.9700000 0.5450000
vt 0.8725000 0.5338000
vt 0.7750000 0.5900000
vt 0.7912500 0.5900000
vt 0.8075000 0.5900000
vt 0.8237500 0.5900000
vt 0.8400000 0.5900000
vt 0.8562500 0.5900000
vt 0.8725000 0.5900000
vt 0.8887500 0.5900000
vt 0.9050000 0.5900000
vt 0.9212500 0.5900000
vt 0.9375000 0.5900000
vt 0.9537500 0.5900000
vt 0.9700000 0.5900000
vt 0.7750000 0.6625000
vt 0.7912500 0.6625000
vt 0.8075000 0.6625000
vt 0.8237500 0.6625000
vt 0.8400000 0.6625000
vt 0.8562500 0.6625000
vt 0.8725000 0.6625000
vt 0.8887500 0.6625000
vt 0.9050000 0.6625000
vt 0.9212500 0.6625000
vt 0.9375000 0.6625000
vt 0.9537500 0.6625000
vt 0.9700000 0.6625000
vt 0.7750000 0.7350000
vt 0.7912500 0.7350000
vt 0.8075000 0.7350000
vt 0.8237500 0.7350000
vt 0.8400000 0.7350000
vt 0.8562500 0.7350000
vt 0.8725000 0.7350000
vt 0.8887500 0.7350000
vt 0.9050000 0.7350000
vt 0.9212500 0.7350000
vt 0.9375000 0.7350000
vt 0.9537500 0.7350000
vt 0.9700000 0.7350000
vt 0.7750000 0.4050000
vt 0.7912500 0.4050000
vt 0.8075000 0.4050000
vt 0.8237500 0.4050000
vt 0.8400000 0.4050000
vt 0.8562500 0.4050000
vt 0.8725000 0.4050000
vt 0.8887500 0.4050000
vt 0.9050000 0.4050000
vt 0.9212500 0.4050000
vt 0.9375000 0.4050000
vt 0.9537500 0.4050000
vt 0.9700000 0.4050000
vt 0.7750000 0.4694000
vt 0.7912500 0.4694000
vt 0.8075000 0.4694000
vt 0.8237500 0.4694000
vt 0.8400000 0.4694000
vt 0.8562500 0.4694000
vt 0.8725000 0.4694000
vt 0.8887500 0.4694000
vt 0.9050000 0.4694000
vt 0.9212500 0.4694000
vt 0.9375000 0.4694000
vt 0.9537500 0.4694000
vt 0.9700000 0.4694000
vt 0.7750000 0.5450000
vt 0.7912500 0.5450000
vt 0.8075000 0.5450000
vt 0.8237500 0.5450000
vt 0.8400000 0.5450000
vt 0.8562500 0.5450000
vt 0.8725000 0.5450000
vt 0.8887500 0.5450000
vt 0.9050000 0.5450000
vt 0.9212500 0.5450000
vt 0.9375000 0.5450000
vt 0.9537500 0.5450000
vt 0.9700000 0.5450000
vt 0.8725000 0.5338000
vt 0.7750000 0.5900000
vt 0.7912500 0.5900000
vt 0.8075000 0.5900000
vt 0.8237500 0.5900000
vt 0.8400000 0.5900000
vt 0.8562500 0.5900000
vt 0.8725000 0.5900000
vt 0.8887500 0.5900000
vt 0.9050000 0.5900000
vt 0.9212500 0.5900000
vt 0.9375000 0.5900000
vt 0.9537500 0.5900000
vt 0.9700000 0.5900000
vt 0.7750000 0.6625000
vt 0.7912500 0.6625000
vt 0.8075000 0.6625000
vt 0.8237500 0.6625000
vt 0.8400000 0.6625000
vt 0.8562500 0.6625000
vt 0.8725000 0.6625000
vt 0.8887500 0.6625000
vt 0.9050000 0.6625000
vt 0.9212500 0.6625000
vt 0.9375000 0.6625000
vt 0.9537500 0.6625000
vt 0.9700000 0.6625000
vt 0.7750000 0.7350000
vt 0.7912500 0.7350000
vt 0.8075000 0.7350000
vt 0.8237500 0.7350000
vt 0.8400000 0.7350000
vt 0.8562500 0.7350000
vt 0.8725000 0.7350000
vt 0.8887500 0.7350000
vt 0.9050000 0.7350000
vt 0.9212500 0.7350000
vt 0.9375000 0.7350000
vt 0.9537500 0.7350000
vt 0.9700000 0.7350000
vt 0.7750000 0.4050000
vt 0.7912500 0.4050000
vt 0.8075000 0.4050000
vt 0.8237500 0.4050000
vt 0.8400000 0.4050000
vt 0.8562500 0.4050000
vt 0.8725000 0.4050000
vt 0.8887500 0.4050000
vt 0.9050000 0.4050000
vt 0.9212500 0.4050000
vt 0.9375000 0.4050000
vt 0.9537500 0.4050000
vt 0.9700000 0.4050000
vt 0.7750000 0.4694000
vt 0.7912500 0.4694000
vt 0.8075000 0.4694000
vt 0.8237500 0.4694000
vt 0.8400000 0.4694000
vt 0.8562500 0.4694000
vt 0.8725000 0.4694000
vt 0.8887500 0.4694000
vt 0.9050000 0.4694000
vt 0.9212500 0.4694000
vt 0.9375000 0.4694000
vt 0.9537500 0.4694000
vt 0.9700000 0.4694000
vt 0.7750000 0.5450000
vt 0.7912500 0.5450000
vt 0.8075000 0.5450000
vt 0.8237500 0.5450000
vt 0.8400000 0.5450000
vt 0.8562500 0.5450000
vt 0.8725000 0.5450000
vt 0.8887500 0.5450000
vt 0.9050000 0.5450000
vt 0.9212500 0.5450000
vt 0.9375000 0.5450000
vt 0.9537500 0.5450000
vt 0.9700000 0.5450000
vt 0.8725000 0.5338000
vt 0.7750000 0.5900000
vt 0.7912500 0.5900000
vt 0.8075000 0.5900000
vt 0.8237500 0.5900000
vt 0.8400000 0.5900000
vt 0.8562500 0.5900000
vt 0.8725000 0.5900000
vt 0.8887500 0.5900000
vt 0.9050000 0.5900000
vt 0.9212500 0.5900000
vt 0.9375000 0.5900000
vt 0.9537500 0.5900000
vt 0.9700000 0.5900000
vt 0.7750000 0.6625000
vt 0.7912500 0.6625000
vt 0.8075000 0.6625000
vt 0.8237500 0.6625000
vt 0.8400000 0.6625000
vt 0.8562500 0.6625000
vt 0.8725000 0.6625000
vt 0.8887500 0.6625000
vt 0.9050000 0.6625000
vt 0.9212500 0.6625000
vt 0.9375000 0.6625000
vt 0.9537500 0.6625000
vt 0.9700000 0.6625000
vt 0.7750000 0.7350000
vt 0.7912500 0.7350000
vt 0.8075000 0.7350000
vt 0.8237500 0.7350000
vt 0.8400000 0.7350000
vt 0.8562500 0.7350000
vt 0.8725000 0.7350000
vt 0.8887500 0.7350000
vt 0.9050000 0.7350000
vt 0.9212500 0.7350000
vt 0.9375000 0.7350000
vt 0.9537500 0.7350000
vt 0.9700000 0.7350000
vt 0.7750000 0.4050000
vt 0.7912500 0.4050000
vt 0.8075000 0.4050000
vt 0.8237500 0.4050000
vt 0.8400000 0.4050000
vt 0.8562500 0.4050000
vt 0.8725000 0.4050000
vt 0.8887500 0.4050000
vt 0.9050000 0.4050000
vt 0.9212500 0.4050000
vt 0.9375000 0.4050000
vt 0.9537500 0.4050000
vt 0.9700000 0.4050000
vt 0.7750000 0.4694000
vt 0.7912500 0.4694000
vt 0.8075000 0.4694000
vt 0.8237500 0.4694000
vt 0.8400000 0.4694000
vt 0.8562500 0.4694000
vt 0.8725000 0.4694000
vt 0.8887500 0.4694000
vt 0.9050000 0.4694000
vt 0.9212500 0.4694000
vt 0.9375000 0.4694000
vt 0.9537500 0.4694000
vt 0.9700000 0.4694000
vt 0.7750000 0.5450000
vt 0.7912500 0.5450000
vt 0.8075000 0.5450000
vt 0.8237500 0.5450000
vt 0.8400000 0.5450000
vt 0.8562500 0.5450000
vt 0.8725000 0.5450000
vt 0.8887500 0.5450000
vt 0.9050000 0.5450000
vt 0.9212500 0.5450000
vt 0.9375000 0.5450000
vt 0.9537500 0.5450000
vt 0.9700000 0.5450000
vt 0.8725000 0.5338000
vt 0.7750000 0.5900000
vt 0.7912500 0.5900000
vt 0.8075000 0.5900000
vt 0.8237500 0.5900000
vt 0.8400000 0.5900000
vt 0.8562500 0.5900000
vt 0.8725000 0.5900000
vt 0.8887500 0.5900000
vt 0.9050000 0.5900000
vt 0.9212500 0.5900000
vt 0.9375000 0.5900000
vt 0.9537500 0.5900000
vt 0.9700000 0.5900000
vt 0.7750000 0.6625000
vt 0.7912500 0.6625000
vt 0.8075000 0.6625000
vt 0.8237500 0.6625000
vt 0.8400000 0.6625000
vt 0.8562500 0.6625000
vt 0.8725000 0.6625000
vt 0.8887500 0.6625000
vt 0.9050000 0.6625000
vt 0.9212500 0.6625000
vt 0.9375000 0.6625000
vt 0.9537500 0.6625000
vt 0.9700000 0.6625000
vt 0.7750000 0.7350000
vt 0.7912500 0.7350000
vt 0.8075000 0.7350000
vt 0.8237500 0.7350000
vt 0.8400000 0.7350000
vt 0.8562500 0.7350000
vt 0.8725000 0.7350000
vt 0.8887500 0.7350000
vt 0.9050000 0.7350000
vt 0.9212500 0.7350000
vt 0.9375000 0.7350000
vt 0.9537500 0.7350000
vt 0.9700000 0.7350000
vt 0.7750000 0.4050000
vt 0.7912500 0.4050000
vt 0.8075000 0.4050000
vt 0.8237500 0.4050000
vt 0.8400000 0.4050000
vt 0.8562500 0.4050000
vt 0.8725000 0.4050000
vt 0.8887500 0.4050000
vt 0.9050000 0.4050000
vt 0.9212500 0.4050000
vt 0.9375000 0.4050000
vt 0.9537500 0.4050000
vt 0.9700000 0.4050000
vt 0.7750000 0.4694000
vt 0.7912500 0.4694000
vt 0.8075000 0.4694000
vt 0.8237500 0.4694000
vt 0.8400000 0.4694000
vt 0.8562500 0.4694000
vt 0.8725000 0.4694000
vt 0.8887500 0.4694000
vt 0.9050000 0.4694000
vt 0.9212500 0.4694000
vt 0.9375000 0.4694000
vt 0.9537500 0.4694000
vt 0.9700000 0.4694000
vt 0.7750000 0.5450000
vt 0.7912500 0.5450000
vt 0.8075000 0.5450000
vt 0.8237500 0.5450000
vt 0.8400000 0.5450000
vt 0.8562500 0.5450000
vt 0.8725000 0.5450000
vt 0.8887500 0.5450000
vt 0.9050000 0.5450000
vt 0.9212500 0.5450000
vt 0.9375000 0.5450000
vt 0.9537500 0.5450000
vt 0.9700000 0.5450000
vt 0.8725000 0.5338000
vt 0.7750000 0.5900000
vt 0.7912500 0.5900000
vt 0.8075000 0.5900000
vt 0.8237500 0.5900000
vt 0.8400000 0.5900000
vt 0.8562500 0.5900000
vt 0.8725000 0.5900000
vt 0.8887500 0.5900000
vt 0.9050000 0.5900000
vt 0.9212500 0.5900000
vt 0.9375000 0.5900000
vt 0.9537500 0.5900000
vt 0.9700000 0.5900000
vt 0.7750000 0.6625000
vt 0.7912500 0.6625000
vt 0.8075000 0.6625000
vt 0.8237500 0.6625000
vt 0.8400000 0.6625000
vt 0.8562500 0.6625000
vt 0.8725000 0.6625000
vt 0.8887500 0.6625000
vt 0.9050000 0.6625000
vt 0.9212500 0.6625000
vt 0.9375000 0.6625000
vt 0.9537500 0.6625000
vt 0.9700000 0.6625000
vt 0.7750000 0.7350000
vt 0.7912500 0.7350000
vt 0.8075000 0.7350000
vt 0.8237500 0.7350000
vt 0.8400000 0.7350000
vt 0.8562500 0.7350000
vt 0.8725000 0.7350000
vt 0.8887500 0.7350000
vt 0.9050000 0.7350000
vt 0.9212500 0.7350000
vt 0.9375000 0.7350000
vt 0.9537500 0.7350000
vt 0.9700000 0.7350000
vt 0.7750000 0.4050000
vt 0.7912500 0.4050000
vt 0.8075000 0.4050000
vt 0.8237500 0.4050000
vt 0.8400000 0.4050000
vt 0.8562500 0.4050000
vt 0.8725000 0.4050000
vt 0.8887500 0.4050000
vt 0.9050000 0.4050000
vt 0.9212500 0.4050000
vt 0.9375000 0.4050000
vt 0.9537500 0.4050000
vt 0.9700000 0.4050000
vt 0.7750000 0.4694000
vt 0.7912500 0.4694000
vt 0.8075000 0.4694000
vt 0.8237500 0.4694000
vt 0.8400000 0.4694000
vt 0.8562500 0.4694000
vt 0.8725000 0.4694000
vt 0.8887500 0.4694000
vt 0.9050000 0.4694000
vt 0.9212500 0.4694000
vt 0.9375000 0.4694000
vt 0.9537500 0.4694000
vt 0.9700000 0.4694000
vt 0.7750000 0.5450000
vt 0.7912500 0.5450000
vt 0.8075000 0.5450000
vt 0.8237500 0.5450000
vt 0.8400000 0.5450000
vt 0.8562500 0.5450000
vt 0.8725000 0.5450000
vt 0.8887500 0.5450000
vt 0.9050000 0.5450000
vt 0.9212500 0.5450000
vt 0.9375000 0.5450000
vt 0.9537500 0.5450000
vt 0.9700000 0.5450000
vt 0.8725000 0.5338000
vt 0.7750000 0.5900000
vt 0.7912500 0.5900000
vt 0.8075000 0.5900000
vt 0.8237500 0.5900000
vt 0.8400000 0.5900000
vt 0.8562500 0.5900000
vt 0.8725000 0.5900000
vt 0.8887500 0.5900000
vt 0.9050000 0.5900000
vt 0.9212500 0.5900000
vt 0.9375000 0.5900000
vt 0.9537500 0.5900000
vt 0.9700000 0.5900000
vt 0.7750000 0.6625000
vt 0.7912500 0.6625000
vt 0.8075000 0.6625000
vt 0.8237500 0.6625000
vt 0.8400000 0.6625000
vt 0.8562500 0.6625000
vt 0.8725000 0.6625000
vt 0.8887500 0.6625000
vt 0.9050000 0.6625000
vt 0.9212500 0.6625000
vt 0.9375000 0.6625000
vt 0.9537500 0.6625000
vt 0.9700000 0.6625000
vt 0.7750000 0.7350000
vt 0.7912500 0.7350000
vt 0.8075000 0.7350000
vt 0.8237500 0.7350000
vt 0.8400000 0.7350000
vt 0.8562500 0.7350000
vt 0.8725000 0.7350000
vt 0.8887500 0.7350000
vt 0.9050000 0.7350000
vt 0.9212500 0.7350000
vt 0.9375000 0.7350000
vt 0.9537500 0.7350000
vt 0.9700000 0.7350000
vt 0.7750000 0.4050000
vt 0.7912500 0.4050000
vt 0.8075000 0.4050000
vt 0.8237500 0.4050000
vt 0.8400000 0.4050000
vt 0.8562500 0.4050000
vt 0.8725000 0.4050000
vt 0.8887500 0.4050000
vt 0.9050000 0.4050000
vt 0.9212500 0.4050000
vt 0.9375000 0.4050000
vt 0.9537500 0.4050000
vt 0.9700000 0.4050000
vt 0.7750000 0.4694000
vt 0.7912500 0.4694000
vt 0.8075000 0.4694000
vt 0.8237500 0.4694000
vt 0.8400000 0.4694000
vt 0.8562500 0.4694000
vt 0.8725000 0.4694000
vt 0.8887500 0.4694000
vt 0.9050000 0.4694000
vt 0.9212500 0.4694000
vt 0.9375000 0.4694000
vt 0.9537500 0.4694000
vt 0.9700000 0.4694000
vt 0.7750000 0.5450000
vt 0.7912500 0.5450000
vt 0.8075000 0.5450000
vt 0.8237500 0.5450000
vt 0.8400000 0.5450000
vt 0.8562500 0.5450000
vt 0.8725000 0.5450000
vt 0.8887500 0.5450000
vt 0.9050000 0.5450000
vt 0.9212500 0.5450000
vt 0.9375000 0.5450000
vt 0.9537500 0.5450000
vt 0.9700000 0.5450000
vt 0.8725000 0.5338000
vt 0.7750000 0.5900000
vt 0.7912500 0.5900000
vt 0.8075000 0.5900000
vt 0.8237500 0.5900000
vt 0.8400000 0.5900000
vt 0.8562500 0.5900000
vt 0.8725000 0.5900000
vt 0.8887500 0.5900000
vt 0.9050000 0.5900000
vt 0.9212500 0.5900000
vt 0.9375000 0.5900000
vt 0.9537500 0.5900000
vt 0.9700000 0.5900000
vt 0.7750000 0.6625000
vt 0.7912500 0.6625000
vt 0.8075000 0.6625000
vt 0.8237500 0.6625000
vt 0.8400000 0.6625000
vt 0.8562500 0.6625000
vt 0.8725000 0.6625000
vt 0.8887500 0.6625000
vt 0.9050000 0.6625000
vt 0.9212500 0.6625000
vt 0.9375000 0.6625000
vt 0.9537500 0.6625000
vt 0.9700000 0.6625000
vt 0.7750000 0.7350000
vt 0.7912500 0.7350000
vt 0.8075000 0.7350000
vt 0.8237500 0.7350000
vt 0.8400000 0.7350000
vt 0.8562500 0.7350000
vt 0.8725000 0.7350000
vt 0.8887500 0.7350000
vt 0.9050000 0.7350000
vt 0.9212500 0.7350000
vt 0.9375000 0.7350000
vt 0.9537500 0.7350000
vt 0.9700000 0.7350000
vt 0.7750000 0.4050000
vt 0.7912500 0.4050000
vt 0.8075000 0.4050000
vt 0.8237500 0.4050000
vt 0.8400000 0.4050000
vt 0.8562500 0.4050000
vt 0.8725000 0.4050000
vt 0.8887500 0.4050000
vt 0.9050000 0.4050000
vt 0.9212500 0.4050000
vt 0.9375000 0.4050000
vt 0.9537500 0.4050000
vt 0.9700000 0.4050000
vt 0.7750000 0.4694000
vt 0.7912500 0.4694000
vt 0.8075000 0.4694000
vt 0.8237500 0.4694000
vt 0.8400000 0.4694000
vt 0.8562500 0.4694000
vt 0.8725000 0.4694000
vt 0.8887500 0.4694000
vt 0.9050000 0.4694000
vt 0.9212500 0.4694000
vt 0.9375000 0.4694000
vt 0.9537500 0.4694000
vt 0.9700000 0.4694000
vt 0.7750000 0.5450000
vt 0.7912500 0.5450000
vt 0.8075000 0.5450000
vt 0.8237500 0.5450000
vt 0.8400000 0.5450000
vt 0.8562500 0.5450000
vt 0.8725000 0.5450000
vt 0.8887500 0.5450000
vt 0.9050000 0.5450000
vt 0.9212500 0.5450000
vt 0.9375000 0.5450000
vt 0.9537500 0.5450000
vt 0.9700000 0.5450000
vt 0.8725000 0.5338000
vt 0.7750000 0.5900000
vt 0.7912500 0.5900000
vt 0.8075000 0.5900000
vt 0.8237500 0.5900000
vt 0.8400000 0.5900000
vt 0.8562500 0.5900000
vt 0.8725000 0.5900000
vt 0.8887500 0.5900000
vt 0.9050000 0.5900000
vt 0.9212500 0.5900000
vt 0.9375000 0.5900000
vt 0.9537500 0.5900000
vt 0.9700000 0.5900000
vt 0.7750000 0.6625000
vt 0.7912500 0.6625000
vt 0.8075000 0.6625000
vt 0.8237500 0.6625000
vt 0.8400000 0.6625000
vt 0.8562500 0.6625000
vt 0.8725000 0.6625000
vt 0.8887500 0.6625000
vt 0.9050000 0.6625000
vt 0.9212500 0.6625000
vt 0.9375000 0.6625000
vt 0.9537500 0.6625000
vt 0.9700000 0.6625000
vt 0.7750000 0.7350000
vt 0.7912500 0.7350000
vt 0.8075000 0.7350000
vt 0.8237500 0.7350000
vt 0.8400000 0.7350000
vt 0.8562500 0.7350000
vt 0.8725000 0.7350000
vt 0.8887500 0.7350000
vt 0.9050000 0.7350000
vt 0.9212500 0.7350000
vt 0.9375000 0.7350000
vt 0.9537500 0.7350000
vt 0.9700000 0.7350000
vt 0.7750000 0.4050000
vt 0.7912500 0.4050000
vt 0.8075000 0.4050000
vt 0.8237500 0.4050000
vt 0.8400000 0.4050000
vt 0.8562500 0.4050000
vt 0.8725000 0.4050000
vt 0.8887500 0.4050000
vt 0.9050000 0.4050000
vt 0.9212500 0.4050000
vt 0.9375000 0.4050000
vt 0.9537500 0.4050000
vt 0.9700000 0.4050000
vt 0.7750000 0.4694000
vt 0.7912500 0.4694000
vt 0.8075000 0.4694000
vt 0.8237500 0.4694000
vt 0.8400000 0.4694000
vt 0.8562500 0.4694000
vt 0.8725000 0.4694000
vt 0.8887500 0.4694000
vt 0.9050000 0.4694000
vt 0.9212500 0.4694000
vt 0.9375000 0.4694000
vt 0.9537500 0.4694000
vt 0.9700000 0.4694000
vt 0.7750000 0.5450000
vt 0.7912500 0.5450000
vt 0.8075000 0.5450000
vt 0.8237500 0.5450000
vt 0.8400000 0.5450000
vt 0.8562500 0.5450000
vt 0.8725000 0.5450000
vt 0.8887500 0.5450000
vt 0.9050000 0.5450000
vt 0.9212500 0.5450000
vt 0.9375000 0.5450000
vt 0.9537500 0.5450000
vt 0.9700000 0.5450000
vt 0.8725000 0.5338000
vt 0.7750000 0.5900000
vt 0.7912500 0.5900000
vt 0.8075000 0.5900000
vt 0.8237500 0.5900000
vt 0.8400000 0.5900000
vt 0.8562500 0.5900000
vt 0.8725000 0.5900000
vt 0.8887500 0.5900000
vt 0.9050000 0.5900000
vt 0.9212500 0.5900000
vt 0.9375000 0.5900000
vt 0.9537500 0.5900000
vt 0.9700000 0.5900000
vt 0.7750000 0.6625000
vt 0.7912500 0.6625000
vt 0.8075000 0.6625000
vt 0.8237500 0.6625000
vt 0.8400000 0.6625000
vt 0.8562500 0.6625000
vt 0.8725000 0.6625000
vt 0.8887500 0.6625000
vt 0.9050000 0.6625000
vt 0.9212500 0.6625000
vt 0.9375000 0.6625000
vt 0.9537500 0.6625000
vt 0.9700000 0.6625000
vt 0.7750000 0.7350000
vt 0.7912500 0.7350000
vt 0.8075000 0.7350000
vt 0.8237500 0.7350000
vt 0.8400000 0.7350000
vt 0.8562500 0.7350000
vt 0.8725000 0.7350000
vt 0.8887500 0.7350000
vt 0.9050000 0.7350000
vt 0.9212500 0.7350000
vt 0.9375000 0.7350000
vt 0.9537500 0.7350000
vt 0.9700000 0.7350000
vt 0.7750000 0.4050000
vt 0.7912500 0.4050000
vt 0.8075000 0.4050000
vt 0.8237500 0.4050000
vt 0.8400000 0.4050000
vt 0.8562500 0.4050000
vt 0.8725000 0.4050000
vt 0.8887500 0.4050000
vt 0.9050000 0.4050000
vt 0.9212500 0.4050000
vt 0.9375000 0.4050000
vt 0.9537500 0.4050000
vt 0.9700000 0.4050000
vt 0.7750000 0.4694000
vt 0.7912500 0.4694000
vt 0.8075000 0.4694000
vt 0.8237500 0.4694000
vt 0.8400000 0.4694000
vt 0.8562500 0.4694000
vt 0.8725000 0.4694000
vt 0.8887500 0.4694000
vt 0.9050000 0.4694000
vt 0.9212500 0.4694000
vt 0.9375000 0.4694000
vt 0.9537500 0.4694000
vt 0.9700000 0.4694000
vt 0.7750000 0.5450000
vt 0.7912500 0.5450000
vt 0.8075000 0.5450000
vt 0.8237500 0.5450000
vt 0.8400000 0.5450000
vt 0.8562500 0.5450000
vt 0.8725000 0.5450000
vt 0.8887500 0.5450000
vt 0.9050000 0.5450000
vt 0.9212500 0.5450000
vt 0.9375000 0.5450000
vt 0.9537500 0.5450000
vt 0.9700000 0.5450000
vt 0.8725000 0.5338000
vt 0.7750000 0.5900000
vt 0.7912500 0.5900000
vt 0.8075000 0.5900000
vt 0.8237500 0.5900000
vt 0.8400000 0.5900000
vt 0.8562500 0.5900000
vt 0.8725000 0.5900000
vt 0.8887500 0.5900000
vt 0.9050000 0.5900000
vt 0.9212500 0.5900000
vt 0.9375000 0.5900000
vt 0.9537500 0.5900000
vt 0.9700000 0.5900000
vt 0.7750000 0.6625000
vt 0.7912500 0.6625000
vt 0.8075000 0.6625000
vt 0.8237500 0.6625000
vt 0.8400000 0.6625000
vt 0.8562500 0.6625000
vt 0.8725000 0.6625000
vt 0.8887500 0.6625000
vt 0.9050000 0.6625000
vt 0.9212500 0.6625000
vt 0.9375000 0.6625000
vt 0.9537500 0.6625000
vt 0.9700000 0.6625000
vt 0.7750000 0.7350000
vt 0.7912500 0.7350000
vt 0.8075000 0.7350000
vt 0.8237500 0.7350000
vt 0.8400000 0.7350000
vt 0.8562500 0.7350000
vt 0.8725000 0.7350000
vt 0.8887500 0.7350000
vt 0.9050000 0.7350000
vt 0.9212500 0.7350000
vt 0.9375000 0.7350000
vt 0.9537500 0.7350000
vt 0.9700000 0.7350000
vt 0.7750000 0.4050000
vt 0.7912500 0.4050000
vt 0.8075000 0.4050000
vt 0.8237500 0.4050000
vt 0.8400000 0.4050000
vt 0.8562500 0.4050000
vt 0.8725000 0.4050000
vt 0.8887500 0.4050000
vt 0.9050000 0.4050000
vt 0.9212500 0.4050000
vt 0.9375000 0.4050000
vt 0.9537500 0.4050000
vt 0.9700000 0.4050000
vt 0.7750000 0.4694000
vt 0.7912500 0.4694000
vt 0.8075000 0.4694000
vt 0.8237500 0.4694000
vt 0.8400000 0.4694000
vt 0.8562500 0.4694000
vt 0.8725000 0.4694000
vt 0.8887500 0.4694000
vt 0.9050000 0.4694000
vt 0.9212500 0.4694000
vt 0.9375000 0.4694000
vt 0.9537500 0.4694000
vt 0.9700000 0.4694000
vt 0.7750000 0.5450000
vt 0.7912500 0.5450000
vt 0.8075000 0.5450000
vt 0.8237500 0.5450000
vt 0.8400000 0.5450000
vt 0.8562500 0.5450000
vt 0.8725000 0.5450000
vt 0.8887500 0.5450000
vt 0.9050000 0.5450000
vt 0.9212500 0.5450000
vt 0.9375000 0.5450000
vt 0.9537500 0.5450000
vt 0.9700000 0.5450000
vt 0.8725000 0.5338000
vt 0.7750000 0.5900000
vt 0.7912500 0.5900000
vt 0.8075000 0.5900000
vt 0.8237500 0.5900000
vt 0.8400000 0.5900000
vt 0.8562500 0.5900000
vt 0.8725000 0.5900000
vt 0.8887500 0.5900000
vt 0.9050000 0.5900000
vt 0.9212500 0.5900000
vt 0.9375000 0.5900000
vt 0.9537500 0.5900000
vt 0.9700000 0.5900000
vt 0.7750000 0.6625000
vt 0.7912500 0.6625000
vt 0.8075000 0.6625000
vt 0.8237500 0.6625000
vt 0.8400000 0.6625000
vt 0.8562500 0.6625000
vt 0.8725000 0.6625000
vt 0.8887500 0.6625000
vt 0.9050000 0.6625000
vt 0.9212500 0.6625000
vt 0.9375000 0.6625000
vt 0.9537500 0.6625000
vt 0.9700000 0.6625000
vt 0.7750000 0.7350000
vt 0.7912500 0.7350000
vt 0.8075000 0.7350000
vt 0.8237500 0.7350000
vt 0.8400000 0.7350000
vt 0.8562500 0.7350000
vt 0.8725000 0.7350000
vt 0.8887500 0.7350000
vt 0.9050000 0.7350000
vt 0.9212500 0.7350000
vt 0.9375000 0.7350000
vt 0.9537500 0.7350000
vt 0.9700000 0.7350000
vt 0.7750000 0.4050000
vt 0.7912500 0.4050000
vt 0.8075000 0.4050000
vt 0.8237500 0.4050000
vt 0.8400000 0.4050000
vt 0.8562500 0.4050000
vt 0.8725000 0.4050000
vt 0.8887500 0.4050000
vt 0.9050000 0.4050000
vt 0.9212500 0.4050000
vt 0.9375000 0.4050000
vt 0.9537500 0.4050000
vt 0.9700000 0.4050000
vt 0.7750000 0.4694000
vt 0.7912500 0.4694000
vt 0.8075000 0.4694000
vt 0.8237500 0.4694000
vt 0.8400000 0.4694000
vt 0.8562500 0.4694000
vt 0.8725000 0.4694000
vt 0.8887500 0.4694000
vt 0.9050000 0.4694000
vt 0.9212500 0.4694000
vt 0.9375000 0.4694000
vt 0.9537500 0.4694000
vt 0.9700000 0.4694000
vt 0.7750000 0.5450000
vt 0.7912500 0.5450000
vt 0.8075000 0.5450000
vt 0.8237500 0.5450000
vt 0.8400000 0.5450000
vt 0.8562500 0.5450000
vt 0.8725000 0.5450000
vt 0.8887500 0.5450000
vt 0.9050000 0.5450000
vt 0.9212500 0.5450000
vt 0.9375000 0.5450000
vt 0.9537500 0.5450000
vt 0.9700000 0.5450000
vt 0.8725000 0.5338000
vt 0.7750000 0.5900000
vt 0.7912500 0.5900000
vt 0.8075000 0.5900000
vt 0.8237500 0.5900000
vt 0.8400000 0.5900000
vt 0.8562500 0.5900000
vt 0.8725000 0.5900000
vt 0.8887500 0.5900000
vt 0.9050000 0.5900000
vt 0.9212500 0.5900000
vt 0.9375000 0.5900000
vt 0.9537500 0.5900000
vt 0.9700000 0.5900000
vt 0.7750000 0.6625000
vt 0.7912500 0.6625000
vt 0.8075000 0.6625000
vt 0.8237500 0.6625000
vt 0.8400000 0.6625000
vt 0.8562500 0.6625000
vt 0.8725000 0.6625000
vt 0.8887500 0.6625000
vt 0.9050000 0.6625000
vt 0.9212500 0.6625000
vt 0.9375000 0.6625000
vt 0.9537500 0.6625000
vt 0.9700000 0.6625000
vt 0.7750000 0.7350000
vt 0.7912500 0.7350000
vt 0.8075000 0.7350000
vt 0.8237500 0.7350000
vt 0.8400000 0.7350000
vt 0.8562500 0.7350000
vt 0.8725000 0.7350000
vt 0.8887500 0.7350000
vt 0.9050000 0.7350000
vt 0.9212500 0.7350000
vt 0.9375000 0.7350000
vt 0.9537500 0.7350000
vt 0.9700000 0.7350000
vt 0.7750000 0.4050000
vt 0.7912500 0.4050000
vt 0.8075000 0.4050000
vt 0.8237500 0.4050000
vt 0.8400000 0.4050000
vt 0.8562500 0.4050000
vt 0.8725000 0.4050000
vt 0.8887500 0.4050000
vt 0.9050000 0.4050000
vt 0.9212500 0.4050000
vt 0.9375000 0.4050000
vt 0.9537500 0.4050000
vt 0.9700000 0.4050000
vt 0.7750000 0.4694000
vt 0.7912500 0.4694000
vt 0.8075000 0.4694000
vt 0.8237500 0.4694000
vt 0.8400000 0.4694000
vt 0.8562500 0.4694000
vt 0.8725000 0.4694000
vt 0.8887500 0.4694000
vt 0.9050000 0.4694000
vt 0.9212500 0.4694000
vt 0.9375000 0.4694000
vt 0.9537500 0.4694000
vt 0.9700000 0.4694000
vt 0.7750000 0.5450000
vt 0.7912500 0.5450000
vt 0.8075000 0.5450000
vt 0.8237500 0.5450000
vt 0.8400000 0.5450000
vt 0.8562500 0.5450000
vt 0.8725000 0.5450000
vt 0.8887500 0.5450000
vt 0.9050000 0.5450000
vt 0.9212500 0.5450000
vt 0.9375000 0.5450000
vt 0.9537500 0.5450000
vt 0.9700000 0.5450000
vt 0.8725000 0.5338000
vt 0.7750000 0.5900000
vt 0.7912500 0.5900000
vt 0.8075000 0.5900000
vt 0.8237500 0.5900000
vt 0.8400000 0.5900000
vt 0.8562500 0.5900000
vt 0.8725000 0.5900000
vt 0.8887500 0.5900000
vt 0.9050000 0.5900000
vt 0.9212500 0.5900000
vt 0.9375000 0.5900000
vt 0.9537500 0.5900000
vt 0.9700000 0.5900000
vt 0.7750000 0.6625000
vt 0.7912500 0.6625000
vt 0.8075000 0.6625000
vt 0.8237500 0.6625000
vt 0.8400000 0.6625000
vt 0.8562500 0.6625000
vt 0.8725000 0.6625000
vt 0.8887500 0.6625000
vt 0.9050000 0.6625000
vt 0.9212500 0.6625000
vt 0.9375000 0.6625000
vt 0.9537500 0.6625000
vt 0.9700000 0.6625000
vt 0.7750000 0.7350000
vt 0.7912500 0.7350000
vt 0.8075000 0.7350000
vt 0.8237500 0.7350000
vt 0.8400000 0.7350000
vt 0.8562500 0.7350000
vt 0.8725000 0.7350000
vt 0.8887500 0.7350000
vt 0.9050000 0.7350000
vt 0.9212500 0.7350000
vt 0.9375000 0.7350000
vt 0.9537500 0.7350000
vt 0.9700000 0.7350000
vt 0.7750000 0.4050000
vt 0.7912500 0.4050000
vt 0.8075000 0.4050000
vt 0.8237500 0.4050000
vt 0.8400000 0.4050000
vt 0.8562500 0.4050000
vt 0.8725000 0.4050000
vt 0.8887500 0.4050000
vt 0.9050000 0.4050000
vt 0.9212500 0.4050000
vt 0.9375000 0.4050000
vt 0.9537500 0.4050000
vt 0.9700000 0.4050000
vt 0.7750000 0.4694000
vt 0.7912500 0.4694000
vt 0.8075000 0.4694000
vt 0.8237500 0.4694000
vt 0.8400000 0.4694000
vt 0.8562500 0.4694000
vt 0.8725000 0.4694000
vt 0.8887500 0.4694000
vt 0.9050000 0.4694000
vt 0.9212500 0.4694000
vt 0.9375000 0.4694000
vt 0.9537500 0.4694000
vt 0.9700000 0.4694000
vt 0.7750000 0.5450000
vt 0.7912500 0.5450000
vt 0.8075000 0.5450000
vt 0.8237500 0.5450000
vt 0.8400000 0.5450000
vt 0.8562500 0.5450000
vt 0.8725000 0.5450000
vt 0.8887500 0.5450000
vt 0.9050000 0.5450000
vt 0.9212500 0.5450000
vt 0.9375000 0.5450000
vt 0.9537500 0.5450000
vt 0.9700000 0.5450000
vt 0.8725000 0.5338000
vt 0.7750000 0.5900000
vt 0.7912500 0.5900000
vt 0.8075000 0.5900000
vt 0.8237500 0.5900000
vt 0.8400000 0.5900000
vt 0.8562500 0.5900000
vt 0.8725000 0.5900000
vt 0.8887500 0.5900000
vt 0.9050000 0.5900000
vt 0.9212500 0.5900000
vt 0.9375000 0.5900000
vt 0.9537500 0.5900000
vt 0.9700000 0.5900000
vt 0.7750000 0.6625000
vt 0.7912500 0.6625000
vt 0.8075000 0.6625000
vt 0.8237500 0.6625000
vt 0.8400000 0.6625000
vt 0.8562500 0.6625000
vt 0.8725000 0.6625000
vt 0.8887500 0.6625000
vt 0.9050000 0.6625000
vt 0.9212500 0.6625000
vt 0.9375000 0.6625000
vt 0.9537500 0.6625000
vt 0.9700000 0.6625000
vt 0.7750000 0.7350000
vt 0.7912500 0.7350000
vt 0.8075000 0.7350000
vt 0.8237500 0.7350000
vt 0.8400000 0.7350000
vt 0.8562500 0.7350000
vt 0.8725000 0.7350000
vt 0.8887500 0.7350000
vt 0.9050000 0.7350000
vt 0.9212500 0.7350000
vt 0.9375000 0.7350000
vt 0.9537500 0.7350000
vt 0.9700000 0.7350000
vt 0.7750000 0.4050000
vt 0.7912500 0.4050000
vt 0.8075000 0.4050000
vt 0.8237500 0.4050000
vt 0.8400000 0.4050000
vt 0.8562500 0.4050000
vt 0.8725000 0.4050000
vt 0.8887500 0.4050000
vt 0.9050000 0.4050000
vt 0.9212500 0.4050000
vt 0.9375000 0.4050000
vt 0.9537500 0.4050000
vt 0.9700000 0.4050000
vt 0.7750000 0.4694000
vt 0.7912500 0.4694000
vt 0.8075000 0.4694000
vt 0.8237500 0.4694000
vt 0.8400000 0.4694000
vt 0.8562500 0.4694000
vt 0.8725000 0.4694000
vt 0.8887500 0.4694000
vt 0.9050000 0.4694000
vt 0.9212500 0.4694000
vt 0.9375000 0.4694000
vt 0.9537500 0.4694000
vt 0.9700000 0.4694000
vt 0.7750000 0.5450000
vt 0.7912500 0.5450000
vt 0.8075000 0.5450000
vt 0.8237500 0.5450000
vt 0.8400000 0.5450000
vt 0.8562500 0.5450000
vt 0.8725000 0.5450000
vt 0.8887500 0.5450000
vt 0.9050000 0.5450000
vt 0.9212500 0.5450000
vt 0.9375000 0.5450000
vt 0.9537500 0.5450000
vt 0.9700000 0.5450000
vt 0.8725000 0.5338000
vt 0.7750000 0.5900000
vt 0.7912500 0.5900000
vt 0.8075000 0.5900000
vt 0.8237500 0.5900000
vt 0.8400000 0.5900000
vt 0.8562500 0.5900000
vt 0.8725000 0.5900000
vt 0.8887500 0.5900000
vt 0.9050000 0.5900000
vt 0.9212500 0.5900000
vt 0.9375000 0.5900000
vt 0.9537500 0.5900000
vt 0.9700000 0.5900000
vt 0.7750000 0.6625000
vt 0.7912500 0.6625000
vt 0.8075000 0.6625000
vt 0.8237500 0.6625000
vt 0.8400000 0.6625000
vt 0.8562500 0.6625000
vt 0.8725000 0.6625000
vt 0.8887500 0.6625000
vt 0.9050000 0.6625000
vt 0.9212500 0.6625000
vt 0.9375000 0.6625000
vt 0.9537500 0.6625000
vt 0.9700000 0.6625000
vt 0.7750000 0.7350000
vt 0.7912500 0.7350000
vt 0.8075000 0.7350000
vt 0.8237500 0.7350000
vt 0.8400000 0.7350000
vt 0.8562500 0.7350000
vt 0.8725000 0.7350000
vt 0.8887500 0.7350000
vt 0.9050000 0.7350000
vt 0.9212500 0.7350000
vt 0.9375000 0.7350000
vt 0.9537500 0.7350000
vt 0.9700000 0.7350000
vt 0.7750000 0.4050000
vt 0.7912500 0.4050000
vt 0.8075000 0.4050000
vt 0.8237500 0.4050000
vt 0.8400000 0.4050000
vt 0.8562500 0.4050000
vt 0.8725000 0.4050000
vt 0.8887500 0.4050000
vt 0.9050000 0.4050000
vt 0.9212500 0.4050000
vt 0.9375000 0.4050000
vt 0.9537500 0.4050000
vt 0.9700000 0.4050000
vt 0.7750000 0.4694000
vt 0.7912500 0.4694000
vt 0.8075000 0.4694000
vt 0.8237500 0.4694000
vt 0.8400000 0.4694000
vt 0.8562500 0.4694000
vt 0.8725000 0.4694000
vt 0.8887500 0.4694000
vt 0.9050000 0.4694000
vt 0.9212500 0.4694000
vt 0.9375000 0.4694000
vt 0.9537500 0.4694000
vt 0.9700000 0.4694000
vt 0.7750000 0.5450000
vt 0.7912500 0.5450000
vt 0.8075000 0.5450000
vt 0.8237500 0.5450000
vt 0.8400000 0.5450000
vt 0.8562500 0.5450000
vt 0.8725000 0.5450000
vt 0.8887500 0.5450000
vt 0.9050000 0.5450000
vt 0.9212500 0.5450000
vt 0.9375000 0.5450000
vt 0.9537500 0.5450000
vt 0.9700000 0.5450000
vt 0.8725000 0.5338000
vt 0.7750000 0.5900000
vt 0.7912500 0.5900000
vt 0.8075000 0.5900000
vt 0.8237500 0.5900000
vt 0.8400000 0.5900000
vt 0.8562500 0.5900000
vt 0.8725000 0.5900000
vt 0.8887500 0.5900000
vt 0.9050000 0.5900000
vt 0.9212500 0.5900000
vt 0.9375000 0.5900000
vt 0.9537500 0.5900000
vt 0.9700000 0.5900000
vt 0.7750000 0.6625000
vt 0.7912500 0.6625000
vt 0.8075000 0.6625000
vt 0.8237500 0.6625000
vt 0.8400000 0.6625000
vt 0.8562500 0.6625000
vt 0.8725000 0.6625000
vt 0.8887500 0.6625000
vt 0.9050000 0.6625000
vt 0.9212500 0.6625000
vt 0.9375000 0.6625000
vt 0.9537500 0.6625000
vt 0.9700000 0.6625000
vt 0.7750000 0.7350000
vt 0.7912500 0.7350000
vt 0.8075000 0.7350000
vt 0.8237500 0.7350000
vt 0.8400000 0.7350000
vt 0.8562500 0.7350000
vt 0.8725000 0.7350000
vt 0.8887500 0.7350000
vt 0.9050000 0.7350000
vt 0.9212500 0.7350000
vt 0.9375000 0.7350000
vt 0.9537500 0.7350000
vt 0.9700000 0.7350000
vt 0.7750000 0.4050000
vt 0.7912500 0.4050000
vt 0.8075000 0.4050000
vt 0.8237500 0.4050000
vt 0.8400000 0.4050000
vt 0.8562500 0.4050000
vt 0.8725000 0.4050000
vt 0.8887500 0.4050000
vt 0.9050000 0.4050000
vt 0.9212500 0.4050000
vt 0.9375000 0.4050000
vt 0.9537500 0.4050000
vt 0.9700000 0.4050000
vt 0.7750000 0.4694000
vt 0.7912500 0.4694000
vt 0.8075000 0.4694000
vt 0.8237500 0.4694000
vt 0.8400000 0.4694000
vt 0.8562500 0.4694000
vt 0.8725000 0.4694000
vt 0.8887500 0.4694000
vt 0.9050000 0.4694000
vt 0.9212500 0.4694000
vt 0.9375000 0.4694000
vt 0.9537500 0.4694000
vt 0.9700000 0.4694000
vt 0.7750000 0.5450000
vt 0.7912500 0.5450000
vt 0.8075000 0.5450000
vt 0.8237500 0.5450000
vt 0.8400000 0.5450000
vt 0.8562500 0.5450000
vt 0.8725000 0.5450000
vt 0.8887500 0.5450000
vt 0.9050000 0.5450000
vt 0.9212500 0.5450000
vt 0.9375000 0.5450000
vt 0.9537500 0.5450000
vt 0.9700000 0.5450000
vt 0.8725000 0.5338000
vt 0.7750000 0.5900000
vt 0.7912500 0.5900000
vt 0.8075000 0.5900000
vt 0.8237500 0.5900000
vt 0.8400000 0.5900000
vt 0.8562500 0.5900000
vt 0.8725000 0.5900000
vt 0.8887500 0.5900000
vt 0.9050000 0.5900000
vt 0.9212500 0.5900000
vt 0.9375000 0.5900000
vt 0.9537500 0.5900000
vt 0.9700000 0.5900000
vt 0.7750000 0.6625000
vt 0.7912500 0.6625000
vt 0.8075000 0.6625000
vt 0.8237500 0.6625000
vt 0.8400000 0.6625000
vt 0.8562500 0.6625000
vt 0.8725000 0.6625000
vt 0.8887500 0.6625000
vt 0.9050000 0.6625000
vt 0.9212500 0.6625000
vt 0.9375000 0.6625000
vt 0.9537500 0.6625000
vt 0.9700000 0.6625000
vt 0.7750000 0.7350000
vt 0.7912500 0.7350000
vt 0.8075000 0.7350000
vt 0.8237500 0.7350000
vt 0.8400000 0.7350000
vt 0.8562500 0.7350000
vt 0.8725000 0.7350000
vt 0.8887500 0.7350000
vt 0.9050000 0.7350000
vt 0.9212500 0.7350000
vt 0.9375000 0.7350000
vt 0.9537500 0.7350000
vt 0.9700000 0.7350000
vt 0.7750000 0.4050000
vt 0.7912500 0.4050000
vt 0.8075000 0.4050000
vt 0.8237500 0.4050000
vt 0.8400000 0.4050000
vt 0.8562500 0.4050000
vt 0.8725000 0.4050000
vt 0.8887500 0.4050000
vt 0.9050000 0.4050000
vt 0.9212500 0.4050000
vt 0.9375000 0.4050000
vt 0.9537500 0.4050000
vt 0.9700000 0.4050000
vt 0.7750000 0.4694000
vt 0.7912500 0.4694000
vt 0.8075000 0.4694000
vt 0.8237500 0.4694000
vt 0.8400000 0.4694000
vt 0.8562500 0.4694000
vt 0.8725000 0.4694000
vt 0.8887500 0.4694000
vt 0.9050000 0.4694000
vt 0.9212500 0.4694000
vt 0.9375000 0.4694000
vt 0.9537500 0.4694000
vt 0.9700000 0.4694000
vt 0.7750000 0.5450000
vt 0.7912500 0.5450000
vt 0.8075000 0.5450000
vt 0.8237500 0.5450000
vt 0.8400000 0.5450000
vt 0.8562500 0.5450000
vt 0.8725000 0.5450000
vt 0.8887500 0.5450000
vt 0.9050000 0.5450000
vt 0.9212500 0.5450000
vt 0.9375000 0.5450000
vt 0.9537500 0.5450000
vt 0.9700000 0.5450000
vt 0.8725000 0.5338000
vt 0.7750000 0.5900000
vt 0.7912500 0.5900000
vt 0.8075000 0.5900000
vt 0.8237500 0.5900000
vt 0.8400000 0.5900000
vt 0.8562500 0.5900000
vt 0.8725000 0.5900000
vt 0.8887500 0.5900000
vt 0.9050000 0.5900000
vt 0.9212500 0.5900000
vt 0.9375000 0.5900000
vt 0.9537500 0.5900000
vt 0.9700000 0.5900000
vt 0.7750000 0.6625000
vt 0.7912500 0.6625000
vt 0.8075000 0.6625000
vt 0.8237500 0.6625000
vt 0.8400000 0.6625000
vt 0.8562500 0.6625000
vt 0.8725000 0.6625000
vt 0.8887500 0.6625000
vt 0.9050000 0.6625000
vt 0.9212500 0.6625000
vt 0.9375000 0.6625000
vt 0.9537500 0.6625000
vt 0.9700000 0.6625000
vt 0.7750000 0.7350000
vt 0.7912500 0.7350000
vt 0.8075000 0.7350000
vt 0.8237500 0.7350000
vt 0.8400000 0.7350000
vt 0.8562500 0.7350000
vt 0.8725000 0.7350000
vt 0.8887500 0.7350000
vt 0.9050000 0.7350000
vt 0.9212500 0.7350000
vt 0.9375000 0.7350000
vt 0.9537500 0.7350000
vt 0.9700000 0.7350000
vt 0.7750000 0.4050000
vt 0.7912500 0.4050000
vt 0.8075000 0.4050000
vt 0.8237500 0.4050000
vt 0.8400000 0.4050000
vt 0.8562500 0.4050000
vt 0.8725000 0.4050000
vt 0.8887500 0.4050000
vt 0.9050000 0.4050000
vt 0.9212500 0.4050000
vt 0.9375000 0.4050000
vt 0.9537500 0.4050000
vt 0.9700000 0.4050000
vt 0.7750000 0.4694000
vt 0.7912500 0.4694000
vt 0.8075000 0.4694000
vt 0.8237500 0.4694000
vt 0.8400000 0.4694000
vt 0.8562500 0.4694000
vt 0.8725000 0.4694000
vt 0.8887500 0.4694000
vt 0.9050000 0.4694000
vt 0.9212500 0.4694000
vt 0.9375000 0.4694000
vt 0.9537500 0.4694000
vt 0.9700000 0.4694000
vt 0.7750000 0.5450000
vt 0.7912500 0.5450000
vt 0.8075000 0.5450000
vt 0.8237500 0.5450000
vt 0.8400000 0.5450000
vt 0.8562500 0.5450000
vt 0.8725000 0.5450000
vt 0.8887500 0.5450000
vt 0.9050000 0.5450000
vt 0.9212500 0.5450000
vt 0.9375000 0.5450000
vt 0.9537500 0.5450000
vt 0.9700000 0.5450000
vt 0.8725000 0.5338000
vt 0.7750000 0.5900000
vt 0.7912500 0.5900000
vt 0.8075000 0.5900000
vt 0.8237500 0.5900000
vt 0.8400000 0.5900000
vt 0.8562500 0.5900000
vt 0.8725000 0.5900000
vt 0.8887500 0.5900000
vt 0.9050000 0.5900000
vt 0.9212500 0.5900000
vt 0.9375000 0.5900000
vt 0.9537500 0.5900000
vt 0.9700000 0.5900000
vt 0.7750000 0.6625000
vt 0.7912500 0.6625000
vt 0.8075000 0.6625000
vt 0.8237500 0.6625000
vt 0.8400000 0.6625000
vt 0.8562500 0.6625000
vt 0.8725000 0.6625000
vt 0.8887500 0.6625000
vt 0.9050000 0.6625000
vt 0.9212500 0.6625000
vt 0.9375000 0.6625000
vt 0.9537500 0.6625000
vt 0.9700000 0.6625000
vt 0.7750000 0.7350000
vt 0.7912500 0.7350000
vt 0.8075000 0.7350000
vt 0.8237500 0.7350000
vt 0.8400000 0.7350000
vt 0.8562500 0.7350000
vt 0.8725000 0.7350000
vt 0.8887500 0.7350000
vt 0.9050000 0.7350000
vt 0.9212500 0.7350000
vt 0.9375000 0.7350000
vt 0.9537500 0.7350000
vt 0.9700000 0.7350000
vt 0.7750000 0.4050000
vt 0.7912500 0.4050000
vt 0.8075000 0.4050000
vt 0.8237500 0.4050000
vt 0.8400000 0.4050000
vt 0.8562500 0.4050000
vt 0.8725000 0.4050000
vt 0.8887500 0.4050000
vt 0.9050000 0.4050000
vt 0.9212500 0.4050000
vt 0.9375000 0.4050000
vt 0.9537500 0.4050000
vt 0.9700000 0.4050000
vt 0.7750000 0.4694000
vt 0.7912500 0.4694000
vt 0.8075000 0.4694000
vt 0.8237500 0.4694000
vt 0.8400000 0.4694000
vt 0.8562500 0.4694000
vt 0.8725000 0.4694000
vt 0.8887500 0.4694000
vt 0.9050000 0.4694000
vt 0.9212500 0.4694000
vt 0.9375000 0.4694000
vt 0.9537500 0.4694000
vt 0.9700000 0.4694000
vt 0.7750000 0.5450000
vt 0.7912500 0.5450000
vt 0.8075000 0.5450000
vt 0.8237500 0.5450000
vt 0.8400000 0.5450000
vt 0.8562500 0.5450000
vt 0.8725000 0.5450000
vt 0.8887500 0.5450000
vt 0.9050000 0.5450000
vt 0.9212500 0.5450000
vt 0.9375000 0.5450000
vt 0.9537500 0.5450000
vt 0.9700000 0.5450000
vt 0.8725000 0.5338000
vt 0.7750000 0.5900000
vt 0.7912500 0.5900000
vt 0.8075000 0.5900000
vt 0.8237500 0.5900000
vt 0.8400000 0.5900000
vt 0.8562500 0.5900000
vt 0.8725000 0.5900000
vt 0.8887500 0.5900000
vt 0.9050000 0.5900000
vt 0.9212500 0.5900000
vt 0.9375000 0.5900000
vt 0.9537500 0.5900000
vt 0.9700000 0.5900000
vt 0.7750000 0.6625000
vt 0.7912500 0.6625000
vt 0.8075000 0.6625000
vt 0.8237500 0.6625000
vt 0.8400000 0.6625000
vt 0.8562500 0.6625000
vt 0.8725000 0.6625000
vt 0.8887500 0.6625000
vt 0.9050000 0.6625000
vt 0.9212500 0.6625000
vt 0.9375000 0.6625000
vt 0.9537500 0.6625000
vt 0.9700000 0.6625000
vt 0.7750000 0.7350000
vt 0.7912500 0.7350000
vt 0.8075000 0.7350000
vt 0.8237500 0.7350000
vt 0.8400000 0.7350000
vt 0.8562500 0.7350000
vt 0.8725000 0.7350000
vt 0.8887500 0.7350000
vt 0.9050000 0.7350000
vt 0.9212500 0.7350000
vt 0.9375000 0.7350000
vt 0.9537500 0.7350000
vt 0.9700000 0.7350000
vt 0.7750000 0.4050000
vt 0.7912500 0.4050000
vt 0.8075000 0.4050000
vt 0.8237500 0.4050000
vt 0.8400000 0.4050000
vt 0.8562500 0.4050000
vt 0.8725000 0.4050000
vt 0.8887500 0.4050000
vt 0.9050000 0.4050000
vt 0.9212500 0.4050000
vt 0.9375000 0.4050000
vt 0.9537500 0.4050000
vt 0.9700000 0.4050000
vt 0.7750000 0.4694000
vt 0.7912500 0.4694000
vt 0.8075000 0.4694000
vt 0.8237500 0.4694000
vt 0.8400000 0.4694000
vt 0.8562500 0.4694000
vt 0.8725000 0.4694000
vt 0.8887500 0.4694000
vt 0.9050000 0.4694000
vt 0.9212500 0.4694000
vt 0.9375000 0.4694000
vt 0.9537500 0.4694000
vt 0.9700000 0.4694000
vt 0.7750000 0.5450000
vt 0.7912500 0.5450000
vt 0.8075000 0.5450000
vt 0.8237500 0.5450000
vt 0.8400000 0.5450000
vt 0.8562500 0.5450000
vt 0.8725000 0.5450000
vt 0.8887500 0.5450000
vt 0.9050000 0.5450000
vt 0.9212500 0.5450000
vt 0.9375000 0.5450000
vt 0.9537500 0.5450000
vt 0.9700000 0.5450000
vt 0.8725000 0.5338000
vt 0.7750000 0.5900000
vt 0.7912500 0.5900000
vt 0.8075000 0.5900000
vt 0.8237500 0.5900000
vt 0.8400000 0.5900000
vt 0.8562500 0.5900000
vt 0.8725000 0.5900000
vt 0.8887500 0.5900000
vt 0.9050000 0.5900000
vt 0.9212500 0.5900000
vt 0.9375000 0.5900000
vt 0.9537500 0.5900000
vt 0.9700000 0.5900000
vt 0.7750000 0.6625000
vt 0.7912500 0.6625000
vt 0.8075000 0.6625000
vt 0.8237500 0.6625000
vt 0.8400000 0.6625000
vt 0.8562500 0.6625000
vt 0.8725000 0.6625000
vt 0.8887500 0.6625000
vt 0.9050000 0.6625000
vt 0.9212500 0.6625000
vt 0.9375000 0.6625000
vt 0.9537500 0.6625000
vt 0.9700000 0.6625000
vt 0.7750000 0.7350000
vt 0.7912500 0.7350000
vt 0.8075000 0.7350000
vt 0.8237500 0.7350000
vt 0.8400000 0.7350000
vt 0.8562500 0.7350000
vt 0.8725000 0.7350000
vt 0.8887500 0.7350000
vt 0.9050000 0.7350000
vt 0.9212500 0.7350000
vt 0.9375000 0.7350000
vt 0.9537500 0.7350000
vt 0.9700000 0.7350000
vt 0.7750000 0.4050000
vt 0.7912500 0.4050000
vt 0.8075000 0.4050000
vt 0.8237500 0.4050000
vt 0.8400000 0.4050000
vt 0.8562500 0.4050000
vt 0.8725000 0.4050000
vt 0.8887500 0.4050000
vt 0.9050000 0.4050000
vt 0.9212500 0.4050000
vt 0.9375000 0.4050000
vt 0.9537500 0.4050000
vt 0.9700000 0.4050000
vt 0.7750000 0.4694000
vt 0.7912500 0.4694000
vt 0.8075000 0.4694000
vt 0.8237500 0.4694000
vt 0.8400000 0.4694000
vt 0.8562500 0.4694000
vt 0.8725000 0.4694000
vt 0.8887500 0.4694000
vt 0.9050000 0.4694000
vt 0.9212500 0.4694000
vt 0.9375000 0.4694000
vt 0.9537500 0.4694000
vt 0.9700000 0.4694000
vt 0.7750000 0.5450000
vt 0.7912500 0.5450000
vt 0.8075000 0.5450000
vt 0.8237500 0.5450000
vt 0.8400000 0.5450000
vt 0.8562500 0.5450000
vt 0.8725000 0.5450000
vt 0.8887500 0.5450000
vt 0.9050000 0.5450000
vt 0.9212500 0.5450000
vt 0.9375000 0.5450000
vt 0.9537500 0.5450000
vt 0.9700000 0.5450000
vt 0.8725000 0.5338000
vt 0.7750000 0.5900000
vt 0.7912500 0.5900000
vt 0.8075000 0.5900000
vt 0.8237500 0.5900000
vt 0.8400000 0.5900000
vt 0.8562500 0.5900000
vt 0.8725000 0.5900000
vt 0.8887500 0.5900000
vt 0.9050000 0.5900000
vt 0.9212500 0.5900000
vt 0.9375000 0.5900000
vt 0.9537500 0.5900000
vt 0.9700000 0.5900000
vt 0.7750000 0.6625000
vt 0.7912500 0.6625000
vt 0.8075000 0.6625000
vt 0.8237500 0.6625000
vt 0.8400000 0.6625000
vt 0.8562500 0.6625000
vt 0.8725000 0.6625000
vt 0.8887500 0.6625000
vt 0.9050000 0.6625000
vt 0.9212500 0.6625000
vt 0.9375000 0.6625000
vt 0.9537500 0.6625000
vt 0.9700000 0.6625000
vt 0.7750000 0.7350000
vt 0.7912500 0.7350000
vt 0.8075000 0.7350000
vt 0.8237500 0.7350000
vt 0.8400000 0.7350000
vt 0.8562500 0.7350000
vt 0.8725000 0.7350000
vt 0.8887500 0.7350000
vt 0.9050000 0.7350000
vt 0.9212500 0.7350000
vt 0.9375000 0.7350000
vt 0.9537500 0.7350000
vt 0.9700000 0.7350000
vt 0.7750000 0.4050000
vt 0.7912500 0.4050000
vt 0.8075000 0.4050000
vt 0.8237500 0.4050000
vt 0.8400000 0.4050000
vt 0.8562500 0.4050000
vt 0.8725000 0.4050000
vt 0.8887500 0.4050000
vt 0.9050000 0.4050000
vt 0.9212500 0.4050000
vt 0.9375000 0.4050000
vt 0.9537500 0.4050000
vt 0.9700000 0.4050000
vt 0.7750000 0.4694000
vt 0.7912500 0.4694000
vt 0.8075000 0.4694000
vt 0.8237500 0.4694000
vt 0.8400000 0.4694000
vt 0.8562500 0.4694000
vt 0.8725000 0.4694000
vt 0.8887500 0.4694000
vt 0.9050000 0.4694000
vt 0.9212500 0.4694000
vt 0.9375000 0.4694000
vt 0.9537500 0.4694000
vt 0.9700000 0.4694000
vt 0.7750000 0.5450000
vt 0.7912500 0.5450000
vt 0.8075000 0.5450000
vt 0.8237500 0.5450000
vt 0.8400000 0.5450000
vt 0.8562500 0.5450000
vt 0.8725000 0.5450000
vt 0.8887500 0.5450000
vt 0.9050000 0.5450000
vt 0.9212500 0.5450000
vt 0.9375000 0.5450000
vt 0.9537500 0.5450000
vt 0.9700000 0.5450000
vt 0.8725000 0.5338000
vt 0.7750000 0.5900000
vt 0.7912500 0.5900000
vt 0.8075000 0.5900000
vt 0.8237500 0.5900000
vt 0.8400000 0.5900000
vt 0.8562500 0.5900000
vt 0.8725000 0.5900000
vt 0.8887500 0.5900000
vt 0.9050000 0.5900000
vt 0.9212500 0.5900000
vt 0.9375000 0.5900000
vt 0.9537500 0.5900000
vt 0.9700000 0.5900000
vt 0.7750000 0.6625000
vt 0.7912500 0.6625000
vt 0.8075000 0.6625000
vt 0.8237500 0.6625000
vt 0.8400000 0.6625000
vt 0.8562500 0.6625000
vt 0.8725000 0.6625000
vt 0.8887500 0.6625000
vt 0.9050000 0.6625000
vt 0.9212500 0.6625000
vt 0.9375000 0.6625000
vt 0.9537500 0.6625000
vt 0.9700000 0.6625000
vt 0.7750000 0.7350000
vt 0.7912500 0.7350000
vt 0.8075000 0.7350000
vt 0.8237500 0.7350000
vt 0.8400000 0.7350000
vt 0.8562500 0.7350000
vt 0.8725000 0.7350000
vt 0.8887500 0.7350000
vt 0.9050000 0.7350000
vt 0.9212500 0.7350000
vt 0.9375000 0.7350000
vt 0.9537500 0.7350000
vt 0.9700000 0.7350000
vt 0.7750000 0.4050000
vt 0.7912500 0.4050000
vt 0.8075000 0.4050000
vt 0.8237500 0.4050000
vt 0.8400000 0.4050000
vt 0.8562500 0.4050000
vt 0.8725000 0.4050000
vt 0.8887500 0.4050000
vt 0.9050000 0.4050000
vt 0.9212500 0.4050000
vt 0.9375000 0.4050000
vt 0.9537500 0.4050000
vt 0.9700000 0.4050000
vt 0.7750000 0.4694000
vt 0.7912500 0.4694000
vt 0.8075000 0.4694000
vt 0.8237500 0.4694000
vt 0.8400000 0.4694000
vt 0.8562500 0.4694000
vt 0.8725000 0.4694000
vt 0.8887500 0.4694000
vt 0.9050000 0.4694000
vt 0.9212500 0.4694000
vt 0.9375000 0.4694000
vt 0.9537500 0.4694000
vt 0.9700000 0.4694000
vt 0.7750000 0.5450000
vt 0.7912500 0.5450000
vt 0.8075000 0.5450000
vt 0.8237500 0.5450000
vt 0.8400000 0.5450000
vt 0.8562500 0.5450000
vt 0.8725000 0.5450000
vt 0.8887500 0.5450000
vt 0.9050000 0.5450000
vt 0.9212500 0.5450000
vt 0.9375000 0.5450000
vt 0.9537500 0.5450000
vt 0.9700000 0.5450000
vt 0.8725000 0.5338000
vt 0.7750000 0.5900000
vt 0.7912500 0.5900000
vt 0.8075000 0.5900000
vt 0.8237500 0.5900000
vt 0.8400000 0.5900000
vt 0.8562500 0.5900000
vt 0.8725000 0.5900000
vt 0.8887500 0.5900000
vt 0.9050000 0.5900000
vt 0.9212500 0.5900000
vt 0.9375000 0.5900000
vt 0.9537500 0.5900000
vt 0.9700000 0.5900000
vt 0.7750000 0.6625000
vt 0.7912500 0.6625000
vt 0.8075000 0.6625000
vt 0.8237500 0.6625000
vt 0.8400000 0.6625000
vt 0.8562500 0.6625000
vt 0.8725000 0.6625000
vt 0.8887500 0.6625000
vt 0.9050000 0.6625000
vt 0.9212500 0.6625000
vt 0.9375000 0.6625000
vt 0.9537500 0.6625000
vt 0.9700000 0.6625000
vt 0.7750000 0.7350000
vt 0.7912500 0.7350000
vt 0.8075000 0.7350000
vt 0.8237500 0.7350000
vt 0.8400000 0.7350000
vt 0.8562500 0.7350000
vt 0.8725000 0.7350000
vt 0.8887500 0.7350000
vt 0.9050000 0.7350000
vt 0.9212500 0.7350000
vt 0.9375000 0.7350000
vt 0.9537500 0.7350000
vt 0.9700000 0.7350000
vt 0.7750000 0.4050000
vt 0.7912500 0.4050000
vt 0.8075000 0.4050000
vt 0.8237500 0.4050000
vt 0.8400000 0.4050000
vt 0.8562500 0.4050000
vt 0.8725000 0.4050000
vt 0.8887500 0.4050000
vt 0.9050000 0.4050000
vt 0.9212500 0.4050000
vt 0.9375000 0.4050000
vt 0.9537500 0.4050000
vt 0.9700000 0.4050000
vt 0.7750000 0.4694000
vt 0.7912500 0.4694000
vt 0.8075000 0.4694000
vt 0.8237500 0.4694000
vt 0.8400000 0.4694000
vt 0.8562500 0.4694000
vt 0.8725000 0.4694000
vt 0.8887500 0.4694000
vt 0.9050000 0.4694000
vt 0.9212500 0.4694000
vt 0.9375000 0.4694000
vt 0.9537500 0.4694000
vt 0.9700000 0.4694000
vt 0.7750000 0.5450000
vt 0.7912500 0.5450000
vt 0.8075000 0.5450000
vt 0.8237500 0.5450000
vt 0.8400000 0.5450000
vt 0.8562500 0.5450000
vt 0.8725000 0.5450000
vt 0.8887500 0.5450000
vt 0.9050000 0.5450000
vt 0.9212500 0.5450000
vt 0.9375000 0.5450000
vt 0.9537500 0.5450000
vt 0.9700000 0.5450000
vt 0.8725000 0.5338000
vt 0.7750000 0.5900000
vt 0.7912500 0.5900000
vt 0.8075000 0.5900000
vt 0.8237500 0.5900000
vt 0.8400000 0.5900000
vt 0.8562500 0.5900000
vt 0.8725000 0.5900000
vt 0.8887500 0.5900000
vt 0.9050000 0.5900000
vt 0.9212500 0.5900000
vt 0.9375000 0.5900000
vt 0.9537500 0.5900000
vt 0.9700000 0.5900000
vt 0.7750000 0.6625000
vt 0.7912500 0.6625000
vt 0.8075000 0.6625000
vt 0.8237500 0.6625000
vt 0.8400000 0.6625000
vt 0.8562500 0.6625000
vt 0.8725000 0.6625000
vt 0.8887500 0.6625000
vt 0.9050000 0.6625000
vt 0.9212500 0.6625000
vt 0.9375000 0.6625000
vt 0.9537500 0.6625000
vt 0.9700000 0.6625000
vt 0.7750000 0.7350000
vt 0.7912500 0.7350000
vt 0.8075000 0.7350000
vt 0.8237500 0.7350000
vt 0.8400000 0.7350000
vt 0.8562500 0.7350000
vt 0.8725000 0.7350000
vt 0.8887500 0.7350000
vt 0.9050000 0.7350000
vt 0.9212500 0.7350000
vt 0.9375000 0.7350000
vt 0.9537500 0.7350000
vt 0.9700000 0.7350000
vt 0.7750000 0.4050000
vt 0.7912500 0.4050000
vt 0.8075000 0.4050000
vt 0.8237500 0.4050000
vt 0.8400000 0.4050000
vt 0.8562500 0.4050000
vt 0.8725000 0.4050000
vt 0.8887500 0.4050000
vt 0.9050000 0.4050000
vt 0.9212500 0.4050000
vt 0.9375000 0.4050000
vt 0.9537500 0.4050000
vt 0.9700000 0.4050000
vt 0.7750000 0.4694000
vt 0.7912500 0.4694000
vt 0.8075000 0.4694000
vt 0.8237500 0.4694000
vt 0.8400000 0.4694000
vt 0.8562500 0.4694000
vt 0.8725000 0.4694000
vt 0.8887500 0.4694000
vt 0.9050000 0.4694000
vt 0.9212500 0.4694000
vt 0.9375000 0.4694000
vt 0.9537500 0.4694000
vt 0.9700000 0.4694000
vt 0.7750000 0.5450000
vt 0.7912500 0.5450000
vt 0.8075000 0.5450000
vt 0.8237500 0.5450000
vt 0.8400000 0.5450000
vt 0.8562500 0.5450000
vt 0.8725000 0.5450000
vt 0.8887500 0.5450000
vt 0.9050000 0.5450000
vt 0.9212500 0.5450000
vt 0.9375000 0.5450000
vt 0.9537500 0.5450000
vt 0.9700000 0.5450000
vt 0.8725000 0.5338000
vt 0.7750000 0.5900000
vt 0.7912500 0.5900000
vt 0.8075000 0.5900000
vt 0.8237500 0.5900000
vt 0.8400000 0.5900000
vt 0.8562500 0.5900000
vt 0.8725000 0.5900000
vt 0.8887500 0.5900000
vt 0.9050000 0.5900000
vt 0.9212500 0.5900000
vt 0.9375000 0.5900000
vt 0.9537500 0.5900000
vt 0.9700000 0.5900000
vt 0.7750000 0.6625000
vt 0.7912500 0.6625000
vt 0.8075000 0.6625000
vt 0.8237500 0.6625000
vt 0.8400000 0.6625000
vt 0.8562500 0.6625000
vt 0.8725000 0.6625000
vt 0.8887500 0.6625000
vt 0.9050000 0.6625000
vt 0.9212500 0.6625000
vt 0.9375000 0.6625000
vt 0.9537500 0.6625000
vt 0.9700000 0.6625000
vt 0.7750000 0.7350000
vt 0.7912500 0.7350000
vt 0.8075000 0.7350000
vt 0.8237500 0.7350000
vt 0.8400000 0.7350000
vt 0.8562500 0.7350000
vt 0.8725000 0.7350000
vt 0.8887500 0.7350000
vt 0.9050000 0.7350000
vt 0.9212500 0.7350000
vt 0.9375000 0.7350000
vt 0.9537500 0.7350000
vt 0.9700000 0.7350000
vt 0.7750000 0.4050000
vt 0.7912500 0.4050000
vt 0.8075000 0.4050000
vt 0.8237500 0.4050000
vt 0.8400000 0.4050000
vt 0.8562500 0.4050000
vt 0.8725000 0.4050000
vt 0.8887500 0.4050000
vt 0.9050000 0.4050000
vt 0.9212500 0.4050000
vt 0.9375000 0.4050000
vt 0.9537500 0.4050000
vt 0.9700000 0.4050000
vt 0.7750000 0.4694000
vt 0.7912500 0.4694000
vt 0.8075000 0.4694000
vt 0.8237500 0.4694000
vt 0.8400000 0.4694000
vt 0.8562500 0.4694000
vt 0.8725000 0.4694000
vt 0.8887500 0.4694000
vt 0.9050000 0.4694000
vt 0.9212500 0.4694000
vt 0.9375000 0.4694000
vt 0.9537500 0.4694000
vt 0.9700000 0.4694000
vt 0.7750000 0.5450000
vt 0.7912500 0.5450000
vt 0.8075000 0.5450000
vt 0.8237500 0.5450000
vt 0.8400000 0.5450000
vt 0.8562500 0.5450000
vt 0.8725000 0.5450000
vt 0.8887500 0.5450000
vt 0.9050000 0.5450000
vt 0.9212500 0.5450000
vt 0.9375000 0.5450000
vt 0.9537500 0.5450000
vt 0.9700000 0.5450000
vt 0.8725000 0.5338000

vn -0.9992634 0.0000000 0.0383751
vn -0.9496121 -0.3084084 0.0558679
vn -0.8070061 -0.5866276 0.0678919
vn -0.5854047 -0.8074236 0.0732703
vn -0.3064998 -0.9491833 0.0714764
vn 0.0024073 -0.9980304 0.0626859
vn 0.3110789 -0.9491833 0.0477593
vn 0.5892999 -0.8074236 0.0281577
vn 0.8098361 -0.5866276 0.0057998
vn 0.9510999 -0.3084084 -0.0171258
vn 0.9992634 -0.0000000 -0.0383751
vn 0.9496121 0.3084084 -0.0558679
vn 0.8070061 0.5866276 -0.0678919
vn 0.5854047 0.8074236 -0.0732703
vn 0.3064998 0.9491833 -0.0714764
vn -0.0024073 0.9980304 -0.0626859
vn -0.3110789 0.9491833 -0.0477593
vn -0.5892999 0.8074236 -0.0281577
vn -0.8098361 0.5866276 -0.0057998
vn -0.9510999 0.3084084 0.0171258
vn -0.9992634 0.0000000 0.0383751
vn -0.9997675 -0.0009974 0.0215380
vn -0.9501585 -0.3094895 0.0376161
vn -0.8075414 -0.5876867 0.0500121
vn -0.5858765 -0.8083570 0.0575125
vn -0.3068619 -0.9498997 0.0593832
vn 0.0021904 -0.9984596 0.0554411
vn 0.3110284 -0.9492833 0.0460720
vn 0.5894207 -0.8071845 0.0321931
vn 0.8101164 -0.5860729 0.0151629
vn 0.9515123 -0.3075924 -0.0033516
vn 0.9997675 0.0009974 -0.0215380
vn 0.9501585 0.3094895 -0.0376161
vn 0.8075414 0.5876867 -0.0500121
vn 0.5858765 0.8083570 -0.0575125
vn 0.3068619 0.9498997 -0.0593832
vn -0.0021904 0.9984596 -0.0554411
vn -0.3110284 0.9492833 -0.0460720
vn -0.5894207 0.8071845 -0.0321931
vn -0.8101164 0.5860729 -0.0151629
vn -0.9515123 0.3075924 0.0033516
vn -0.9997675 -0.0009974 0.0215380
vn -0.9999424 -0.0025460 -0.0104233
vn -0.9503488 -0.3111737 0.0028574
vn -0.8077283 -0.5893416 0.0158584
vn -0.5860418 -0.8098205 0.0273070
vn -0.3069894 -0.9510287 0.0360827
vn 0.0021132 -0.9991435 0.0413263
vn 0.3110090 -0.9494551 0.0425246
vn 0.5894610 -0.8068275 0.0395603
vn 0.8102125 -0.5852220 0.0327236
vn 0.9516548 -0.3063309 0.0226837
vn 0.9999424 0.0025460 0.0104233
vn 0.9503488 0.3111737 -0.0028574
vn 0.8077283 0.5893416 -0.0158584
vn 0.5860418 0.8098205 -0.0273070
vn 0.3069894 0.9510287 -0.0360827
vn -0.0021132 0.9991435 -0.0413263
vn -0.3110090 0.9494551 -0.0425246
vn -0.5894610 0.8068275 -0.0395603
vn -0.8102125 0.5852220 -0.0327236
vn -0.9516548 0.3063309 -0.0226837
vn -0.9999424 -0.0025460 -0.0104233
vn -0.9992151 -0.0035479 -0.0394535
vn -0.9495520 -0.3122711 -0.0289422
vn -0.8069402 -0.5904271 -0.0155978
vn -0.5853395 -0.8107880 -0.0007266
vn -0.3064416 -0.9517833 0.0142157
vn 0.0024529 -0.9996114 0.0277665
vn 0.3111073 -0.9495906 0.0385993
vn 0.5893084 -0.8066173 0.0456538
vn 0.8098238 -0.5846866 0.0482393
vn 0.9510680 -0.3055227 0.0461028
vn 0.9992151 0.0035479 0.0394535
vn 0.9495520 0.3122711 0.0289422
vn 0.8069402 0.5904271 0.0155978
vn 0.5853395 0.8107880 0.0007266
vn 0.3064416 0.9517833 -0.0142157
vn -0.0024529 0.9996114 -0.0277665
vn -0.3111073 0.9495906 -0.0385993
vn -0.5893084 0.8066173 -0.0456538
vn -0.8098238 0.5846866 -0.0482393
vn -0.9510680 0.3055227 -0.0461028
vn -0.9992151 -0.0035479 -0.0394535
vn -0.9978318 -0.0041016 -0.0656882
vn -0.9480240 -0.3128828 -0.0579214
vn -0.8054170 -0.5910368 -0.0444849
vn -0.5839702 -0.8113361 -0.0266939
vn -0.3053603 -0.9522161 -0.0062899
vn 0.0031403 -0.9998866 0.0147298
vn 0.3113336 -0.9496812 0.0343076
vn 0.5890514 -0.8065144 0.0505272
vn 0.8091087 -0.5844004 0.0618008
vn 0.9499648 -0.3050811 0.0670249
vn 0.9978318 0.0041016 0.0656882
vn 0.9480240 0.3128828 0.0579214
vn 0.8054170 0.5910368 0.0444849
vn 0.5839702 0.8113361 0.0266939
vn 0.3053603 0.9522161 0.0062899
vn -0.0031403 0.9998866 -0.0147298
vn -0.3113336 0.9496812 -0.0343076
vn -0.5890514 0.8065144 -0.0505272
vn -0.8091087 0.5844004 -0.0618008
vn -0.9499648 0.3050811 -0.0670249
vn -0.9978318 -0.0041016 -0.0656882
vn -0.9959979 -0.0042943 -0.0892734
vn -0.9459783 -0.3130978 -0.0842313
vn -0.8033597 -0.5912530 -0.0709441
vn -0.5821027 -0.8115323 -0.0507123
vn -0.3038654 -0.9523732 -0.0255165
vn 0.0041164 -0.9999892 0.0021770
vn 0.3116952 -0.9497192 0.0296574
vn 0.5887631 -0.8064841 0.0542348
vn 0.8081988 -0.5843047 0.0735033
vn 0.9485223 -0.3049295 0.0855768
vn 0.9959979 0.0042943 0.0892734
vn 0.9459783 0.3130978 0.0842313
vn 0.8033597 0.5912530 0.0709441
vn 0.5821027 0.8115323 0.0507123
vn 0.3038654 0.9523732 0.0255165
vn -0.0041164 0.9999892 -0.0021770
vn -0.3116952 0.9497192 -0.0296574
vn -0.5887631 0.8064841 -0.0542348
vn -0.8081988 0.5843047 -0.0735033
vn -0.9485223 0.3049295 -0.0855768
vn -0.9959979 -0.0042943 -0.0892734
vn -0.9938831 -0.0042025 -0.1103570
vn -0.9435916 -0.3129942 -0.1080260
vn -0.8009347 -0.5911478 -0.0951206
vn -0.5798767 -0.8114357 -0.0729041
vn -0.3020564 -0.9522947 -0.0435513
vn 0.0053313 -0.9999364 -0.0099354
vn 0.3121971 -0.9496974 0.0246531
vn 0.5885030 -0.8064954 0.0568283
vn 0.8072020 -0.5843480 0.0834408
vn 0.9468865 -0.3050005 0.1018856
vn 0.9938831 0.0042025 0.1103570
vn 0.9435916 0.3129942 0.1080260
vn 0.8009347 0.5911478 0.0951206
vn 0.5798767 0.8114357 0.0729041
vn 0.3020564 0.9522947 0.0435513
vn -0.0053313 0.9999364 0.0099354
vn -0.3121971 0.9496974 -0.0246531
vn -0.5885030 0.8064954 -0.0568283
vn -0.8072020 0.5843480 -0.0834408
vn -0.9468865 0.3050005 -0.1018856
vn -0.9938831 -0.0042025 -0.1103570
vn -0.9916262 -0.0038931 -0.1290826
vn -0.9410087 -0.3126401 -0.1294562
vn -0.7982786 -0.5907836 -0.1171577
vn -0.5774075 -0.8110972 -0.0933910
vn -0.3000158 -0.9520149 -0.0604825
vn 0.0067437 -0.9997428 -0.0216536
vn 0.3128429 -0.9496089 0.0192949
vn 0.5883190 -0.8065206 0.0583547
vn 0.8062063 -0.5844845 0.0917023
vn 0.9451765 -0.3052350 0.1160735
vn 0.9916262 0.0038931 0.1290826
vn 0.9410087 0.3126401 0.1294562
vn 0.7982786 0.5907836 0.1171577
vn 0.5774075 0.8110972 0.0933910
vn 0.3000158 0.9520149 0.0604825
vn -0.0067437 0.9997428 0.0216536
vn -0.3128429 0.9496089 -0.0192949
vn -0.5883190 0.8065206 -0.0583547
vn -0.8062063 0.5844845 -0.0917023
vn -0.9451765 0.3052350 -0.1160735
vn -0.9916262 -0.0038931 -0.1290826
vn -0.9893398 -0.0034245 -0.1455848
vn -0.9383473 -0.3120946 -0.1486647
vn -0.7955029 -0.5902148 -0.1371923
vn -0.5747890 -0.8105606 -0.1122905
vn -0.2978108 -0.9515630 -0.0763970
vn 0.0083192 -0.9994199 -0.0330252
vn 0.3136348 -0.9494466 0.0135794
vn 0.5882497 -0.8065348 0.0588547
vn 0.8052826 -0.5846738 0.0983689
vn 0.9434889 -0.3055808 0.1282540
vn 0.9893398 0.0034245 0.1455848
vn 0.9383473 0.3120946 0.1486647
vn 0.7955029 0.5902148 0.1371923
vn 0.5747890 0.8105606 0.1122905
vn 0.2978108 0.9515630 0.0763970
vn -0.0083192 0.9994199 0.0330252
vn -0.3136348 0.9494466 -0.0135794
vn -0.5882497 0.8065348 -0.0588547
vn -0.8052826 0.5846738 -0.0983689
vn -0.9434889 0.3055808 -0.1282540
vn -0.9893398 -0.0034245 -0.1455848
vn -0.9871150 -0.0028483 -0.1599871
vn -0.9357028 -0.3114097 -0.1657838
vn -0.7926975 -0.5894882 -0.1553524
vn -0.5720975 -0.8098634 -0.1297140
vn -0.2954965 -0.9509636 -0.0913783
vn 0.0100297 -0.9989769 -0.0440979
vn 0.3145741 -0.9492033 0.0074992
vn 0.5883258 -0.8065151 0.0583622
vn 0.8044881 -0.5848796 0.1035123
vn 0.9419015 -0.3059920 0.1385298
vn 0.9871150 0.0028483 0.1599871
vn 0.9357028 0.3114097 0.1657838
vn 0.7926975 0.5894882 0.1553524
vn 0.5720975 0.8098634 0.1297140
vn 0.2954965 0.9509636 0.0913783
vn -0.0100297 0.9989769 0.0440979
vn -0.3145741 0.9492033 -0.0074992
vn -0.5883258 0.8065151 -0.0583622
vn -0.8044881 0.5848796 -0.1035123
vn -0.9419015 0.3059920 -0.1385298
vn -0.9871150 -0.0028483 -0.1599871
vn -0.9850246 -0.0022100 -0.1723998
vn -0.9331515 -0.3106307 -0.1809329
vn -0.7899351 -0.5886448 -0.1717551
vn -0.5693944 -0.8090381 -0.1457647
vn -0.2931173 -0.9502372 -0.1055059
vn 0.0118521 -0.9984204 -0.0549193
vn 0.3156614 -0.9488713 0.0010431
vn 0.5885715 -0.8064401 0.0569034
vn 0.8038681 -0.5850689 0.1071936
vn 0.9404765 -0.3064270 0.1469909
vn 0.9850246 0.0022100 0.1723998
vn 0.9331515 0.3106307 0.1809329
vn 0.7899351 0.5886448 0.1717551
vn 0.5693944 0.8090381 0.1457647
vn 0.2931173 0.9502372 0.1055059
vn -0.0118521 0.9984204 0.0549193
vn -0.3156614 0.9488713 -0.0010431
vn -0.5885715 0.8064401 -0.0569034
vn -0.8038681 0.5850689 -0.1071936
vn -0.9404765 0.3064270 -0.1469909
vn -0.9850246 -0.0022100 -0.1723998
vn -0.9831268 -0.0015509 -0.1829188
vn -0.9307547 -0.3097983 -0.1942182
vn -0.7872739 -0.5877205 -0.1865061
vn -0.5667292 -0.8081125 -0.1605374
vn -0.2907091 -0.9494008 -0.1188543
vn 0.0137677 -0.9977552 -0.0655369
vn 0.3168967 -0.9484423 -0.0058042
vn 0.5890057 -0.8062893 0.0544965
vn 0.8034587 -0.5852111 0.1094628
vn 0.9392636 -0.3068483 0.1537141
vn 0.9831268 0.0015509 0.1829188
vn 0.9307547 0.3097983 0.1942182
vn 0.7872739 0.5877205 0.1865061
vn 0.5667292 0.8081125 0.1605374
vn 0.2907091 0.9494008 0.1188543
vn -0.0137677 0.9977552 0.0655369
vn -0.3168967 0.9484423 0.0058042
vn -0.5890057 0.8062893 -0.0544965
vn -0.8034587 0.5852111 -0.1094628
vn -0.9392636 0.3068483 -0.1537141
vn -0.9831268 -0.0015509 -0.1829188
vn -0.9814676 -0.0009086 -0.1916258
vn -0.9285608 -0.3089489 -0.2057314
vn -0.7847600 -0.5867472 -0.1996986
vn -0.5641413 -0.8071106 -0.1741178
vn -0.2883007 -0.9484684 -0.1314933
vn 0.0157609 -0.9969835 -0.0759972
vn 0.3182797 -0.9479069 -0.0130620
vn 0.5896431 -0.8060425 0.0511518
vn 0.8032880 -0.5852771 0.1103585
vn 0.9383016 -0.3072207 0.1587626
vn 0.9814676 0.0009086 0.1916258
vn 0.9285608 0.3089489 0.2057314
vn 0.7847600 0.5867472 0.1996986
vn 0.5641413 0.8071106 0.1741178
vn 0.2883007 0.9484684 0.1314933
vn -0.0157609 0.9969835 0.0759972
vn -0.3182797 0.9479069 0.0130620
vn -0.5896431 0.8060425 -0.0511518
vn -0.8032880 0.5852771 -0.1103585
vn -0.9383016 0.3072207 -0.1587626
vn -0.9814676 -0.0009086 -0.1916258
vn -0.9800831 -0.0003182 -0.1985874
vn -0.9266080 -0.3081162 -0.2155504
vn -0.7824301 -0.5857537 -0.2114138
vn -0.5616624 -0.8060535 -0.1865826
vn -0.2859153 -0.9474512 -0.1434873
vn 0.0178192 -0.9961058 -0.0863465
vn 0.3198094 -0.9472546 -0.0207536
vn 0.5904944 -0.8056795 0.0468709
vn 0.8033778 -0.5852389 0.1099074
vn 0.9376209 -0.3075110 0.1621853
vn 0.9800831 0.0003182 0.1985874
vn 0.9266080 0.3081162 0.2155504
vn 0.7824301 0.5857537 0.2114138
vn 0.5616624 0.8060535 0.1865826
vn 0.2859153 0.9474512 0.1434873
vn -0.0178192 0.9961058 0.0863465
vn -0.3198094 0.9472546 0.0207536
vn -0.5904944 0.8056795 -0.0468709
vn -0.8033778 0.5852389 -0.1099074
vn -0.9376209 0.3075110 -0.1621853
vn -0.9800831 -0.0003182 -0.1985874
vn -0.9790010 0.0001864 -0.2038555
vn -0.9249260 -0.3073319 -0.2237387
vn -0.7803128 -0.5847664 -0.2217208
vn -0.5593172 -0.8049600 -0.1979994
vn -0.2835717 -0.9463584 -0.1548964
vn 0.0199318 -0.9951207 -0.0966310
vn 0.3214842 -0.9464736 -0.0289067
vn 0.5915675 -0.8051791 0.0416471
vn 0.8037440 -0.5850681 0.1081243
vn 0.9372445 -0.3076865 0.1640175
vn 0.9790010 -0.0001864 0.2038555
vn 0.9249260 0.3073319 0.2237387
vn 0.7803128 0.5847664 0.2217208
vn 0.5593172 0.8049600 0.1979994
vn 0.2835717 0.9463584 0.1548964
vn -0.0199318 0.9951207 0.0966310
vn -0.3214842 0.9464736 0.0289067
vn -0.5915675 0.8051791 -0.0416471
vn -0.8037440 0.5850681 -0.1081243
vn -0.9372445 0.3076865 -0.1640175
vn -0.9790010 0.0001864 -0.2038555
vn -0.9782419 0.0005720 -0.2074670
vn -0.9235372 -0.3066265 -0.2303457
vn -0.7784304 -0.5838103 -0.2306766
vn -0.5571253 -0.8038467 -0.2084272
vn -0.2812849 -0.9451969 -0.1657756
vn 0.0220896 -0.9940247 -0.1068966
vn 0.3233018 -0.9455504 -0.0375539
vn 0.5928670 -0.8045191 0.0354648
vn 0.8043982 -0.5847358 0.1050120
vn 0.9371893 -0.3077145 0.1642799
vn 0.9782419 -0.0005720 0.2074670
vn 0.9235372 0.3066265 0.2303457
vn 0.7784304 0.5838103 0.2306766
vn 0.5571253 0.8038467 0.2084272
vn 0.2812849 0.9451969 0.1657756
vn -0.0220896 0.9940247 0.1068966
vn -0.3233018 0.9455504 0.0375539
vn -0.5928670 0.8045191 -0.0354648
vn -0.8043982 0.5847358 -0.1050120
vn -0.9371893 0.3077145 -0.1642799
vn -0.9782419 0.0005720 -0.2074670
vn -0.9778203 0.0008048 -0.2094441
vn -0.9224581 -0.3060305 -0.2354068
vn -0.7767993 -0.5829095 -0.2383262
vn -0.5551019 -0.8027292 -0.2179167
vn -0.2790674 -0.9439722 -0.1761759
vn 0.0242843 -0.9928126 -0.1171898
vn 0.3252588 -0.9444696 -0.0467323
vn 0.5943948 -0.8036753 0.0282996
vn 0.8053472 -0.5842117 0.1005614
vn 0.9374666 -0.3075614 0.1629795
vn 0.9778203 -0.0008048 0.2094441
vn 0.9224581 0.3060305 0.2354068
vn 0.7767993 0.5829095 0.2383262
vn 0.5551019 0.8027292 0.2179167
vn 0.2790674 0.9439722 0.1761759
vn -0.0242843 0.9928126 0.1171898
vn -0.3252588 0.9444696 0.0467323
vn -0.5943948 0.8036753 -0.0282996
vn -0.8053472 0.5842117 -0.1005614
vn -0.9374666 0.3075614 -0.1629795
vn -0.9778203 0.0008048 -0.2094441
vn -0.9777452 0.0008499 -0.2097940
vn -0.9216995 -0.3055749 -0.2389434
vn -0.7754315 -0.5820879 -0.2447034
vn -0.5532587 -0.8016221 -0.2265101
vn -0.2769292 -0.9426879 -0.1861444
vn 0.0265081 -0.9914769 -0.1275576
vn 0.3273506 -0.9432132 -0.0564846
vn 0.5961497 -0.8026212 0.0201175
vn 0.8065936 -0.5834631 0.0947504
vn 0.9380824 -0.3071915 0.1601084
vn 0.9777452 -0.0008499 0.2097940
vn 0.9216995 0.3055749 0.2389434
vn 0.7754315 0.5820879 0.2447034
vn 0.5532587 0.8016221 0.2265101
vn 0.2769292 0.9426879 0.1861444
vn -0.0265081 0.9914769 0.1275576
vn -0.3273506 0.9432132 0.0564846
vn -0.5961497 0.8026212 -0.0201175
vn -0.8065936 0.5834631 -0.0947504
vn -0.9380824 0.3071915 -0.1601084
vn -0.9777452 0.0008499 -0.2097940
vn -0.9780203 0.0006700 -0.2085088
vn -0.9212674 -0.3052921 -0.2409629
vn -0.7743344 -0.5813701 -0.2498299
vn -0.5516042 -0.8005395 -0.2342418
vn -0.2748791 -0.9413466 -0.1957245
vn 0.0287530 -0.9900080 -0.1380483
vn 0.3295706 -0.9417606 -0.0668590
vn 0.5981276 -0.8013271 0.0108750
vn 0.8081356 -0.5824541 0.0875444
vn 0.9390377 -0.3065665 0.1556444
vn 0.9780203 -0.0006700 0.2085088
vn 0.9212674 0.3052921 0.2409629
vn 0.7743344 0.5813701 0.2498299
vn 0.5516042 0.8005395 0.2342418
vn 0.2748791 0.9413466 0.1957245
vn -0.0287530 0.9900080 0.1380483
vn -0.3295706 0.9417606 0.0668590
vn -0.5981276 0.8013271 -0.0108750
vn -0.8081356 0.5824541 -0.0875444
vn -0.9390377 0.3065665 -0.1556444
vn -0.9780203 0.0006700 -0.2085088
vn -0.9786434 0.0002245 -0.2055653
vn -0.9211624 -0.3052171 -0.2414586
vn -0.7735117 -0.5807820 -0.2537163
vn -0.5501442 -0.7994958 -0.2411385
vn -0.2729248 -0.9399494 -0.2049563
vn 0.0310103 -0.9883943 -0.1487116
vn 0.3319100 -0.9400882 -0.0779100
vn 0.6003200 -0.7997597 0.0005180
vn 0.8099665 -0.5811452 0.0788953
vn 0.9403279 -0.3056441 0.1495498
vn 0.9786434 -0.0002245 0.2055653
vn 0.9211624 0.3052171 0.2414586
vn 0.7735117 0.5807820 0.2537163
vn 0.5501442 0.7994958 0.2411385
vn 0.2729248 0.9399494 0.2049563
vn -0.0310103 0.9883943 0.1487116
vn -0.3319100 0.9400882 0.0779100
vn -0.6003200 0.7997597 -0.0005180
vn -0.8099665 0.5811452 -0.0788953
vn -0.9403279 0.3056441 -0.1495498
vn -0.9786434 0.0002245 -0.2055653
vn -0.9796066 -0.0005313 -0.2009244
vn -0.9213802 -0.3053880 -0.2404093
vn -0.7729627 -0.5803512 -0.2563613
vn -0.5488822 -0.7985055 -0.2472189
vn -0.2710733 -0.9384966 -0.2138770
vn 0.0332701 -0.9866211 -0.1595993
vn 0.3343568 -0.9381682 -0.0896989
vn 0.6027144 -0.7978809 -0.0110181
vn 0.8120741 -0.5794915 0.0687412
vn 0.9419423 -0.3043774 0.1417716
vn 0.9796066 0.0005313 0.2009244
vn 0.9213802 0.3053880 0.2404093
vn 0.7729627 0.5803512 0.2563613
vn 0.5488822 0.7985055 0.2472189
vn 0.2710733 0.9384966 0.2138770
vn -0.0332701 0.9866211 0.1595993
vn -0.3343568 0.9381682 0.0896989
vn -0.6027144 0.7978809 0.0110181
vn -0.8120741 0.5794915 -0.0687412
vn -0.9419423 0.3043774 -0.1417716
vn -0.9796066 -0.0005313 -0.2009244
vn -0.9808950 -0.0016478 -0.1945307
vn -0.9219103 -0.3058473 -0.2377791
vn -0.7726825 -0.5801083 -0.2577520
vn -0.5478192 -0.7975843 -0.2524943
vn -0.2693315 -0.9369872 -0.2225207
vn 0.0355202 -0.9846713 -0.1707653
vn 0.3368950 -0.9359688 -0.1022941
vn 0.6052921 -0.7956472 -0.0238097
vn 0.8144390 -0.5774422 0.0570053
vn 0.9438630 -0.3027130 0.1322403
vn 0.9808950 0.0016478 0.1945307
vn 0.9219103 0.3058473 0.2377791
vn 0.7726825 0.5801083 0.2577520
vn 0.5478192 0.7975843 0.2524943
vn 0.2693315 0.9369872 0.2225207
vn -0.0355202 0.9846713 0.1707653
vn -0.3368950 0.9359688 0.1022941
vn -0.6052921 0.7956472 0.0238097
vn -0.8144390 0.5774422 -0.0570053
vn -0.9438630 0.3027130 -0.1322403
vn -0.9808950 -0.0016478 -0.1945307
vn -0.9824855 -0.0031819 -0.1863121
vn -0.9227351 -0.3066429 -0.2335168
vn -0.7726609 -0.5800876 -0.2578633
vn -0.5469534 -0.7967492 -0.2569683
vn -0.2677062 -0.9354195 -0.2309195
vn 0.0377459 -0.9825244 -0.1822666
vn 0.3395032 -0.9334529 -0.1157723
vn 0.6080275 -0.7930086 -0.0379453
vn 0.8170339 -0.5749391 0.0435960
vn 0.9460633 -0.3005905 0.1208698
vn 0.9824855 0.0031819 0.1863121
vn 0.9227351 0.3066429 0.2335168
vn 0.7726609 0.5800876 0.2578633
vn 0.5469534 0.7967492 0.2569683
vn 0.2677062 0.9354195 0.2309195
vn -0.0377459 0.9825244 0.1822666
vn -0.3395032 0.9334529 0.1157723
vn -0.6080275 0.7930086 0.0379453
vn -0.8170339 0.5749391 -0.0435960
vn -0.9460633 0.3005905 -0.1208698
vn -0.9824855 -0.0031819 -0.1863121
vn -0.9843445 -0.0051990 -0.1761787
vn -0.9238287 -0.3078295 -0.2275557
vn -0.7728821 -0.5803275 -0.2566579
vn -0.5462804 -0.7960190 -0.2606366
vn -0.2662050 -0.9337906 -0.2391024
vn 0.0399284 -0.9801563 -0.1941632
vn 0.3421533 -0.9305774 -0.1302180
vn 0.6108859 -0.7899072 -0.0535261
vn 0.8198207 -0.5719153 0.0284053
vn 0.9485058 -0.2979404 0.1075562
vn 0.9843445 0.0051990 0.1761787
vn 0.9238287 0.3078295 0.2275557
vn 0.7728821 0.5803275 0.2566579
vn 0.5462804 0.7960190 0.2606366
vn 0.2662050 0.9337906 0.2391024
vn -0.0399284 0.9801563 0.1941632
vn -0.3421533 0.9305774 0.1302180
vn -0.6108859 0.7899072 0.0535261
vn -0.8198207 0.5719153 -0.0284053
vn -0.9485058 0.2979404 -0.1075562
vn -0.9843445 -0.0051990 -0.1761787
vn -0.9864259 -0.0077741 -0.1640230
vn -0.9251545 -0.3094698 -0.2198129
vn -0.7733225 -0.5808724 -0.2540859
vn -0.5457923 -0.7954151 -0.2634873
vn -0.2648362 -0.9320971 -0.2470967
vn 0.0420440 -0.9775390 -0.2065185
vn 0.3448086 -0.9272925 -0.1457249
vn 0.6138209 -0.7862761 -0.0706667
vn 0.8227481 -0.5682936 0.0113089
vn 0.9511391 -0.2946825 0.0921774
vn 0.9864259 0.0077741 0.1640230
vn 0.9251545 0.3094698 0.2198129
vn 0.7733225 0.5808724 0.2540859
vn 0.5457923 0.7954151 0.2634873
vn 0.2648362 0.9320971 0.2470967
vn -0.0420440 0.9775390 0.2065185
vn -0.3448086 0.9272925 0.1457249
vn -0.6138209 0.7862761 0.0706667
vn -0.8227481 0.5682936 -0.0113089
vn -0.9511391 0.2946825 -0.0921774
vn -0.9864259 -0.0077741 -0.1640230
vn -0.9886675 -0.0109938 -0.1497189
vn -0.9266626 -0.3116359 -0.2101893
vn -0.7739495 -0.5817730 -0.2500848
vn -0.5454768 -0.7949620 -0.2655003
vn -0.2636091 -0.9303347 -0.2549267
vn 0.0440625 -0.9746397 -0.2193992
vn 0.3474210 -0.9235402 -0.1623953
vn 0.6167715 -0.7820381 -0.0894951
vn 0.8257481 -0.5639847 -0.0078344
vn 0.9538947 -0.2907245 0.0745931
vn 0.9886675 0.0109938 0.1497189
vn 0.9266626 0.3116359 0.2101893
vn 0.7739495 0.5817730 0.2500848
vn 0.5454768 0.7949620 0.2655003
vn 0.2636091 0.9303347 0.2549267
vn -0.0440625 0.9746397 0.2193992
vn -0.3474210 0.9235402 0.1623953
vn -0.6167715 0.7820381 0.0894951
vn -0.8257481 0.5639847 0.0078344
vn -0.9538947 0.2907245 -0.0745931
vn -0.9886675 -0.0109938 -0.1497189
vn -0.9909867 -0.0149581 -0.1331226
vn -0.9282863 -0.3144115 -0.1985696
vn -0.7747189 -0.5830881 -0.2445791
vn -0.5453165 -0.7946880 -0.2666476
vn -0.2625348 -0.9284982 -0.2626147
vn 0.0459457 -0.9714206 -0.2328753
vn 0.3499287 -0.9192536 -0.1803404
vn 0.6196582 -0.7771037 -0.1101526
vn 0.8287313 -0.5588854 -0.0291822
vn 0.9566824 -0.2859595 0.0546447
vn 0.9909867 0.0149581 0.1331226
vn 0.9282863 0.3144115 0.1985696
vn 0.7747189 0.5830881 0.2445791
vn 0.5453165 0.7946880 0.2666476
vn 0.2625348 0.9284982 0.2626147
vn -0.0459457 0.9714206 0.2328753
vn -0.3499287 0.9192536 0.1803404
vn -0.6196582 0.7771037 0.1101526
vn -0.8287313 0.5588854 0.0291822
vn -0.9566824 0.2859595 -0.0546447
vn -0.9909867 -0.0149581 -0.1331226
vn -0.9932754 -0.0197826 -0.1140730
vn -0.9299379 -0.3178929 -0.1848231
vn -0.7755716 -0.5848857 -0.2374815
vn -0.5452870 -0.7946257 -0.2668935
vn -0.2616258 -0.9265822 -0.2701801
vn 0.0476451 -0.9678385 -0.2470196
vn 0.3522521 -0.9143559 -0.1996791
vn 0.6223783 -0.7713698 -0.1327926
vn 0.8315817 -0.5528767 -0.0529075
vn 0.9593842 -0.2802641 0.0321566
vn 0.9932754 0.0197826 0.1140730
vn 0.9299379 0.3178929 0.1848231
vn 0.7755716 0.5848857 0.2374815
vn 0.5452870 0.7946257 0.2668935
vn 0.2616258 0.9265822 0.2701801
vn -0.0476451 0.9678385 0.2470196
vn -0.3522521 0.9143559 0.1996791
vn -0.6223783 0.7713698 0.1327926
vn -0.8315817 0.5528767 0.0529075
vn -0.9593842 0.2802641 -0.0321566
vn -0.9932754 -0.0197826 -0.1140730
vn -0.9953933 -0.0256002 -0.0923944
vn -0.9315028 -0.3221913 -0.1688057
vn -0.7764302 -0.5872441 -0.2286931
vn -0.5453553 -0.7948133 -0.2661945
vn -0.2608971 -0.9245806 -0.2776389
vn 0.0490994 -0.9638436 -0.2619061
vn 0.3542898 -0.9087588 -0.2205360
vn 0.6247998 -0.7647184 -0.1575784
vn 0.8341501 -0.5458220 -0.0791959
vn 0.9618479 -0.2734968 0.0069388
vn 0.9953933 0.0256002 0.0923944
vn 0.9315028 0.3221913 0.1688057
vn 0.7764302 0.5872441 0.2286931
vn 0.5453553 0.7948133 0.2661945
vn 0.2608971 0.9245806 0.2776389
vn -0.0490994 0.9638436 0.2619061
vn -0.3542898 0.9087588 0.2205360
vn -0.6247998 0.7647184 0.1575784
vn -0.8341501 0.5458220 0.0791959
vn -0.9618479 0.2734968 -0.0069388
vn -0.9953933 -0.0256002 -0.0923944
vn -0.9971606 -0.0325627 -0.0679003
vn -0.9328334 -0.3274338 -0.1503627
vn -0.7771940 -0.5902533 -0.2181066
vn -0.5454775 -0.7952947 -0.2645007
vn -0.2603658 -0.9224872 -0.2850036
vn 0.0502323 -0.9593802 -0.2776084
vn 0.3559134 -0.9023623 -0.2430389
vn 0.6267551 -0.7570150 -0.1846791
vn 0.8362457 -0.5375657 -0.1082416
vn 0.9638787 -0.2654958 -0.0212087
vn 0.9971606 0.0325627 0.0679003
vn 0.9328334 0.3274338 0.1503627
vn 0.7771940 0.5902533 0.2181066
vn 0.5454775 0.7952947 0.2645007
vn 0.2603658 0.9224872 0.2850036
vn -0.0502323 0.9593802 0.2776084
vn -0.3559134 0.9023623 0.2430389
vn -0.6267551 0.7570150 0.1846791
vn -0.8362457 0.5375657 0.1082416
vn -0.9638787 0.2654958 0.0212087
vn -0.9971606 -0.0325627 -0.0679003
vn -0.9983485 -0.0408420 -0.0404007
vn -0.9337418 -0.3337645 -0.1293351
vn -0.7777339 -0.5940159 -0.2056092
vn -0.5455960 -0.7961208 -0.2617570
vn -0.2600514 -0.9202959 -0.2922821
vn 0.0509489 -0.9543860 -0.2941966
vn 0.3569619 -0.8950541 -0.2673131
vn 0.6280331 -0.7481081 -0.2142631
vn 0.8376279 -0.5279321 -0.1402396
vn 0.9652299 -0.2560784 -0.0524884
vn 0.9983485 0.0408420 0.0404007
vn 0.9337418 0.3337645 0.1293351
vn 0.7777339 0.5940159 0.2056092
vn 0.5455960 0.7961208 0.2617570
vn 0.2600514 0.9202959 0.2922821
vn -0.0509489 0.9543860 0.2941966
vn -0.3569619 0.8950541 0.2673131
vn -0.6280331 0.7481081 0.2142631
vn -0.8376279 0.5279321 0.1402396
vn -0.9652299 0.2560784 0.0524884
vn -0.9983485 -0.0408420 -0.0404007
vn -0.9986703 -0.0506297 -0.0097125
vn -0.9339910 -0.3413449 -0.1055677
vn -0.7778861 -0.5986469 -0.1910892
vn -0.5456364 -0.7973492 -0.2579056
vn -0.2599759 -0.9180013 -0.2994763
vn 0.0511328 -0.9487931 -0.3117323
vn 0.3572362 -0.8867105 -0.2934737
vn 0.6283709 -0.7378304 -0.2464878
vn 0.8379963 -0.5167264 -0.1753741
vn 0.9655928 -0.2450415 -0.0870934
vn 0.9986703 0.0506297 0.0097125
vn 0.9339910 0.3413449 0.1055677
vn 0.7778861 0.5986469 0.1910892
vn 0.5456364 0.7973492 0.2579056
vn 0.2599759 0.9180013 0.2994763
vn -0.0511328 0.9487931 0.3117323
vn -0.3572362 0.8867105 0.2934737
vn -0.6283709 0.7378304 0.2464878
vn -0.8379963 0.5167264 0.1753741
vn -0.9655928 0.2450415 0.0870934
vn -0.9986703 -0.0506297 -0.0097125
vn -0.9977713 -0.0621349 0.0243246
vn -0.9332872 -0.3503515 -0.0789227
vn -0.7774465 -0.6042732 -0.1744444
vn -0.5455039 -0.7990444 -0.2528903
vn -0.2601636 -0.9155996 -0.3065815
vn 0.0506434 -0.9425296 -0.3302624
vn 0.3564930 -0.8771981 -0.3216149
vn 0.6274466 -0.7260005 -0.2814855
vn 0.8369814 -0.5037368 -0.2138023
vn 0.9645866 -0.2321638 -0.1251907
vn 0.9977713 0.0621349 -0.0243246
vn 0.9332872 0.3503515 0.0789227
vn 0.7774465 0.6042732 0.1744444
vn 0.5455039 0.7990444 0.2528903
vn 0.2601636 0.9155996 0.3065815
vn -0.0506434 0.9425296 0.3302624
vn -0.3564930 0.8771981 0.3216149
vn -0.6274466 0.7260005 0.2814855
vn -0.8369814 0.5037368 0.2138023
vn -0.9645866 0.2321638 0.1251907
vn -0.9977713 -0.0621349 0.0243246
vn -0.9952213 -0.0755791 0.0618260
vn -0.9312728 -0.3609721 -0.0492974
vn -0.7761648 -0.6110306 -0.1555951
vn -0.5450804 -0.8012772 -0.2466622
vn -0.2606398 -0.9130892 -0.3135842
vn 0.0493141 -0.9355217 -0.3498104
vn 0.3544408 -0.8663788 -0.3517947
vn 0.6248724 -0.7124287 -0.3193429
vn 0.8341370 -0.4887411 -0.2556317
vn 0.9617506 -0.2172121 -0.1668974
vn 0.9952213 0.0755791 -0.0618260
vn 0.9312728 0.3609721 0.0492974
vn 0.7761648 0.6110306 0.1555951
vn 0.5450804 0.8012772 0.2466622
vn 0.2606398 0.9130892 0.3135842
vn -0.0493141 0.9355217 0.3498104
vn -0.3544408 0.8663788 0.3517947
vn -0.6248724 0.7124287 0.3193429
vn -0.8341370 0.4887411 0.2556317
vn -0.9617506 0.2172121 0.1668974
vn -0.9952213 -0.0755791 0.0618260
vn -0.9905102 -0.0911859 0.1028334
vn -0.9275220 -0.3733977 -0.0166487
vn -0.7737414 -0.6190587 -0.1345011
vn -0.5442217 -0.8041219 -0.2391876
vn -0.2614298 -0.9104721 -0.3204607
vn 0.0469528 -0.9276989 -0.3703650
vn 0.3507392 -0.8541161 -0.3840153
vn 0.6201929 -0.6969264 -0.3600755
vn 0.8289377 -0.4715168 -0.3008890
vn 0.9565404 -0.1999518 -0.2122494
vn 0.9905102 0.0911859 -0.1028334
vn 0.9275220 0.3733977 0.0166487
vn 0.7737414 0.6190587 0.1345011
vn 0.5442217 0.8041219 0.2391876
vn 0.2614298 0.9104721 0.3204607
vn -0.0469528 0.9276989 0.3703650
vn -0.3507392 0.8541161 0.3840153
vn -0.6201929 0.6969264 0.3600755
vn -0.8289377 0.4715168 0.3008890
vn -0.9565404 0.1999518 0.2122494
vn -0.9905102 -0.0911859 0.1028334
vn -0.9830523 -0.1091661 0.1472785
vn -0.9215440 -0.3878099 0.0189766
vn -0.7698286 -0.6284921 -0.1111828
vn -0.5427570 -0.8076531 -0.2304589
vn -0.2625566 -0.9077554 -0.3271760
vn 0.0433447 -0.9190003 -0.3918669
vn 0.3450031 -0.8402870 -0.4181991
vn 0.6128903 -0.6793206 -0.4035951
vn 0.8207834 -0.4518576 -0.3494844
vn 0.9483325 -0.1801636 -0.2611637
vn 0.9830523 0.1091661 -0.1472785
vn 0.9215440 0.3878099 -0.0189766
vn 0.7698286 0.6284921 0.1111828
vn 0.5427570 0.8076531 0.2304589
vn 0.2625566 0.9077554 0.3271760
vn -0.0433447 0.9190003 0.3918669
vn -0.3450031 0.8402870 0.4181991
vn -0.6128903 0.6793206 0.4035951
vn -0.8207834 0.4518576 0.3494844
vn -0.9483325 0.1801636 0.2611637
vn -0.9830523 -0.1091661 0.1472785
vn -0.9781642 -0.1189703 0.1704140
vn -0.9176140 -0.3956924 0.0375773
vn -0.7672414 -0.6336813 -0.0989376
vn -0.5417659 -0.8096410 -0.2257678
vn -0.2632585 -0.9063475 -0.3304984
vn 0.0410184 -0.9143343 -0.4028774
vn 0.3412802 -0.8328198 -0.4358200
vn 0.6081351 -0.6697830 -0.4261015
vn 0.8154614 -0.4411832 -0.3746732
vn 0.9429648 -0.1693973 -0.2865693
vn 0.9781642 0.1189703 -0.1704140
vn 0.9176140 0.3956924 -0.0375773
vn 0.7672414 0.6336813 0.0989376
vn 0.5417659 0.8096410 0.2257678
vn 0.2632585 0.9063475 0.3304984
vn -0.0410184 0.9143343 0.4028774
vn -0.3412802 0.8328198 0.4358200
vn -0.6081351 0.6697830 0.4261015
vn -0.8154614 0.4411832 0.3746732
vn -0.9429648 0.1693973 0.2865693
vn -0.9781642 -0.1189703 0.1704140
vn -0.0382995 -0.0627321 -0.9972953
vn 0.2037458 -0.3870901 0.8992491
vn -0.8317906 0.5550685 0.0048410
vn -0.7055200 0.5147886 -0.4870669
vn -0.3712733 0.3800811 -0.8471685
vn 0.0813884 0.1870408 -0.9789748
vn 0.5311748 -0.0126073 -0.8471685
vn 0.8575659 -0.1653678 -0.4870669
vn 0.9731056 -0.2303085 0.0048410
vn 0.8468351 -0.1900286 0.4967489
vn 0.5125884 -0.0553211 0.8568505
vn 0.0599267 0.1377192 0.9886568
vn -0.3898597 0.3373673 0.8568505
vn -0.7162509 0.4901278 0.4967489
vn -0.8317906 0.5550685 0.0048410
vn -0.9579407 0.2869476 -0.0032558
vn -0.8305548 0.2463120 -0.4995089
vn -0.4933557 0.1104146 -0.8627913
vn -0.0366955 -0.0843309 -0.9957619
vn 0.4170640 -0.2857426 -0.8627913
vn 0.7463382 -0.4398524 -0.4995089
vn 0.8628985 -0.5053667 -0.0032558
vn 0.7355126 -0.4647311 0.4929972
vn 0.3983134 -0.3288337 0.8562796
vn -0.0583467 -0.1340882 0.9892502
vn -0.5121062 0.0673235 0.8562796
vn -0.8413804 0.2214333 0.4929972
vn -0.9579407 0.2869476 -0.0032558
vn -0.9933018 -0.1147324 -0.0137102
vn -0.8823185 -0.1501357 -0.4460643
vn -0.5885380 -0.2685345 -0.7625695
vn -0.1906787 -0.4382040 -0.8784184
vn 0.2046534 -0.6136814 -0.7625695
vn 0.4915293 -0.7479476 -0.4460643
vn 0.5930810 -0.8050261 -0.0137102
vn 0.4820976 -0.7696228 0.4186438
vn 0.1883172 -0.6512239 0.7351490
vn -0.2095421 -0.4815544 0.8509979
vn -0.6048742 -0.3060771 0.7351490
vn -0.8917502 -0.1718109 0.4186438
vn -0.9933018 -0.1147324 -0.0137102
vn -0.9619517 -0.2726696 -0.0173272
vn -0.8627416 -0.3043173 -0.4038167
vn -0.6001257 -0.4101563 -0.6867467
vn -0.2444717 -0.5618270 -0.7903062
vn 0.1089232 -0.7186896 -0.6867467
vn 0.3653670 -0.8387127 -0.4038167
vn 0.4561460 -0.8897363 -0.0173272
vn 0.3569359 -0.8580886 0.3691623
vn 0.0943200 -0.7522496 0.6520922
vn -0.2613340 -0.6005788 0.7556518
vn -0.6147289 -0.4437163 0.6520922
vn -0.8711727 -0.3236932 0.3691623
vn -0.9619517 -0.2726696 -0.0173272
vn -0.9376935 -0.3469477 -0.0189245
vn -0.8451397 -0.3764721 -0.3794835
vn -0.6001433 -0.4752100 -0.6434310
vn -0.2683510 -0.6167049 -0.7400425
vn 0.0613337 -0.7630431 -0.6434310
vn 0.3005721 -0.8750135 -0.3794835
vn 0.3852604 -0.9226138 -0.0189245
vn 0.2927066 -0.8930895 0.3416344
vn 0.0477102 -0.7943515 0.6055819
vn -0.2840820 -0.6528567 0.7021934
vn -0.6137668 -0.5065184 0.6055819
vn -0.8530052 -0.3945480 0.3416344
vn -0.9376935 -0.3469477 -0.0189245
vn -0.9518593 -0.3060031 -0.0180527
vn -0.8555429 -0.3367278 -0.3932693
vn -0.6005869 -0.4394797 -0.6679469
vn -0.2553064 -0.5867266 -0.7684859
vn 0.0877808 -0.7390139 -0.6679469
vn 0.3367449 -0.8555362 -0.3932693
vn 0.4248760 -0.9050715 -0.0180527
vn 0.3285596 -0.8743469 0.3571639
vn 0.0736036 -0.7715950 0.6318415
vn -0.2716769 -0.6243481 0.7323805
vn -0.6147641 -0.4720608 0.6318415
vn -0.8637282 -0.3555385 0.3571639
vn -0.9518593 -0.3060031 -0.0180527
vn -0.3988503 -0.9166088 -0.0273266
vn -0.8313482 0.5556174 0.0122260
vn -0.6969153 0.5340062 -0.4786924
vn -0.3568043 0.4127105 -0.8380696
vn 0.0978523 0.2242316 -0.9696108
vn 0.5452298 0.0190721 -0.8380696
vn 0.8654537 -0.1477955 -0.4786924
vn 0.9727201 -0.2316594 0.0122260
vn 0.8382873 -0.2100481 0.5031443
vn 0.4981763 -0.0887525 0.8625215
vn 0.0435196 0.0997265 0.9940627
vn -0.4038579 0.3048859 0.8625215
vn -0.7240817 0.4717536 0.5031443
vn -0.8313482 0.5556174 0.0122260
vn -0.9575423 0.2881756 -0.0082226
vn -0.8219219 0.2663734 -0.5034774
vn -0.4788067 0.1440064 -0.8660291
vn -0.0201339 -0.0461374 -0.9987322
vn 0.4311954 -0.2531091 -0.8660291
vn 0.7542478 -0.4214508 -0.5034774
vn 0.8624618 -0.5060554 -0.0082226
vn 0.7268415 -0.4842532 0.4870321
vn 0.3837262 -0.3618861 0.8495838
vn -0.0749466 -0.1717423 0.9822869
vn -0.5262758 0.0352293 0.8495838
vn -0.8493283 0.2035710 0.4870321
vn -0.9575423 0.2881756 -0.0082226
vn -0.9930186 -0.1127618 -0.0346253
vn -0.8748611 -0.1317567 -0.4661097
vn -0.5759263 -0.2383674 -0.7819782
vn -0.1763135 -0.4040278 -0.8975941
vn 0.2169013 -0.5843492 -0.7819782
vn 0.4983566 -0.7310147 -0.4661097
vn 0.5926366 -0.8047254 -0.0346253
vn 0.4744791 -0.7857305 0.3968590
vn 0.1755444 -0.6791198 0.7127275
vn -0.2240684 -0.5134594 0.8283434
vn -0.6172832 -0.3331380 0.7127275
vn -0.8987385 -0.1864725 0.3968590
vn -0.9930186 -0.1127618 -0.0346253
vn -0.9617283 -0.2704881 -0.0437601
vn -0.8561051 -0.2874679 -0.4294721
vn -0.5888816 -0.3827693 -0.7118329
vn -0.2316602 -0.5308562 -0.8151842
vn 0.1198420 -0.6920489 -0.7118329
vn 0.3714402 -0.8231560 -0.4294721
vn 0.4557190 -0.8890474 -0.0437601
vn 0.3500958 -0.8720675 0.3419520
vn 0.0828723 -0.7767662 0.6243128
vn -0.2743491 -0.6286793 0.7276640
vn -0.6258513 -0.4674865 0.6243128
vn -0.8774495 -0.3363794 0.3419520
vn -0.9617283 -0.2704881 -0.0437601
vn -0.9375013 -0.3446840 -0.0477941
vn -0.8389646 -0.3605246 -0.4076277
vn -0.5896699 -0.4494319 -0.6710443
vn -0.2564153 -0.5875833 -0.7674614
vn 0.0715037 -0.7379613 -0.6710443
vn 0.3062216 -0.8602720 -0.4076277
vn 0.3848458 -0.9217426 -0.0477941
vn 0.2863092 -0.9059020 0.3120396
vn 0.0370144 -0.8169946 0.5754561
vn -0.2962402 -0.6788432 0.6718733
vn -0.6241592 -0.5284653 0.5754561
vn -0.8588771 -0.4061545 0.3120396
vn -0.9375013 -0.3446840 -0.0477941
vn -0.9516496 -0.3037833 -0.0455923
vn -0.8491072 -0.3202679 -0.4200541
vn -0.5896780 -0.4127896 -0.6941791
vn -0.2428758 -0.5565572 -0.7945159
vn 0.0983740 -0.7130483 -0.6941791
vn 0.3426337 -0.8403313 -0.4200541
vn 0.4244542 -0.9043008 -0.0455923
vn 0.3219118 -0.8878162 0.3288695
vn 0.0624825 -0.7952946 0.6029946
vn -0.2843196 -0.6515270 0.7033313
vn -0.6255694 -0.4950358 0.6029946
vn -0.8698291 -0.3677528 0.3288695
vn -0.9516496 -0.3037833 -0.0455923
vn -0.3990109 -0.9143454 -0.0690135
vn -0.8323371 0.5539573 0.0186082
vn -0.6908062 0.5487903 -0.4707612
vn -0.3453536 0.4398665 -0.8290044
vn 0.1114569 0.2563722 -0.9601305
vn 0.5572234 0.0474743 -0.8290044
vn 0.8725030 -0.1308530 -0.4707612
vn 0.9728168 -0.2308271 0.0186082
vn 0.8312859 -0.2256601 0.5079776
vn 0.4858333 -0.1167364 0.8662209
vn 0.0290228 0.0667580 0.9973470
vn -0.4167436 0.2756559 0.8662209
vn -0.7320232 0.4539832 0.5079776
vn -0.8323371 0.5539573 0.0186082
vn -0.9577898 0.2871968 -0.0125151
vn -0.8150087 0.2819841 -0.5062072
vn -0.4665047 0.1720983 -0.8676149
vn -0.0056591 -0.0130170 -0.9998993
vn 0.4440449 -0.2237601 -0.8676149
vn 0.7621095 -0.4036626 -0.5062072
vn 0.8633094 -0.5045198 -0.0125151
vn 0.7205283 -0.4993071 0.4811770
vn 0.3720243 -0.3894212 0.8425847
vn -0.0888213 -0.2043060 0.9748691
vn -0.5385253 0.0064371 0.8425847
vn -0.8565899 0.1863396 0.4811770
vn -0.9577898 0.2871968 -0.0125151
vn -0.9922322 -0.1126848 -0.0527007
vn -0.8678360 -0.1172263 -0.4828236
vn -0.5642064 -0.2129630 -0.7976954
vn -0.1627005 -0.3742422 -0.9129465
vn 0.2290983 -0.5578495 -0.7976954
vn 0.5062079 -0.7145872 -0.4828236
vn 0.5943771 -0.8024578 -0.0527007
vn 0.4699809 -0.7979163 0.3774222
vn 0.1663512 -0.7021796 0.6922940
vn -0.2351546 -0.5409004 0.8075451
vn -0.6269534 -0.3572932 0.6922940
vn -0.9040631 -0.2005554 0.3774222
vn -0.9922322 -0.1126848 -0.0527007
vn -0.9605580 -0.2699856 -0.0666040
vn -0.8493579 -0.2740453 -0.4510990
vn -0.5779376 -0.3596261 -0.7325689
vn -0.2190239 -0.5037967 -0.8355940
vn 0.1312125 -0.6679267 -0.7325689
vn 0.3789261 -0.8080376 -0.4510990
vn 0.4577421 -0.8865867 -0.0666040
vn 0.3465420 -0.8825270 0.3178910
vn 0.0751217 -0.7969462 0.5993609
vn -0.2837920 -0.6527756 0.7023860
vn -0.6340284 -0.4886456 0.5993609
vn -0.8817419 -0.3485347 0.3178910
vn -0.9605580 -0.2699856 -0.0666040
vn -0.9361552 -0.3439792 -0.0727438
vn -0.8324158 -0.3477666 -0.4314421
vn -0.5792058 -0.4276055 -0.6940275
vn -0.2443725 -0.5621034 -0.7901404
vn 0.0823656 -0.7152215 -0.6940275
vn 0.3134595 -0.8459319 -0.4314421
vn 0.3869876 -0.9192110 -0.0727438
vn 0.2832482 -0.9154237 0.2859544
vn 0.0300381 -0.8355847 0.5485398
vn -0.3047951 -0.7010869 0.6446527
vn -0.6315333 -0.5479688 0.5485398
vn -0.8626271 -0.4172583 0.2859544
vn -0.9361552 -0.3439792 -0.0727438
vn -0.9504001 -0.3031902 -0.0693926
vn -0.8424434 -0.3071315 -0.4426729
vn -0.5789397 -0.3902162 -0.7159330
vn -0.2304947 -0.5301817 -0.8159532
vn 0.1095262 -0.6895244 -0.7159330
vn 0.3500146 -0.8255486 -0.4426729
vn 0.4265318 -0.9018067 -0.0693926
vn 0.3185751 -0.8978654 0.3038876
vn 0.0550715 -0.8147807 0.5771477
vn -0.2933736 -0.6748152 0.6771679
vn -0.6333945 -0.5154725 0.5771477
vn -0.8738829 -0.3794483 0.3038876
vn -0.9504001 -0.3031902 -0.0693926
vn -0.3964927 -0.9120088 -0.1050404
vn -0.8341303 0.5510401 0.0241129
vn -0.6865280 0.5603041 -0.4633989
vn -0.3363411 0.4626137 -0.8202824
vn 0.1225981 0.2841449 -0.9509108
vn 0.5673172 0.0727183 -0.8202824
vn 0.8786541 -0.1150145 -0.4633989
vn 0.9731863 -0.2287507 0.0241129
vn 0.8255840 -0.2380148 0.5116248
vn 0.4753971 -0.1403244 0.8685083
vn 0.0164579 0.0381444 0.9991367
vn -0.4282612 0.2495710 0.8685083
vn -0.7395981 0.4373039 0.5116248
vn -0.8341303 0.5510401 0.0241129
vn -0.9584020 0.2849607 -0.0162173
vn -0.8094959 0.2943066 -0.5080355
vn -0.4562157 0.1957532 -0.8680714
vn 0.0067774 0.0157080 -0.9998537
vn 0.4554249 -0.1975862 -0.8680714
vn 0.7695119 -0.3869773 -0.5080355
vn 0.8648791 -0.5017182 -0.0162173
vn 0.7159730 -0.5110640 0.4756009
vn 0.3626928 -0.4125107 0.8356368
vn -0.1003003 -0.2324655 0.9674191
vn -0.5489477 -0.0191713 0.8356368
vn -0.8630348 0.1702198 0.4756009
vn -0.9584020 0.2849607 -0.0162173
vn -0.9911666 -0.1136887 -0.0682907
vn -0.8614341 -0.1055462 -0.4967810
vn -0.5536433 -0.1914096 -0.8104576
vn -0.1502664 -0.3482717 -0.9252712
vn 0.2406119 -0.5341015 -0.8104576
vn 0.5142561 -0.6991061 -0.4967810
vn 0.5973436 -0.7990726 -0.0682907
vn 0.4676111 -0.8072150 0.3601996
vn 0.1598203 -0.7213517 0.6738762
vn -0.2435565 -0.5644896 0.7886899
vn -0.6344349 -0.3786598 0.6738762
vn -0.9080791 -0.2136552 0.3601996
vn -0.9911666 -0.1136887 -0.0682907
vn -0.9588597 -0.2704426 -0.0863069
vn -0.8428893 -0.2631638 -0.4693425
vn -0.5677493 -0.3399187 -0.7497440
vn -0.2071631 -0.4801407 -0.8523781
vn 0.1422504 -0.6462575 -0.7497440
vn 0.3868663 -0.7937582 -0.4693425
vn 0.4611397 -0.8831202 -0.0863069
vn 0.3451694 -0.8903989 0.2967287
vn 0.0700293 -0.8136440 0.5771302
vn -0.2905569 -0.6734220 0.6797643
vn -0.6399704 -0.5073052 0.5771302
vn -0.8845862 -0.3598045 0.2967287
vn -0.9588597 -0.2704426 -0.0863069
vn -0.9341651 -0.3441658 -0.0942630
vn -0.8259754 -0.3373755 -0.4515998
vn -0.5692952 -0.4089806 -0.7131885
vn -0.2329016 -0.5397948 -0.8089366
vn 0.0930689 -0.6947664 -0.7131885
vn 0.3212728 -0.8323710 -0.4515998
vn 0.3905631 -0.9157374 -0.0942630
vn 0.2823734 -0.9225278 0.2630737
vn 0.0256932 -0.8509226 0.5246624
vn -0.3107003 -0.7201084 0.6204105
vn -0.6366709 -0.5651368 0.5246624
vn -0.8648748 -0.4275323 0.2630737
vn -0.9341651 -0.3441658 -0.0942630
vn -0.9485703 -0.3035270 -0.0899205
vn -0.8359825 -0.2964606 -0.4617839
vn -0.5688676 -0.3709767 -0.7340068
vn -0.2187988 -0.5071088 -0.8336473
vn 0.1204232 -0.6683804 -0.7340068
vn 0.3579042 -0.8115789 -0.4617839
vn 0.4300113 -0.8983343 -0.0899205
vn 0.3174235 -0.9054008 0.2819429
vn 0.0503086 -0.8308846 0.5541658
vn -0.2997602 -0.6947526 0.6538063
vn -0.6389822 -0.5334810 0.5541658
vn -0.8764632 -0.3902825 0.2819429
vn -0.9485703 -0.3035270 -0.0899205
vn -0.3924744 -0.9096356 -0.1361137
vn -0.8362797 0.5475419 0.0288809
vn -0.6835041 0.5694855 -0.4566272
vn -0.3291768 0.4818998 -0.8120439
vn 0.1317605 0.3082533 -0.9421354
vn 0.5758000 0.0950744 -0.8120439
vn 0.8839616 -0.1005157 -0.4566272
vn 0.9736738 -0.2261089 0.0288809
vn 0.8208982 -0.2480525 0.5143891
vn 0.4665709 -0.1604668 0.8698058
vn 0.0056336 0.0131797 0.9998973
vn -0.4384059 0.2263586 0.8698058
vn -0.7465676 0.4219487 0.5143891
vn -0.8362797 0.5475419 0.0288809
vn -0.9591732 0.2821515 -0.0194240
vn -0.8050481 0.3042890 -0.5092208
vn -0.4475909 0.2159296 -0.8677769
vn 0.0174179 0.0407492 -0.9990176
vn 0.4653797 -0.1743127 -0.8677769
vn 0.7762634 -0.3716305 -0.5092208
vn 0.8667681 -0.4983331 -0.0194240
vn 0.7126429 -0.5204705 0.4703727
vn 0.3551858 -0.4321111 0.8289289
vn -0.1098231 -0.2569308 0.9601695
vn -0.5577849 -0.0418688 0.8289289
vn -0.8686686 0.1554490 0.4703727
vn -0.9591732 0.2821515 -0.0194240
vn -0.9899720 -0.1151744 -0.0817942
vn -0.8556925 -0.0958874 -0.5085234
vn -0.5442625 -0.1728694 -0.8209108
vn -0.1391295 -0.3254931 -0.9352525
vn 0.2511514 -0.5128630 -0.8209108
vn 0.5220049 -0.6847736 -0.5085234
vn 0.6008559 -0.7951616 -0.0817942
vn 0.4665763 -0.8144485 0.3449349
vn 0.1551464 -0.7374666 0.6573223
vn -0.2499866 -0.5848429 0.7716641
vn -0.6402676 -0.3974730 0.6573223
vn -0.9111210 -0.2255624 0.3449349
vn -0.9899720 -0.1151744 -0.0817942
vn -0.9569213 -0.2713221 -0.1033729
vn -0.8368863 -0.2540811 -0.4848342
vn -0.5584931 -0.3228968 -0.7640832
vn -0.1963371 -0.4593299 -0.8662954
vn 0.1525425 -0.6268235 -0.7640832
vn 0.3946635 -0.7804976 -0.4848342
vn 0.4651499 -0.8791755 -0.1033729
vn 0.3451149 -0.8964165 0.2780884
vn 0.0667217 -0.8276009 0.5573374
vn -0.2954343 -0.6911677 0.6595497
vn -0.6443139 -0.5236741 0.5573374
vn -0.8864349 -0.3700000 0.2780884
vn -0.9569213 -0.2713221 -0.1033729
vn -0.9318830 -0.3447423 -0.1129022
vn -0.8199014 -0.3286580 -0.4687703
vn -0.5601863 -0.3928566 -0.7292838
vn -0.2223282 -0.5201362 -0.8246384
vn 0.1031441 -0.6763922 -0.7292838
vn 0.3290206 -0.8197559 -0.4687703
vn 0.3947779 -0.9118133 -0.1129022
vn 0.2827963 -0.9278975 0.2429658
vn 0.0230813 -0.8636989 0.5034794
vn -0.3147768 -0.7364194 0.5988339
vn -0.6402492 -0.5801634 0.5034794
vn -0.8661257 -0.4367996 0.2429658
vn -0.9318830 -0.3447423 -0.1129022
vn -0.9464772 -0.3042720 -0.1077010
vn -0.8299433 -0.2875339 -0.4780360
vn -0.5596701 -0.3543423 -0.7491401
vn -0.2080773 -0.4867961 -0.8483710
vn 0.1306263 -0.6494043 -0.7491401
vn 0.3656853 -0.7985962 -0.4780360
vn 0.4341158 -0.8943959 -0.1077010
vn 0.3175819 -0.9111340 0.2626340
vn 0.0473088 -0.8443255 0.5337381
vn -0.3042841 -0.7118717 0.6329690
vn -0.6429877 -0.5492636 0.5337381
vn -0.8780467 -0.4000717 0.2626340
vn -0.9464772 -0.3042720 -0.1077010
vn -0.3877837 -0.9072186 -0.1630282
vn -0.8384621 0.5439575 0.0330385
vn -0.6812612 0.5770661 -0.4504197
vn -0.3233363 0.4984956 -0.8043356
vn 0.1394071 0.3292990 -0.9338779
vn 0.5829771 0.1148123 -0.8043356
vn 0.8885196 -0.0874928 -0.4504197
vn 0.9741647 -0.2234090 0.0330385
vn 0.8169639 -0.2565175 0.5164967
vn 0.4590389 -0.1779470 0.8704126
vn -0.0037044 -0.0087504 0.9999549
vn -0.4472745 0.2057362 0.8704126
vn -0.7528170 0.4080414 0.5164967
vn -0.8384621 0.5439575 0.0330385
vn -0.9599528 0.2792791 -0.0222202
vn -0.8013634 0.3126801 -0.5099489
vn -0.4402768 0.2334156 -0.8669911
vn 0.0265541 0.0627244 -0.9976776
vn 0.4740423 -0.1536569 -0.8669911
vn 0.7822837 -0.3577490 -0.5099489
vn 0.8686853 -0.4948658 -0.0222202
vn 0.7100958 -0.5282668 0.4655085
vn 0.3490093 -0.4490022 0.8225506
vn -0.1178216 -0.2783111 0.9532371
vn -0.5653098 -0.0619298 0.8225506
vn -0.8735512 0.1421624 0.4655085
vn -0.9599528 0.2792791 -0.0222202
vn -0.9887516 -0.1166837 -0.0935689
vn -0.8505826 -0.0875835 -0.5184962
vn -0.5359906 -0.1566417 -0.8295646
vn -0.1292702 -0.3053542 -0.9434236
vn 0.2605982 -0.4938736 -0.8295646
vn 0.5291496 -0.6716862 -0.5184962
vn 0.6044258 -0.7911474 -0.0935689
vn 0.4662568 -0.8202476 0.3313584
vn 0.1516648 -0.7511894 0.6424268
vn -0.2550556 -0.6024769 0.7562858
vn -0.6449240 -0.4139575 0.6424268
vn -0.9134753 -0.2361449 0.3313584
vn -0.9887516 -0.1166837 -0.0935689
vn -0.9549444 -0.2722080 -0.1182539
vn -0.8314325 -0.2461948 -0.4981045
vn -0.5502127 -0.3079272 -0.7761745
vn -0.1866376 -0.4408641 -0.8779551
vn 0.1618731 -0.6093852 -0.7761745
vn 0.4019363 -0.7683353 -0.4981045
vn 0.4692272 -0.8751239 -0.1182539
vn 0.3457153 -0.9011371 0.2615967
vn 0.0644955 -0.8394047 0.5396666
vn -0.2990796 -0.7064678 0.6414473
vn -0.6475903 -0.5379467 0.5396666
vn -0.8876535 -0.3789966 0.2615967
vn -0.9549444 -0.2722080 -0.1182539
vn -0.9295566 -0.3453166 -0.1291551
vn -0.8143314 -0.3210487 -0.4835206
vn -0.5519793 -0.3786393 -0.7429341
vn -0.2127974 -0.5026572 -0.8378861
vn 0.1123308 -0.6598717 -0.7429341
vn 0.3362876 -0.8081575 -0.4835206
vn 0.3990638 -0.9077814 -0.1291551
vn 0.2838386 -0.9320493 0.2252104
vn 0.0214865 -0.8744587 0.4846239
vn -0.3176954 -0.7504408 0.5795759
vn -0.6428236 -0.5932263 0.4846239
vn -0.8667804 -0.4449405 0.2252104
vn -0.9295566 -0.3453166 -0.1291551
vn -0.9443429 -0.3050196 -0.1232051
vn -0.8244335 -0.2797651 -0.4919764
vn -0.5514162 -0.3396970 -0.7619358
vn -0.1984457 -0.4687565 -0.8607477
vn 0.1398998 -0.6323622 -0.7619358
vn 0.3729610 -0.7866761 -0.4919764
vn 0.4382892 -0.8903500 -0.1232051
vn 0.3183798 -0.9156045 0.2455662
vn 0.0453625 -0.8556726 0.5155256
vn -0.3076081 -0.7266131 0.6143376
vn -0.6459536 -0.5630074 0.5155256
vn -0.8790147 -0.4086935 0.2455662
vn -0.9443429 -0.3050196 -0.1232051
vn -0.3830097 -0.9047223 -0.1864970
vn -0.8404219 0.5406897 0.0366835
vn -0.6794058 0.5836197 -0.4447424
vn -0.3183713 0.5129899 -0.7971707
vn 0.1459425 0.3477254 -0.9261684
vn 0.5891232 0.1321088 -0.7971707
vn 0.8924209 -0.0760857 -0.4447424
vn 0.9745672 -0.2210726 0.0366835
vn 0.8135510 -0.2640026 0.5181094
vn 0.4525166 -0.1933728 0.8705376
vn -0.0117972 -0.0281083 0.9995353
vn -0.4549780 0.1875083 0.8705376
vn -0.7582757 0.3957028 0.5181094
vn -0.8404219 0.5406897 0.0366835
vn -0.9606207 0.2767654 -0.0246717
vn -0.7981823 0.3200747 -0.5103501
vn -0.4339587 0.2488210 -0.8658914
vn 0.0344565 0.0820967 -0.9960286
vn 0.4815519 -0.1354246 -0.8658914
vn 0.7875287 -0.3454581 -0.5103501
vn 0.8704006 -0.4917256 -0.0246717
vn 0.7079622 -0.5350349 0.4610068
vn 0.3437386 -0.4637812 0.8165481
vn -0.1246766 -0.2970569 0.9466852
vn -0.5717721 -0.0795357 0.8165481
vn -0.8777489 0.1304979 0.4610068
vn -0.9606207 0.2767654 -0.0246717
vn -0.9875845 -0.1178276 -0.1038919
vn -0.8460621 -0.0800949 -0.5270330
vn -0.5287370 -0.1421738 -0.8367938
vn -0.1206362 -0.2874302 -0.9501741
vn 0.2688899 -0.4769428 -0.8367938
vn 0.5354683 -0.6599318 -0.5270330
vn 0.6076693 -0.7873655 -0.1038919
vn 0.4661469 -0.8250982 0.3192493
vn 0.1488218 -0.7630193 0.6290100
vn -0.2592789 -0.6177629 0.7423904
vn -0.6488051 -0.4282503 0.6290100
vn -0.9153834 -0.2452613 0.3192493
vn -0.9875845 -0.1178276 -0.1038919
vn -0.9530854 -0.2727426 -0.1313002
vn -0.8265758 -0.2390127 -0.5095541
vn -0.5429129 -0.2945062 -0.7864552
vn -0.1781039 -0.4243537 -0.8878080
vn 0.1701010 -0.5937625 -0.7864552
vn 0.4084004 -0.7573399 -0.5095541
vn 0.4729423 -0.8712553 -0.1313002
vn 0.3464327 -0.9049852 0.2469536
vn 0.0627698 -0.8494917 0.5238547
vn -0.3020392 -0.7196443 0.6252075
vn -0.6502440 -0.5502354 0.5238547
vn -0.8885434 -0.3866581 0.2469536
vn -0.9530854 -0.2727426 -0.1313002
vn -0.9273783 -0.3455499 -0.1434041
vn -0.8093566 -0.3140830 -0.4962799
vn -0.5447253 -0.3658533 -0.7546030
vn -0.2043923 -0.4869889 -0.8491558
vn 0.1204506 -0.6450318 -0.7546030
vn 0.3427619 -0.7976343 -0.4962799
vn 0.4029736 -0.9039068 -0.1434041
vn 0.2849518 -0.9353737 0.2094718
vn 0.0203206 -0.8836034 0.4677949
vn -0.3200125 -0.7624678 0.5623477
vn -0.6448554 -0.6044250 0.4677949
vn -0.8671667 -0.4518224 0.2094718
vn -0.9273783 -0.3455499 -0.1434041
vn -0.9423401 -0.3054202 -0.1367977
vn -0.8195205 -0.2726742 -0.5040188
vn -0.5441313 -0.3265490 -0.7728433
vn -0.1899629 -0.4526091 -0.8712400
vn 0.1480857 -0.6170768 -0.7728433
vn 0.3794345 -0.7758830 -0.5040188
vn 0.4420939 -0.8864758 -0.1367977
vn 0.3192743 -0.9192219 0.2304235
vn 0.0438851 -0.8653470 0.4992480
vn -0.3102833 -0.7392869 0.5976446
vn -0.6483319 -0.5748193 0.4992480
vn -0.8796807 -0.4160130 0.2304235
vn -0.9423401 -0.3054202 -0.1367977
vn -0.3786142 -0.9020934 -0.2070722
vn -0.8419304 0.5381093 0.0398939
vn -0.6775805 0.5896385 -0.4395578
vn -0.3138727 0.5258604 -0.7905408
vn 0.1517378 0.3638643 -0.9190095
vn 0.5944910 0.1470568 -0.7905408
vn 0.8957516 -0.0664687 -0.4395578
vn 0.9747969 -0.2194980 0.0398939
vn 0.8104470 -0.2710273 0.5193456
vn 0.4467392 -0.2072492 0.8703286
vn -0.0188713 -0.0452530 0.9987973
vn -0.4616245 0.1715545 0.8703286
vn -0.7628851 0.3850799 0.5193456
vn -0.8419304 0.5381093 0.0398939
vn -0.9610675 0.2750078 -0.0268309
vn -0.7952659 0.3269923 -0.5105177
vn -0.4283453 0.2626508 -0.8646010
vn 0.0413780 0.0992237 -0.9942045
vn 0.4880422 -0.1194989 -0.8646010
vn 0.7919638 -0.3349105 -0.5105177
vn 0.8717074 -0.4892916 -0.0268309
vn 0.7059058 -0.5412760 0.4568559
vn 0.3389852 -0.4769345 0.8109393
vn -0.1307381 -0.3135074 0.9405427
vn -0.5774023 -0.0947848 0.8109393
vn -0.8813239 0.1206267 0.4568559
vn -0.9610675 0.2750078 -0.0268309
vn -0.9865376 -0.1182292 -0.1129842
vn -0.8420850 -0.0729385 -0.5343901
vn -0.5224102 -0.1289951 -0.8428807
vn -0.1131698 -0.2713789 -0.9557960
vn 0.2759806 -0.4619382 -0.8428807
vn 0.5407684 -0.6496127 -0.5343901
vn 0.6102440 -0.7841153 -0.1129842
vn 0.4657915 -0.8294060 0.3084217
vn 0.1461167 -0.7733494 0.6169122
vn -0.2631238 -0.6309656 0.7298276
vn -0.6522742 -0.4404063 0.6169122
vn -0.9170620 -0.2527318 0.3084217
vn -0.9865376 -0.1182292 -0.1129842
vn -0.9514797 -0.2725748 -0.1427913
vn -0.8223508 -0.2320886 -0.5194941
vn -0.5365874 -0.2821987 -0.7952596
vn -0.1707597 -0.4094783 -0.8961968
vn 0.1771093 -0.5798228 -0.7952596
vn 0.4138081 -0.7475886 -0.5194941
vn 0.4759137 -0.8678230 -0.1427913
vn 0.3467848 -0.9083093 0.2339114
vn 0.0610214 -0.8581991 0.5096770
vn -0.3048063 -0.7309196 0.6106142
vn -0.6526753 -0.5605750 0.5096770
vn -0.8893741 -0.3928092 0.2339114
vn -0.9514797 -0.2725748 -0.1427913
vn -0.9255159 -0.3451066 -0.1559544
vn -0.8050506 -0.3073367 -0.5073833
vn -0.5384598 -0.3540848 -0.7646470
vn -0.1971763 -0.4728249 -0.8588121
vn 0.1273532 -0.6317405 -0.7646470
vn 0.3481714 -0.7882505 -0.5073833
vn 0.4061101 -0.9004181 -0.1559544
vn 0.2856448 -0.9381881 0.1954744
vn 0.0190540 -0.8914399 0.4527381
vn -0.3222295 -0.7726999 0.5469032
vn -0.6467590 -0.6137842 0.4527381
vn -0.8675771 -0.4572742 0.1954744
vn -0.9255159 -0.3451066 -0.1559544
vn -0.9406187 -0.3051295 -0.1487699
vn -0.8152562 -0.2658241 -0.5144851
vn -0.5378278 -0.3144726 -0.7822073
vn -0.1826703 -0.4380398 -0.8802004
vn 0.1550522 -0.6034158 -0.7822073
vn 0.3848471 -0.7662883 -0.5144851
vn 0.4451412 -0.8830158 -0.1487699
vn 0.3197787 -0.9223211 0.2169454
vn 0.0423503 -0.8736726 0.4846676
vn -0.3128072 -0.7501054 0.5826607
vn -0.6505297 -0.5847294 0.4846676
vn -0.8803246 -0.4218569 0.2169454
vn -0.9406187 -0.3051295 -0.1487699
vn -0.3750050 -0.8992545 -0.2251946
vn -0.8427480 0.5366100 0.0427264
vn -0.6754307 0.5955743 -0.4348385
vn -0.3094457 0.5374912 -0.7844403
vn 0.1571417 0.3779239 -0.9124034
vn 0.5993098 0.1596284 -0.7844403
vn 0.8985799 -0.0589033 -0.4348385
vn 0.9747629 -0.2191157 0.0427264
vn 0.8074457 -0.2780800 0.5202913
vn 0.4414606 -0.2199969 0.8698930
vn -0.0251268 -0.0604296 0.9978562
vn -0.4672949 0.1578659 0.8698930
vn -0.7665650 0.3763976 0.5202913
vn -0.8427480 0.5366100 0.0427264
vn -0.9611764 0.2744343 -0.0287359
vn -0.7923812 0.3339195 -0.5105192
vn -0.4231633 0.2753233 -0.8632091
vn 0.0475456 0.1143466 -0.9923025
vn 0.4936194 -0.1058772 -0.8632091
vn 0.7955331 -0.3263392 -0.5105192
vn 0.8723890 -0.4879668 -0.0287359
vn 0.7035938 -0.5474520 0.4530475
vn 0.3343759 -0.4888559 0.8057374
vn -0.1363329 -0.3278791 0.9348308
vn -0.5824068 -0.1076553 0.8057374
vn -0.8843204 0.1128067 0.4530475
vn -0.9611764 0.2744343 -0.0287359
vn -0.9856760 -0.1174745 -0.1210061
vn -0.8386154 -0.0656487 -0.5407536
vn -0.5169390 -0.1166999 -0.8480302
vn -0.1068400 -0.2569489 -0.9605012
vn 0.2817961 -0.4488160 -0.8480302
vn 0.5448345 -0.6408907 -0.5407536
vn 0.6117943 -0.7817066 -0.1210061
vn 0.4647336 -0.8335324 0.2987414
vn 0.1430573 -0.7824812 0.6060180
vn -0.2670418 -0.6422323 0.7184890
vn -0.6556779 -0.4503651 0.6060180
vn -0.9187163 -0.2582904 0.2987414
vn -0.9856760 -0.1174745 -0.1210061
vn -0.9502635 -0.2713151 -0.1529295
vn -0.8188032 -0.2249871 -0.5281498
vn -0.5312506 -0.2706227 -0.8028301
vn -0.1646553 -0.3959939 -0.9033701
vn 0.1827539 -0.5675076 -0.8028301
vn 0.4178889 -0.7392068 -0.5281498
vn 0.4777455 -0.8650848 -0.1529295
vn 0.3462852 -0.9114128 0.2222908
vn 0.0587327 -0.8657772 0.4969711
vn -0.3078627 -0.7404060 0.5975111
vn -0.6552719 -0.5688924 0.4969711
vn -0.8904069 -0.3971932 0.2222908
vn -0.9502635 -0.2713151 -0.1529295
vn -0.9241385 -0.3436130 -0.1670272
vn -0.8014982 -0.3003933 -0.5170730
vn -0.5332383 -0.3429671 -0.7733244
vn -0.1912387 -0.4599268 -0.8671189
vn 0.1328619 -0.6199332 -0.7733244
vn 0.3522211 -0.7801127 -0.5170730
vn 0.4080618 -0.8975452 -0.1670272
vn 0.2854215 -0.9407650 0.1830186
vn 0.0171615 -0.8981912 0.4392699
vn -0.3248380 -0.7812315 0.5330644
vn -0.6489386 -0.6212251 0.4392699
vn -0.8682978 -0.4610456 0.1830186
vn -0.9241385 -0.3436130 -0.1670272
vn -0.9393297 -0.3037645 -0.1593325
vn -0.8117038 -0.2587877 -0.5236086
vn -0.5325384 -0.3030923 -0.7902771
vn -0.1766357 -0.4248067 -0.8878846
vn 0.1606404 -0.5913177 -0.7902771
vn 0.3889172 -0.7580089 -0.5236086
vn 0.4470279 -0.8802154 -0.1593325
vn 0.3194019 -0.9251922 0.2049435
vn 0.0402366 -0.8808876 0.4716121
vn -0.3156661 -0.7591732 0.5692196
vn -0.6529423 -0.5926621 0.4716121
vn -0.8812190 -0.4259710 0.2049435
vn -0.9393297 -0.3037645 -0.1593325
vn -0.3726014 -0.8961020 -0.2411834
vn -0.8425859 0.5366609 0.0452113
vn -0.6725690 0.6018700 -0.4305850
vn -0.3046845 0.5481739 -0.7788920
vn 0.1624932 0.3899602 -0.9063813
vn 0.6037843 0.1696223 -0.7788920
vn 0.9009451 -0.0538005 -0.4305850
vn 0.9743517 -0.2204422 0.0452113
vn 0.8043348 -0.2856513 0.5210076
vn 0.4364502 -0.2319551 0.8693147
vn -0.0307275 -0.0737415 0.9968039
vn -0.4720186 0.1465964 0.8693147
vn -0.7691794 0.3700192 0.5210076
vn -0.8425859 0.5366609 0.0452113
vn -0.9608034 0.2755580 -0.0304071
vn -0.7892847 0.3413432 -0.5104062
vn -0.4181506 0.2871727 -0.8617900
vn 0.0531539 0.1275615 -0.9904053
vn 0.4983429 -0.0947226 -0.8617900
vn 0.7981286 -0.3201190 -0.5104062
vn 0.8721836 -0.4882327 -0.0304071
vn 0.7006649 -0.5540178 0.4495920
vn 0.3295308 -0.4998473 0.8009757
vn -0.1417736 -0.3402362 0.9295911
vn -0.5869627 -0.1179520 0.8009757
vn -0.8867484 0.1074443 0.4495920
vn -0.9608034 0.2755580 -0.0304071
vn -0.9850712 -0.1150628 -0.1280438
vn -0.8356378 -0.0577484 -0.5462368
vn -0.5122919 -0.1049437 -0.8523754
vn -0.1016740 -0.2440029 -0.9644299
vn 0.2861913 -0.4376651 -0.8523754
vn 0.5473757 -0.6340388 -0.5462368
vn 0.6118952 -0.7805057 -0.1280438
vn 0.4624617 -0.8378201 0.2901493
vn 0.1391158 -0.7906248 0.5962878
vn -0.2715021 -0.6515656 0.7083423
vn -0.6593673 -0.4579034 0.5962878
vn -0.9205518 -0.2615297 0.2901493
vn -0.9850712 -0.1150628 -0.1280438
vn -0.9495923 -0.2684911 -0.1618238
vn -0.8160109 -0.2172566 -0.5356545
vn -0.5269659 -0.2594454 -0.8093176
vn -0.1599068 -0.3837531 -0.9094852
vn 0.1868134 -0.5568714 -0.8093176
vn 0.4202911 -0.7324136 -0.5356545
vn 0.4779662 -0.8633431 -0.1618238
vn 0.3443848 -0.9145776 0.2120069
vn 0.0553398 -0.8723888 0.4856699
vn -0.3117193 -0.7480812 0.5858376
vn -0.6584394 -0.5749628 0.4856699
vn -0.8919172 -0.3994207 0.2120069
vn -0.9495923 -0.2684911 -0.1618238
vn -0.9234414 -0.3406149 -0.1767415
vn -0.7988222 -0.2928179 -0.5254909
vn -0.5291700 -0.3321761 -0.7807933
vn -0.1867378 -0.4481436 -0.8742404
vn 0.1367200 -0.6096471 -0.7807933
vn 0.3545331 -0.7734116 -0.5254909
vn 0.4083387 -0.8955568 -0.1767415
vn 0.2837196 -0.9433538 0.1720080
vn 0.0140674 -0.9039956 0.4273103
vn -0.3283648 -0.7880280 0.5207575
vn -0.6518227 -0.6265246 0.4273103
vn -0.8696358 -0.4627601 0.1720080
vn -0.9234414 -0.3406149 -0.1767415
vn -0.9386464 -0.3008607 -0.1685992
vn -0.8089612 -0.2511206 -0.5315262
vn -0.5283470 -0.2920789 -0.7972072
vn -0.1719940 -0.4127608 -0.8944532
vn 0.1646131 -0.5808297 -0.7972072
vn 0.3912809 -0.7512517 -0.5315262
vn 0.4472738 -0.8783624 -0.1685992
vn 0.3175886 -0.9281025 0.1943278
vn 0.0369744 -0.8871442 0.4600088
vn -0.3193786 -0.7664623 0.5572548
vn -0.6559858 -0.5983934 0.4600088
vn -0.8826535 -0.4279714 0.1943278
vn -0.9386464 -0.3008607 -0.1685992
vn -0.3718982 -0.8925017 -0.2552106
vn -0.8410620 0.5388631 0.0473427
vn -0.6685392 0.6089772 -0.4268514
vn -0.2991511 0.5580816 -0.7739855
vn 0.1681252 0.3998137 -0.9010455
vn 0.6080834 0.1765813 -0.7739855
vn 0.9028370 -0.0518006 -0.4268514
vn 0.9734070 -0.2241374 0.0473427
vn 0.8008842 -0.2942515 0.5215367
vn 0.4314960 -0.2433559 0.8686709
vn -0.0357803 -0.0850880 0.9957308
vn -0.4757384 0.1381443 0.8686709
vn -0.7704920 0.3665263 0.5215367
vn -0.8410620 0.5388631 0.0473427
vn -0.9597529 0.2790349 -0.0318406
vn -0.7857063 0.3497683 -0.5102233
vn -0.4130552 0.2984231 -0.8604238
vn 0.0583487 0.1387573 -0.9886060
vn 0.5021931 -0.0864470 -0.8604238
vn 0.7995503 -0.3168463 -0.5102233
vn 0.8707436 -0.4907054 -0.0318406
vn 0.6966969 -0.5614388 0.4465422
vn 0.3240459 -0.5100936 0.7967426
vn -0.1473580 -0.3504277 0.9249249
vn -0.5912024 -0.1252235 0.7967426
vn -0.8885596 0.1051758 0.4465422
vn -0.9597529 0.2790349 -0.0318406
vn -0.9848065 -0.1103569 -0.1340800
vn -0.8331706 -0.0487313 -0.5508648
vn -0.5085032 -0.0934651 -0.8559724
vn -0.0977986 -0.2325719 -0.9676496
vn 0.2888951 -0.4287782 -0.8559724
vn 0.5479638 -0.6295107 -0.5508648
vn 0.6099901 -0.7809831 -0.1340800
vn 0.4583541 -0.8426087 0.2827048
vn 0.1336867 -0.7978749 0.5878125
vn -0.2770179 -0.6587681 0.6994896
vn -0.6637116 -0.4625618 0.5878125
vn -0.9227802 -0.2618293 0.2827048
vn -0.9848065 -0.1103569 -0.1340800
vn -0.9496591 -0.2635023 -0.1694525
vn -0.8141088 -0.2084140 -0.5420243
vn -0.5238825 -0.2484024 -0.8147659
vn -0.1567459 -0.3727527 -0.9145962
vn 0.1889270 -0.5481452 -0.8147659
vn 0.4205134 -0.7275838 -0.5420243
vn 0.4759599 -0.8629879 -0.1694525
vn 0.3404096 -0.9180762 0.2031193
vn 0.0501832 -0.8780877 0.4758609
vn -0.3169534 -0.7537375 0.5756912
vn -0.6626262 -0.5783450 0.4758609
vn -0.8942126 -0.3989064 0.2031193
vn -0.9496591 -0.2635023 -0.1694525
vn -0.9236688 -0.3355352 -0.1850734
vn -0.7972129 -0.2841429 -0.5326484
vn -0.5264585 -0.3214484 -0.7870910
vn -0.1839541 -0.4374557 -0.8802235
vn 0.1385268 -0.6010807 -0.7870910
vn 0.3545754 -0.7684803 -0.5326484
vn 0.4063018 -0.8947998 -0.1850734
vn 0.2798460 -0.9461921 0.1625017
vn 0.0090916 -0.9088866 0.4169443
vn -0.3334129 -0.7928793 0.5100768
vn -0.6558937 -0.6292543 0.4169443
vn -0.8719423 -0.4618547 0.1625017
vn -0.9236688 -0.3355352 -0.1850734
vn -0.9387849 -0.2958276 -0.1765473
vn -0.8071883 -0.2423461 -0.5382522
vn -0.5254271 -0.2811681 -0.8030385
vn -0.1689989 -0.4018914 -0.8999570
vn 0.1665915 -0.5721682 -0.8030385
vn 0.3914231 -0.7463729 -0.5382522
vn 0.4452523 -0.8778277 -0.1765473
vn 0.3136557 -0.9313092 0.1851576
vn 0.0318945 -0.8924871 0.4499439
vn -0.3245336 -0.7717638 0.5468624
vn -0.6601241 -0.6014871 0.4499439
vn -0.8849557 -0.4272823 0.1851576
vn -0.9387849 -0.2958276 -0.1765473
vn -0.3735329 -0.8882877 -0.2672417
vn -0.8376184 0.5440495 0.0490472
vn -0.6627646 0.6173570 -0.4238082
vn -0.2923611 0.5671709 -0.7699624
vn 0.1743427 0.4069385 -0.8966636
vn 0.6122940 0.1795939 -0.7699624
vn 0.9041440 -0.0539461 -0.4238082
vn 0.9716919 -0.2311046 0.0490472
vn 0.7968381 -0.3044121 0.5219026
vn 0.4264346 -0.2542260 0.8680568
vn -0.0402692 -0.0939936 0.9947581
vn -0.4782205 0.1333510 0.8680568
vn -0.7700705 0.3668910 0.5219026
vn -0.8376184 0.5440495 0.0490472
vn -0.9577321 0.2857642 -0.0329870
vn -0.7813338 0.3597193 -0.5100192
vn -0.4076584 0.3090898 -0.8592311
vn 0.0631679 0.1474420 -0.9870515
vn 0.5049877 -0.0819107 -0.8592311
vn 0.7994157 -0.3175136 -0.5100192
vn 0.8675602 -0.4962370 -0.0329870
vn 0.6911619 -0.5701921 0.4440453
vn 0.3174866 -0.5195627 0.7932571
vn -0.1533397 -0.3579149 0.9210776
vn -0.5951595 -0.1285621 0.7932571
vn -0.8895876 0.1070408 0.4440453
vn -0.9577321 0.2857642 -0.0329870
vn -0.9849871 -0.1024942 -0.1389075
vn -0.8313024 -0.0380617 -0.5545157
vn -0.5057426 -0.0821720 -0.8587620
vn -0.0955412 -0.2230055 -0.9701239
vn 0.2893887 -0.4228262 -0.8587620
vn 0.5459053 -0.6280922 -0.5545157
vn 0.6052753 -0.7838026 -0.1389075
vn 0.4515905 -0.8482350 0.2767008
vn 0.1260307 -0.8041248 0.5809471
vn -0.2841707 -0.6632912 0.6923090
vn -0.6691005 -0.4634706 0.5809471
vn -0.9256171 -0.2582046 0.2767008
vn -0.9849871 -0.1024942 -0.1389075
vn -0.9507259 -0.2555409 -0.1755535
vn -0.8133442 -0.1979436 -0.5470736
vn -0.5223201 -0.2373746 -0.8190452
vn -0.1556333 -0.3632683 -0.9185937
vn 0.1884628 -0.5418918 -0.8190452
vn 0.4177679 -0.7253830 -0.5470736
vn 0.4708398 -0.8645755 -0.1755535
vn 0.3334581 -0.9221729 0.1959665
vn 0.0424340 -0.8827419 0.4679381
vn -0.3242528 -0.7568481 0.5674866
vn -0.6683489 -0.5782246 0.4679381
vn -0.8976539 -0.3947335 0.1959665
vn -0.9507259 -0.2555409 -0.1755535
vn -0.9251567 -0.3276004 -0.1917368
vn -0.7969923 -0.2738674 -0.5383307
vn -0.5254937 -0.3106528 -0.7920550
vn -0.1834089 -0.4281001 -0.8849246
vn 0.1376010 -0.5947393 -0.7920550
vn 0.3515214 -0.7659196 -0.5383307
vn 0.4010326 -0.8957733 -0.1917368
vn 0.2728682 -0.9495063 0.1548570
vn 0.0013696 -0.9127209 0.4085814
vn -0.3407152 -0.7952736 0.5014509
vn -0.6617250 -0.6286344 0.4085814
vn -0.8756455 -0.4574541 0.1548570
vn -0.9251567 -0.3276004 -0.1917368
vn -0.9400404 -0.2878721 -0.1829038
vn -0.8066657 -0.2319547 -0.5435876
vn -0.5241301 -0.2702355 -0.8076264
vn -0.1681386 -0.3924573 -0.9042713
vn 0.1659211 -0.5658708 -0.8076264
vn 0.3885379 -0.7440100 -0.5435876
vn 0.4400619 -0.8791426 -0.1829038
vn 0.3066873 -0.9350600 0.1777800
vn 0.0241516 -0.8967791 0.4418188
vn -0.3318399 -0.7745573 0.5384638
vn -0.6658995 -0.6011439 0.4418188
vn -0.8885164 -0.4230047 0.1777800
vn -0.9400404 -0.2878721 -0.1829038
vn -0.3784116 -0.8832617 -0.2768636
vn -0.8315522 0.5531760 0.0501728
vn -0.6546179 0.6273635 -0.4217706
vn -0.2838799 0.5750902 -0.7672571
vn 0.1813228 0.4103625 -0.8937140
vn 0.6163395 0.1773191 -0.7672571
vn 0.9046079 -0.0615961 -0.4217706
vn 0.9688867 -0.2423661 0.0501728
vn 0.7919523 -0.3165537 0.5221161
vn 0.4212144 -0.2642803 0.8676027
vn -0.0439883 -0.0995526 0.9940595
vn -0.4790051 0.1334907 0.8676027
vn -0.7672734 0.3724060 0.5221161
vn -0.8315522 0.5531760 0.0501728
vn -0.9543538 0.2967662 -0.0337440
vn -0.7758566 0.3716091 -0.5098561
vn -0.4018438 0.3188740 -0.8583944
vn 0.0674682 0.1526912 -0.9859683
vn 0.5063275 -0.0824107 -0.8583944
vn 0.7971422 -0.3234363 -0.5098561
vn 0.8619887 -0.5058031 -0.0337440
vn 0.6834915 -0.5806460 0.4423682
vn 0.3094787 -0.5279108 0.7909065
vn -0.1598332 -0.3617281 0.9184803
vn -0.5986925 -0.1266262 0.7909065
vn -0.8895073 0.1143994 0.4423682
vn -0.9543538 0.2967662 -0.0337440
vn -0.9857062 -0.0905109 -0.1420952
vn -0.8301928 -0.0253050 -0.5569017
vn -0.5043390 -0.0712498 -0.8605613
vn -0.0954570 -0.2160344 -0.9717083
vn 0.2868936 -0.4208639 -0.8605613
vn 0.5402622 -0.6308544 -0.5569017
vn 0.5967589 -0.7897391 -0.1420952
vn 0.4412455 -0.8549450 0.2727114
vn 0.1153916 -0.8090002 0.5763710
vn -0.2934904 -0.6642156 0.6875180
vn -0.6758409 -0.4593861 0.5763710
vn -0.9292095 -0.2493956 0.2727114
vn -0.9857062 -0.0905109 -0.1420952
vn -0.9530768 -0.2437105 -0.1795822
vn -0.8140604 -0.1854218 -0.5503857
vn -0.5227735 -0.2264927 -0.8218327
vn -0.1572661 -0.3559184 -0.9211892
vn 0.1845243 -0.5390193 -0.8218327
vn 0.4110153 -0.7267338 -0.5503857
vn 0.4615188 -0.8687639 -0.1795822
vn 0.3225024 -0.9270527 0.1912213
vn 0.0312154 -0.8859817 0.4626683
vn -0.3342919 -0.7565560 0.5620248
vn -0.6760823 -0.5734551 0.4626683
vn -0.9025733 -0.3857406 0.1912213
vn -0.9530768 -0.2437105 -0.1795822
vn -0.9282794 -0.3159551 -0.1961369
vn -0.7985900 -0.2615771 -0.5420622
vn -0.5268462 -0.2998924 -0.7952972
vn -0.1858617 -0.4206346 -0.8879876
vn 0.1329972 -0.5914509 -0.7952972
vn 0.3442923 -0.7665712 -0.5420622
vn 0.3914074 -0.8990721 -0.1961369
vn 0.2617180 -0.9534501 0.1497885
vn -0.0100258 -0.9151347 0.4030234
vn -0.3510104 -0.7943925 0.4957138
vn -0.6698692 -0.6235763 0.4030234
vn -0.8811643 -0.4484560 0.1497885
vn -0.9282794 -0.3159551 -0.1961369
vn -0.9427373 -0.2761153 -0.1871011
vn -0.8077756 -0.2195266 -0.5470892
vn -0.5249848 -0.2593996 -0.8106188
vn -0.1701384 -0.3850503 -0.9070773
vn 0.1616829 -0.5628107 -0.8106188
vn 0.3815677 -0.7450500 -0.5470892
vn 0.4305981 -0.8829374 -0.1871011
vn 0.2956365 -0.9395260 0.1728870
vn 0.0128457 -0.8996530 0.4364165
vn -0.3420008 -0.7740024 0.5328750
vn -0.6738220 -0.5962420 0.4364165
vn -0.8937068 -0.4140027 0.1728870
vn -0.9427373 -0.2761153 -0.1871011
vn -0.3876154 -0.8772356 -0.2832171
vn -0.8219677 0.5672998 0.0503990
vn -0.6435228 0.6390114 -0.4213583
vn -0.2735431 0.5808029 -0.7667086
vn 0.1888358 0.4082714 -0.8931156
vn 0.6197197 0.1676464 -0.7667086
vn 0.9036538 -0.0765968 -0.4213583
vn 0.9645579 -0.2590134 0.0503990
vn 0.7861131 -0.3307249 0.5221563
vn 0.4161333 -0.2725165 0.8675067
vn -0.0462455 -0.0999849 0.9939137
vn -0.4771295 0.1406401 0.8675067
vn -0.7610635 0.3848832 0.5221563
vn -0.8219677 0.5672998 0.0503990
vn -0.9491031 0.3131362 -0.0338961
vn -0.7690820 0.3854812 -0.5098206
vn -0.3958342 0.3267586 -0.8582215
vn 0.0706290 0.1527030 -0.9857451
vn 0.5053191 -0.0900474 -0.8582215
vn 0.7917611 -0.3364481 -0.5098206
vn 0.8532033 -0.5204759 -0.0338961
vn 0.6731822 -0.5928210 0.4420283
vn 0.2999343 -0.5340984 0.7904292
vn -0.1665289 -0.3600428 0.9179528
vn -0.6012189 -0.1172923 0.7904292
vn -0.8876610 0.1291083 0.4420283
vn -0.9491031 0.3131362 -0.0338961
vn -0.9870343 -0.0734147 -0.1427359
vn -0.8301932 -0.0103851 -0.5573790
vn -0.5050058 -0.0615464 -0.8609188
vn -0.0986058 -0.2131901 -0.9720221
vn 0.2801123 -0.4246833 -0.8609188
vn 0.5296713 -0.6393567 -0.5573790
vn 0.5832020 -0.7996886 -0.1427359
vn 0.4263609 -0.8627183 0.2719072
vn 0.1011735 -0.8115570 0.5754470
vn -0.3052265 -0.6599133 0.6865502
vn -0.6839446 -0.4484200 0.5754470
vn -0.9335036 -0.2337467 0.2719072
vn -0.9870343 -0.0734147 -0.1427359
vn -0.9570170 -0.2271062 -0.1803920
vn -0.8168138 -0.1707628 -0.5510493
vn -0.5261226 -0.2164969 -0.8223893
vn -0.1628339 -0.3520540 -0.9217066
vn 0.1757094 -0.5411119 -0.8223893
vn 0.3987949 -0.7330124 -0.5510493
vn 0.4466471 -0.8763362 -0.1803920
vn 0.3064438 -0.9326796 0.1902653
vn 0.0157527 -0.8869455 0.4616053
vn -0.3475361 -0.7513884 0.5609226
vn -0.6860794 -0.5623306 0.4616053
vn -0.9091649 -0.3704300 0.1902653
vn -0.9570170 -0.2271062 -0.1803920
vn -0.9334534 -0.2997455 -0.1970213
vn -0.8026568 -0.2471823 -0.5428103
vn -0.5314688 -0.2898480 -0.7959454
vn -0.1925540 -0.4163103 -0.8885993
vn 0.1232756 -0.5926837 -0.7959454
vn 0.3313937 -0.7717092 -0.5428103
vn 0.3760353 -0.9054170 -0.1970213
vn 0.2452387 -0.9579803 0.1487677
vn -0.0259493 -0.9153146 0.4019028
vn -0.3648641 -0.7888523 0.4945566
vn -0.6806937 -0.6124788 0.4019028
vn -0.8888118 -0.4334533 0.1487677
vn -0.9334534 -0.2997455 -0.1970213
vn -0.9472307 -0.2596745 -0.1879448
vn -0.8111168 -0.2049744 -0.5477910
vn -0.5289044 -0.2493745 -0.8112167
vn -0.1762119 -0.3809779 -0.9076372
vn 0.1524570 -0.5645213 -0.8112167
vn 0.3690357 -0.7508247 -0.5477910
vn 0.4154920 -0.8899680 -0.1879448
vn 0.2793782 -0.9446681 0.1719013
vn -0.0028343 -0.9002679 0.4353270
vn -0.3555268 -0.7686646 0.5317475
vn -0.6841956 -0.5851211 0.4353270
vn -0.9007743 -0.3988178 0.1719013
vn -0.9472307 -0.2596745 -0.1879448
vn -0.4024494 -0.8701135 -0.2844943
vn -0.9781031 -0.2080385 -0.0058523
vn -0.8498833 -0.1732557 -0.4976754
vn -0.5118683 -0.0481258 -0.8577149
vn -0.0546288 0.1338227 -0.9894984
vn 0.3993181 0.3238368 -0.8577149
vn 0.7283378 0.4710024 -0.4976754
vn 0.8442697 0.5358866 -0.0058523
vn 0.7160499 0.5011037 0.4859708
vn 0.3780349 0.3759738 0.8460102
vn -0.0792046 0.1940254 0.9777938
vn -0.5331516 0.0040113 0.8460102
vn -0.8621712 -0.1431543 0.4859708
vn -0.9781031 -0.2080385 -0.0058523
vn -0.8742299 -0.4854962 0.0039360
vn -0.7448775 -0.4504061 -0.4922315
vn -0.4038767 -0.3241709 -0.8554512
vn 0.0574016 -0.1406152 -0.9883989
vn 0.5153584 0.0510773 -0.8554512
vn 0.8472844 0.1995428 -0.4922315
vn 0.9642403 0.2650002 0.0039360
vn 0.8348880 0.2299101 0.5001035
vn 0.4938871 0.1036749 0.8633232
vn 0.0326088 -0.0798808 0.9962709
vn -0.4253480 -0.2715733 0.8633232
vn -0.7572740 -0.4200389 0.5001035
vn -0.8742299 -0.4854962 0.0039360
vn -0.6113558 -0.7911823 0.0165744
vn -0.4986592 -0.7606105 -0.4157051
vn -0.2015666 -0.6506297 -0.7321557
vn 0.2003162 -0.4907091 -0.8479846
vn 0.5993052 -0.3236995 -0.7321557
vn 0.8884914 -0.1943508 -0.4157051
vn 0.9903878 -0.1373219 0.0165744
vn 0.8776912 -0.1678938 0.4488539
vn 0.5805986 -0.2778746 0.7653045
vn 0.1787158 -0.4377951 0.8811335
vn -0.2202732 -0.6048047 0.7653045
vn -0.5094594 -0.7341534 0.4488539
vn -0.6113558 -0.7911823 0.0165744
vn -0.4764010 -0.8789785 0.0209470
vn -0.3756594 -0.8516498 -0.3654759
vn -0.1100827 -0.7533359 -0.6483570
vn 0.2491680 -0.6103799 -0.7518987
vn 0.6058318 -0.4610868 -0.6483570
vn 0.8643408 -0.3454596 -0.3654759
vn 0.9554279 -0.2944804 0.0209470
vn 0.8546863 -0.3218091 0.4073699
vn 0.5891096 -0.4201230 0.6902510
vn 0.2298589 -0.5630790 0.7937927
vn -0.1268049 -0.7123721 0.6902510
vn -0.3853140 -0.8279994 0.4073699
vn -0.4764010 -0.8789785 0.0209470
vn -0.4062892 -0.9134581 0.0228780
vn -0.3123065 -0.8879629 -0.3376188
vn -0.0645481 -0.7962451 -0.6015208
vn 0.2705996 -0.6628804 -0.6981156
vn 0.6033339 -0.5236038 -0.6015208
vn 0.8444990 -0.4157343 -0.3376188
vn 0.9294748 -0.3681754 0.0228780
vn 0.8354922 -0.3936706 0.3833748
vn 0.5877337 -0.4853884 0.6472768
vn 0.2525860 -0.6187531 0.7438716
vn -0.0801483 -0.7580297 0.6472768
vn -0.3213133 -0.8658993 0.3833748
vn -0.4062892 -0.9134581 0.0228780
vn -0.4454914 -0.8950202 0.0218240
vn -0.3476882 -0.8684886 -0.3533278
vn -0.0898577 -0.7730422 -0.6279581
vn 0.2589146 -0.6342559 -0.7284797
vn 0.6051754 -0.4893173 -0.6279581
vn 0.8561444 -0.3770626 -0.3533278
vn 0.9445747 -0.3275704 0.0218240
vn 0.8467715 -0.3541020 0.3969759
vn 0.5889410 -0.4495483 0.6716062
vn 0.2401687 -0.5883346 0.7721278
vn -0.1060921 -0.7332732 0.6716062
vn -0.3570611 -0.8455279 0.3969759
vn -0.4454914 -0.8950202 0.0218240
vn 0.3777340 -0.9253246 0.0330353
vn -0.9786944 -0.2052801 -0.0041757
vn -0.8521267 -0.1665366 -0.4961307
vn -0.5150455 -0.0391850 -0.8562667
vn -0.0577714 0.1426509 -0.9880856
vn 0.3971693 0.3302482 -0.8562667
vn 0.7278758 0.4733405 -0.4961307
vn 0.8457354 0.5335862 -0.0041757
vn 0.7191677 0.4948427 0.4877792
vn 0.3820865 0.3674911 0.8479152
vn -0.0751876 0.1856553 0.9797341
vn -0.5301283 -0.0019421 0.8479152
vn -0.8608348 -0.1450344 0.4877792
vn -0.9786944 -0.2052801 -0.0041757
vn -0.8755615 -0.4830985 0.0028084
vn -0.7478759 -0.4440127 -0.4934921
vn -0.4078172 -0.3155362 -0.8568092
vn 0.0534961 -0.1320942 -0.9897926
vn 0.5124555 0.0571602 -0.8568092
vn 0.8460831 0.2015165 -0.4934921
vn 0.9649838 0.2622944 0.0028084
vn 0.8372982 0.2232086 0.4991089
vn 0.4972395 0.0947321 0.8624261
vn 0.0359262 -0.0887099 0.9954094
vn -0.4230332 -0.2779643 0.8624261
vn -0.7566608 -0.4223206 0.4991089
vn -0.8755615 -0.4830985 0.0028084
vn -0.6134980 -0.7896077 0.0118262
vn -0.5022535 -0.7555547 -0.4205692
vn -0.2059817 -0.6436212 -0.7371046
vn 0.1959315 -0.4837997 -0.8529646
vn 0.5957940 -0.3189142 -0.7371046
vn 0.8864628 -0.1931457 -0.4205692
vn 0.9900535 -0.1401937 0.0118262
vn 0.8788090 -0.1742467 0.4442216
vn 0.5825372 -0.2861802 0.7607571
vn 0.1806239 -0.4460017 0.8766171
vn -0.2192385 -0.6108872 0.7607571
vn -0.5099073 -0.7366557 0.4442216
vn -0.6134980 -0.7896077 0.0118262
vn -0.4787740 -0.8778109 0.0149462
vn -0.3793305 -0.8473703 -0.3715803
vn -0.1144875 -0.7473108 -0.6545373
vn 0.2447904 -0.6044434 -0.7581068
vn 0.6022350 -0.4570491 -0.6545373
vn 0.8620694 -0.3446222 -0.3715803
vn 0.9546710 -0.2972874 0.0149462
vn 0.8552275 -0.3277281 0.4014726
vn 0.5903845 -0.4277875 0.6844296
vn 0.2311066 -0.5706550 0.7879991
vn -0.1263380 -0.7180493 0.6844296
vn -0.3861724 -0.8304761 0.4014726
vn -0.4787740 -0.8778109 0.0149462
vn -0.4087522 -0.9124994 0.0163240
vn -0.3159806 -0.8841011 -0.3442695
vn -0.0689066 -0.7907549 -0.6082422
vn 0.2662665 -0.6574728 -0.7048629
vn 0.5997293 -0.5199675 -0.6082422
vn 0.8421307 -0.4150837 -0.3442695
vn 0.9285195 -0.3709247 0.0163240
vn 0.8357478 -0.3993230 0.3769174
vn 0.5886738 -0.4926692 0.6408901
vn 0.2535008 -0.6259514 0.7375108
vn -0.0799620 -0.7634566 0.6408901
vn -0.3223634 -0.8683404 0.3769174
vn -0.4087522 -0.9124994 0.0163240
vn -0.4479064 -0.8939449 0.0155719
vn -0.3513633 -0.8643921 -0.3596805
vn -0.0942452 -0.7672511 -0.6343844
vn 0.2545535 -0.6285507 -0.7349330
vn 0.6015724 -0.4854556 -0.6343844
vn 0.8538280 -0.3763079 -0.3596805
vn 0.9437287 -0.3303538 0.0155719
vn 0.8471857 -0.3599065 0.3908244
vn 0.5900675 -0.4570475 0.6655283
vn 0.2412689 -0.5957479 0.7660769
vn -0.1057500 -0.7388430 0.6655283
vn -0.3580057 -0.8479907 0.3908244
vn -0.4479064 -0.8939449 0.0155719
vn 0.3752660 -0.9266174 0.0235714
vn -0.9787341 -0.2051228 -0.0020463
vn -0.8543813 -0.1609123 -0.4941052
vn -0.5189090 -0.0295892 -0.8543172
vn -0.0622069 0.1536584 -0.9861640
vn 0.3933521 0.3397296 -0.8543172
vn 0.7257014 0.4787667 -0.4941052
vn 0.8457882 0.5335149 -0.0020463
vn 0.7214354 0.4893044 0.4900125
vn 0.3859631 0.3579813 0.8502246
vn -0.0707390 0.1747337 0.9820713
vn -0.5262980 -0.0113375 0.8502246
vn -0.8586473 -0.1503746 0.4900125
vn -0.9787341 -0.2051228 -0.0020463
vn -0.8756126 -0.4830121 0.0013763
vn -0.7501613 -0.4384110 -0.4950290
vn -0.4117258 -0.3059280 -0.8584229
vn 0.0490105 -0.1210617 -0.9914343
vn 0.5085936 0.0666531 -0.8584229
vn 0.8438786 0.2069184 -0.4950290
vn 0.9650261 0.2621502 0.0013763
vn 0.8395748 0.2175491 0.4977816
vn 0.5011393 0.0850661 0.8611755
vn 0.0404030 -0.0998002 0.9941869
vn -0.4191801 -0.2875150 0.8611755
vn -0.7544651 -0.4277803 0.4977816
vn -0.8756126 -0.4830121 0.0013763
vn -0.6135572 -0.7896290 0.0057954
vn -0.5042594 -0.7507709 -0.4266913
vn -0.2094018 -0.6353468 -0.7432936
vn 0.1920088 -0.4742844 -0.8591781
vn 0.5924147 -0.3107403 -0.7432936
vn 0.8845274 -0.1885360 -0.4266913
vn 0.9900756 -0.1404160 0.0057954
vn 0.8807778 -0.1792741 0.4382822
vn 0.5859202 -0.2946982 0.7548844
vn 0.1845096 -0.4557606 0.8707689
vn -0.2158962 -0.6193047 0.7548844
vn -0.5080090 -0.7415090 0.4382822
vn -0.6135572 -0.7896290 0.0057954
vn -0.4788338 -0.8778750 0.0073243
vn -0.3811304 -0.8431390 -0.3792838
vn -0.1175516 -0.7399592 -0.6623005
vn 0.2412769 -0.5959825 -0.7658919
vn 0.5992073 -0.4497873 -0.6623005
vn 0.8603324 -0.3405465 -0.3792838
vn 0.9546840 -0.2975312 0.0073243
vn 0.8569806 -0.3322672 0.3939324
vn 0.5934018 -0.4354470 0.6769492
vn 0.2345733 -0.5794237 0.7805405
vn -0.1233571 -0.7256189 0.6769492
vn -0.3844822 -0.8348597 0.3939324
vn -0.4788338 -0.8778750 0.0073243
vn -0.4088117 -0.9125837 0.0079995
vn -0.3176635 -0.8801783 -0.3526701
vn -0.0717688 -0.7839210 -0.6166985
vn 0.2629850 -0.6496040 -0.7133397
vn 0.5969010 -0.5132175 -0.6166985
vn 0.8405065 -0.4113059 -0.3526701
vn 0.9285278 -0.3711766 0.0079995
vn 0.8373796 -0.4035820 0.3686691
vn 0.5914850 -0.4998393 0.6326976
vn 0.2567311 -0.6341562 0.7293387
vn -0.0771848 -0.7705428 0.6326976
vn -0.3207904 -0.8724544 0.3686691
vn -0.4088117 -0.9125837 0.0079995
vn -0.4479661 -0.8940180 0.0076310
vn -0.3531124 -0.8602952 -0.3677007
vn -0.0972215 -0.7601248 -0.6424626
vn 0.2511408 -0.6203476 -0.7430324
vn 0.5986313 -0.4784165 -0.6424626
vn 0.8521401 -0.3723620 -0.3677007
vn 0.9437397 -0.3306013 0.0076310
vn 0.8488860 -0.3643241 0.3829627
vn 0.5929951 -0.4644945 0.6577246
vn 0.2446327 -0.6042718 0.7582944
vn -0.1028577 -0.7462028 0.6577246
vn -0.3563665 -0.8522573 0.3829627
vn -0.4479661 -0.8940180 0.0076310
vn 0.3752291 -0.9268601 0.0115511
vn -0.9783392 -0.2070074 0.0005121
vn -0.8567519 -0.1559739 -0.4915775
vn -0.5234962 -0.0191829 -0.8518121
vn -0.0678678 0.1667125 -0.9836671
vn 0.3880481 0.3519018 -0.8518121
vn 0.7220891 0.4867637 -0.4915775
vn 0.8447493 0.5351620 0.0005121
vn 0.7231619 0.4841284 0.4926018
vn 0.3899062 0.3473374 0.8528363
vn -0.0657222 0.1614420 0.9846914
vn -0.5216380 -0.0237473 0.8528363
vn -0.8556791 -0.1586091 0.4926018
vn -0.9783392 -0.2070074 0.0005121
vn -0.8746728 -0.4847137 -0.0003444
vn -0.7520114 -0.4332293 -0.4967808
vn -0.4158120 -0.2952300 -0.8601974
vn 0.0438410 -0.1076925 -0.9932171
vn 0.5037841 0.0791326 -0.8601974
vn 0.8407758 0.2151857 -0.4967808
vn 0.9645195 0.2640115 -0.0003444
vn 0.8418581 0.2125272 0.4960919
vn 0.5056587 0.0745279 0.8595085
vn 0.0460056 -0.1130096 0.9925282
vn -0.4139375 -0.2998347 0.8595085
vn -0.7509292 -0.4358878 0.4960919
vn -0.8746728 -0.4847137 -0.0003444
vn -0.6120151 -0.7908447 -0.0014505
vn -0.5051480 -0.7459896 -0.4339642
vn -0.2122386 -0.6257595 -0.7505863
vn 0.1882283 -0.4623699 -0.8664780
vn 0.5889478 -0.2996009 -0.7505863
vn 0.8825474 -0.1810664 -0.4339642
vn 0.9903575 -0.1385275 -0.0014505
vn 0.8834904 -0.1833826 0.4310633
vn 0.5905809 -0.3036127 0.7476854
vn 0.1901141 -0.4670023 0.8635771
vn -0.2106054 -0.6297713 0.7476854
vn -0.5042051 -0.7483059 0.4310633
vn -0.6120151 -0.7908447 -0.0014505
vn -0.4771180 -0.8788373 -0.0018331
vn -0.3815874 -0.8387405 -0.3884654
vn -0.1197501 -0.7312646 -0.6714999
vn 0.2382348 -0.5852075 -0.7750977
vn 0.5964455 -0.4397052 -0.6714999
vn 0.8588999 -0.3337449 -0.3884654
vn 0.9552733 -0.2957186 -0.0018331
vn 0.8597427 -0.3358154 0.3847992
vn 0.5979055 -0.4432914 0.6678336
vn 0.2399206 -0.5893485 0.7714315
vn -0.1182902 -0.7348508 0.6678336
vn -0.3807445 -0.8408110 0.3847992
vn -0.4771180 -0.8788373 -0.0018331
vn -0.4070274 -0.9134138 -0.0020021
vn -0.3179062 -0.8760071 -0.3626942
vn -0.0736362 -0.7757420 -0.6267392
vn 0.2603306 -0.6394843 -0.7233864
vn 0.5945081 -0.5037441 -0.6267392
vn 0.8393537 -0.4048930 -0.3626942
vn 0.9292612 -0.3694179 -0.0020021
vn 0.8401400 -0.4068245 0.3586901
vn 0.5958700 -0.5070897 0.6227350
vn 0.2619032 -0.6433474 0.7193822
vn -0.0722743 -0.7790876 0.6227350
vn -0.3171199 -0.8779387 0.3586901
vn -0.4070274 -0.9134138 -0.0020021
vn -0.4462184 -0.8949221 -0.0019099
vn -0.3534742 -0.8559948 -0.3772650
vn -0.0992741 -0.7516536 -0.6520441
vn 0.2482693 -0.6098566 -0.7526202
vn 0.5960320 -0.4685983 -0.6520441
vn 0.8508312 -0.3657286 -0.3772650
vn 0.9443937 -0.3288115 -0.0019099
vn 0.8516495 -0.3677387 0.3734453
vn 0.5974493 -0.4720799 0.6482244
vn 0.2499059 -0.6138769 0.7488005
vn -0.0978567 -0.7551352 0.6482244
vn -0.3526559 -0.8580049 0.3734453
vn -0.4462184 -0.8949221 -0.0019099
vn 0.3770468 -0.9261897 -0.0028910
vn -0.9775810 -0.2105299 0.0035285
vn -0.8593634 -0.1513138 -0.4884656
vn -0.5289310 -0.0076616 -0.8486302
vn -0.0748230 0.1819352 -0.9804596
vn 0.3812829 0.3666744 -0.8486302
vn 0.7171734 0.4970551 -0.4884656
vn 0.8428468 0.5381420 0.0035285
vn 0.7246292 0.4789258 0.4955225
vn 0.3941968 0.3352736 0.8556871
vn -0.0599113 0.1456768 0.9875165
vn -0.5160171 -0.0390623 0.8556871
vn -0.8519076 -0.1694430 0.4955225
vn -0.9775810 -0.2105299 0.0035285
vn -0.8729459 -0.4878112 -0.0023731
vn -0.7536841 -0.4280720 -0.4987130
vn -0.4203329 -0.2831508 -0.8620591
vn 0.0377864 -0.0918793 -0.9950530
vn 0.4979212 0.0944917 -0.8620591
vn 0.8367786 0.2260241 -0.4987130
vn 0.9635622 0.2674739 -0.0023731
vn 0.8443003 0.2077347 0.4939669
vn 0.5109491 0.0628136 0.8573129
vn 0.0528298 -0.1284580 0.9903068
vn -0.4073049 -0.3148290 0.8573129
vn -0.7461624 -0.4463613 0.4939669
vn -0.8729459 -0.4878112 -0.0023731
vn -0.6092255 -0.7929341 -0.0099930
vn -0.5053201 -0.7408871 -0.4424228
vn -0.2148922 -0.6146264 -0.7589834
vn 0.1842384 -0.4479835 -0.8748526
vn 0.5851248 -0.2856102 -0.7589834
vn 0.8803500 -0.1710143 -0.4424228
vn 0.9908086 -0.1349016 -0.0099930
vn 0.8869032 -0.1869486 0.4224368
vn 0.5964753 -0.3132093 0.7389974
vn 0.1973447 -0.4798522 0.8548666
vn -0.2035417 -0.6422255 0.7389974
vn -0.4987669 -0.7568214 0.4224368
vn -0.6092255 -0.7929341 -0.0099930
vn -0.4740249 -0.8804209 -0.0126293
vn -0.3811419 -0.8338950 -0.3991865
vn -0.1215229 -0.7210282 -0.6821660
vn 0.2352675 -0.5720630 -0.7857437
vn 0.5936275 -0.4269144 -0.6821660
vn 0.8575349 -0.3244749 -0.3991865
vn 0.9562759 -0.2921932 -0.0126293
vn 0.8633929 -0.3387190 0.3739279
vn 0.6037739 -0.4515858 0.6569074
vn 0.2469835 -0.6005511 0.7604851
vn -0.1113765 -0.7456996 0.6569074
vn -0.3752839 -0.8481391 0.3739279
vn -0.4740249 -0.8804209 -0.0126293
vn -0.4038157 -0.9147364 -0.0137935
vn -0.3171645 -0.8713321 -0.3744156
vn -0.0749639 -0.7660378 -0.6384093
vn 0.2578885 -0.6270670 -0.7350377
vn 0.5922053 -0.4916568 -0.6384093
vn 0.8384065 -0.3960903 -0.3744156
vn 0.9305227 -0.3659744 -0.0137935
vn 0.8438715 -0.4093786 0.3468286
vn 0.6016709 -0.5146729 0.6108223
vn 0.2688185 -0.6536437 0.7074507
vn -0.0654983 -0.7890539 0.6108223
vn -0.3116995 -0.8846205 0.3468286
vn -0.4038157 -0.9147364 -0.0137935
vn -0.4430701 -0.8963904 -0.0131581
vn -0.3528963 -0.8512216 -0.3884404
vn -0.1008497 -0.7416469 -0.6631661
vn 0.2455340 -0.5970266 -0.7637227
vn 0.5934416 -0.4561116 -0.6631661
vn 0.8496515 -0.3566600 -0.3884404
vn 0.9455125 -0.3253199 -0.0131581
vn 0.8553387 -0.3704886 0.3621242
vn 0.6032921 -0.4800634 0.6368499
vn 0.2569084 -0.6246837 0.7374065
vn -0.0909992 -0.7655987 0.6368499
vn -0.3472091 -0.8650502 0.3621242
vn -0.4430701 -0.8963904 -0.0131581
vn 0.3802764 -0.9246584 -0.0199175
vn -0.9765078 -0.2153662 0.0070676
vn -0.8623620 -0.1465037 -0.4846323
vn -0.5353997 0.0053918 -0.8445816
vn -0.0832301 0.1996200 -0.9763322
vn 0.3729881 0.3841376 -0.8445816
vn 0.7110119 0.5095033 -0.4846323
vn 0.8402678 0.5421255 0.0070676
vn 0.7261220 0.4732629 0.4987675
vn 0.3991597 0.3213675 0.8587168
vn -0.0530098 0.1271393 0.9904674
vn -0.5092281 -0.0573784 0.8587168
vn -0.8472518 -0.1827441 0.4987675
vn -0.9765078 -0.2153662 0.0070676
vn -0.8705973 -0.4919732 -0.0047533
vn -0.7554433 -0.4225025 -0.5007965
vn -0.4255928 -0.2692652 -0.8639253
vn 0.0305708 -0.0733214 -0.9968397
vn 0.4908190 0.1128261 -0.8639253
vn 0.8318285 0.2392992 -0.5007965
vn 0.9622263 0.2722095 -0.0047533
vn 0.8470722 0.2027387 0.4912899
vn 0.5172217 0.0495015 0.8544187
vn 0.0610581 -0.1464424 0.9873330
vn -0.3991901 -0.3325899 0.8544187
vn -0.7401996 -0.4590630 0.4912899
vn -0.8705973 -0.4919732 -0.0047533
vn -0.6054882 -0.7956025 -0.0200162
vn -0.5051617 -0.7350770 -0.4521874
vn -0.2177838 -0.6015710 -0.7685588
vn 0.1796429 -0.4308574 -0.8843587
vn 0.5806282 -0.2686788 -0.7685588
vn 0.8777284 -0.1584908 -0.4521874
vn 0.9913358 -0.1298181 -0.0200162
vn 0.8910093 -0.1903436 0.4121551
vn 0.6036313 -0.3238496 0.7285264
vn 0.2062046 -0.4945632 0.8443263
vn -0.1947807 -0.6567418 0.7285264
vn -0.4918809 -0.7669298 0.4121551
vn -0.6054882 -0.7956025 -0.0200162
vn -0.4698954 -0.8823595 -0.0252968
vn -0.3802116 -0.8282546 -0.4116229
vn -0.1233190 -0.7089111 -0.6944332
vn 0.2319482 -0.5563070 -0.7979489
vn 0.5903966 -0.4113325 -0.6944332
vn 0.8559801 -0.3128333 -0.4116229
vn 0.9575359 -0.2872022 -0.0252968
vn 0.8678521 -0.3413072 0.3610293
vn 0.6109595 -0.4606507 0.6438396
vn 0.2556922 -0.6132548 0.7473554
vn -0.1027562 -0.7582293 0.6438396
vn -0.3683397 -0.8567285 0.3610293
vn -0.4698954 -0.8823595 -0.0252968
vn -0.3995340 -0.9163019 -0.0276287
vn -0.3158674 -0.8658270 -0.3880352
vn -0.0762103 -0.7544906 -0.6518711
vn 0.2552212 -0.6121251 -0.7484417
vn 0.5896204 -0.4768772 -0.6518711
vn 0.8373852 -0.3849866 -0.3880352
vn 0.9321273 -0.3610752 -0.0276287
vn 0.8484607 -0.4115501 0.3327778
vn 0.6088036 -0.5228865 0.5966136
vn 0.2773721 -0.6652521 0.6931843
vn -0.0570271 -0.8004999 0.5966136
vn -0.3047919 -0.8923905 0.3327778
vn -0.3995340 -0.9163019 -0.0276287
vn -0.4388696 -0.8981641 -0.0263559
vn -0.3518017 -0.8456373 -0.4014139
vn -0.1024020 -0.7297748 -0.6759753
vn 0.2425030 -0.5816217 -0.7764718
vn 0.5904964 -0.4408757 -0.6759753
vn 0.8483335 -0.3452495 -0.4014139
vn 0.9469271 -0.3203661 -0.0263559
vn 0.8598592 -0.3728929 0.3487020
vn 0.6104595 -0.4887555 0.6232635
vn 0.2655545 -0.6369085 0.7237599
vn -0.0824389 -0.7776545 0.6232635
vn -0.3402760 -0.8732807 0.3487020
vn -0.4388696 -0.8981641 -0.0263559
vn 0.3845262 -0.9222516 -0.0398953
vn -0.9751572 -0.2212288 0.0112363
vn -0.8659312 -0.1410431 -0.4798646
vn -0.5431635 0.0205525 -0.8393753
vn -0.0933396 0.2202587 -0.9709654
vn 0.3630107 0.4045643 -0.8393753
vn 0.7036087 0.5240848 -0.4798646
vn 0.8371913 0.5467947 0.0112363
vn 0.7279653 0.4666090 0.5023371
vn 0.4051977 0.3050134 0.8618478
vn -0.0446263 0.1053072 0.9934379
vn -0.5009766 -0.0789984 0.8618478
vn -0.8415745 -0.1985189 0.5023371
vn -0.9751572 -0.2212288 0.0112363
vn -0.8677838 -0.4968844 -0.0075570
vn -0.7575930 -0.4159904 -0.5029958
vn -0.4319743 -0.2529673 -0.8656822
vn 0.0218231 -0.0514971 -0.9984347
vn 0.4822044 0.1344365 -0.8656822
vn 0.8258109 0.2550127 -0.5029958
vn 0.9605736 0.2779233 -0.0075570
vn 0.8503827 0.1970293 0.4878818
vn 0.5247640 0.0340062 0.8505682
vn 0.0709666 -0.1674640 0.9833207
vn -0.3894147 -0.3533976 0.8505682
vn -0.7330212 -0.4739738 0.4878818
vn -0.8677838 -0.4968844 -0.0075570
vn -0.6010987 -0.7985410 -0.0318224
vn -0.5050963 -0.7280631 -0.4634671
vn -0.2214052 -0.5860314 -0.7794530
vn 0.1739599 -0.4105031 -0.8951118
vn 0.5750613 -0.2485108 -0.7794530
vn 0.8744240 -0.1434603 -0.4634671
vn 0.9918342 -0.1234998 -0.0318224
vn 0.8958319 -0.1939777 0.3998223
vn 0.6121408 -0.3360094 0.7158082
vn 0.2167756 -0.5115377 0.8314671
vn -0.1843257 -0.6735300 0.7158082
vn -0.4836885 -0.7785805 0.3998223
vn -0.6010987 -0.7985410 -0.0318224
vn -0.4650674 -0.8843612 -0.0402177
vn -0.3792491 -0.8213597 -0.4260731
vn -0.1256523 -0.6943949 -0.7085388
vn 0.2277721 -0.5374868 -0.8119285
vn 0.5863242 -0.3926788 -0.7085388
vn 0.8539303 -0.2987722 -0.4260731
vn 0.9588855 -0.2809291 -0.0402177
vn 0.8730672 -0.3439306 0.3456377
vn 0.6194703 -0.4708955 0.6281035
vn 0.2660459 -0.6278036 0.7314932
vn -0.0925062 -0.7726115 0.6281035
vn -0.3601122 -0.8665182 0.3456377
vn -0.4650674 -0.8843612 -0.0402177
vn -0.3945380 -0.9178291 -0.0439251
vn -0.3144775 -0.8590546 -0.4038925
vn -0.0778950 -0.7406081 -0.6674069
vn 0.2518172 -0.5942273 -0.7638599
vn 0.5863132 -0.4591349 -0.6674069
vn 0.8359649 -0.3715287 -0.4038925
vn 0.9338784 -0.3548828 -0.0439251
vn 0.8538178 -0.4136573 0.3160423
vn 0.6172354 -0.5321038 0.5795567
vn 0.2875231 -0.6784846 0.6760097
vn -0.0469728 -0.8135770 0.5795567
vn -0.2966245 -0.9011832 0.3160423
vn -0.3945380 -0.9178291 -0.0439251
vn -0.4339630 -0.8999557 -0.0419015
vn -0.3506478 -0.8387918 -0.4165025
vn -0.1044477 -0.7155302 -0.6907295
vn 0.2386681 -0.5631987 -0.7911035
vn 0.5867622 -0.4226144 -0.6907295
vn 0.8465628 -0.3314468 -0.4165025
vn 0.9484568 -0.3141242 -0.0419015
vn 0.8651416 -0.3752881 0.3326994
vn 0.6189415 -0.4985497 0.6069264
vn 0.2758256 -0.6508812 0.7073004
vn -0.0722684 -0.7914655 0.6069264
vn -0.3320691 -0.8826331 0.3326994
vn -0.4339630 -0.8999557 -0.0419015
vn 0.3893975 -0.9188833 -0.0634268
vn -0.9735746 -0.2277954 0.0161811
vn -0.8703021 -0.1343022 -0.4738535
vn -0.5525539 0.0385814 -0.8325838
vn -0.1054702 0.2445316 -0.9638881
vn 0.3511531 0.4283641 -0.8325838
vn 0.6949643 0.5408211 -0.4738535
vn 0.8338394 0.5517699 0.0161811
vn 0.7305669 0.4582768 0.5062157
vn 0.4128187 0.2853931 0.8649460
vn -0.0342650 0.0794430 0.9962503
vn -0.4908883 -0.1043895 0.8649460
vn -0.8346995 -0.2168466 0.5062157
vn -0.9735746 -0.2277954 0.0161811
vn -0.8646998 -0.5021711 -0.0108827
vn -0.7605151 -0.4078521 -0.5052459
vn -0.4399601 -0.2334414 -0.8671449
vn 0.0110727 -0.0256720 -0.9996091
vn 0.4717295 0.1597843 -0.8671449
vn 0.8185777 0.2732347 -0.5052459
vn 0.9586795 0.2842803 -0.0108827
vn 0.8544948 0.1899613 0.4834805
vn 0.5339398 0.0155505 0.8453795
vn 0.0829069 -0.1922189 0.9778437
vn -0.3777499 -0.3776752 0.8453795
vn -0.7245980 -0.4911256 0.4834805
vn -0.8646998 -0.5021711 -0.0108827
vn -0.5964247 -0.8013598 -0.0458268
vn -0.5056551 -0.7191856 -0.4765344
vn -0.2263757 -0.5672325 -0.7918342
vn 0.1665809 -0.3862161 -0.9072420
vn 0.5679222 -0.2246396 -0.7918342
vn 0.8701092 -0.1257974 -0.4765344
vn 0.9921711 -0.1161741 -0.0458268
vn 0.9014015 -0.1983483 0.3848808
vn 0.6221221 -0.3503015 0.7001807
vn 0.2291655 -0.5313179 0.8155884
vn -0.1721758 -0.6928943 0.7001807
vn -0.4743628 -0.7917365 0.3848808
vn -0.5964247 -0.8013598 -0.0458268
vn -0.4599625 -0.8860475 -0.0579166
vn -0.3788219 -0.8125904 -0.4429343
vn -0.1291687 -0.6767566 -0.7247868
vn 0.2221026 -0.5149426 -0.8279520
vn 0.5808692 -0.3705064 -0.7247868
vn 0.8509999 -0.2821495 -0.4429343
vn 0.9601134 -0.2735470 -0.0579166
vn 0.8789727 -0.3470041 0.3271011
vn 0.6293196 -0.4828379 0.6089536
vn 0.2780482 -0.6446519 0.7121187
vn -0.0807184 -0.7890881 0.6089536
vn -0.3508491 -0.8774451 0.3271011
vn -0.4599625 -0.8860475 -0.0579166
vn -0.3892712 -0.9189487 -0.0632556
vn -0.3135745 -0.8504200 -0.4224415
vn -0.0806712 -0.7236996 -0.6853838
vn 0.2470324 -0.5727421 -0.7816274
vn 0.5817285 -0.4379965 -0.6853838
vn 0.8337354 -0.3555677 -0.4224415
vn 0.9355282 -0.3475424 -0.0632556
vn 0.8598315 -0.4160710 0.2959302
vn 0.6269282 -0.5427914 0.5588726
vn 0.2992245 -0.6937489 0.6551161
vn -0.0354715 -0.8284946 0.5588726
vn -0.2874785 -0.9109234 0.2959302
vn -0.3892712 -0.9189487 -0.0632556
vn -0.4287821 -0.9013905 -0.0603415
vn -0.3500081 -0.8300760 -0.4341292
vn -0.1076367 -0.6982041 -0.7077608
vn 0.2333889 -0.5411098 -0.8079169
vn 0.5816912 -0.4008864 -0.7077608
vn 0.8439429 -0.3151067 -0.4341292
vn 0.9498738 -0.3067551 -0.0603415
vn 0.8710998 -0.3780697 0.3134461
vn 0.6287284 -0.5099415 0.5870777
vn 0.2877028 -0.6670358 0.6872338
vn -0.0605995 -0.8072592 0.5870777
vn -0.3228512 -0.8930390 0.3134461
vn -0.4287821 -0.9013905 -0.0603415
vn 0.3943912 -0.9143919 -0.0913397
vn -0.9718442 -0.2345905 0.0220469
vn -0.8757194 -0.1255198 -0.4662191
vn -0.5638755 0.0603115 -0.8236546
vn -0.1198707 0.2731102 -0.9544851
vn 0.3373241 0.4558569 -0.8236546
vn 0.6852041 0.5595848 -0.4662191
vn 0.8305549 0.5565002 0.0220469
vn 0.7344301 0.4474295 0.5103129
vn 0.4225862 0.2615981 0.8677484
vn -0.0214186 0.0487995 0.9985789
vn -0.4786134 -0.1339472 0.8677484
vn -0.8264933 -0.2376752 0.5103129
vn -0.9718442 -0.2345905 0.0220469
vn -0.8616476 -0.5072903 -0.0148278
vn -0.7646737 -0.3972562 -0.5074067
vn -0.4500752 -0.2097833 -0.8679996
vn -0.0021485 0.0048950 -0.9999857
vn 0.4590849 0.1892559 -0.8679996
vn 0.8100377 0.2939001 -0.5074067
vn 0.9566725 0.2907882 -0.0148278
vn 0.8596986 0.1807541 0.4777512
vn 0.5451001 -0.0067187 0.8383441
vn 0.0971733 -0.2213971 0.9703302
vn -0.3640600 -0.4057580 0.8383441
vn -0.7150128 -0.5104022 0.4777512
vn -0.8616476 -0.5072903 -0.0148278
vn -0.5920201 -0.8035008 -0.0624394
vn -0.5075328 -0.7076350 -0.4915925
vn -0.2334429 -0.5443017 -0.8057544
vn 0.1568075 -0.3572659 -0.9207456
vn 0.5586511 -0.1966438 -0.8057544
vn 0.8644143 -0.1054739 -0.4915925
vn 0.9921680 -0.1081851 -0.0624394
vn 0.9076807 -0.2040509 0.3667137
vn 0.6335908 -0.3673842 0.6808756
vn 0.2433404 -0.5544200 0.7958668
vn -0.1585033 -0.7150421 0.6808756
vn -0.4642664 -0.8062120 0.3667137
vn -0.5920201 -0.8035008 -0.0624394
vn -0.4552112 -0.8868798 -0.0789119
vn -0.3796864 -0.8011835 -0.4625400
vn -0.1346722 -0.6551767 -0.7433753
vn 0.2141801 -0.4879819 -0.8461681
vn 0.5733957 -0.3443988 -0.7433753
vn 0.8467232 -0.2629003 -0.4625400
vn 0.9609246 -0.2653239 -0.0789119
vn 0.8853999 -0.3510202 0.3047162
vn 0.6403857 -0.4970269 0.5855514
vn 0.2915334 -0.6642217 0.6883443
vn -0.0676822 -0.8078048 0.5855514
vn -0.3410097 -0.8893033 0.3047162
vn -0.4552112 -0.8868798 -0.0789119
vn -0.3843957 -0.9191365 -0.0861864
vn -0.3139380 -0.8391898 -0.4440759
vn -0.0853625 -0.7029790 -0.7060692
vn 0.2400844 -0.5470017 -0.8019655
vn 0.5751994 -0.4130519 -0.7060692
vn 0.8301886 -0.3370214 -0.4440759
vn 0.9367280 -0.3392823 -0.0861864
vn 0.8662704 -0.4192290 0.2717031
vn 0.6376948 -0.5554398 0.5336965
vn 0.3122479 -0.7114171 0.6295927
vn -0.0228670 -0.8453669 0.5336965
vn -0.2778563 -0.9213975 0.2717031
vn -0.3843957 -0.9191365 -0.0861864
vn -0.4239717 -0.9019360 -0.0822159
vn -0.3506498 -0.8187392 -0.4546545
vn -0.1127821 -0.6769912 -0.7272985
vn 0.2258950 -0.5146730 -0.8270932
vn 0.5746333 -0.3752778 -0.7272985
vn 0.8399885 -0.2961564 -0.4546545
vn 0.9508589 -0.2985093 -0.0822159
vn 0.8775370 -0.3817061 0.2902227
vn 0.6396693 -0.5234541 0.5628667
vn 0.3009922 -0.6857723 0.6626614
vn -0.0477460 -0.8251675 0.5628667
vn -0.3131013 -0.9042889 0.2902227
vn -0.4239717 -0.9019360 -0.0822159
vn 0.3987776 -0.9085639 -0.1244512
vn -0.9701113 -0.2409178 0.0290297
vn -0.8824883 -0.1135971 -0.4564101
vn -0.5774609 0.0869348 -0.8117766
vn -0.1367610 0.3069453 -0.9418498
vn 0.3215263 0.4874829 -0.8117766
vn 0.6746033 0.5801726 -0.4564101
vn 0.8278632 0.5601784 0.0290297
vn 0.7402402 0.4328577 0.5144694
vn 0.4352128 0.2323258 0.8698359
vn -0.0054871 0.0123153 0.9999091
vn -0.4637744 -0.1682223 0.8698359
vn -0.8168514 -0.2609120 0.5144694
vn -0.9701113 -0.2409178 0.0290297
vn -0.8590933 -0.5114465 -0.0195241
vn -0.7706963 -0.3830011 -0.5092518
vn -0.4629746 -0.1806979 -0.8677574
vn -0.0183818 0.0412560 -0.9989795
vn 0.4439536 0.2233883 -0.8677574
vn 0.8001494 0.3168969 -0.5092518
vn 0.9547630 0.2967260 -0.0195241
vn 0.8663661 0.1682806 0.4702037
vn 0.5586443 -0.0340226 0.8287092
vn 0.1140516 -0.2559765 0.9599314
vn -0.3482839 -0.4381088 0.8287092
vn -0.7044796 -0.5316173 0.4702037
vn -0.8590933 -0.5114465 -0.0195241
vn -0.5887178 -0.8041467 -0.0822154
vn -0.5117031 -0.6922403 -0.5088844
vn -0.2436045 -0.5159863 -0.8212278
vn 0.1437412 -0.3226117 -0.9355534
vn 0.5465450 -0.1639313 -0.8212278
vn 0.8568760 -0.0824632 -0.5088844
vn 0.9915812 -0.1000368 -0.0822154
vn 0.9145665 -0.2119432 0.3444536
vn 0.6464678 -0.3881972 0.6567970
vn 0.2591221 -0.5815717 0.7711226
vn -0.1436817 -0.7402522 0.6567970
vn -0.4540127 -0.8217203 0.3444536
vn -0.5887178 -0.8041467 -0.0822154
vn -0.4517570 -0.8860696 -0.1039052
vn -0.3829120 -0.7860343 -0.4853127
vn -0.1432536 -0.6284775 -0.7645223
vn 0.2030021 -0.4556164 -0.8667202
vn 0.5630761 -0.3137689 -0.7645223
vn 0.8404868 -0.2409430 -0.4853127
vn 0.9609023 -0.2566524 -0.1039052
vn 0.8920574 -0.3566877 0.2775023
vn 0.6523989 -0.5142445 0.5567120
vn 0.3061433 -0.6871056 0.6589098
vn -0.0539307 -0.8289531 0.5567120
vn -0.3313414 -0.9017790 0.2775023
vn -0.4517570 -0.8860696 -0.1039052
vn -0.3808999 -0.9176256 -0.1134836
vn -0.3166740 -0.8243019 -0.4693015
vn -0.0930948 -0.6773160 -0.7297783
vn 0.2299297 -0.5160525 -0.8251195
vn 0.5658454 -0.3837220 -0.7297783
vn 0.8246440 -0.3157822 -0.4693015
vn 0.9369805 -0.3304375 -0.1134836
vn 0.8727546 -0.4237612 0.2423343
vn 0.6491754 -0.5707471 0.5028111
vn 0.3261509 -0.7320106 0.5981522
vn -0.0097648 -0.8643412 0.5028111
vn -0.2685634 -0.9322810 0.2423343
vn -0.3808999 -0.9176256 -0.1134836
vn -0.4204964 -0.9008127 -0.1082556
vn -0.3536595 -0.8036952 -0.4785384
vn -0.1209913 -0.6507339 -0.7496042
vn 0.2151650 -0.4829147 -0.8488212
vn 0.5647365 -0.3452046 -0.7496042
vn 0.8340559 -0.2745028 -0.4785384
vn 0.9509592 -0.2897540 -0.1082556
vn 0.8841223 -0.3868715 0.2620272
vn 0.6514541 -0.5398328 0.5330930
vn 0.3152978 -0.7076520 0.6323100
vn -0.0342737 -0.8453621 0.5330930
vn -0.3035931 -0.9160638 0.2620272
vn -0.4204964 -0.9008127 -0.1082556
vn 0.4014838 -0.9010872 -0.1638677
vn -0.9686444 -0.2456283 0.0373451
vn -0.8909221 -0.0969463 -0.4436882
vn -0.5935051 0.1200332 -0.7958289
vn -0.1560861 0.3471707 -0.9247214
vn 0.3041289 0.5236047 -0.7958289
vn 0.6638256 0.6020601 -0.4436882
vn 0.8266236 0.5615147 0.0373451
vn 0.7489013 0.4128326 0.5183783
vn 0.4514843 0.1958532 0.8705191
vn 0.0140652 -0.0312843 0.9994116
vn -0.4461497 -0.2077184 0.8705191
vn -0.8058465 -0.2861737 0.5183783
vn -0.9686444 -0.2456283 0.0373451
vn -0.8578046 -0.5133619 -0.0251166
vn -0.7793957 -0.3633665 -0.5103990
vn -0.4793516 -0.1444704 -0.8656503
vn -0.0380687 0.0846734 -0.9956813
vn 0.4262115 0.2626660 -0.8656503
vn 0.7890855 0.3418144 -0.5103990
vn 0.9533215 0.3009108 -0.0251166
vn 0.8749126 0.1509154 0.4601657
vn 0.5748685 -0.0679807 0.8154170
vn 0.1335856 -0.2971245 0.9454480
vn -0.3306946 -0.4751171 0.8154170
vn -0.6935686 -0.5542655 0.4601657
vn -0.8578046 -0.5133619 -0.0251166
vn -0.5878503 -0.8020260 -0.1057656
vn -0.5195376 -0.6713444 -0.5285616
vn -0.2581280 -0.4806340 -0.8380698
vn 0.1263340 -0.2809954 -0.9513576
vn 0.5308322 -0.1259216 -0.8380698
vn 0.8469815 -0.0569646 -0.5285616
vn 0.9900700 -0.0926013 -0.1057656
vn 0.9217573 -0.2232829 0.3170303
vn 0.6603477 -0.4139933 0.6265385
vn 0.2758857 -0.6136319 0.7398263
vn -0.1286125 -0.7687056 0.6265385
vn -0.4447618 -0.8376627 0.3170303
vn -0.5878503 -0.8020260 -0.1057656
vn -0.4511005 -0.8824064 -0.1336684
vn -0.3900345 -0.7655877 -0.5116137
vn -0.1563555 -0.5951080 -0.7882889
vn 0.1873224 -0.4166473 -0.8895591
vn 0.5489110 -0.2780239 -0.7882889
vn 0.8315229 -0.2163820 -0.5116137
vn 0.9594324 -0.2482383 -0.1336684
vn 0.8983664 -0.3650570 0.2442770
vn 0.6646874 -0.5355367 0.5209522
vn 0.3210095 -0.7139974 0.6222223
vn -0.0405791 -0.8526208 0.5209522
vn -0.3231910 -0.9142627 0.2442770
vn -0.4511005 -0.8824064 -0.1336684
vn -0.3803523 -0.9132464 -0.1459905
vn -0.3233833 -0.8042653 -0.4985786
vn -0.1053824 -0.6452235 -0.7566909
vn 0.2152373 -0.4787362 -0.8511666
vn 0.5525659 -0.3494134 -0.7566909
vn 0.8162167 -0.2919071 -0.4985786
vn 0.9355444 -0.3216261 -0.1459905
vn 0.8785755 -0.4306072 0.2065975
vn 0.6605746 -0.5896490 0.4647099
vn 0.3399549 -0.7561363 0.5591856
vn 0.0026262 -0.8854591 0.4647099
vn -0.2610245 -0.9429654 0.2065975
vn -0.3803523 -0.9132464 -0.1459905
vn -0.4198880 -0.8968274 -0.1392649
vn -0.3606031 -0.7834160 -0.5061866
vn -0.1337399 -0.6179088 -0.7747919
vn 0.1999138 -0.4446533 -0.8731082
vn 0.5509557 -0.3100732 -0.7747919
vn 0.8253245 -0.2502292 -0.5061866
vn 0.9495032 -0.2811563 -0.1392649
vn 0.8902184 -0.3945678 0.2276567
vn 0.6633552 -0.5600750 0.4962620
vn 0.3297015 -0.7333304 0.5945783
vn -0.0213404 -0.8679105 0.4962620
vn -0.2957092 -0.9277545 0.2276567
vn -0.4198880 -0.8968274 -0.1392649
vn 0.4008423 -0.8915637 -0.2108069
vn -0.9679312 -0.2467300 0.0472601
vn -0.9013009 -0.0730056 -0.4269976
vn -0.6118785 0.1620270 -0.7741783
vn -0.1772144 0.3953910 -0.9012552
vn 0.2862233 0.5645567 -0.7741783
vn 0.6542570 0.6241962 -0.4269976
vn 0.8282723 0.5583292 0.0472601
vn 0.7616419 0.3846048 0.5215177
vn 0.4722195 0.1495722 0.8686984
vn 0.0375555 -0.0837918 0.9957753
vn -0.4258822 -0.2529575 0.8686984
vn -0.7939159 -0.3125970 0.5215177
vn -0.9679312 -0.2467300 0.0472601
vn -0.8590707 -0.5108691 -0.0317850
vn -0.7918518 -0.3356101 -0.5102319
vn -0.4998728 -0.0985014 -0.8604793
vn -0.0613694 0.1369239 -0.9886787
vn 0.4061620 0.3075838 -0.8604793
vn 0.7774466 0.3677502 -0.5102319
vn 0.9529991 0.3013014 -0.0317850
vn 0.8857802 0.1260424 0.4466619
vn 0.5938012 -0.1110663 0.7969093
vn 0.1552977 -0.3464917 0.9251087
vn -0.3122336 -0.5171516 0.7969093
vn -0.6835182 -0.5773179 0.4466619
vn -0.8590707 -0.5108691 -0.0317850
vn -0.5916060 -0.7950394 -0.1338460
vn -0.5330424 -0.6423472 -0.5506867
vn -0.2786595 -0.4357693 -0.8558353
vn 0.1033810 -0.2306580 -0.9675274
vn 0.5107117 -0.0819727 -0.8558353
vn 0.8341887 -0.0295536 -0.5506867
vn 0.9871365 -0.0874462 -0.1338460
vn 0.9285729 -0.2401384 0.2829947
vn 0.6741900 -0.4467163 0.5881432
vn 0.2921494 -0.6518276 0.6998353
vn -0.1151813 -0.8005129 0.5881432
vn -0.4386582 -0.8529320 0.2829947
vn -0.5916060 -0.7950394 -0.1338460
vn -0.4556950 -0.8739154 -0.1691568
vn -0.4033439 -0.7374210 -0.5417786
vn -0.1759462 -0.5527570 -0.8145567
vn 0.1655671 -0.3694042 -0.9144004
vn 0.5296878 -0.2364916 -0.8145567
vn 0.8188499 -0.1896331 -0.5417786
vn 0.9555729 -0.2413844 -0.1691568
vn 0.9032218 -0.3778788 0.2034650
vn 0.6758241 -0.5625428 0.4762431
vn 0.3343108 -0.7458956 0.5760868
vn -0.0298099 -0.8788082 0.4762431
vn -0.3189720 -0.9256667 0.2034650
vn -0.4556950 -0.8739154 -0.1691568
vn -0.3853118 -0.9041029 -0.1847504
vn -0.3364730 -0.7767663 -0.5323721
vn -0.1243320 -0.6044919 -0.7868488
vn 0.1942683 -0.4334407 -0.8799938
vn 0.5339592 -0.3094455 -0.7868488
vn 0.8037208 -0.2657309 -0.5323721
vn 0.9312706 -0.3140101 -0.1847504
vn 0.8824319 -0.4413468 0.1628712
vn 0.6702908 -0.6136211 0.4173480
vn 0.3516905 -0.7846724 0.5104929
vn 0.0119997 -0.9086675 0.4173480
vn -0.2577619 -0.9523822 0.1628712
vn -0.3853118 -0.9041029 -0.1847504
vn -0.4246487 -0.8880390 -0.1762392
vn -0.3738245 -0.7555258 -0.5379926
vn -0.1530595 -0.5762480 -0.8028144
vn 0.1784927 -0.3982431 -0.8997460
vn 0.5319929 -0.2692072 -0.8028144
vn 0.8127209 -0.2237155 -0.5379926
vn 0.9454560 -0.2739574 -0.1762392
vn 0.8946319 -0.4064706 0.1855141
vn 0.6738668 -0.5857483 0.4503359
vn 0.3423146 -0.7637533 0.5472675
vn -0.0111856 -0.8927891 0.4503359
vn -0.2919136 -0.9382808 0.1855141
vn -0.4246487 -0.8880390 -0.1762392
vn 0.3941760 -0.8794636 -0.2667754
vn -0.9687926 -0.2407915 0.0588256
vn -0.9133629 -0.0382712 -0.4053438
vn -0.6311196 0.2155353 -0.7451393
vn -0.1976895 0.4526210 -0.8695131
vn 0.2707901 0.6094589 -0.7451393
vn 0.6487905 0.6440243 -0.4053438
vn 0.8350268 0.5470555 0.0588256
vn 0.7795971 0.3445353 0.5229950
vn 0.4973538 0.0907287 0.8627905
vn 0.0639238 -0.1463570 0.9871643
vn -0.4045559 -0.3031948 0.8627905
vn -0.7825563 -0.3377602 0.5229950
vn -0.9687926 -0.2407915 0.0588256
vn -0.8648940 -0.5003929 -0.0395635
vn -0.8089747 -0.2960838 -0.5078330
vn -0.5242383 -0.0400352 -0.8506300
vn -0.0869796 0.1991447 -0.9761024
vn 0.3856382 0.3573679 -0.8506300
vn 0.7669775 0.3922386 -0.5078330
vn 0.9548589 0.2944133 -0.0395635
vn 0.8989396 0.0901042 0.4287060
vn 0.6142032 -0.1659443 0.7715030
vn 0.1769445 -0.4051242 0.8969755
vn -0.2956733 -0.5633474 0.7715030
vn -0.6770127 -0.5982182 0.4287060
vn -0.8648940 -0.5003929 -0.0395635
vn -0.6032980 -0.7799202 -0.1666010
vn -0.5545791 -0.6019185 -0.5745748
vn -0.3065061 -0.3788395 -0.8732323
vn 0.0744499 -0.1704571 -0.9825485
vn 0.4862121 -0.0326072 -0.8732323
vn 0.8184491 -0.0022265 -0.5745748
vn 0.9821383 -0.0874555 -0.1666010
vn 0.9334193 -0.2654572 0.2413728
vn 0.6853464 -0.4885362 0.5400303
vn 0.3043904 -0.6969186 0.6493465
vn -0.1073718 -0.8347686 0.5400303
vn -0.4396088 -0.8651493 0.2413728
vn -0.6032980 -0.7799202 -0.1666010
vn -0.4692335 -0.8576056 -0.2105531
vn -0.4256827 -0.6984864 -0.5752486
vn -0.2039256 -0.4990719 -0.8422242
vn 0.1366182 -0.3127949 -0.9399440
vn 0.5047002 -0.1895682 -0.8422242
vn 0.8016932 -0.1624103 -0.5752486
vn 0.9480181 -0.2385982 -0.2105531
vn 0.9044673 -0.3977173 0.1541424
vn 0.6827102 -0.5971318 0.4211180
vn 0.3421664 -0.7834088 0.5188379
vn -0.0259157 -0.9066355 0.4211180
vn -0.3229086 -0.9337934 0.1541424
vn -0.4692335 -0.8576056 -0.2105531
vn -0.3996218 -0.8873666 -0.2299628
vn -0.3589929 -0.7389232 -0.5701899
vn -0.1521141 -0.5528879 -0.8192535
vn 0.1655818 -0.3791087 -0.9104171
vn 0.5089683 -0.2641496 -0.8192535
vn 0.7860352 -0.2388138 -0.5701899
vn 0.9225428 -0.3098900 -0.2299628
vn 0.8819140 -0.4583334 0.1102644
vn 0.6750351 -0.6443687 0.3593279
vn 0.3573392 -0.8181479 0.4504915
vn 0.0139527 -0.9331070 0.3593279
vn -0.2631142 -0.9584428 0.1102644
vn -0.3996218 -0.8873666 -0.2299628
vn -0.4385416 -0.8715266 -0.2193687
vn -0.3962610 -0.7170486 -0.5734270
vn -0.1809720 -0.5234505 -0.8326156
vn 0.1496390 -0.3426067 -0.9274852
vn 0.5069850 -0.2229743 -0.8326156
vn 0.7953154 -0.1966085 -0.5734270
vn 0.9373724 -0.2705741 -0.2193687
vn 0.8950918 -0.4250521 0.1346895
vn 0.6798028 -0.6186503 0.3938781
vn 0.3491918 -0.7994940 0.4887478
vn -0.0081542 -0.9191265 0.3938781
vn -0.2964846 -0.9454923 0.1346895
vn -0.4385416 -0.8715266 -0.2193687
vn 0.3775429 -0.8644055 -0.3320610

o Tentacle_Variant_04
g Tentacle_Variant_04
s 1
usemtl KrakenSkin
f 1/1/1 23/23/23 22/22/22
f 1/1/1 2/2/2 23/23/23
f 2/2/2 24/24/24 23/23/23
f 2/2/2 3/3/3 24/24/24
f 3/3/3 25/25/25 24/24/24
f 3/3/3 4/4/4 25/25/25
f 4/4/4 26/26/26 25/25/25
f 4/4/4 5/5/5 26/26/26
f 5/5/5 27/27/27 26/26/26
f 5/5/5 6/6/6 27/27/27
f 6/6/6 28/28/28 27/27/27
f 6/6/6 7/7/7 28/28/28
f 7/7/7 29/29/29 28/28/28
f 7/7/7 8/8/8 29/29/29
f 8/8/8 30/30/30 29/29/29
f 8/8/8 9/9/9 30/30/30
f 9/9/9 31/31/31 30/30/30
f 9/9/9 10/10/10 31/31/31
f 10/10/10 32/32/32 31/31/31
f 10/10/10 11/11/11 32/32/32
f 11/11/11 33/33/33 32/32/32
f 11/11/11 12/12/12 33/33/33
f 12/12/12 34/34/34 33/33/33
f 12/12/12 13/13/13 34/34/34
f 13/13/13 35/35/35 34/34/34
f 13/13/13 14/14/14 35/35/35
f 14/14/14 36/36/36 35/35/35
f 14/14/14 15/15/15 36/36/36
f 15/15/15 37/37/37 36/36/36
f 15/15/15 16/16/16 37/37/37
f 16/16/16 38/38/38 37/37/37
f 16/16/16 17/17/17 38/38/38
f 17/17/17 39/39/39 38/38/38
f 17/17/17 18/18/18 39/39/39
f 18/18/18 40/40/40 39/39/39
f 18/18/18 19/19/19 40/40/40
f 19/19/19 41/41/41 40/40/40
f 19/19/19 20/20/20 41/41/41
f 20/20/20 42/42/42 41/41/41
f 20/20/20 21/21/21 42/42/42
f 22/22/22 44/44/44 43/43/43
f 22/22/22 23/23/23 44/44/44
f 23/23/23 45/45/45 44/44/44
f 23/23/23 24/24/24 45/45/45
f 24/24/24 46/46/46 45/45/45
f 24/24/24 25/25/25 46/46/46
f 25/25/25 47/47/47 46/46/46
f 25/25/25 26/26/26 47/47/47
f 26/26/26 48/48/48 47/47/47
f 26/26/26 27/27/27 48/48/48
f 27/27/27 49/49/49 48/48/48
f 27/27/27 28/28/28 49/49/49
f 28/28/28 50/50/50 49/49/49
f 28/28/28 29/29/29 50/50/50
f 29/29/29 51/51/51 50/50/50
f 29/29/29 30/30/30 51/51/51
f 30/30/30 52/52/52 51/51/51
f 30/30/30 31/31/31 52/52/52
f 31/31/31 53/53/53 52/52/52
f 31/31/31 32/32/32 53/53/53
f 32/32/32 54/54/54 53/53/53
f 32/32/32 33/33/33 54/54/54
f 33/33/33 55/55/55 54/54/54
f 33/33/33 34/34/34 55/55/55
f 34/34/34 56/56/56 55/55/55
f 34/34/34 35/35/35 56/56/56
f 35/35/35 57/57/57 56/56/56
f 35/35/35 36/36/36 57/57/57
f 36/36/36 58/58/58 57/57/57
f 36/36/36 37/37/37 58/58/58
f 37/37/37 59/59/59 58/58/58
f 37/37/37 38/38/38 59/59/59
f 38/38/38 60/60/60 59/59/59
f 38/38/38 39/39/39 60/60/60
f 39/39/39 61/61/61 60/60/60
f 39/39/39 40/40/40 61/61/61
f 40/40/40 62/62/62 61/61/61
f 40/40/40 41/41/41 62/62/62
f 41/41/41 63/63/63 62/62/62
f 41/41/41 42/42/42 63/63/63
f 43/43/43 65/65/65 64/64/64
f 43/43/43 44/44/44 65/65/65
f 44/44/44 66/66/66 65/65/65
f 44/44/44 45/45/45 66/66/66
f 45/45/45 67/67/67 66/66/66
f 45/45/45 46/46/46 67/67/67
f 46/46/46 68/68/68 67/67/67
f 46/46/46 47/47/47 68/68/68
f 47/47/47 69/69/69 68/68/68
f 47/47/47 48/48/48 69/69/69
f 48/48/48 70/70/70 69/69/69
f 48/48/48 49/49/49 70/70/70
f 49/49/49 71/71/71 70/70/70
f 49/49/49 50/50/50 71/71/71
f 50/50/50 72/72/72 71/71/71
f 50/50/50 51/51/51 72/72/72
f 51/51/51 73/73/73 72/72/72
f 51/51/51 52/52/52 73/73/73
f 52/52/52 74/74/74 73/73/73
f 52/52/52 53/53/53 74/74/74
f 53/53/53 75/75/75 74/74/74
f 53/53/53 54/54/54 75/75/75
f 54/54/54 76/76/76 75/75/75
f 54/54/54 55/55/55 76/76/76
f 55/55/55 77/77/77 76/76/76
f 55/55/55 56/56/56 77/77/77
f 56/56/56 78/78/78 77/77/77
f 56/56/56 57/57/57 78/78/78
f 57/57/57 79/79/79 78/78/78
f 57/57/57 58/58/58 79/79/79
f 58/58/58 80/80/80 79/79/79
f 58/58/58 59/59/59 80/80/80
f 59/59/59 81/81/81 80/80/80
f 59/59/59 60/60/60 81/81/81
f 60/60/60 82/82/82 81/81/81
f 60/60/60 61/61/61 82/82/82
f 61/61/61 83/83/83 82/82/82
f 61/61/61 62/62/62 83/83/83
f 62/62/62 84/84/84 83/83/83
f 62/62/62 63/63/63 84/84/84
f 64/64/64 86/86/86 85/85/85
f 64/64/64 65/65/65 86/86/86
f 65/65/65 87/87/87 86/86/86
f 65/65/65 66/66/66 87/87/87
f 66/66/66 88/88/88 87/87/87
f 66/66/66 67/67/67 88/88/88
f 67/67/67 89/89/89 88/88/88
f 67/67/67 68/68/68 89/89/89
f 68/68/68 90/90/90 89/89/89
f 68/68/68 69/69/69 90/90/90
f 69/69/69 91/91/91 90/90/90
f 69/69/69 70/70/70 91/91/91
f 70/70/70 92/92/92 91/91/91
f 70/70/70 71/71/71 92/92/92
f 71/71/71 93/93/93 92/92/92
f 71/71/71 72/72/72 93/93/93
f 72/72/72 94/94/94 93/93/93
f 72/72/72 73/73/73 94/94/94
f 73/73/73 95/95/95 94/94/94
f 73/73/73 74/74/74 95/95/95
f 74/74/74 96/96/96 95/95/95
f 74/74/74 75/75/75 96/96/96
f 75/75/75 97/97/97 96/96/96
f 75/75/75 76/76/76 97/97/97
f 76/76/76 98/98/98 97/97/97
f 76/76/76 77/77/77 98/98/98
f 77/77/77 99/99/99 98/98/98
f 77/77/77 78/78/78 99/99/99
f 78/78/78 100/100/100 99/99/99
f 78/78/78 79/79/79 100/100/100
f 79/79/79 101/101/101 100/100/100
f 79/79/79 80/80/80 101/101/101
f 80/80/80 102/102/102 101/101/101
f 80/80/80 81/81/81 102/102/102
f 81/81/81 103/103/103 102/102/102
f 81/81/81 82/82/82 103/103/103
f 82/82/82 104/104/104 103/103/103
f 82/82/82 83/83/83 104/104/104
f 83/83/83 105/105/105 104/104/104
f 83/83/83 84/84/84 105/105/105
f 85/85/85 107/107/107 106/106/106
f 85/85/85 86/86/86 107/107/107
f 86/86/86 108/108/108 107/107/107
f 86/86/86 87/87/87 108/108/108
f 87/87/87 109/109/109 108/108/108
f 87/87/87 88/88/88 109/109/109
f 88/88/88 110/110/110 109/109/109
f 88/88/88 89/89/89 110/110/110
f 89/89/89 111/111/111 110/110/110
f 89/89/89 90/90/90 111/111/111
f 90/90/90 112/112/112 111/111/111
f 90/90/90 91/91/91 112/112/112
f 91/91/91 113/113/113 112/112/112
f 91/91/91 92/92/92 113/113/113
f 92/92/92 114/114/114 113/113/113
f 92/92/92 93/93/93 114/114/114
f 93/93/93 115/115/115 114/114/114
f 93/93/93 94/94/94 115/115/115
f 94/94/94 116/116/116 115/115/115
f 94/94/94 95/95/95 116/116/116
f 95/95/95 117/117/117 116/116/116
f 95/95/95 96/96/96 117/117/117
f 96/96/96 118/118/118 117/117/117
f 96/96/96 97/97/97 118/118/118
f 97/97/97 119/119/119 118/118/118
f 97/97/97 98/98/98 119/119/119
f 98/98/98 120/120/120 119/119/119
f 98/98/98 99/99/99 120/120/120
f 99/99/99 121/121/121 120/120/120
f 99/99/99 100/100/100 121/121/121
f 100/100/100 122/122/122 121/121/121
f 100/100/100 101/101/101 122/122/122
f 101/101/101 123/123/123 122/122/122
f 101/101/101 102/102/102 123/123/123
f 102/102/102 124/124/124 123/123/123
f 102/102/102 103/103/103 124/124/124
f 103/103/103 125/125/125 124/124/124
f 103/103/103 104/104/104 125/125/125
f 104/104/104 126/126/126 125/125/125
f 104/104/104 105/105/105 126/126/126
f 106/106/106 128/128/128 127/127/127
f 106/106/106 107/107/107 128/128/128
f 107/107/107 129/129/129 128/128/128
f 107/107/107 108/108/108 129/129/129
f 108/108/108 130/130/130 129/129/129
f 108/108/108 109/109/109 130/130/130
f 109/109/109 131/131/131 130/130/130
f 109/109/109 110/110/110 131/131/131
f 110/110/110 132/132/132 131/131/131
f 110/110/110 111/111/111 132/132/132
f 111/111/111 133/133/133 132/132/132
f 111/111/111 112/112/112 133/133/133
f 112/112/112 134/134/134 133/133/133
f 112/112/112 113/113/113 134/134/134
f 113/113/113 135/135/135 134/134/134
f 113/113/113 114/114/114 135/135/135
f 114/114/114 136/136/136 135/135/135
f 114/114/114 115/115/115 136/136/136
f 115/115/115 137/137/137 136/136/136
f 115/115/115 116/116/116 137/137/137
f 116/116/116 138/138/138 137/137/137
f 116/116/116 117/117/117 138/138/138
f 117/117/117 139/139/139 138/138/138
f 117/117/117 118/118/118 139/139/139
f 118/118/118 140/140/140 139/139/139
f 118/118/118 119/119/119 140/140/140
f 119/119/119 141/141/141 140/140/140
f 119/119/119 120/120/120 141/141/141
f 120/120/120 142/142/142 141/141/141
f 120/120/120 121/121/121 142/142/142
f 121/121/121 143/143/143 142/142/142
f 121/121/121 122/122/122 143/143/143
f 122/122/122 144/144/144 143/143/143
f 122/122/122 123/123/123 144/144/144
f 123/123/123 145/145/145 144/144/144
f 123/123/123 124/124/124 145/145/145
f 124/124/124 146/146/146 145/145/145
f 124/124/124 125/125/125 146/146/146
f 125/125/125 147/147/147 146/146/146
f 125/125/125 126/126/126 147/147/147
f 127/127/127 149/149/149 148/148/148
f 127/127/127 128/128/128 149/149/149
f 128/128/128 150/150/150 149/149/149
f 128/128/128 129/129/129 150/150/150
f 129/129/129 151/151/151 150/150/150
f 129/129/129 130/130/130 151/151/151
f 130/130/130 152/152/152 151/151/151
f 130/130/130 131/131/131 152/152/152
f 131/131/131 153/153/153 152/152/152
f 131/131/131 132/132/132 153/153/153
f 132/132/132 154/154/154 153/153/153
f 132/132/132 133/133/133 154/154/154
f 133/133/133 155/155/155 154/154/154
f 133/133/133 134/134/134 155/155/155
f 134/134/134 156/156/156 155/155/155
f 134/134/134 135/135/135 156/156/156
f 135/135/135 157/157/157 156/156/156
f 135/135/135 136/136/136 157/157/157
f 136/136/136 158/158/158 157/157/157
f 136/136/136 137/137/137 158/158/158
f 137/137/137 159/159/159 158/158/158
f 137/137/137 138/138/138 159/159/159
f 138/138/138 160/160/160 159/159/159
f 138/138/138 139/139/139 160/160/160
f 139/139/139 161/161/161 160/160/160
f 139/139/139 140/140/140 161/161/161
f 140/140/140 162/162/162 161/161/161
f 140/140/140 141/141/141 162/162/162
f 141/141/141 163/163/163 162/162/162
f 141/141/141 142/142/142 163/163/163
f 142/142/142 164/164/164 163/163/163
f 142/142/142 143/143/143 164/164/164
f 143/143/143 165/165/165 164/164/164
f 143/143/143 144/144/144 165/165/165
f 144/144/144 166/166/166 165/165/165
f 144/144/144 145/145/145 166/166/166
f 145/145/145 167/167/167 166/166/166
f 145/145/145 146/146/146 167/167/167
f 146/146/146 168/168/168 167/167/167
f 146/146/146 147/147/147 168/168/168
f 148/148/148 170/170/170 169/169/169
f 148/148/148 149/149/149 170/170/170
f 149/149/149 171/171/171 170/170/170
f 149/149/149 150/150/150 171/171/171
f 150/150/150 172/172/172 171/171/171
f 150/150/150 151/151/151 172/172/172
f 151/151/151 173/173/173 172/172/172
f 151/151/151 152/152/152 173/173/173
f 152/152/152 174/174/174 173/173/173
f 152/152/152 153/153/153 174/174/174
f 153/153/153 175/175/175 174/174/174
f 153/153/153 154/154/154 175/175/175
f 154/154/154 176/176/176 175/175/175
f 154/154/154 155/155/155 176/176/176
f 155/155/155 177/177/177 176/176/176
f 155/155/155 156/156/156 177/177/177
f 156/156/156 178/178/178 177/177/177
f 156/156/156 157/157/157 178/178/178
f 157/157/157 179/179/179 178/178/178
f 157/157/157 158/158/158 179/179/179
f 158/158/158 180/180/180 179/179/179
f 158/158/158 159/159/159 180/180/180
f 159/159/159 181/181/181 180/180/180
f 159/159/159 160/160/160 181/181/181
f 160/160/160 182/182/182 181/181/181
f 160/160/160 161/161/161 182/182/182
f 161/161/161 183/183/183 182/182/182
f 161/161/161 162/162/162 183/183/183
f 162/162/162 184/184/184 183/183/183
f 162/162/162 163/163/163 184/184/184
f 163/163/163 185/185/185 184/184/184
f 163/163/163 164/164/164 185/185/185
f 164/164/164 186/186/186 185/185/185
f 164/164/164 165/165/165 186/186/186
f 165/165/165 187/187/187 186/186/186
f 165/165/165 166/166/166 187/187/187
f 166/166/166 188/188/188 187/187/187
f 166/166/166 167/167/167 188/188/188
f 167/167/167 189/189/189 188/188/188
f 167/167/167 168/168/168 189/189/189
f 169/169/169 191/191/191 190/190/190
f 169/169/169 170/170/170 191/191/191
f 170/170/170 192/192/192 191/191/191
f 170/170/170 171/171/171 192/192/192
f 171/171/171 193/193/193 192/192/192
f 171/171/171 172/172/172 193/193/193
f 172/172/172 194/194/194 193/193/193
f 172/172/172 173/173/173 194/194/194
f 173/173/173 195/195/195 194/194/194
f 173/173/173 174/174/174 195/195/195
f 174/174/174 196/196/196 195/195/195
f 174/174/174 175/175/175 196/196/196
f 175/175/175 197/197/197 196/196/196
f 175/175/175 176/176/176 197/197/197
f 176/176/176 198/198/198 197/197/197
f 176/176/176 177/177/177 198/198/198
f 177/177/177 199/199/199 198/198/198
f 177/177/177 178/178/178 199/199/199
f 178/178/178 200/200/200 199/199/199
f 178/178/178 179/179/179 200/200/200
f 179/179/179 201/201/201 200/200/200
f 179/179/179 180/180/180 201/201/201
f 180/180/180 202/202/202 201/201/201
f 180/180/180 181/181/181 202/202/202
f 181/181/181 203/203/203 202/202/202
f 181/181/181 182/182/182 203/203/203
f 182/182/182 204/204/204 203/203/203
f 182/182/182 183/183/183 204/204/204
f 183/183/183 205/205/205 204/204/204
f 183/183/183 184/184/184 205/205/205
f 184/184/184 206/206/206 205/205/205
f 184/184/184 185/185/185 206/206/206
f 185/185/185 207/207/207 206/206/206
f 185/185/185 186/186/186 207/207/207
f 186/186/186 208/208/208 207/207/207
f 186/186/186 187/187/187 208/208/208
f 187/187/187 209/209/209 208/208/208
f 187/187/187 188/188/188 209/209/209
f 188/188/188 210/210/210 209/209/209
f 188/188/188 189/189/189 210/210/210
f 190/190/190 212/212/212 211/211/211
f 190/190/190 191/191/191 212/212/212
f 191/191/191 213/213/213 212/212/212
f 191/191/191 192/192/192 213/213/213
f 192/192/192 214/214/214 213/213/213
f 192/192/192 193/193/193 214/214/214
f 193/193/193 215/215/215 214/214/214
f 193/193/193 194/194/194 215/215/215
f 194/194/194 216/216/216 215/215/215
f 194/194/194 195/195/195 216/216/216
f 195/195/195 217/217/217 216/216/216
f 195/195/195 196/196/196 217/217/217
f 196/196/196 218/218/218 217/217/217
f 196/196/196 197/197/197 218/218/218
f 197/197/197 219/219/219 218/218/218
f 197/197/197 198/198/198 219/219/219
f 198/198/198 220/220/220 219/219/219
f 198/198/198 199/199/199 220/220/220
f 199/199/199 221/221/221 220/220/220
f 199/199/199 200/200/200 221/221/221
f 200/200/200 222/222/222 221/221/221
f 200/200/200 201/201/201 222/222/222
f 201/201/201 223/223/223 222/222/222
f 201/201/201 202/202/202 223/223/223
f 202/202/202 224/224/224 223/223/223
f 202/202/202 203/203/203 224/224/224
f 203/203/203 225/225/225 224/224/224
f 203/203/203 204/204/204 225/225/225
f 204/204/204 226/226/226 225/225/225
f 204/204/204 205/205/205 226/226/226
f 205/205/205 227/227/227 226/226/226
f 205/205/205 206/206/206 227/227/227
f 206/206/206 228/228/228 227/227/227
f 206/206/206 207/207/207 228/228/228
f 207/207/207 229/229/229 228/228/228
f 207/207/207 208/208/208 229/229/229
f 208/208/208 230/230/230 229/229/229
f 208/208/208 209/209/209 230/230/230
f 209/209/209 231/231/231 230/230/230
f 209/209/209 210/210/210 231/231/231
f 211/211/211 233/233/233 232/232/232
f 211/211/211 212/212/212 233/233/233
f 212/212/212 234/234/234 233/233/233
f 212/212/212 213/213/213 234/234/234
f 213/213/213 235/235/235 234/234/234
f 213/213/213 214/214/214 235/235/235
f 214/214/214 236/236/236 235/235/235
f 214/214/214 215/215/215 236/236/236
f 215/215/215 237/237/237 236/236/236
f 215/215/215 216/216/216 237/237/237
f 216/216/216 238/238/238 237/237/237
f 216/216/216 217/217/217 238/238/238
f 217/217/217 239/239/239 238/238/238
f 217/217/217 218/218/218 239/239/239
f 218/218/218 240/240/240 239/239/239
f 218/218/218 219/219/219 240/240/240
f 219/219/219 241/241/241 240/240/240
f 219/219/219 220/220/220 241/241/241
f 220/220/220 242/242/242 241/241/241
f 220/220/220 221/221/221 242/242/242
f 221/221/221 243/243/243 242/242/242
f 221/221/221 222/222/222 243/243/243
f 222/222/222 244/244/244 243/243/243
f 222/222/222 223/223/223 244/244/244
f 223/223/223 245/245/245 244/244/244
f 223/223/223 224/224/224 245/245/245
f 224/224/224 246/246/246 245/245/245
f 224/224/224 225/225/225 246/246/246
f 225/225/225 247/247/247 246/246/246
f 225/225/225 226/226/226 247/247/247
f 226/226/226 248/248/248 247/247/247
f 226/226/226 227/227/227 248/248/248
f 227/227/227 249/249/249 248/248/248
f 227/227/227 228/228/228 249/249/249
f 228/228/228 250/250/250 249/249/249
f 228/228/228 229/229/229 250/250/250
f 229/229/229 251/251/251 250/250/250
f 229/229/229 230/230/230 251/251/251
f 230/230/230 252/252/252 251/251/251
f 230/230/230 231/231/231 252/252/252
f 232/232/232 254/254/254 253/253/253
f 232/232/232 233/233/233 254/254/254
f 233/233/233 255/255/255 254/254/254
f 233/233/233 234/234/234 255/255/255
f 234/234/234 256/256/256 255/255/255
f 234/234/234 235/235/235 256/256/256
f 235/235/235 257/257/257 256/256/256
f 235/235/235 236/236/236 257/257/257
f 236/236/236 258/258/258 257/257/257
f 236/236/236 237/237/237 258/258/258
f 237/237/237 259/259/259 258/258/258
f 237/237/237 238/238/238 259/259/259
f 238/238/238 260/260/260 259/259/259
f 238/238/238 239/239/239 260/260/260
f 239/239/239 261/261/261 260/260/260
f 239/239/239 240/240/240 261/261/261
f 240/240/240 262/262/262 261/261/261
f 240/240/240 241/241/241 262/262/262
f 241/241/241 263/263/263 262/262/262
f 241/241/241 242/242/242 263/263/263
f 242/242/242 264/264/264 263/263/263
f 242/242/242 243/243/243 264/264/264
f 243/243/243 265/265/265 264/264/264
f 243/243/243 244/244/244 265/265/265
f 244/244/244 266/266/266 265/265/265
f 244/244/244 245/245/245 266/266/266
f 245/245/245 267/267/267 266/266/266
f 245/245/245 246/246/246 267/267/267
f 246/246/246 268/268/268 267/267/267
f 246/246/246 247/247/247 268/268/268
f 247/247/247 269/269/269 268/268/268
f 247/247/247 248/248/248 269/269/269
f 248/248/248 270/270/270 269/269/269
f 248/248/248 249/249/249 270/270/270
f 249/249/249 271/271/271 270/270/270
f 249/249/249 250/250/250 271/271/271
f 250/250/250 272/272/272 271/271/271
f 250/250/250 251/251/251 272/272/272
f 251/251/251 273/273/273 272/272/272
f 251/251/251 252/252/252 273/273/273
f 253/253/253 275/275/275 274/274/274
f 253/253/253 254/254/254 275/275/275
f 254/254/254 276/276/276 275/275/275
f 254/254/254 255/255/255 276/276/276
f 255/255/255 277/277/277 276/276/276
f 255/255/255 256/256/256 277/277/277
f 256/256/256 278/278/278 277/277/277
f 256/256/256 257/257/257 278/278/278
f 257/257/257 279/279/279 278/278/278
f 257/257/257 258/258/258 279/279/279
f 258/258/258 280/280/280 279/279/279
f 258/258/258 259/259/259 280/280/280
f 259/259/259 281/281/281 280/280/280
f 259/259/259 260/260/260 281/281/281
f 260/260/260 282/282/282 281/281/281
f 260/260/260 261/261/261 282/282/282
f 261/261/261 283/283/283 282/282/282
f 261/261/261 262/262/262 283/283/283
f 262/262/262 284/284/284 283/283/283
f 262/262/262 263/263/263 284/284/284
f 263/263/263 285/285/285 284/284/284
f 263/263/263 264/264/264 285/285/285
f 264/264/264 286/286/286 285/285/285
f 264/264/264 265/265/265 286/286/286
f 265/265/265 287/287/287 286/286/286
f 265/265/265 266/266/266 287/287/287
f 266/266/266 288/288/288 287/287/287
f 266/266/266 267/267/267 288/288/288
f 267/267/267 289/289/289 288/288/288
f 267/267/267 268/268/268 289/289/289
f 268/268/268 290/290/290 289/289/289
f 268/268/268 269/269/269 290/290/290
f 269/269/269 291/291/291 290/290/290
f 269/269/269 270/270/270 291/291/291
f 270/270/270 292/292/292 291/291/291
f 270/270/270 271/271/271 292/292/292
f 271/271/271 293/293/293 292/292/292
f 271/271/271 272/272/272 293/293/293
f 272/272/272 294/294/294 293/293/293
f 272/272/272 273/273/273 294/294/294
f 274/274/274 296/296/296 295/295/295
f 274/274/274 275/275/275 296/296/296
f 275/275/275 297/297/297 296/296/296
f 275/275/275 276/276/276 297/297/297
f 276/276/276 298/298/298 297/297/297
f 276/276/276 277/277/277 298/298/298
f 277/277/277 299/299/299 298/298/298
f 277/277/277 278/278/278 299/299/299
f 278/278/278 300/300/300 299/299/299
f 278/278/278 279/279/279 300/300/300
f 279/279/279 301/301/301 300/300/300
f 279/279/279 280/280/280 301/301/301
f 280/280/280 302/302/302 301/301/301
f 280/280/280 281/281/281 302/302/302
f 281/281/281 303/303/303 302/302/302
f 281/281/281 282/282/282 303/303/303
f 282/282/282 304/304/304 303/303/303
f 282/282/282 283/283/283 304/304/304
f 283/283/283 305/305/305 304/304/304
f 283/283/283 284/284/284 305/305/305
f 284/284/284 306/306/306 305/305/305
f 284/284/284 285/285/285 306/306/306
f 285/285/285 307/307/307 306/306/306
f 285/285/285 286/286/286 307/307/307
f 286/286/286 308/308/308 307/307/307
f 286/286/286 287/287/287 308/308/308
f 287/287/287 309/309/309 308/308/308
f 287/287/287 288/288/288 309/309/309
f 288/288/288 310/310/310 309/309/309
f 288/288/288 289/289/289 310/310/310
f 289/289/289 311/311/311 310/310/310
f 289/289/289 290/290/290 311/311/311
f 290/290/290 312/312/312 311/311/311
f 290/290/290 291/291/291 312/312/312
f 291/291/291 313/313/313 312/312/312
f 291/291/291 292/292/292 313/313/313
f 292/292/292 314/314/314 313/313/313
f 292/292/292 293/293/293 314/314/314
f 293/293/293 315/315/315 314/314/314
f 293/293/293 294/294/294 315/315/315
f 295/295/295 317/317/317 316/316/316
f 295/295/295 296/296/296 317/317/317
f 296/296/296 318/318/318 317/317/317
f 296/296/296 297/297/297 318/318/318
f 297/297/297 319/319/319 318/318/318
f 297/297/297 298/298/298 319/319/319
f 298/298/298 320/320/320 319/319/319
f 298/298/298 299/299/299 320/320/320
f 299/299/299 321/321/321 320/320/320
f 299/299/299 300/300/300 321/321/321
f 300/300/300 322/322/322 321/321/321
f 300/300/300 301/301/301 322/322/322
f 301/301/301 323/323/323 322/322/322
f 301/301/301 302/302/302 323/323/323
f 302/302/302 324/324/324 323/323/323
f 302/302/302 303/303/303 324/324/324
f 303/303/303 325/325/325 324/324/324
f 303/303/303 304/304/304 325/325/325
f 304/304/304 326/326/326 325/325/325
f 304/304/304 305/305/305 326/326/326
f 305/305/305 327/327/327 326/326/326
f 305/305/305 306/306/306 327/327/327
f 306/306/306 328/328/328 327/327/327
f 306/306/306 307/307/307 328/328/328
f 307/307/307 329/329/329 328/328/328
f 307/307/307 308/308/308 329/329/329
f 308/308/308 330/330/330 329/329/329
f 308/308/308 309/309/309 330/330/330
f 309/309/309 331/331/331 330/330/330
f 309/309/309 310/310/310 331/331/331
f 310/310/310 332/332/332 331/331/331
f 310/310/310 311/311/311 332/332/332
f 311/311/311 333/333/333 332/332/332
f 311/311/311 312/312/312 333/333/333
f 312/312/312 334/334/334 333/333/333
f 312/312/312 313/313/313 334/334/334
f 313/313/313 335/335/335 334/334/334
f 313/313/313 314/314/314 335/335/335
f 314/314/314 336/336/336 335/335/335
f 314/314/314 315/315/315 336/336/336
f 316/316/316 338/338/338 337/337/337
f 316/316/316 317/317/317 338/338/338
f 317/317/317 339/339/339 338/338/338
f 317/317/317 318/318/318 339/339/339
f 318/318/318 340/340/340 339/339/339
f 318/318/318 319/319/319 340/340/340
f 319/319/319 341/341/341 340/340/340
f 319/319/319 320/320/320 341/341/341
f 320/320/320 342/342/342 341/341/341
f 320/320/320 321/321/321 342/342/342
f 321/321/321 343/343/343 342/342/342
f 321/321/321 322/322/322 343/343/343
f 322/322/322 344/344/344 343/343/343
f 322/322/322 323/323/323 344/344/344
f 323/323/323 345/345/345 344/344/344
f 323/323/323 324/324/324 345/345/345
f 324/324/324 346/346/346 345/345/345
f 324/324/324 325/325/325 346/346/346
f 325/325/325 347/347/347 346/346/346
f 325/325/325 326/326/326 347/347/347
f 326/326/326 348/348/348 347/347/347
f 326/326/326 327/327/327 348/348/348
f 327/327/327 349/349/349 348/348/348
f 327/327/327 328/328/328 349/349/349
f 328/328/328 350/350/350 349/349/349
f 328/328/328 329/329/329 350/350/350
f 329/329/329 351/351/351 350/350/350
f 329/329/329 330/330/330 351/351/351
f 330/330/330 352/352/352 351/351/351
f 330/330/330 331/331/331 352/352/352
f 331/331/331 353/353/353 352/352/352
f 331/331/331 332/332/332 353/353/353
f 332/332/332 354/354/354 353/353/353
f 332/332/332 333/333/333 354/354/354
f 333/333/333 355/355/355 354/354/354
f 333/333/333 334/334/334 355/355/355
f 334/334/334 356/356/356 355/355/355
f 334/334/334 335/335/335 356/356/356
f 335/335/335 357/357/357 356/356/356
f 335/335/335 336/336/336 357/357/357
f 337/337/337 359/359/359 358/358/358
f 337/337/337 338/338/338 359/359/359
f 338/338/338 360/360/360 359/359/359
f 338/338/338 339/339/339 360/360/360
f 339/339/339 361/361/361 360/360/360
f 339/339/339 340/340/340 361/361/361
f 340/340/340 362/362/362 361/361/361
f 340/340/340 341/341/341 362/362/362
f 341/341/341 363/363/363 362/362/362
f 341/341/341 342/342/342 363/363/363
f 342/342/342 364/364/364 363/363/363
f 342/342/342 343/343/343 364/364/364
f 343/343/343 365/365/365 364/364/364
f 343/343/343 344/344/344 365/365/365
f 344/344/344 366/366/366 365/365/365
f 344/344/344 345/345/345 366/366/366
f 345/345/345 367/367/367 366/366/366
f 345/345/345 346/346/346 367/367/367
f 346/346/346 368/368/368 367/367/367
f 346/346/346 347/347/347 368/368/368
f 347/347/347 369/369/369 368/368/368
f 347/347/347 348/348/348 369/369/369
f 348/348/348 370/370/370 369/369/369
f 348/348/348 349/349/349 370/370/370
f 349/349/349 371/371/371 370/370/370
f 349/349/349 350/350/350 371/371/371
f 350/350/350 372/372/372 371/371/371
f 350/350/350 351/351/351 372/372/372
f 351/351/351 373/373/373 372/372/372
f 351/351/351 352/352/352 373/373/373
f 352/352/352 374/374/374 373/373/373
f 352/352/352 353/353/353 374/374/374
f 353/353/353 375/375/375 374/374/374
f 353/353/353 354/354/354 375/375/375
f 354/354/354 376/376/376 375/375/375
f 354/354/354 355/355/355 376/376/376
f 355/355/355 377/377/377 376/376/376
f 355/355/355 356/356/356 377/377/377
f 356/356/356 378/378/378 377/377/377
f 356/356/356 357/357/357 378/378/378
f 358/358/358 380/380/380 379/379/379
f 358/358/358 359/359/359 380/380/380
f 359/359/359 381/381/381 380/380/380
f 359/359/359 360/360/360 381/381/381
f 360/360/360 382/382/382 381/381/381
f 360/360/360 361/361/361 382/382/382
f 361/361/361 383/383/383 382/382/382
f 361/361/361 362/362/362 383/383/383
f 362/362/362 384/384/384 383/383/383
f 362/362/362 363/363/363 384/384/384
f 363/363/363 385/385/385 384/384/384
f 363/363/363 364/364/364 385/385/385
f 364/364/364 386/386/386 385/385/385
f 364/364/364 365/365/365 386/386/386
f 365/365/365 387/387/387 386/386/386
f 365/365/365 366/366/366 387/387/387
f 366/366/366 388/388/388 387/387/387
f 366/366/366 367/367/367 388/388/388
f 367/367/367 389/389/389 388/388/388
f 367/367/367 368/368/368 389/389/389
f 368/368/368 390/390/390 389/389/389
f 368/368/368 369/369/369 390/390/390
f 369/369/369 391/391/391 390/390/390
f 369/369/369 370/370/370 391/391/391
f 370/370/370 392/392/392 391/391/391
f 370/370/370 371/371/371 392/392/392
f 371/371/371 393/393/393 392/392/392
f 371/371/371 372/372/372 393/393/393
f 372/372/372 394/394/394 393/393/393
f 372/372/372 373/373/373 394/394/394
f 373/373/373 395/395/395 394/394/394
f 373/373/373 374/374/374 395/395/395
f 374/374/374 396/396/396 395/395/395
f 374/374/374 375/375/375 396/396/396
f 375/375/375 397/397/397 396/396/396
f 375/375/375 376/376/376 397/397/397
f 376/376/376 398/398/398 397/397/397
f 376/376/376 377/377/377 398/398/398
f 377/377/377 399/399/399 398/398/398
f 377/377/377 378/378/378 399/399/399
f 379/379/379 401/401/401 400/400/400
f 379/379/379 380/380/380 401/401/401
f 380/380/380 402/402/402 401/401/401
f 380/380/380 381/381/381 402/402/402
f 381/381/381 403/403/403 402/402/402
f 381/381/381 382/382/382 403/403/403
f 382/382/382 404/404/404 403/403/403
f 382/382/382 383/383/383 404/404/404
f 383/383/383 405/405/405 404/404/404
f 383/383/383 384/384/384 405/405/405
f 384/384/384 406/406/406 405/405/405
f 384/384/384 385/385/385 406/406/406
f 385/385/385 407/407/407 406/406/406
f 385/385/385 386/386/386 407/407/407
f 386/386/386 408/408/408 407/407/407
f 386/386/386 387/387/387 408/408/408
f 387/387/387 409/409/409 408/408/408
f 387/387/387 388/388/388 409/409/409
f 388/388/388 410/410/410 409/409/409
f 388/388/388 389/389/389 410/410/410
f 389/389/389 411/411/411 410/410/410
f 389/389/389 390/390/390 411/411/411
f 390/390/390 412/412/412 411/411/411
f 390/390/390 391/391/391 412/412/412
f 391/391/391 413/413/413 412/412/412
f 391/391/391 392/392/392 413/413/413
f 392/392/392 414/414/414 413/413/413
f 392/392/392 393/393/393 414/414/414
f 393/393/393 415/415/415 414/414/414
f 393/393/393 394/394/394 415/415/415
f 394/394/394 416/416/416 415/415/415
f 394/394/394 395/395/395 416/416/416
f 395/395/395 417/417/417 416/416/416
f 395/395/395 396/396/396 417/417/417
f 396/396/396 418/418/418 417/417/417
f 396/396/396 397/397/397 418/418/418
f 397/397/397 419/419/419 418/418/418
f 397/397/397 398/398/398 419/419/419
f 398/398/398 420/420/420 419/419/419
f 398/398/398 399/399/399 420/420/420
f 400/400/400 422/422/422 421/421/421
f 400/400/400 401/401/401 422/422/422
f 401/401/401 423/423/423 422/422/422
f 401/401/401 402/402/402 423/423/423
f 402/402/402 424/424/424 423/423/423
f 402/402/402 403/403/403 424/424/424
f 403/403/403 425/425/425 424/424/424
f 403/403/403 404/404/404 425/425/425
f 404/404/404 426/426/426 425/425/425
f 404/404/404 405/405/405 426/426/426
f 405/405/405 427/427/427 426/426/426
f 405/405/405 406/406/406 427/427/427
f 406/406/406 428/428/428 427/427/427
f 406/406/406 407/407/407 428/428/428
f 407/407/407 429/429/429 428/428/428
f 407/407/407 408/408/408 429/429/429
f 408/408/408 430/430/430 429/429/429
f 408/408/408 409/409/409 430/430/430
f 409/409/409 431/431/431 430/430/430
f 409/409/409 410/410/410 431/431/431
f 410/410/410 432/432/432 431/431/431
f 410/410/410 411/411/411 432/432/432
f 411/411/411 433/433/433 432/432/432
f 411/411/411 412/412/412 433/433/433
f 412/412/412 434/434/434 433/433/433
f 412/412/412 413/413/413 434/434/434
f 413/413/413 435/435/435 434/434/434
f 413/413/413 414/414/414 435/435/435
f 414/414/414 436/436/436 435/435/435
f 414/414/414 415/415/415 436/436/436
f 415/415/415 437/437/437 436/436/436
f 415/415/415 416/416/416 437/437/437
f 416/416/416 438/438/438 437/437/437
f 416/416/416 417/417/417 438/438/438
f 417/417/417 439/439/439 438/438/438
f 417/417/417 418/418/418 439/439/439
f 418/418/418 440/440/440 439/439/439
f 418/418/418 419/419/419 440/440/440
f 419/419/419 441/441/441 440/440/440
f 419/419/419 420/420/420 441/441/441
f 421/421/421 443/443/443 442/442/442
f 421/421/421 422/422/422 443/443/443
f 422/422/422 444/444/444 443/443/443
f 422/422/422 423/423/423 444/444/444
f 423/423/423 445/445/445 444/444/444
f 423/423/423 424/424/424 445/445/445
f 424/424/424 446/446/446 445/445/445
f 424/424/424 425/425/425 446/446/446
f 425/425/425 447/447/447 446/446/446
f 425/425/425 426/426/426 447/447/447
f 426/426/426 448/448/448 447/447/447
f 426/426/426 427/427/427 448/448/448
f 427/427/427 449/449/449 448/448/448
f 427/427/427 428/428/428 449/449/449
f 428/428/428 450/450/450 449/449/449
f 428/428/428 429/429/429 450/450/450
f 429/429/429 451/451/451 450/450/450
f 429/429/429 430/430/430 451/451/451
f 430/430/430 452/452/452 451/451/451
f 430/430/430 431/431/431 452/452/452
f 431/431/431 453/453/453 452/452/452
f 431/431/431 432/432/432 453/453/453
f 432/432/432 454/454/454 453/453/453
f 432/432/432 433/433/433 454/454/454
f 433/433/433 455/455/455 454/454/454
f 433/433/433 434/434/434 455/455/455
f 434/434/434 456/456/456 455/455/455
f 434/434/434 435/435/435 456/456/456
f 435/435/435 457/457/457 456/456/456
f 435/435/435 436/436/436 457/457/457
f 436/436/436 458/458/458 457/457/457
f 436/436/436 437/437/437 458/458/458
f 437/437/437 459/459/459 458/458/458
f 437/437/437 438/438/438 459/459/459
f 438/438/438 460/460/460 459/459/459
f 438/438/438 439/439/439 460/460/460
f 439/439/439 461/461/461 460/460/460
f 439/439/439 440/440/440 461/461/461
f 440/440/440 462/462/462 461/461/461
f 440/440/440 441/441/441 462/462/462
f 442/442/442 464/464/464 463/463/463
f 442/442/442 443/443/443 464/464/464
f 443/443/443 465/465/465 464/464/464
f 443/443/443 444/444/444 465/465/465
f 444/444/444 466/466/466 465/465/465
f 444/444/444 445/445/445 466/466/466
f 445/445/445 467/467/467 466/466/466
f 445/445/445 446/446/446 467/467/467
f 446/446/446 468/468/468 467/467/467
f 446/446/446 447/447/447 468/468/468
f 447/447/447 469/469/469 468/468/468
f 447/447/447 448/448/448 469/469/469
f 448/448/448 470/470/470 469/469/469
f 448/448/448 449/449/449 470/470/470
f 449/449/449 471/471/471 470/470/470
f 449/449/449 450/450/450 471/471/471
f 450/450/450 472/472/472 471/471/471
f 450/450/450 451/451/451 472/472/472
f 451/451/451 473/473/473 472/472/472
f 451/451/451 452/452/452 473/473/473
f 452/452/452 474/474/474 473/473/473
f 452/452/452 453/453/453 474/474/474
f 453/453/453 475/475/475 474/474/474
f 453/453/453 454/454/454 475/475/475
f 454/454/454 476/476/476 475/475/475
f 454/454/454 455/455/455 476/476/476
f 455/455/455 477/477/477 476/476/476
f 455/455/455 456/456/456 477/477/477
f 456/456/456 478/478/478 477/477/477
f 456/456/456 457/457/457 478/478/478
f 457/457/457 479/479/479 478/478/478
f 457/457/457 458/458/458 479/479/479
f 458/458/458 480/480/480 479/479/479
f 458/458/458 459/459/459 480/480/480
f 459/459/459 481/481/481 480/480/480
f 459/459/459 460/460/460 481/481/481
f 460/460/460 482/482/482 481/481/481
f 460/460/460 461/461/461 482/482/482
f 461/461/461 483/483/483 482/482/482
f 461/461/461 462/462/462 483/483/483
f 463/463/463 485/485/485 484/484/484
f 463/463/463 464/464/464 485/485/485
f 464/464/464 486/486/486 485/485/485
f 464/464/464 465/465/465 486/486/486
f 465/465/465 487/487/487 486/486/486
f 465/465/465 466/466/466 487/487/487
f 466/466/466 488/488/488 487/487/487
f 466/466/466 467/467/467 488/488/488
f 467/467/467 489/489/489 488/488/488
f 467/467/467 468/468/468 489/489/489
f 468/468/468 490/490/490 489/489/489
f 468/468/468 469/469/469 490/490/490
f 469/469/469 491/491/491 490/490/490
f 469/469/469 470/470/470 491/491/491
f 470/470/470 492/492/492 491/491/491
f 470/470/470 471/471/471 492/492/492
f 471/471/471 493/493/493 492/492/492
f 471/471/471 472/472/472 493/493/493
f 472/472/472 494/494/494 493/493/493
f 472/472/472 473/473/473 494/494/494
f 473/473/473 495/495/495 494/494/494
f 473/473/473 474/474/474 495/495/495
f 474/474/474 496/496/496 495/495/495
f 474/474/474 475/475/475 496/496/496
f 475/475/475 497/497/497 496/496/496
f 475/475/475 476/476/476 497/497/497
f 476/476/476 498/498/498 497/497/497
f 476/476/476 477/477/477 498/498/498
f 477/477/477 499/499/499 498/498/498
f 477/477/477 478/478/478 499/499/499
f 478/478/478 500/500/500 499/499/499
f 478/478/478 479/479/479 500/500/500
f 479/479/479 501/501/501 500/500/500
f 479/479/479 480/480/480 501/501/501
f 480/480/480 502/502/502 501/501/501
f 480/480/480 481/481/481 502/502/502
f 481/481/481 503/503/503 502/502/502
f 481/481/481 482/482/482 503/503/503
f 482/482/482 504/504/504 503/503/503
f 482/482/482 483/483/483 504/504/504
f 484/484/484 506/506/506 505/505/505
f 484/484/484 485/485/485 506/506/506
f 485/485/485 507/507/507 506/506/506
f 485/485/485 486/486/486 507/507/507
f 486/486/486 508/508/508 507/507/507
f 486/486/486 487/487/487 508/508/508
f 487/487/487 509/509/509 508/508/508
f 487/487/487 488/488/488 509/509/509
f 488/488/488 510/510/510 509/509/509
f 488/488/488 489/489/489 510/510/510
f 489/489/489 511/511/511 510/510/510
f 489/489/489 490/490/490 511/511/511
f 490/490/490 512/512/512 511/511/511
f 490/490/490 491/491/491 512/512/512
f 491/491/491 513/513/513 512/512/512
f 491/491/491 492/492/492 513/513/513
f 492/492/492 514/514/514 513/513/513
f 492/492/492 493/493/493 514/514/514
f 493/493/493 515/515/515 514/514/514
f 493/493/493 494/494/494 515/515/515
f 494/494/494 516/516/516 515/515/515
f 494/494/494 495/495/495 516/516/516
f 495/495/495 517/517/517 516/516/516
f 495/495/495 496/496/496 517/517/517
f 496/496/496 518/518/518 517/517/517
f 496/496/496 497/497/497 518/518/518
f 497/497/497 519/519/519 518/518/518
f 497/497/497 498/498/498 519/519/519
f 498/498/498 520/520/520 519/519/519
f 498/498/498 499/499/499 520/520/520
f 499/499/499 521/521/521 520/520/520
f 499/499/499 500/500/500 521/521/521
f 500/500/500 522/522/522 521/521/521
f 500/500/500 501/501/501 522/522/522
f 501/501/501 523/523/523 522/522/522
f 501/501/501 502/502/502 523/523/523
f 502/502/502 524/524/524 523/523/523
f 502/502/502 503/503/503 524/524/524
f 503/503/503 525/525/525 524/524/524
f 503/503/503 504/504/504 525/525/525
f 505/505/505 527/527/527 526/526/526
f 505/505/505 506/506/506 527/527/527
f 506/506/506 528/528/528 527/527/527
f 506/506/506 507/507/507 528/528/528
f 507/507/507 529/529/529 528/528/528
f 507/507/507 508/508/508 529/529/529
f 508/508/508 530/530/530 529/529/529
f 508/508/508 509/509/509 530/530/530
f 509/509/509 531/531/531 530/530/530
f 509/509/509 510/510/510 531/531/531
f 510/510/510 532/532/532 531/531/531
f 510/510/510 511/511/511 532/532/532
f 511/511/511 533/533/533 532/532/532
f 511/511/511 512/512/512 533/533/533
f 512/512/512 534/534/534 533/533/533
f 512/512/512 513/513/513 534/534/534
f 513/513/513 535/535/535 534/534/534
f 513/513/513 514/514/514 535/535/535
f 514/514/514 536/536/536 535/535/535
f 514/514/514 515/515/515 536/536/536
f 515/515/515 537/537/537 536/536/536
f 515/515/515 516/516/516 537/537/537
f 516/516/516 538/538/538 537/537/537
f 516/516/516 517/517/517 538/538/538
f 517/517/517 539/539/539 538/538/538
f 517/517/517 518/518/518 539/539/539
f 518/518/518 540/540/540 539/539/539
f 518/518/518 519/519/519 540/540/540
f 519/519/519 541/541/541 540/540/540
f 519/519/519 520/520/520 541/541/541
f 520/520/520 542/542/542 541/541/541
f 520/520/520 521/521/521 542/542/542
f 521/521/521 543/543/543 542/542/542
f 521/521/521 522/522/522 543/543/543
f 522/522/522 544/544/544 543/543/543
f 522/522/522 523/523/523 544/544/544
f 523/523/523 545/545/545 544/544/544
f 523/523/523 524/524/524 545/545/545
f 524/524/524 546/546/546 545/545/545
f 524/524/524 525/525/525 546/546/546
f 526/526/526 548/548/548 547/547/547
f 526/526/526 527/527/527 548/548/548
f 527/527/527 549/549/549 548/548/548
f 527/527/527 528/528/528 549/549/549
f 528/528/528 550/550/550 549/549/549
f 528/528/528 529/529/529 550/550/550
f 529/529/529 551/551/551 550/550/550
f 529/529/529 530/530/530 551/551/551
f 530/530/530 552/552/552 551/551/551
f 530/530/530 531/531/531 552/552/552
f 531/531/531 553/553/553 552/552/552
f 531/531/531 532/532/532 553/553/553
f 532/532/532 554/554/554 553/553/553
f 532/532/532 533/533/533 554/554/554
f 533/533/533 555/555/555 554/554/554
f 533/533/533 534/534/534 555/555/555
f 534/534/534 556/556/556 555/555/555
f 534/534/534 535/535/535 556/556/556
f 535/535/535 557/557/557 556/556/556
f 535/535/535 536/536/536 557/557/557
f 536/536/536 558/558/558 557/557/557
f 536/536/536 537/537/537 558/558/558
f 537/537/537 559/559/559 558/558/558
f 537/537/537 538/538/538 559/559/559
f 538/538/538 560/560/560 559/559/559
f 538/538/538 539/539/539 560/560/560
f 539/539/539 561/561/561 560/560/560
f 539/539/539 540/540/540 561/561/561
f 540/540/540 562/562/562 561/561/561
f 540/540/540 541/541/541 562/562/562
f 541/541/541 563/563/563 562/562/562
f 541/541/541 542/542/542 563/563/563
f 542/542/542 564/564/564 563/563/563
f 542/542/542 543/543/543 564/564/564
f 543/543/543 565/565/565 564/564/564
f 543/543/543 544/544/544 565/565/565
f 544/544/544 566/566/566 565/565/565
f 544/544/544 545/545/545 566/566/566
f 545/545/545 567/567/567 566/566/566
f 545/545/545 546/546/546 567/567/567
f 547/547/547 569/569/569 568/568/568
f 547/547/547 548/548/548 569/569/569
f 548/548/548 570/570/570 569/569/569
f 548/548/548 549/549/549 570/570/570
f 549/549/549 571/571/571 570/570/570
f 549/549/549 550/550/550 571/571/571
f 550/550/550 572/572/572 571/571/571
f 550/550/550 551/551/551 572/572/572
f 551/551/551 573/573/573 572/572/572
f 551/551/551 552/552/552 573/573/573
f 552/552/552 574/574/574 573/573/573
f 552/552/552 553/553/553 574/574/574
f 553/553/553 575/575/575 574/574/574
f 553/553/553 554/554/554 575/575/575
f 554/554/554 576/576/576 575/575/575
f 554/554/554 555/555/555 576/576/576
f 555/555/555 577/577/577 576/576/576
f 555/555/555 556/556/556 577/577/577
f 556/556/556 578/578/578 577/577/577
f 556/556/556 557/557/557 578/578/578
f 557/557/557 579/579/579 578/578/578
f 557/557/557 558/558/558 579/579/579
f 558/558/558 580/580/580 579/579/579
f 558/558/558 559/559/559 580/580/580
f 559/559/559 581/581/581 580/580/580
f 559/559/559 560/560/560 581/581/581
f 560/560/560 582/582/582 581/581/581
f 560/560/560 561/561/561 582/582/582
f 561/561/561 583/583/583 582/582/582
f 561/561/561 562/562/562 583/583/583
f 562/562/562 584/584/584 583/583/583
f 562/562/562 563/563/563 584/584/584
f 563/563/563 585/585/585 584/584/584
f 563/563/563 564/564/564 585/585/585
f 564/564/564 586/586/586 585/585/585
f 564/564/564 565/565/565 586/586/586
f 565/565/565 587/587/587 586/586/586
f 565/565/565 566/566/566 587/587/587
f 566/566/566 588/588/588 587/587/587
f 566/566/566 567/567/567 588/588/588
f 568/568/568 590/590/590 589/589/589
f 568/568/568 569/569/569 590/590/590
f 569/569/569 591/591/591 590/590/590
f 569/569/569 570/570/570 591/591/591
f 570/570/570 592/592/592 591/591/591
f 570/570/570 571/571/571 592/592/592
f 571/571/571 593/593/593 592/592/592
f 571/571/571 572/572/572 593/593/593
f 572/572/572 594/594/594 593/593/593
f 572/572/572 573/573/573 594/594/594
f 573/573/573 595/595/595 594/594/594
f 573/573/573 574/574/574 595/595/595
f 574/574/574 596/596/596 595/595/595
f 574/574/574 575/575/575 596/596/596
f 575/575/575 597/597/597 596/596/596
f 575/575/575 576/576/576 597/597/597
f 576/576/576 598/598/598 597/597/597
f 576/576/576 577/577/577 598/598/598
f 577/577/577 599/599/599 598/598/598
f 577/577/577 578/578/578 599/599/599
f 578/578/578 600/600/600 599/599/599
f 578/578/578 579/579/579 600/600/600
f 579/579/579 601/601/601 600/600/600
f 579/579/579 580/580/580 601/601/601
f 580/580/580 602/602/602 601/601/601
f 580/580/580 581/581/581 602/602/602
f 581/581/581 603/603/603 602/602/602
f 581/581/581 582/582/582 603/603/603
f 582/582/582 604/604/604 603/603/603
f 582/582/582 583/583/583 604/604/604
f 583/583/583 605/605/605 604/604/604
f 583/583/583 584/584/584 605/605/605
f 584/584/584 606/606/606 605/605/605
f 584/584/584 585/585/585 606/606/606
f 585/585/585 607/607/607 606/606/606
f 585/585/585 586/586/586 607/607/607
f 586/586/586 608/608/608 607/607/607
f 586/586/586 587/587/587 608/608/608
f 587/587/587 609/609/609 608/608/608
f 587/587/587 588/588/588 609/609/609
f 589/589/589 611/611/611 610/610/610
f 589/589/589 590/590/590 611/611/611
f 590/590/590 612/612/612 611/611/611
f 590/590/590 591/591/591 612/612/612
f 591/591/591 613/613/613 612/612/612
f 591/591/591 592/592/592 613/613/613
f 592/592/592 614/614/614 613/613/613
f 592/592/592 593/593/593 614/614/614
f 593/593/593 615/615/615 614/614/614
f 593/593/593 594/594/594 615/615/615
f 594/594/594 616/616/616 615/615/615
f 594/594/594 595/595/595 616/616/616
f 595/595/595 617/617/617 616/616/616
f 595/595/595 596/596/596 617/617/617
f 596/596/596 618/618/618 617/617/617
f 596/596/596 597/597/597 618/618/618
f 597/597/597 619/619/619 618/618/618
f 597/597/597 598/598/598 619/619/619
f 598/598/598 620/620/620 619/619/619
f 598/598/598 599/599/599 620/620/620
f 599/599/599 621/621/621 620/620/620
f 599/599/599 600/600/600 621/621/621
f 600/600/600 622/622/622 621/621/621
f 600/600/600 601/601/601 622/622/622
f 601/601/601 623/623/623 622/622/622
f 601/601/601 602/602/602 623/623/623
f 602/602/602 624/624/624 623/623/623
f 602/602/602 603/603/603 624/624/624
f 603/603/603 625/625/625 624/624/624
f 603/603/603 604/604/604 625/625/625
f 604/604/604 626/626/626 625/625/625
f 604/604/604 605/605/605 626/626/626
f 605/605/605 627/627/627 626/626/626
f 605/605/605 606/606/606 627/627/627
f 606/606/606 628/628/628 627/627/627
f 606/606/606 607/607/607 628/628/628
f 607/607/607 629/629/629 628/628/628
f 607/607/607 608/608/608 629/629/629
f 608/608/608 630/630/630 629/629/629
f 608/608/608 609/609/609 630/630/630
f 610/610/610 632/632/632 631/631/631
f 610/610/610 611/611/611 632/632/632
f 611/611/611 633/633/633 632/632/632
f 611/611/611 612/612/612 633/633/633
f 612/612/612 634/634/634 633/633/633
f 612/612/612 613/613/613 634/634/634
f 613/613/613 635/635/635 634/634/634
f 613/613/613 614/614/614 635/635/635
f 614/614/614 636/636/636 635/635/635
f 614/614/614 615/615/615 636/636/636
f 615/615/615 637/637/637 636/636/636
f 615/615/615 616/616/616 637/637/637
f 616/616/616 638/638/638 637/637/637
f 616/616/616 617/617/617 638/638/638
f 617/617/617 639/639/639 638/638/638
f 617/617/617 618/618/618 639/639/639
f 618/618/618 640/640/640 639/639/639
f 618/618/618 619/619/619 640/640/640
f 619/619/619 641/641/641 640/640/640
f 619/619/619 620/620/620 641/641/641
f 620/620/620 642/642/642 641/641/641
f 620/620/620 621/621/621 642/642/642
f 621/621/621 643/643/643 642/642/642
f 621/621/621 622/622/622 643/643/643
f 622/622/622 644/644/644 643/643/643
f 622/622/622 623/623/623 644/644/644
f 623/623/623 645/645/645 644/644/644
f 623/623/623 624/624/624 645/645/645
f 624/624/624 646/646/646 645/645/645
f 624/624/624 625/625/625 646/646/646
f 625/625/625 647/647/647 646/646/646
f 625/625/625 626/626/626 647/647/647
f 626/626/626 648/648/648 647/647/647
f 626/626/626 627/627/627 648/648/648
f 627/627/627 649/649/649 648/648/648
f 627/627/627 628/628/628 649/649/649
f 628/628/628 650/650/650 649/649/649
f 628/628/628 629/629/629 650/650/650
f 629/629/629 651/651/651 650/650/650
f 629/629/629 630/630/630 651/651/651
f 631/631/631 653/653/653 652/652/652
f 631/631/631 632/632/632 653/653/653
f 632/632/632 654/654/654 653/653/653
f 632/632/632 633/633/633 654/654/654
f 633/633/633 655/655/655 654/654/654
f 633/633/633 634/634/634 655/655/655
f 634/634/634 656/656/656 655/655/655
f 634/634/634 635/635/635 656/656/656
f 635/635/635 657/657/657 656/656/656
f 635/635/635 636/636/636 657/657/657
f 636/636/636 658/658/658 657/657/657
f 636/636/636 637/637/637 658/658/658
f 637/637/637 659/659/659 658/658/658
f 637/637/637 638/638/638 659/659/659
f 638/638/638 660/660/660 659/659/659
f 638/638/638 639/639/639 660/660/660
f 639/639/639 661/661/661 660/660/660
f 639/639/639 640/640/640 661/661/661
f 640/640/640 662/662/662 661/661/661
f 640/640/640 641/641/641 662/662/662
f 641/641/641 663/663/663 662/662/662
f 641/641/641 642/642/642 663/663/663
f 642/642/642 664/664/664 663/663/663
f 642/642/642 643/643/643 664/664/664
f 643/643/643 665/665/665 664/664/664
f 643/643/643 644/644/644 665/665/665
f 644/644/644 666/666/666 665/665/665
f 644/644/644 645/645/645 666/666/666
f 645/645/645 667/667/667 666/666/666
f 645/645/645 646/646/646 667/667/667
f 646/646/646 668/668/668 667/667/667
f 646/646/646 647/647/647 668/668/668
f 647/647/647 669/669/669 668/668/668
f 647/647/647 648/648/648 669/669/669
f 648/648/648 670/670/670 669/669/669
f 648/648/648 649/649/649 670/670/670
f 649/649/649 671/671/671 670/670/670
f 649/649/649 650/650/650 671/671/671
f 650/650/650 672/672/672 671/671/671
f 650/650/650 651/651/651 672/672/672
f 652/652/652 674/674/674 673/673/673
f 652/652/652 653/653/653 674/674/674
f 653/653/653 675/675/675 674/674/674
f 653/653/653 654/654/654 675/675/675
f 654/654/654 676/676/676 675/675/675
f 654/654/654 655/655/655 676/676/676
f 655/655/655 677/677/677 676/676/676
f 655/655/655 656/656/656 677/677/677
f 656/656/656 678/678/678 677/677/677
f 656/656/656 657/657/657 678/678/678
f 657/657/657 679/679/679 678/678/678
f 657/657/657 658/658/658 679/679/679
f 658/658/658 680/680/680 679/679/679
f 658/658/658 659/659/659 680/680/680
f 659/659/659 681/681/681 680/680/680
f 659/659/659 660/660/660 681/681/681
f 660/660/660 682/682/682 681/681/681
f 660/660/660 661/661/661 682/682/682
f 661/661/661 683/683/683 682/682/682
f 661/661/661 662/662/662 683/683/683
f 662/662/662 684/684/684 683/683/683
f 662/662/662 663/663/663 684/684/684
f 663/663/663 685/685/685 684/684/684
f 663/663/663 664/664/664 685/685/685
f 664/664/664 686/686/686 685/685/685
f 664/664/664 665/665/665 686/686/686
f 665/665/665 687/687/687 686/686/686
f 665/665/665 666/666/666 687/687/687
f 666/666/666 688/688/688 687/687/687
f 666/666/666 667/667/667 688/688/688
f 667/667/667 689/689/689 688/688/688
f 667/667/667 668/668/668 689/689/689
f 668/668/668 690/690/690 689/689/689
f 668/668/668 669/669/669 690/690/690
f 669/669/669 691/691/691 690/690/690
f 669/669/669 670/670/670 691/691/691
f 670/670/670 692/692/692 691/691/691
f 670/670/670 671/671/671 692/692/692
f 671/671/671 693/693/693 692/692/692
f 671/671/671 672/672/672 693/693/693
f 673/673/673 695/695/695 694/694/694
f 673/673/673 674/674/674 695/695/695
f 674/674/674 696/696/696 695/695/695
f 674/674/674 675/675/675 696/696/696
f 675/675/675 697/697/697 696/696/696
f 675/675/675 676/676/676 697/697/697
f 676/676/676 698/698/698 697/697/697
f 676/676/676 677/677/677 698/698/698
f 677/677/677 699/699/699 698/698/698
f 677/677/677 678/678/678 699/699/699
f 678/678/678 700/700/700 699/699/699
f 678/678/678 679/679/679 700/700/700
f 679/679/679 701/701/701 700/700/700
f 679/679/679 680/680/680 701/701/701
f 680/680/680 702/702/702 701/701/701
f 680/680/680 681/681/681 702/702/702
f 681/681/681 703/703/703 702/702/702
f 681/681/681 682/682/682 703/703/703
f 682/682/682 704/704/704 703/703/703
f 682/682/682 683/683/683 704/704/704
f 683/683/683 705/705/705 704/704/704
f 683/683/683 684/684/684 705/705/705
f 684/684/684 706/706/706 705/705/705
f 684/684/684 685/685/685 706/706/706
f 685/685/685 707/707/707 706/706/706
f 685/685/685 686/686/686 707/707/707
f 686/686/686 708/708/708 707/707/707
f 686/686/686 687/687/687 708/708/708
f 687/687/687 709/709/709 708/708/708
f 687/687/687 688/688/688 709/709/709
f 688/688/688 710/710/710 709/709/709
f 688/688/688 689/689/689 710/710/710
f 689/689/689 711/711/711 710/710/710
f 689/689/689 690/690/690 711/711/711
f 690/690/690 712/712/712 711/711/711
f 690/690/690 691/691/691 712/712/712
f 691/691/691 713/713/713 712/712/712
f 691/691/691 692/692/692 713/713/713
f 692/692/692 714/714/714 713/713/713
f 692/692/692 693/693/693 714/714/714
f 694/694/694 716/716/716 715/715/715
f 694/694/694 695/695/695 716/716/716
f 695/695/695 717/717/717 716/716/716
f 695/695/695 696/696/696 717/717/717
f 696/696/696 718/718/718 717/717/717
f 696/696/696 697/697/697 718/718/718
f 697/697/697 719/719/719 718/718/718
f 697/697/697 698/698/698 719/719/719
f 698/698/698 720/720/720 719/719/719
f 698/698/698 699/699/699 720/720/720
f 699/699/699 721/721/721 720/720/720
f 699/699/699 700/700/700 721/721/721
f 700/700/700 722/722/722 721/721/721
f 700/700/700 701/701/701 722/722/722
f 701/701/701 723/723/723 722/722/722
f 701/701/701 702/702/702 723/723/723
f 702/702/702 724/724/724 723/723/723
f 702/702/702 703/703/703 724/724/724
f 703/703/703 725/725/725 724/724/724
f 703/703/703 704/704/704 725/725/725
f 704/704/704 726/726/726 725/725/725
f 704/704/704 705/705/705 726/726/726
f 705/705/705 727/727/727 726/726/726
f 705/705/705 706/706/706 727/727/727
f 706/706/706 728/728/728 727/727/727
f 706/706/706 707/707/707 728/728/728
f 707/707/707 729/729/729 728/728/728
f 707/707/707 708/708/708 729/729/729
f 708/708/708 730/730/730 729/729/729
f 708/708/708 709/709/709 730/730/730
f 709/709/709 731/731/731 730/730/730
f 709/709/709 710/710/710 731/731/731
f 710/710/710 732/732/732 731/731/731
f 710/710/710 711/711/711 732/732/732
f 711/711/711 733/733/733 732/732/732
f 711/711/711 712/712/712 733/733/733
f 712/712/712 734/734/734 733/733/733
f 712/712/712 713/713/713 734/734/734
f 713/713/713 735/735/735 734/734/734
f 713/713/713 714/714/714 735/735/735
f 715/715/715 737/737/737 736/736/736
f 715/715/715 716/716/716 737/737/737
f 716/716/716 738/738/738 737/737/737
f 716/716/716 717/717/717 738/738/738
f 717/717/717 739/739/739 738/738/738
f 717/717/717 718/718/718 739/739/739
f 718/718/718 740/740/740 739/739/739
f 718/718/718 719/719/719 740/740/740
f 719/719/719 741/741/741 740/740/740
f 719/719/719 720/720/720 741/741/741
f 720/720/720 742/742/742 741/741/741
f 720/720/720 721/721/721 742/742/742
f 721/721/721 743/743/743 742/742/742
f 721/721/721 722/722/722 743/743/743
f 722/722/722 744/744/744 743/743/743
f 722/722/722 723/723/723 744/744/744
f 723/723/723 745/745/745 744/744/744
f 723/723/723 724/724/724 745/745/745
f 724/724/724 746/746/746 745/745/745
f 724/724/724 725/725/725 746/746/746
f 725/725/725 747/747/747 746/746/746
f 725/725/725 726/726/726 747/747/747
f 726/726/726 748/748/748 747/747/747
f 726/726/726 727/727/727 748/748/748
f 727/727/727 749/749/749 748/748/748
f 727/727/727 728/728/728 749/749/749
f 728/728/728 750/750/750 749/749/749
f 728/728/728 729/729/729 750/750/750
f 729/729/729 751/751/751 750/750/750
f 729/729/729 730/730/730 751/751/751
f 730/730/730 752/752/752 751/751/751
f 730/730/730 731/731/731 752/752/752
f 731/731/731 753/753/753 752/752/752
f 731/731/731 732/732/732 753/753/753
f 732/732/732 754/754/754 753/753/753
f 732/732/732 733/733/733 754/754/754
f 733/733/733 755/755/755 754/754/754
f 733/733/733 734/734/734 755/755/755
f 734/734/734 756/756/756 755/755/755
f 734/734/734 735/735/735 756/756/756
f 736/736/736 758/758/758 757/757/757
f 736/736/736 737/737/737 758/758/758
f 737/737/737 759/759/759 758/758/758
f 737/737/737 738/738/738 759/759/759
f 738/738/738 760/760/760 759/759/759
f 738/738/738 739/739/739 760/760/760
f 739/739/739 761/761/761 760/760/760
f 739/739/739 740/740/740 761/761/761
f 740/740/740 762/762/762 761/761/761
f 740/740/740 741/741/741 762/762/762
f 741/741/741 763/763/763 762/762/762
f 741/741/741 742/742/742 763/763/763
f 742/742/742 764/764/764 763/763/763
f 742/742/742 743/743/743 764/764/764
f 743/743/743 765/765/765 764/764/764
f 743/743/743 744/744/744 765/765/765
f 744/744/744 766/766/766 765/765/765
f 744/744/744 745/745/745 766/766/766
f 745/745/745 767/767/767 766/766/766
f 745/745/745 746/746/746 767/767/767
f 746/746/746 768/768/768 767/767/767
f 746/746/746 747/747/747 768/768/768
f 747/747/747 769/769/769 768/768/768
f 747/747/747 748/748/748 769/769/769
f 748/748/748 770/770/770 769/769/769
f 748/748/748 749/749/749 770/770/770
f 749/749/749 771/771/771 770/770/770
f 749/749/749 750/750/750 771/771/771
f 750/750/750 772/772/772 771/771/771
f 750/750/750 751/751/751 772/772/772
f 751/751/751 773/773/773 772/772/772
f 751/751/751 752/752/752 773/773/773
f 752/752/752 774/774/774 773/773/773
f 752/752/752 753/753/753 774/774/774
f 753/753/753 775/775/775 774/774/774
f 753/753/753 754/754/754 775/775/775
f 754/754/754 776/776/776 775/775/775
f 754/754/754 755/755/755 776/776/776
f 755/755/755 777/777/777 776/776/776
f 755/755/755 756/756/756 777/777/777
f 778/778/778 2/2/2 1/1/1
f 779/779/779 757/757/757 758/758/758
f 778/778/778 3/3/3 2/2/2
f 779/779/779 758/758/758 759/759/759
f 778/778/778 4/4/4 3/3/3
f 779/779/779 759/759/759 760/760/760
f 778/778/778 5/5/5 4/4/4
f 779/779/779 760/760/760 761/761/761
f 778/778/778 6/6/6 5/5/5
f 779/779/779 761/761/761 762/762/762
f 778/778/778 7/7/7 6/6/6
f 779/779/779 762/762/762 763/763/763
f 778/778/778 8/8/8 7/7/7
f 779/779/779 763/763/763 764/764/764
f 778/778/778 9/9/9 8/8/8
f 779/779/779 764/764/764 765/765/765
f 778/778/778 10/10/10 9/9/9
f 779/779/779 765/765/765 766/766/766
f 778/778/778 11/11/11 10/10/10
f 779/779/779 766/766/766 767/767/767
f 778/778/778 12/12/12 11/11/11
f 779/779/779 767/767/767 768/768/768
f 778/778/778 13/13/13 12/12/12
f 779/779/779 768/768/768 769/769/769
f 778/778/778 14/14/14 13/13/13
f 779/779/779 769/769/769 770/770/770
f 778/778/778 15/15/15 14/14/14
f 779/779/779 770/770/770 771/771/771
f 778/778/778 16/16/16 15/15/15
f 779/779/779 771/771/771 772/772/772
f 778/778/778 17/17/17 16/16/16
f 779/779/779 772/772/772 773/773/773
f 778/778/778 18/18/18 17/17/17
f 779/779/779 773/773/773 774/774/774
f 778/778/778 19/19/19 18/18/18
f 779/779/779 774/774/774 775/775/775
f 778/778/778 20/20/20 19/19/19
f 779/779/779 775/775/775 776/776/776
f 778/778/778 21/21/21 20/20/20
f 779/779/779 776/776/776 777/777/777
usemtl KrakenSucker
f 780/780/780 793/793/793 794/794/794
f 780/780/780 794/794/794 781/781/781
f 781/781/781 794/794/794 795/795/795
f 781/781/781 795/795/795 782/782/782
f 782/782/782 795/795/795 796/796/796
f 782/782/782 796/796/796 783/783/783
f 783/783/783 796/796/796 797/797/797
f 783/783/783 797/797/797 784/784/784
f 784/784/784 797/797/797 798/798/798
f 784/784/784 798/798/798 785/785/785
f 785/785/785 798/798/798 799/799/799
f 785/785/785 799/799/799 786/786/786
f 786/786/786 799/799/799 800/800/800
f 786/786/786 800/800/800 787/787/787
f 787/787/787 800/800/800 801/801/801
f 787/787/787 801/801/801 788/788/788
f 788/788/788 801/801/801 802/802/802
f 788/788/788 802/802/802 789/789/789
f 789/789/789 802/802/802 803/803/803
f 789/789/789 803/803/803 790/790/790
f 790/790/790 803/803/803 804/804/804
f 790/790/790 804/804/804 791/791/791
f 791/791/791 804/804/804 805/805/805
f 791/791/791 805/805/805 792/792/792
f 793/793/793 806/806/806 807/807/807
f 793/793/793 807/807/807 794/794/794
f 794/794/794 807/807/807 808/808/808
f 794/794/794 808/808/808 795/795/795
f 795/795/795 808/808/808 809/809/809
f 795/795/795 809/809/809 796/796/796
f 796/796/796 809/809/809 810/810/810
f 796/796/796 810/810/810 797/797/797
f 797/797/797 810/810/810 811/811/811
f 797/797/797 811/811/811 798/798/798
f 798/798/798 811/811/811 812/812/812
f 798/798/798 812/812/812 799/799/799
f 799/799/799 812/812/812 813/813/813
f 799/799/799 813/813/813 800/800/800
f 800/800/800 813/813/813 814/814/814
f 800/800/800 814/814/814 801/801/801
f 801/801/801 814/814/814 815/815/815
f 801/801/801 815/815/815 802/802/802
f 802/802/802 815/815/815 816/816/816
f 802/802/802 816/816/816 803/803/803
f 803/803/803 816/816/816 817/817/817
f 803/803/803 817/817/817 804/804/804
f 804/804/804 817/817/817 818/818/818
f 804/804/804 818/818/818 805/805/805
usemtl KrakenSuckerInner
f 819/819/819 833/833/833 832/832/832
f 819/819/819 820/820/820 833/833/833
f 820/820/820 834/834/834 833/833/833
f 820/820/820 821/821/821 834/834/834
f 821/821/821 835/835/835 834/834/834
f 821/821/821 822/822/822 835/835/835
f 822/822/822 836/836/836 835/835/835
f 822/822/822 823/823/823 836/836/836
f 823/823/823 837/837/837 836/836/836
f 823/823/823 824/824/824 837/837/837
f 824/824/824 838/838/838 837/837/837
f 824/824/824 825/825/825 838/838/838
f 825/825/825 839/839/839 838/838/838
f 825/825/825 826/826/826 839/839/839
f 826/826/826 840/840/840 839/839/839
f 826/826/826 827/827/827 840/840/840
f 827/827/827 841/841/841 840/840/840
f 827/827/827 828/828/828 841/841/841
f 828/828/828 842/842/842 841/841/841
f 828/828/828 829/829/829 842/842/842
f 829/829/829 843/843/843 842/842/842
f 829/829/829 830/830/830 843/843/843
f 830/830/830 844/844/844 843/843/843
f 830/830/830 831/831/831 844/844/844
f 832/832/832 846/846/846 845/845/845
f 832/832/832 833/833/833 846/846/846
f 833/833/833 847/847/847 846/846/846
f 833/833/833 834/834/834 847/847/847
f 834/834/834 848/848/848 847/847/847
f 834/834/834 835/835/835 848/848/848
f 835/835/835 849/849/849 848/848/848
f 835/835/835 836/836/836 849/849/849
f 836/836/836 850/850/850 849/849/849
f 836/836/836 837/837/837 850/850/850
f 837/837/837 851/851/851 850/850/850
f 837/837/837 838/838/838 851/851/851
f 838/838/838 852/852/852 851/851/851
f 838/838/838 839/839/839 852/852/852
f 839/839/839 853/853/853 852/852/852
f 839/839/839 840/840/840 853/853/853
f 840/840/840 854/854/854 853/853/853
f 840/840/840 841/841/841 854/854/854
f 841/841/841 855/855/855 854/854/854
f 841/841/841 842/842/842 855/855/855
f 842/842/842 856/856/856 855/855/855
f 842/842/842 843/843/843 856/856/856
f 843/843/843 857/857/857 856/856/856
f 843/843/843 844/844/844 857/857/857
f 858/858/858 845/845/845 846/846/846
f 858/858/858 846/846/846 847/847/847
f 858/858/858 847/847/847 848/848/848
f 858/858/858 848/848/848 849/849/849
f 858/858/858 849/849/849 850/850/850
f 858/858/858 850/850/850 851/851/851
f 858/858/858 851/851/851 852/852/852
f 858/858/858 852/852/852 853/853/853
f 858/858/858 853/853/853 854/854/854
f 858/858/858 854/854/854 855/855/855
f 858/858/858 855/855/855 856/856/856
f 858/858/858 856/856/856 857/857/857
usemtl KrakenSucker
f 859/859/859 872/872/872 873/873/873
f 859/859/859 873/873/873 860/860/860
f 860/860/860 873/873/873 874/874/874
f 860/860/860 874/874/874 861/861/861
f 861/861/861 874/874/874 875/875/875
f 861/861/861 875/875/875 862/862/862
f 862/862/862 875/875/875 876/876/876
f 862/862/862 876/876/876 863/863/863
f 863/863/863 876/876/876 877/877/877
f 863/863/863 877/877/877 864/864/864
f 864/864/864 877/877/877 878/878/878
f 864/864/864 878/878/878 865/865/865
f 865/865/865 878/878/878 879/879/879
f 865/865/865 879/879/879 866/866/866
f 866/866/866 879/879/879 880/880/880
f 866/866/866 880/880/880 867/867/867
f 867/867/867 880/880/880 881/881/881
f 867/867/867 881/881/881 868/868/868
f 868/868/868 881/881/881 882/882/882
f 868/868/868 882/882/882 869/869/869
f 869/869/869 882/882/882 883/883/883
f 869/869/869 883/883/883 870/870/870
f 870/870/870 883/883/883 884/884/884
f 870/870/870 884/884/884 871/871/871
f 872/872/872 885/885/885 886/886/886
f 872/872/872 886/886/886 873/873/873
f 873/873/873 886/886/886 887/887/887
f 873/873/873 887/887/887 874/874/874
f 874/874/874 887/887/887 888/888/888
f 874/874/874 888/888/888 875/875/875
f 875/875/875 888/888/888 889/889/889
f 875/875/875 889/889/889 876/876/876
f 876/876/876 889/889/889 890/890/890
f 876/876/876 890/890/890 877/877/877
f 877/877/877 890/890/890 891/891/891
f 877/877/877 891/891/891 878/878/878
f 878/878/878 891/891/891 892/892/892
f 878/878/878 892/892/892 879/879/879
f 879/879/879 892/892/892 893/893/893
f 879/879/879 893/893/893 880/880/880
f 880/880/880 893/893/893 894/894/894
f 880/880/880 894/894/894 881/881/881
f 881/881/881 894/894/894 895/895/895
f 881/881/881 895/895/895 882/882/882
f 882/882/882 895/895/895 896/896/896
f 882/882/882 896/896/896 883/883/883
f 883/883/883 896/896/896 897/897/897
f 883/883/883 897/897/897 884/884/884
usemtl KrakenSuckerInner
f 898/898/898 912/912/912 911/911/911
f 898/898/898 899/899/899 912/912/912
f 899/899/899 913/913/913 912/912/912
f 899/899/899 900/900/900 913/913/913
f 900/900/900 914/914/914 913/913/913
f 900/900/900 901/901/901 914/914/914
f 901/901/901 915/915/915 914/914/914
f 901/901/901 902/902/902 915/915/915
f 902/902/902 916/916/916 915/915/915
f 902/902/902 903/903/903 916/916/916
f 903/903/903 917/917/917 916/916/916
f 903/903/903 904/904/904 917/917/917
f 904/904/904 918/918/918 917/917/917
f 904/904/904 905/905/905 918/918/918
f 905/905/905 919/919/919 918/918/918
f 905/905/905 906/906/906 919/919/919
f 906/906/906 920/920/920 919/919/919
f 906/906/906 907/907/907 920/920/920
f 907/907/907 921/921/921 920/920/920
f 907/907/907 908/908/908 921/921/921
f 908/908/908 922/922/922 921/921/921
f 908/908/908 909/909/909 922/922/922
f 909/909/909 923/923/923 922/922/922
f 909/909/909 910/910/910 923/923/923
f 911/911/911 925/925/925 924/924/924
f 911/911/911 912/912/912 925/925/925
f 912/912/912 926/926/926 925/925/925
f 912/912/912 913/913/913 926/926/926
f 913/913/913 927/927/927 926/926/926
f 913/913/913 914/914/914 927/927/927
f 914/914/914 928/928/928 927/927/927
f 914/914/914 915/915/915 928/928/928
f 915/915/915 929/929/929 928/928/928
f 915/915/915 916/916/916 929/929/929
f 916/916/916 930/930/930 929/929/929
f 916/916/916 917/917/917 930/930/930
f 917/917/917 931/931/931 930/930/930
f 917/917/917 918/918/918 931/931/931
f 918/918/918 932/932/932 931/931/931
f 918/918/918 919/919/919 932/932/932
f 919/919/919 933/933/933 932/932/932
f 919/919/919 920/920/920 933/933/933
f 920/920/920 934/934/934 933/933/933
f 920/920/920 921/921/921 934/934/934
f 921/921/921 935/935/935 934/934/934
f 921/921/921 922/922/922 935/935/935
f 922/922/922 936/936/936 935/935/935
f 922/922/922 923/923/923 936/936/936
f 937/937/937 924/924/924 925/925/925
f 937/937/937 925/925/925 926/926/926
f 937/937/937 926/926/926 927/927/927
f 937/937/937 927/927/927 928/928/928
f 937/937/937 928/928/928 929/929/929
f 937/937/937 929/929/929 930/930/930
f 937/937/937 930/930/930 931/931/931
f 937/937/937 931/931/931 932/932/932
f 937/937/937 932/932/932 933/933/933
f 937/937/937 933/933/933 934/934/934
f 937/937/937 934/934/934 935/935/935
f 937/937/937 935/935/935 936/936/936
usemtl KrakenSucker
f 938/938/938 951/951/951 952/952/952
f 938/938/938 952/952/952 939/939/939
f 939/939/939 952/952/952 953/953/953
f 939/939/939 953/953/953 940/940/940
f 940/940/940 953/953/953 954/954/954
f 940/940/940 954/954/954 941/941/941
f 941/941/941 954/954/954 955/955/955
f 941/941/941 955/955/955 942/942/942
f 942/942/942 955/955/955 956/956/956
f 942/942/942 956/956/956 943/943/943
f 943/943/943 956/956/956 957/957/957
f 943/943/943 957/957/957 944/944/944
f 944/944/944 957/957/957 958/958/958
f 944/944/944 958/958/958 945/945/945
f 945/945/945 958/958/958 959/959/959
f 945/945/945 959/959/959 946/946/946
f 946/946/946 959/959/959 960/960/960
f 946/946/946 960/960/960 947/947/947
f 947/947/947 960/960/960 961/961/961
f 947/947/947 961/961/961 948/948/948
f 948/948/948 961/961/961 962/962/962
f 948/948/948 962/962/962 949/949/949
f 949/949/949 962/962/962 963/963/963
f 949/949/949 963/963/963 950/950/950
f 951/951/951 964/964/964 965/965/965
f 951/951/951 965/965/965 952/952/952
f 952/952/952 965/965/965 966/966/966
f 952/952/952 966/966/966 953/953/953
f 953/953/953 966/966/966 967/967/967
f 953/953/953 967/967/967 954/954/954
f 954/954/954 967/967/967 968/968/968
f 954/954/954 968/968/968 955/955/955
f 955/955/955 968/968/968 969/969/969
f 955/955/955 969/969/969 956/956/956
f 956/956/956 969/969/969 970/970/970
f 956/956/956 970/970/970 957/957/957
f 957/957/957 970/970/970 971/971/971
f 957/957/957 971/971/971 958/958/958
f 958/958/958 971/971/971 972/972/972
f 958/958/958 972/972/972 959/959/959
f 959/959/959 972/972/972 973/973/973
f 959/959/959 973/973/973 960/960/960
f 960/960/960 973/973/973 974/974/974
f 960/960/960 974/974/974 961/961/961
f 961/961/961 974/974/974 975/975/975
f 961/961/961 975/975/975 962/962/962
f 962/962/962 975/975/975 976/976/976
f 962/962/962 976/976/976 963/963/963
usemtl KrakenSuckerInner
f 977/977/977 991/991/991 990/990/990
f 977/977/977 978/978/978 991/991/991
f 978/978/978 992/992/992 991/991/991
f 978/978/978 979/979/979 992/992/992
f 979/979/979 993/993/993 992/992/992
f 979/979/979 980/980/980 993/993/993
f 980/980/980 994/994/994 993/993/993
f 980/980/980 981/981/981 994/994/994
f 981/981/981 995/995/995 994/994/994
f 981/981/981 982/982/982 995/995/995
f 982/982/982 996/996/996 995/995/995
f 982/982/982 983/983/983 996/996/996
f 983/983/983 997/997/997 996/996/996
f 983/983/983 984/984/984 997/997/997
f 984/984/984 998/998/998 997/997/997
f 984/984/984 985/985/985 998/998/998
f 985/985/985 999/999/999 998/998/998
f 985/985/985 986/986/986 999/999/999
f 986/986/986 1000/1000/1000 999/999/999
f 986/986/986 987/987/987 1000/1000/1000
f 987/987/987 1001/1001/1001 1000/1000/1000
f 987/987/987 988/988/988 1001/1001/1001
f 988/988/988 1002/1002/1002 1001/1001/1001
f 988/988/988 989/989/989 1002/1002/1002
f 990/990/990 1004/1004/1004 1003/1003/1003
f 990/990/990 991/991/991 1004/1004/1004
f 991/991/991 1005/1005/1005 1004/1004/1004
f 991/991/991 992/992/992 1005/1005/1005
f 992/992/992 1006/1006/1006 1005/1005/1005
f 992/992/992 993/993/993 1006/1006/1006
f 993/993/993 1007/1007/1007 1006/1006/1006
f 993/993/993 994/994/994 1007/1007/1007
f 994/994/994 1008/1008/1008 1007/1007/1007
f 994/994/994 995/995/995 1008/1008/1008
f 995/995/995 1009/1009/1009 1008/1008/1008
f 995/995/995 996/996/996 1009/1009/1009
f 996/996/996 1010/1010/1010 1009/1009/1009
f 996/996/996 997/997/997 1010/1010/1010
f 997/997/997 1011/1011/1011 1010/1010/1010
f 997/997/997 998/998/998 1011/1011/1011
f 998/998/998 1012/1012/1012 1011/1011/1011
f 998/998/998 999/999/999 1012/1012/1012
f 999/999/999 1013/1013/1013 1012/1012/1012
f 999/999/999 1000/1000/1000 1013/1013/1013
f 1000/1000/1000 1014/1014/1014 1013/1013/1013
f 1000/1000/1000 1001/1001/1001 1014/1014/1014
f 1001/1001/1001 1015/1015/1015 1014/1014/1014
f 1001/1001/1001 1002/1002/1002 1015/1015/1015
f 1016/1016/1016 1003/1003/1003 1004/1004/1004
f 1016/1016/1016 1004/1004/1004 1005/1005/1005
f 1016/1016/1016 1005/1005/1005 1006/1006/1006
f 1016/1016/1016 1006/1006/1006 1007/1007/1007
f 1016/1016/1016 1007/1007/1007 1008/1008/1008
f 1016/1016/1016 1008/1008/1008 1009/1009/1009
f 1016/1016/1016 1009/1009/1009 1010/1010/1010
f 1016/1016/1016 1010/1010/1010 1011/1011/1011
f 1016/1016/1016 1011/1011/1011 1012/1012/1012
f 1016/1016/1016 1012/1012/1012 1013/1013/1013
f 1016/1016/1016 1013/1013/1013 1014/1014/1014
f 1016/1016/1016 1014/1014/1014 1015/1015/1015
usemtl KrakenSucker
f 1017/1017/1017 1030/1030/1030 1031/1031/1031
f 1017/1017/1017 1031/1031/1031 1018/1018/1018
f 1018/1018/1018 1031/1031/1031 1032/1032/1032
f 1018/1018/1018 1032/1032/1032 1019/1019/1019
f 1019/1019/1019 1032/1032/1032 1033/1033/1033
f 1019/1019/1019 1033/1033/1033 1020/1020/1020
f 1020/1020/1020 1033/1033/1033 1034/1034/1034
f 1020/1020/1020 1034/1034/1034 1021/1021/1021
f 1021/1021/1021 1034/1034/1034 1035/1035/1035
f 1021/1021/1021 1035/1035/1035 1022/1022/1022
f 1022/1022/1022 1035/1035/1035 1036/1036/1036
f 1022/1022/1022 1036/1036/1036 1023/1023/1023
f 1023/1023/1023 1036/1036/1036 1037/1037/1037
f 1023/1023/1023 1037/1037/1037 1024/1024/1024
f 1024/1024/1024 1037/1037/1037 1038/1038/1038
f 1024/1024/1024 1038/1038/1038 1025/1025/1025
f 1025/1025/1025 1038/1038/1038 1039/1039/1039
f 1025/1025/1025 1039/1039/1039 1026/1026/1026
f 1026/1026/1026 1039/1039/1039 1040/1040/1040
f 1026/1026/1026 1040/1040/1040 1027/1027/1027
f 1027/1027/1027 1040/1040/1040 1041/1041/1041
f 1027/1027/1027 1041/1041/1041 1028/1028/1028
f 1028/1028/1028 1041/1041/1041 1042/1042/1042
f 1028/1028/1028 1042/1042/1042 1029/1029/1029
f 1030/1030/1030 1043/1043/1043 1044/1044/1044
f 1030/1030/1030 1044/1044/1044 1031/1031/1031
f 1031/1031/1031 1044/1044/1044 1045/1045/1045
f 1031/1031/1031 1045/1045/1045 1032/1032/1032
f 1032/1032/1032 1045/1045/1045 1046/1046/1046
f 1032/1032/1032 1046/1046/1046 1033/1033/1033
f 1033/1033/1033 1046/1046/1046 1047/1047/1047
f 1033/1033/1033 1047/1047/1047 1034/1034/1034
f 1034/1034/1034 1047/1047/1047 1048/1048/1048
f 1034/1034/1034 1048/1048/1048 1035/1035/1035
f 1035/1035/1035 1048/1048/1048 1049/1049/1049
f 1035/1035/1035 1049/1049/1049 1036/1036/1036
f 1036/1036/1036 1049/1049/1049 1050/1050/1050
f 1036/1036/1036 1050/1050/1050 1037/1037/1037
f 1037/1037/1037 1050/1050/1050 1051/1051/1051
f 1037/1037/1037 1051/1051/1051 1038/1038/1038
f 1038/1038/1038 1051/1051/1051 1052/1052/1052
f 1038/1038/1038 1052/1052/1052 1039/1039/1039
f 1039/1039/1039 1052/1052/1052 1053/1053/1053
f 1039/1039/1039 1053/1053/1053 1040/1040/1040
f 1040/1040/1040 1053/1053/1053 1054/1054/1054
f 1040/1040/1040 1054/1054/1054 1041/1041/1041
f 1041/1041/1041 1054/1054/1054 1055/1055/1055
f 1041/1041/1041 1055/1055/1055 1042/1042/1042
usemtl KrakenSuckerInner
f 1056/1056/1056 1070/1070/1070 1069/1069/1069
f 1056/1056/1056 1057/1057/1057 1070/1070/1070
f 1057/1057/1057 1071/1071/1071 1070/1070/1070
f 1057/1057/1057 1058/1058/1058 1071/1071/1071
f 1058/1058/1058 1072/1072/1072 1071/1071/1071
f 1058/1058/1058 1059/1059/1059 1072/1072/1072
f 1059/1059/1059 1073/1073/1073 1072/1072/1072
f 1059/1059/1059 1060/1060/1060 1073/1073/1073
f 1060/1060/1060 1074/1074/1074 1073/1073/1073
f 1060/1060/1060 1061/1061/1061 1074/1074/1074
f 1061/1061/1061 1075/1075/1075 1074/1074/1074
f 1061/1061/1061 1062/1062/1062 1075/1075/1075
f 1062/1062/1062 1076/1076/1076 1075/1075/1075
f 1062/1062/1062 1063/1063/1063 1076/1076/1076
f 1063/1063/1063 1077/1077/1077 1076/1076/1076
f 1063/1063/1063 1064/1064/1064 1077/1077/1077
f 1064/1064/1064 1078/1078/1078 1077/1077/1077
f 1064/1064/1064 1065/1065/1065 1078/1078/1078
f 1065/1065/1065 1079/1079/1079 1078/1078/1078
f 1065/1065/1065 1066/1066/1066 1079/1079/1079
f 1066/1066/1066 1080/1080/1080 1079/1079/1079
f 1066/1066/1066 1067/1067/1067 1080/1080/1080
f 1067/1067/1067 1081/1081/1081 1080/1080/1080
f 1067/1067/1067 1068/1068/1068 1081/1081/1081
f 1069/1069/1069 1083/1083/1083 1082/1082/1082
f 1069/1069/1069 1070/1070/1070 1083/1083/1083
f 1070/1070/1070 1084/1084/1084 1083/1083/1083
f 1070/1070/1070 1071/1071/1071 1084/1084/1084
f 1071/1071/1071 1085/1085/1085 1084/1084/1084
f 1071/1071/1071 1072/1072/1072 1085/1085/1085
f 1072/1072/1072 1086/1086/1086 1085/1085/1085
f 1072/1072/1072 1073/1073/1073 1086/1086/1086
f 1073/1073/1073 1087/1087/1087 1086/1086/1086
f 1073/1073/1073 1074/1074/1074 1087/1087/1087
f 1074/1074/1074 1088/1088/1088 1087/1087/1087
f 1074/1074/1074 1075/1075/1075 1088/1088/1088
f 1075/1075/1075 1089/1089/1089 1088/1088/1088
f 1075/1075/1075 1076/1076/1076 1089/1089/1089
f 1076/1076/1076 1090/1090/1090 1089/1089/1089
f 1076/1076/1076 1077/1077/1077 1090/1090/1090
f 1077/1077/1077 1091/1091/1091 1090/1090/1090
f 1077/1077/1077 1078/1078/1078 1091/1091/1091
f 1078/1078/1078 1092/1092/1092 1091/1091/1091
f 1078/1078/1078 1079/1079/1079 1092/1092/1092
f 1079/1079/1079 1093/1093/1093 1092/1092/1092
f 1079/1079/1079 1080/1080/1080 1093/1093/1093
f 1080/1080/1080 1094/1094/1094 1093/1093/1093
f 1080/1080/1080 1081/1081/1081 1094/1094/1094
f 1095/1095/1095 1082/1082/1082 1083/1083/1083
f 1095/1095/1095 1083/1083/1083 1084/1084/1084
f 1095/1095/1095 1084/1084/1084 1085/1085/1085
f 1095/1095/1095 1085/1085/1085 1086/1086/1086
f 1095/1095/1095 1086/1086/1086 1087/1087/1087
f 1095/1095/1095 1087/1087/1087 1088/1088/1088
f 1095/1095/1095 1088/1088/1088 1089/1089/1089
f 1095/1095/1095 1089/1089/1089 1090/1090/1090
f 1095/1095/1095 1090/1090/1090 1091/1091/1091
f 1095/1095/1095 1091/1091/1091 1092/1092/1092
f 1095/1095/1095 1092/1092/1092 1093/1093/1093
f 1095/1095/1095 1093/1093/1093 1094/1094/1094
usemtl KrakenSucker
f 1096/1096/1096 1109/1109/1109 1110/1110/1110
f 1096/1096/1096 1110/1110/1110 1097/1097/1097
f 1097/1097/1097 1110/1110/1110 1111/1111/1111
f 1097/1097/1097 1111/1111/1111 1098/1098/1098
f 1098/1098/1098 1111/1111/1111 1112/1112/1112
f 1098/1098/1098 1112/1112/1112 1099/1099/1099
f 1099/1099/1099 1112/1112/1112 1113/1113/1113
f 1099/1099/1099 1113/1113/1113 1100/1100/1100
f 1100/1100/1100 1113/1113/1113 1114/1114/1114
f 1100/1100/1100 1114/1114/1114 1101/1101/1101
f 1101/1101/1101 1114/1114/1114 1115/1115/1115
f 1101/1101/1101 1115/1115/1115 1102/1102/1102
f 1102/1102/1102 1115/1115/1115 1116/1116/1116
f 1102/1102/1102 1116/1116/1116 1103/1103/1103
f 1103/1103/1103 1116/1116/1116 1117/1117/1117
f 1103/1103/1103 1117/1117/1117 1104/1104/1104
f 1104/1104/1104 1117/1117/1117 1118/1118/1118
f 1104/1104/1104 1118/1118/1118 1105/1105/1105
f 1105/1105/1105 1118/1118/1118 1119/1119/1119
f 1105/1105/1105 1119/1119/1119 1106/1106/1106
f 1106/1106/1106 1119/1119/1119 1120/1120/1120
f 1106/1106/1106 1120/1120/1120 1107/1107/1107
f 1107/1107/1107 1120/1120/1120 1121/1121/1121
f 1107/1107/1107 1121/1121/1121 1108/1108/1108
f 1109/1109/1109 1122/1122/1122 1123/1123/1123
f 1109/1109/1109 1123/1123/1123 1110/1110/1110
f 1110/1110/1110 1123/1123/1123 1124/1124/1124
f 1110/1110/1110 1124/1124/1124 1111/1111/1111
f 1111/1111/1111 1124/1124/1124 1125/1125/1125
f 1111/1111/1111 1125/1125/1125 1112/1112/1112
f 1112/1112/1112 1125/1125/1125 1126/1126/1126
f 1112/1112/1112 1126/1126/1126 1113/1113/1113
f 1113/1113/1113 1126/1126/1126 1127/1127/1127
f 1113/1113/1113 1127/1127/1127 1114/1114/1114
f 1114/1114/1114 1127/1127/1127 1128/1128/1128
f 1114/1114/1114 1128/1128/1128 1115/1115/1115
f 1115/1115/1115 1128/1128/1128 1129/1129/1129
f 1115/1115/1115 1129/1129/1129 1116/1116/1116
f 1116/1116/1116 1129/1129/1129 1130/1130/1130
f 1116/1116/1116 1130/1130/1130 1117/1117/1117
f 1117/1117/1117 1130/1130/1130 1131/1131/1131
f 1117/1117/1117 1131/1131/1131 1118/1118/1118
f 1118/1118/1118 1131/1131/1131 1132/1132/1132
f 1118/1118/1118 1132/1132/1132 1119/1119/1119
f 1119/1119/1119 1132/1132/1132 1133/1133/1133
f 1119/1119/1119 1133/1133/1133 1120/1120/1120
f 1120/1120/1120 1133/1133/1133 1134/1134/1134
f 1120/1120/1120 1134/1134/1134 1121/1121/1121
usemtl KrakenSuckerInner
f 1135/1135/1135 1149/1149/1149 1148/1148/1148
f 1135/1135/1135 1136/1136/1136 1149/1149/1149
f 1136/1136/1136 1150/1150/1150 1149/1149/1149
f 1136/1136/1136 1137/1137/1137 1150/1150/1150
f 1137/1137/1137 1151/1151/1151 1150/1150/1150
f 1137/1137/1137 1138/1138/1138 1151/1151/1151
f 1138/1138/1138 1152/1152/1152 1151/1151/1151
f 1138/1138/1138 1139/1139/1139 1152/1152/1152
f 1139/1139/1139 1153/1153/1153 1152/1152/1152
f 1139/1139/1139 1140/1140/1140 1153/1153/1153
f 1140/1140/1140 1154/1154/1154 1153/1153/1153
f 1140/1140/1140 1141/1141/1141 1154/1154/1154
f 1141/1141/1141 1155/1155/1155 1154/1154/1154
f 1141/1141/1141 1142/1142/1142 1155/1155/1155
f 1142/1142/1142 1156/1156/1156 1155/1155/1155
f 1142/1142/1142 1143/1143/1143 1156/1156/1156
f 1143/1143/1143 1157/1157/1157 1156/1156/1156
f 1143/1143/1143 1144/1144/1144 1157/1157/1157
f 1144/1144/1144 1158/1158/1158 1157/1157/1157
f 1144/1144/1144 1145/1145/1145 1158/1158/1158
f 1145/1145/1145 1159/1159/1159 1158/1158/1158
f 1145/1145/1145 1146/1146/1146 1159/1159/1159
f 1146/1146/1146 1160/1160/1160 1159/1159/1159
f 1146/1146/1146 1147/1147/1147 1160/1160/1160
f 1148/1148/1148 1162/1162/1162 1161/1161/1161
f 1148/1148/1148 1149/1149/1149 1162/1162/1162
f 1149/1149/1149 1163/1163/1163 1162/1162/1162
f 1149/1149/1149 1150/1150/1150 1163/1163/1163
f 1150/1150/1150 1164/1164/1164 1163/1163/1163
f 1150/1150/1150 1151/1151/1151 1164/1164/1164
f 1151/1151/1151 1165/1165/1165 1164/1164/1164
f 1151/1151/1151 1152/1152/1152 1165/1165/1165
f 1152/1152/1152 1166/1166/1166 1165/1165/1165
f 1152/1152/1152 1153/1153/1153 1166/1166/1166
f 1153/1153/1153 1167/1167/1167 1166/1166/1166
f 1153/1153/1153 1154/1154/1154 1167/1167/1167
f 1154/1154/1154 1168/1168/1168 1167/1167/1167
f 1154/1154/1154 1155/1155/1155 1168/1168/1168
f 1155/1155/1155 1169/1169/1169 1168/1168/1168
f 1155/1155/1155 1156/1156/1156 1169/1169/1169
f 1156/1156/1156 1170/1170/1170 1169/1169/1169
f 1156/1156/1156 1157/1157/1157 1170/1170/1170
f 1157/1157/1157 1171/1171/1171 1170/1170/1170
f 1157/1157/1157 1158/1158/1158 1171/1171/1171
f 1158/1158/1158 1172/1172/1172 1171/1171/1171
f 1158/1158/1158 1159/1159/1159 1172/1172/1172
f 1159/1159/1159 1173/1173/1173 1172/1172/1172
f 1159/1159/1159 1160/1160/1160 1173/1173/1173
f 1174/1174/1174 1161/1161/1161 1162/1162/1162
f 1174/1174/1174 1162/1162/1162 1163/1163/1163
f 1174/1174/1174 1163/1163/1163 1164/1164/1164
f 1174/1174/1174 1164/1164/1164 1165/1165/1165
f 1174/1174/1174 1165/1165/1165 1166/1166/1166
f 1174/1174/1174 1166/1166/1166 1167/1167/1167
f 1174/1174/1174 1167/1167/1167 1168/1168/1168
f 1174/1174/1174 1168/1168/1168 1169/1169/1169
f 1174/1174/1174 1169/1169/1169 1170/1170/1170
f 1174/1174/1174 1170/1170/1170 1171/1171/1171
f 1174/1174/1174 1171/1171/1171 1172/1172/1172
f 1174/1174/1174 1172/1172/1172 1173/1173/1173
usemtl KrakenSucker
f 1175/1175/1175 1188/1188/1188 1189/1189/1189
f 1175/1175/1175 1189/1189/1189 1176/1176/1176
f 1176/1176/1176 1189/1189/1189 1190/1190/1190
f 1176/1176/1176 1190/1190/1190 1177/1177/1177
f 1177/1177/1177 1190/1190/1190 1191/1191/1191
f 1177/1177/1177 1191/1191/1191 1178/1178/1178
f 1178/1178/1178 1191/1191/1191 1192/1192/1192
f 1178/1178/1178 1192/1192/1192 1179/1179/1179
f 1179/1179/1179 1192/1192/1192 1193/1193/1193
f 1179/1179/1179 1193/1193/1193 1180/1180/1180
f 1180/1180/1180 1193/1193/1193 1194/1194/1194
f 1180/1180/1180 1194/1194/1194 1181/1181/1181
f 1181/1181/1181 1194/1194/1194 1195/1195/1195
f 1181/1181/1181 1195/1195/1195 1182/1182/1182
f 1182/1182/1182 1195/1195/1195 1196/1196/1196
f 1182/1182/1182 1196/1196/1196 1183/1183/1183
f 1183/1183/1183 1196/1196/1196 1197/1197/1197
f 1183/1183/1183 1197/1197/1197 1184/1184/1184
f 1184/1184/1184 1197/1197/1197 1198/1198/1198
f 1184/1184/1184 1198/1198/1198 1185/1185/1185
f 1185/1185/1185 1198/1198/1198 1199/1199/1199
f 1185/1185/1185 1199/1199/1199 1186/1186/1186
f 1186/1186/1186 1199/1199/1199 1200/1200/1200
f 1186/1186/1186 1200/1200/1200 1187/1187/1187
f 1188/1188/1188 1201/1201/1201 1202/1202/1202
f 1188/1188/1188 1202/1202/1202 1189/1189/1189
f 1189/1189/1189 1202/1202/1202 1203/1203/1203
f 1189/1189/1189 1203/1203/1203 1190/1190/1190
f 1190/1190/1190 1203/1203/1203 1204/1204/1204
f 1190/1190/1190 1204/1204/1204 1191/1191/1191
f 1191/1191/1191 1204/1204/1204 1205/1205/1205
f 1191/1191/1191 1205/1205/1205 1192/1192/1192
f 1192/1192/1192 1205/1205/1205 1206/1206/1206
f 1192/1192/1192 1206/1206/1206 1193/1193/1193
f 1193/1193/1193 1206/1206/1206 1207/1207/1207
f 1193/1193/1193 1207/1207/1207 1194/1194/1194
f 1194/1194/1194 1207/1207/1207 1208/1208/1208
f 1194/1194/1194 1208/1208/1208 1195/1195/1195
f 1195/1195/1195 1208/1208/1208 1209/1209/1209
f 1195/1195/1195 1209/1209/1209 1196/1196/1196
f 1196/1196/1196 1209/1209/1209 1210/1210/1210
f 1196/1196/1196 1210/1210/1210 1197/1197/1197
f 1197/1197/1197 1210/1210/1210 1211/1211/1211
f 1197/1197/1197 1211/1211/1211 1198/1198/1198
f 1198/1198/1198 1211/1211/1211 1212/1212/1212
f 1198/1198/1198 1212/1212/1212 1199/1199/1199
f 1199/1199/1199 1212/1212/1212 1213/1213/1213
f 1199/1199/1199 1213/1213/1213 1200/1200/1200
usemtl KrakenSuckerInner
f 1214/1214/1214 1228/1228/1228 1227/1227/1227
f 1214/1214/1214 1215/1215/1215 1228/1228/1228
f 1215/1215/1215 1229/1229/1229 1228/1228/1228
f 1215/1215/1215 1216/1216/1216 1229/1229/1229
f 1216/1216/1216 1230/1230/1230 1229/1229/1229
f 1216/1216/1216 1217/1217/1217 1230/1230/1230
f 1217/1217/1217 1231/1231/1231 1230/1230/1230
f 1217/1217/1217 1218/1218/1218 1231/1231/1231
f 1218/1218/1218 1232/1232/1232 1231/1231/1231
f 1218/1218/1218 1219/1219/1219 1232/1232/1232
f 1219/1219/1219 1233/1233/1233 1232/1232/1232
f 1219/1219/1219 1220/1220/1220 1233/1233/1233
f 1220/1220/1220 1234/1234/1234 1233/1233/1233
f 1220/1220/1220 1221/1221/1221 1234/1234/1234
f 1221/1221/1221 1235/1235/1235 1234/1234/1234
f 1221/1221/1221 1222/1222/1222 1235/1235/1235
f 1222/1222/1222 1236/1236/1236 1235/1235/1235
f 1222/1222/1222 1223/1223/1223 1236/1236/1236
f 1223/1223/1223 1237/1237/1237 1236/1236/1236
f 1223/1223/1223 1224/1224/1224 1237/1237/1237
f 1224/1224/1224 1238/1238/1238 1237/1237/1237
f 1224/1224/1224 1225/1225/1225 1238/1238/1238
f 1225/1225/1225 1239/1239/1239 1238/1238/1238
f 1225/1225/1225 1226/1226/1226 1239/1239/1239
f 1227/1227/1227 1241/1241/1241 1240/1240/1240
f 1227/1227/1227 1228/1228/1228 1241/1241/1241
f 1228/1228/1228 1242/1242/1242 1241/1241/1241
f 1228/1228/1228 1229/1229/1229 1242/1242/1242
f 1229/1229/1229 1243/1243/1243 1242/1242/1242
f 1229/1229/1229 1230/1230/1230 1243/1243/1243
f 1230/1230/1230 1244/1244/1244 1243/1243/1243
f 1230/1230/1230 1231/1231/1231 1244/1244/1244
f 1231/1231/1231 1245/1245/1245 1244/1244/1244
f 1231/1231/1231 1232/1232/1232 1245/1245/1245
f 1232/1232/1232 1246/1246/1246 1245/1245/1245
f 1232/1232/1232 1233/1233/1233 1246/1246/1246
f 1233/1233/1233 1247/1247/1247 1246/1246/1246
f 1233/1233/1233 1234/1234/1234 1247/1247/1247
f 1234/1234/1234 1248/1248/1248 1247/1247/1247
f 1234/1234/1234 1235/1235/1235 1248/1248/1248
f 1235/1235/1235 1249/1249/1249 1248/1248/1248
f 1235/1235/1235 1236/1236/1236 1249/1249/1249
f 1236/1236/1236 1250/1250/1250 1249/1249/1249
f 1236/1236/1236 1237/1237/1237 1250/1250/1250
f 1237/1237/1237 1251/1251/1251 1250/1250/1250
f 1237/1237/1237 1238/1238/1238 1251/1251/1251
f 1238/1238/1238 1252/1252/1252 1251/1251/1251
f 1238/1238/1238 1239/1239/1239 1252/1252/1252
f 1253/1253/1253 1240/1240/1240 1241/1241/1241
f 1253/1253/1253 1241/1241/1241 1242/1242/1242
f 1253/1253/1253 1242/1242/1242 1243/1243/1243
f 1253/1253/1253 1243/1243/1243 1244/1244/1244
f 1253/1253/1253 1244/1244/1244 1245/1245/1245
f 1253/1253/1253 1245/1245/1245 1246/1246/1246
f 1253/1253/1253 1246/1246/1246 1247/1247/1247
f 1253/1253/1253 1247/1247/1247 1248/1248/1248
f 1253/1253/1253 1248/1248/1248 1249/1249/1249
f 1253/1253/1253 1249/1249/1249 1250/1250/1250
f 1253/1253/1253 1250/1250/1250 1251/1251/1251
f 1253/1253/1253 1251/1251/1251 1252/1252/1252
usemtl KrakenSucker
f 1254/1254/1254 1267/1267/1267 1268/1268/1268
f 1254/1254/1254 1268/1268/1268 1255/1255/1255
f 1255/1255/1255 1268/1268/1268 1269/1269/1269
f 1255/1255/1255 1269/1269/1269 1256/1256/1256
f 1256/1256/1256 1269/1269/1269 1270/1270/1270
f 1256/1256/1256 1270/1270/1270 1257/1257/1257
f 1257/1257/1257 1270/1270/1270 1271/1271/1271
f 1257/1257/1257 1271/1271/1271 1258/1258/1258
f 1258/1258/1258 1271/1271/1271 1272/1272/1272
f 1258/1258/1258 1272/1272/1272 1259/1259/1259
f 1259/1259/1259 1272/1272/1272 1273/1273/1273
f 1259/1259/1259 1273/1273/1273 1260/1260/1260
f 1260/1260/1260 1273/1273/1273 1274/1274/1274
f 1260/1260/1260 1274/1274/1274 1261/1261/1261
f 1261/1261/1261 1274/1274/1274 1275/1275/1275
f 1261/1261/1261 1275/1275/1275 1262/1262/1262
f 1262/1262/1262 1275/1275/1275 1276/1276/1276
f 1262/1262/1262 1276/1276/1276 1263/1263/1263
f 1263/1263/1263 1276/1276/1276 1277/1277/1277
f 1263/1263/1263 1277/1277/1277 1264/1264/1264
f 1264/1264/1264 1277/1277/1277 1278/1278/1278
f 1264/1264/1264 1278/1278/1278 1265/1265/1265
f 1265/1265/1265 1278/1278/1278 1279/1279/1279
f 1265/1265/1265 1279/1279/1279 1266/1266/1266
f 1267/1267/1267 1280/1280/1280 1281/1281/1281
f 1267/1267/1267 1281/1281/1281 1268/1268/1268
f 1268/1268/1268 1281/1281/1281 1282/1282/1282
f 1268/1268/1268 1282/1282/1282 1269/1269/1269
f 1269/1269/1269 1282/1282/1282 1283/1283/1283
f 1269/1269/1269 1283/1283/1283 1270/1270/1270
f 1270/1270/1270 1283/1283/1283 1284/1284/1284
f 1270/1270/1270 1284/1284/1284 1271/1271/1271
f 1271/1271/1271 1284/1284/1284 1285/1285/1285
f 1271/1271/1271 1285/1285/1285 1272/1272/1272
f 1272/1272/1272 1285/1285/1285 1286/1286/1286
f 1272/1272/1272 1286/1286/1286 1273/1273/1273
f 1273/1273/1273 1286/1286/1286 1287/1287/1287
f 1273/1273/1273 1287/1287/1287 1274/1274/1274
f 1274/1274/1274 1287/1287/1287 1288/1288/1288
f 1274/1274/1274 1288/1288/1288 1275/1275/1275
f 1275/1275/1275 1288/1288/1288 1289/1289/1289
f 1275/1275/1275 1289/1289/1289 1276/1276/1276
f 1276/1276/1276 1289/1289/1289 1290/1290/1290
f 1276/1276/1276 1290/1290/1290 1277/1277/1277
f 1277/1277/1277 1290/1290/1290 1291/1291/1291
f 1277/1277/1277 1291/1291/1291 1278/1278/1278
f 1278/1278/1278 1291/1291/1291 1292/1292/1292
f 1278/1278/1278 1292/1292/1292 1279/1279/1279
usemtl KrakenSuckerInner
f 1293/1293/1293 1307/1307/1307 1306/1306/1306
f 1293/1293/1293 1294/1294/1294 1307/1307/1307
f 1294/1294/1294 1308/1308/1308 1307/1307/1307
f 1294/1294/1294 1295/1295/1295 1308/1308/1308
f 1295/1295/1295 1309/1309/1309 1308/1308/1308
f 1295/1295/1295 1296/1296/1296 1309/1309/1309
f 1296/1296/1296 1310/1310/1310 1309/1309/1309
f 1296/1296/1296 1297/1297/1297 1310/1310/1310
f 1297/1297/1297 1311/1311/1311 1310/1310/1310
f 1297/1297/1297 1298/1298/1298 1311/1311/1311
f 1298/1298/1298 1312/1312/1312 1311/1311/1311
f 1298/1298/1298 1299/1299/1299 1312/1312/1312
f 1299/1299/1299 1313/1313/1313 1312/1312/1312
f 1299/1299/1299 1300/1300/1300 1313/1313/1313
f 1300/1300/1300 1314/1314/1314 1313/1313/1313
f 1300/1300/1300 1301/1301/1301 1314/1314/1314
f 1301/1301/1301 1315/1315/1315 1314/1314/1314
f 1301/1301/1301 1302/1302/1302 1315/1315/1315
f 1302/1302/1302 1316/1316/1316 1315/1315/1315
f 1302/1302/1302 1303/1303/1303 1316/1316/1316
f 1303/1303/1303 1317/1317/1317 1316/1316/1316
f 1303/1303/1303 1304/1304/1304 1317/1317/1317
f 1304/1304/1304 1318/1318/1318 1317/1317/1317
f 1304/1304/1304 1305/1305/1305 1318/1318/1318
f 1306/1306/1306 1320/1320/1320 1319/1319/1319
f 1306/1306/1306 1307/1307/1307 1320/1320/1320
f 1307/1307/1307 1321/1321/1321 1320/1320/1320
f 1307/1307/1307 1308/1308/1308 1321/1321/1321
f 1308/1308/1308 1322/1322/1322 1321/1321/1321
f 1308/1308/1308 1309/1309/1309 1322/1322/1322
f 1309/1309/1309 1323/1323/1323 1322/1322/1322
f 1309/1309/1309 1310/1310/1310 1323/1323/1323
f 1310/1310/1310 1324/1324/1324 1323/1323/1323
f 1310/1310/1310 1311/1311/1311 1324/1324/1324
f 1311/1311/1311 1325/1325/1325 1324/1324/1324
f 1311/1311/1311 1312/1312/1312 1325/1325/1325
f 1312/1312/1312 1326/1326/1326 1325/1325/1325
f 1312/1312/1312 1313/1313/1313 1326/1326/1326
f 1313/1313/1313 1327/1327/1327 1326/1326/1326
f 1313/1313/1313 1314/1314/1314 1327/1327/1327
f 1314/1314/1314 1328/1328/1328 1327/1327/1327
f 1314/1314/1314 1315/1315/1315 1328/1328/1328
f 1315/1315/1315 1329/1329/1329 1328/1328/1328
f 1315/1315/1315 1316/1316/1316 1329/1329/1329
f 1316/1316/1316 1330/1330/1330 1329/1329/1329
f 1316/1316/1316 1317/1317/1317 1330/1330/1330
f 1317/1317/1317 1331/1331/1331 1330/1330/1330
f 1317/1317/1317 1318/1318/1318 1331/1331/1331
f 1332/1332/1332 1319/1319/1319 1320/1320/1320
f 1332/1332/1332 1320/1320/1320 1321/1321/1321
f 1332/1332/1332 1321/1321/1321 1322/1322/1322
f 1332/1332/1332 1322/1322/1322 1323/1323/1323
f 1332/1332/1332 1323/1323/1323 1324/1324/1324
f 1332/1332/1332 1324/1324/1324 1325/1325/1325
f 1332/1332/1332 1325/1325/1325 1326/1326/1326
f 1332/1332/1332 1326/1326/1326 1327/1327/1327
f 1332/1332/1332 1327/1327/1327 1328/1328/1328
f 1332/1332/1332 1328/1328/1328 1329/1329/1329
f 1332/1332/1332 1329/1329/1329 1330/1330/1330
f 1332/1332/1332 1330/1330/1330 1331/1331/1331
usemtl KrakenSucker
f 1333/1333/1333 1346/1346/1346 1347/1347/1347
f 1333/1333/1333 1347/1347/1347 1334/1334/1334
f 1334/1334/1334 1347/1347/1347 1348/1348/1348
f 1334/1334/1334 1348/1348/1348 1335/1335/1335
f 1335/1335/1335 1348/1348/1348 1349/1349/1349
f 1335/1335/1335 1349/1349/1349 1336/1336/1336
f 1336/1336/1336 1349/1349/1349 1350/1350/1350
f 1336/1336/1336 1350/1350/1350 1337/1337/1337
f 1337/1337/1337 1350/1350/1350 1351/1351/1351
f 1337/1337/1337 1351/1351/1351 1338/1338/1338
f 1338/1338/1338 1351/1351/1351 1352/1352/1352
f 1338/1338/1338 1352/1352/1352 1339/1339/1339
f 1339/1339/1339 1352/1352/1352 1353/1353/1353
f 1339/1339/1339 1353/1353/1353 1340/1340/1340
f 1340/1340/1340 1353/1353/1353 1354/1354/1354
f 1340/1340/1340 1354/1354/1354 1341/1341/1341
f 1341/1341/1341 1354/1354/1354 1355/1355/1355
f 1341/1341/1341 1355/1355/1355 1342/1342/1342
f 1342/1342/1342 1355/1355/1355 1356/1356/1356
f 1342/1342/1342 1356/1356/1356 1343/1343/1343
f 1343/1343/1343 1356/1356/1356 1357/1357/1357
f 1343/1343/1343 1357/1357/1357 1344/1344/1344
f 1344/1344/1344 1357/1357/1357 1358/1358/1358
f 1344/1344/1344 1358/1358/1358 1345/1345/1345
f 1346/1346/1346 1359/1359/1359 1360/1360/1360
f 1346/1346/1346 1360/1360/1360 1347/1347/1347
f 1347/1347/1347 1360/1360/1360 1361/1361/1361
f 1347/1347/1347 1361/1361/1361 1348/1348/1348
f 1348/1348/1348 1361/1361/1361 1362/1362/1362
f 1348/1348/1348 1362/1362/1362 1349/1349/1349
f 1349/1349/1349 1362/1362/1362 1363/1363/1363
f 1349/1349/1349 1363/1363/1363 1350/1350/1350
f 1350/1350/1350 1363/1363/1363 1364/1364/1364
f 1350/1350/1350 1364/1364/1364 1351/1351/1351
f 1351/1351/1351 1364/1364/1364 1365/1365/1365
f 1351/1351/1351 1365/1365/1365 1352/1352/1352
f 1352/1352/1352 1365/1365/1365 1366/1366/1366
f 1352/1352/1352 1366/1366/1366 1353/1353/1353
f 1353/1353/1353 1366/1366/1366 1367/1367/1367
f 1353/1353/1353 1367/1367/1367 1354/1354/1354
f 1354/1354/1354 1367/1367/1367 1368/1368/1368
f 1354/1354/1354 1368/1368/1368 1355/1355/1355
f 1355/1355/1355 1368/1368/1368 1369/1369/1369
f 1355/1355/1355 1369/1369/1369 1356/1356/1356
f 1356/1356/1356 1369/1369/1369 1370/1370/1370
f 1356/1356/1356 1370/1370/1370 1357/1357/1357
f 1357/1357/1357 1370/1370/1370 1371/1371/1371
f 1357/1357/1357 1371/1371/1371 1358/1358/1358
usemtl KrakenSuckerInner
f 1372/1372/1372 1386/1386/1386 1385/1385/1385
f 1372/1372/1372 1373/1373/1373 1386/1386/1386
f 1373/1373/1373 1387/1387/1387 1386/1386/1386
f 1373/1373/1373 1374/1374/1374 1387/1387/1387
f 1374/1374/1374 1388/1388/1388 1387/1387/1387
f 1374/1374/1374 1375/1375/1375 1388/1388/1388
f 1375/1375/1375 1389/1389/1389 1388/1388/1388
f 1375/1375/1375 1376/1376/1376 1389/1389/1389
f 1376/1376/1376 1390/1390/1390 1389/1389/1389
f 1376/1376/1376 1377/1377/1377 1390/1390/1390
f 1377/1377/1377 1391/1391/1391 1390/1390/1390
f 1377/1377/1377 1378/1378/1378 1391/1391/1391
f 1378/1378/1378 1392/1392/1392 1391/1391/1391
f 1378/1378/1378 1379/1379/1379 1392/1392/1392
f 1379/1379/1379 1393/1393/1393 1392/1392/1392
f 1379/1379/1379 1380/1380/1380 1393/1393/1393
f 1380/1380/1380 1394/1394/1394 1393/1393/1393
f 1380/1380/1380 1381/1381/1381 1394/1394/1394
f 1381/1381/1381 1395/1395/1395 1394/1394/1394
f 1381/1381/1381 1382/1382/1382 1395/1395/1395
f 1382/1382/1382 1396/1396/1396 1395/1395/1395
f 1382/1382/1382 1383/1383/1383 1396/1396/1396
f 1383/1383/1383 1397/1397/1397 1396/1396/1396
f 1383/1383/1383 1384/1384/1384 1397/1397/1397
f 1385/1385/1385 1399/1399/1399 1398/1398/1398
f 1385/1385/1385 1386/1386/1386 1399/1399/1399
f 1386/1386/1386 1400/1400/1400 1399/1399/1399
f 1386/1386/1386 1387/1387/1387 1400/1400/1400
f 1387/1387/1387 1401/1401/1401 1400/1400/1400
f 1387/1387/1387 1388/1388/1388 1401/1401/1401
f 1388/1388/1388 1402/1402/1402 1401/1401/1401
f 1388/1388/1388 1389/1389/1389 1402/1402/1402
f 1389/1389/1389 1403/1403/1403 1402/1402/1402
f 1389/1389/1389 1390/1390/1390 1403/1403/1403
f 1390/1390/1390 1404/1404/1404 1403/1403/1403
f 1390/1390/1390 1391/1391/1391 1404/1404/1404
f 1391/1391/1391 1405/1405/1405 1404/1404/1404
f 1391/1391/1391 1392/1392/1392 1405/1405/1405
f 1392/1392/1392 1406/1406/1406 1405/1405/1405
f 1392/1392/1392 1393/1393/1393 1406/1406/1406
f 1393/1393/1393 1407/1407/1407 1406/1406/1406
f 1393/1393/1393 1394/1394/1394 1407/1407/1407
f 1394/1394/1394 1408/1408/1408 1407/1407/1407
f 1394/1394/1394 1395/1395/1395 1408/1408/1408
f 1395/1395/1395 1409/1409/1409 1408/1408/1408
f 1395/1395/1395 1396/1396/1396 1409/1409/1409
f 1396/1396/1396 1410/1410/1410 1409/1409/1409
f 1396/1396/1396 1397/1397/1397 1410/1410/1410
f 1411/1411/1411 1398/1398/1398 1399/1399/1399
f 1411/1411/1411 1399/1399/1399 1400/1400/1400
f 1411/1411/1411 1400/1400/1400 1401/1401/1401
f 1411/1411/1411 1401/1401/1401 1402/1402/1402
f 1411/1411/1411 1402/1402/1402 1403/1403/1403
f 1411/1411/1411 1403/1403/1403 1404/1404/1404
f 1411/1411/1411 1404/1404/1404 1405/1405/1405
f 1411/1411/1411 1405/1405/1405 1406/1406/1406
f 1411/1411/1411 1406/1406/1406 1407/1407/1407
f 1411/1411/1411 1407/1407/1407 1408/1408/1408
f 1411/1411/1411 1408/1408/1408 1409/1409/1409
f 1411/1411/1411 1409/1409/1409 1410/1410/1410
usemtl KrakenSucker
f 1412/1412/1412 1425/1425/1425 1426/1426/1426
f 1412/1412/1412 1426/1426/1426 1413/1413/1413
f 1413/1413/1413 1426/1426/1426 1427/1427/1427
f 1413/1413/1413 1427/1427/1427 1414/1414/1414
f 1414/1414/1414 1427/1427/1427 1428/1428/1428
f 1414/1414/1414 1428/1428/1428 1415/1415/1415
f 1415/1415/1415 1428/1428/1428 1429/1429/1429
f 1415/1415/1415 1429/1429/1429 1416/1416/1416
f 1416/1416/1416 1429/1429/1429 1430/1430/1430
f 1416/1416/1416 1430/1430/1430 1417/1417/1417
f 1417/1417/1417 1430/1430/1430 1431/1431/1431
f 1417/1417/1417 1431/1431/1431 1418/1418/1418
f 1418/1418/1418 1431/1431/1431 1432/1432/1432
f 1418/1418/1418 1432/1432/1432 1419/1419/1419
f 1419/1419/1419 1432/1432/1432 1433/1433/1433
f 1419/1419/1419 1433/1433/1433 1420/1420/1420
f 1420/1420/1420 1433/1433/1433 1434/1434/1434
f 1420/1420/1420 1434/1434/1434 1421/1421/1421
f 1421/1421/1421 1434/1434/1434 1435/1435/1435
f 1421/1421/1421 1435/1435/1435 1422/1422/1422
f 1422/1422/1422 1435/1435/1435 1436/1436/1436
f 1422/1422/1422 1436/1436/1436 1423/1423/1423
f 1423/1423/1423 1436/1436/1436 1437/1437/1437
f 1423/1423/1423 1437/1437/1437 1424/1424/1424
f 1425/1425/1425 1438/1438/1438 1439/1439/1439
f 1425/1425/1425 1439/1439/1439 1426/1426/1426
f 1426/1426/1426 1439/1439/1439 1440/1440/1440
f 1426/1426/1426 1440/1440/1440 1427/1427/1427
f 1427/1427/1427 1440/1440/1440 1441/1441/1441
f 1427/1427/1427 1441/1441/1441 1428/1428/1428
f 1428/1428/1428 1441/1441/1441 1442/1442/1442
f 1428/1428/1428 1442/1442/1442 1429/1429/1429
f 1429/1429/1429 1442/1442/1442 1443/1443/1443
f 1429/1429/1429 1443/1443/1443 1430/1430/1430
f 1430/1430/1430 1443/1443/1443 1444/1444/1444
f 1430/1430/1430 1444/1444/1444 1431/1431/1431
f 1431/1431/1431 1444/1444/1444 1445/1445/1445
f 1431/1431/1431 1445/1445/1445 1432/1432/1432
f 1432/1432/1432 1445/1445/1445 1446/1446/1446
f 1432/1432/1432 1446/1446/1446 1433/1433/1433
f 1433/1433/1433 1446/1446/1446 1447/1447/1447
f 1433/1433/1433 1447/1447/1447 1434/1434/1434
f 1434/1434/1434 1447/1447/1447 1448/1448/1448
f 1434/1434/1434 1448/1448/1448 1435/1435/1435
f 1435/1435/1435 1448/1448/1448 1449/1449/1449
f 1435/1435/1435 1449/1449/1449 1436/1436/1436
f 1436/1436/1436 1449/1449/1449 1450/1450/1450
f 1436/1436/1436 1450/1450/1450 1437/1437/1437
usemtl KrakenSuckerInner
f 1451/1451/1451 1465/1465/1465 1464/1464/1464
f 1451/1451/1451 1452/1452/1452 1465/1465/1465
f 1452/1452/1452 1466/1466/1466 1465/1465/1465
f 1452/1452/1452 1453/1453/1453 1466/1466/1466
f 1453/1453/1453 1467/1467/1467 1466/1466/1466
f 1453/1453/1453 1454/1454/1454 1467/1467/1467
f 1454/1454/1454 1468/1468/1468 1467/1467/1467
f 1454/1454/1454 1455/1455/1455 1468/1468/1468
f 1455/1455/1455 1469/1469/1469 1468/1468/1468
f 1455/1455/1455 1456/1456/1456 1469/1469/1469
f 1456/1456/1456 1470/1470/1470 1469/1469/1469
f 1456/1456/1456 1457/1457/1457 1470/1470/1470
f 1457/1457/1457 1471/1471/1471 1470/1470/1470
f 1457/1457/1457 1458/1458/1458 1471/1471/1471
f 1458/1458/1458 1472/1472/1472 1471/1471/1471
f 1458/1458/1458 1459/1459/1459 1472/1472/1472
f 1459/1459/1459 1473/1473/1473 1472/1472/1472
f 1459/1459/1459 1460/1460/1460 1473/1473/1473
f 1460/1460/1460 1474/1474/1474 1473/1473/1473
f 1460/1460/1460 1461/1461/1461 1474/1474/1474
f 1461/1461/1461 1475/1475/1475 1474/1474/1474
f 1461/1461/1461 1462/1462/1462 1475/1475/1475
f 1462/1462/1462 1476/1476/1476 1475/1475/1475
f 1462/1462/1462 1463/1463/1463 1476/1476/1476
f 1464/1464/1464 1478/1478/1478 1477/1477/1477
f 1464/1464/1464 1465/1465/1465 1478/1478/1478
f 1465/1465/1465 1479/1479/1479 1478/1478/1478
f 1465/1465/1465 1466/1466/1466 1479/1479/1479
f 1466/1466/1466 1480/1480/1480 1479/1479/1479
f 1466/1466/1466 1467/1467/1467 1480/1480/1480
f 1467/1467/1467 1481/1481/1481 1480/1480/1480
f 1467/1467/1467 1468/1468/1468 1481/1481/1481
f 1468/1468/1468 1482/1482/1482 1481/1481/1481
f 1468/1468/1468 1469/1469/1469 1482/1482/1482
f 1469/1469/1469 1483/1483/1483 1482/1482/1482
f 1469/1469/1469 1470/1470/1470 1483/1483/1483
f 1470/1470/1470 1484/1484/1484 1483/1483/1483
f 1470/1470/1470 1471/1471/1471 1484/1484/1484
f 1471/1471/1471 1485/1485/1485 1484/1484/1484
f 1471/1471/1471 1472/1472/1472 1485/1485/1485
f 1472/1472/1472 1486/1486/1486 1485/1485/1485
f 1472/1472/1472 1473/1473/1473 1486/1486/1486
f 1473/1473/1473 1487/1487/1487 1486/1486/1486
f 1473/1473/1473 1474/1474/1474 1487/1487/1487
f 1474/1474/1474 1488/1488/1488 1487/1487/1487
f 1474/1474/1474 1475/1475/1475 1488/1488/1488
f 1475/1475/1475 1489/1489/1489 1488/1488/1488
f 1475/1475/1475 1476/1476/1476 1489/1489/1489
f 1490/1490/1490 1477/1477/1477 1478/1478/1478
f 1490/1490/1490 1478/1478/1478 1479/1479/1479
f 1490/1490/1490 1479/1479/1479 1480/1480/1480
f 1490/1490/1490 1480/1480/1480 1481/1481/1481
f 1490/1490/1490 1481/1481/1481 1482/1482/1482
f 1490/1490/1490 1482/1482/1482 1483/1483/1483
f 1490/1490/1490 1483/1483/1483 1484/1484/1484
f 1490/1490/1490 1484/1484/1484 1485/1485/1485
f 1490/1490/1490 1485/1485/1485 1486/1486/1486
f 1490/1490/1490 1486/1486/1486 1487/1487/1487
f 1490/1490/1490 1487/1487/1487 1488/1488/1488
f 1490/1490/1490 1488/1488/1488 1489/1489/1489
usemtl KrakenSucker
f 1491/1491/1491 1504/1504/1504 1505/1505/1505
f 1491/1491/1491 1505/1505/1505 1492/1492/1492
f 1492/1492/1492 1505/1505/1505 1506/1506/1506
f 1492/1492/1492 1506/1506/1506 1493/1493/1493
f 1493/1493/1493 1506/1506/1506 1507/1507/1507
f 1493/1493/1493 1507/1507/1507 1494/1494/1494
f 1494/1494/1494 1507/1507/1507 1508/1508/1508
f 1494/1494/1494 1508/1508/1508 1495/1495/1495
f 1495/1495/1495 1508/1508/1508 1509/1509/1509
f 1495/1495/1495 1509/1509/1509 1496/1496/1496
f 1496/1496/1496 1509/1509/1509 1510/1510/1510
f 1496/1496/1496 1510/1510/1510 1497/1497/1497
f 1497/1497/1497 1510/1510/1510 1511/1511/1511
f 1497/1497/1497 1511/1511/1511 1498/1498/1498
f 1498/1498/1498 1511/1511/1511 1512/1512/1512
f 1498/1498/1498 1512/1512/1512 1499/1499/1499
f 1499/1499/1499 1512/1512/1512 1513/1513/1513
f 1499/1499/1499 1513/1513/1513 1500/1500/1500
f 1500/1500/1500 1513/1513/1513 1514/1514/1514
f 1500/1500/1500 1514/1514/1514 1501/1501/1501
f 1501/1501/1501 1514/1514/1514 1515/1515/1515
f 1501/1501/1501 1515/1515/1515 1502/1502/1502
f 1502/1502/1502 1515/1515/1515 1516/1516/1516
f 1502/1502/1502 1516/1516/1516 1503/1503/1503
f 1504/1504/1504 1517/1517/1517 1518/1518/1518
f 1504/1504/1504 1518/1518/1518 1505/1505/1505
f 1505/1505/1505 1518/1518/1518 1519/1519/1519
f 1505/1505/1505 1519/1519/1519 1506/1506/1506
f 1506/1506/1506 1519/1519/1519 1520/1520/1520
f 1506/1506/1506 1520/1520/1520 1507/1507/1507
f 1507/1507/1507 1520/1520/1520 1521/1521/1521
f 1507/1507/1507 1521/1521/1521 1508/1508/1508
f 1508/1508/1508 1521/1521/1521 1522/1522/1522
f 1508/1508/1508 1522/1522/1522 1509/1509/1509
f 1509/1509/1509 1522/1522/1522 1523/1523/1523
f 1509/1509/1509 1523/1523/1523 1510/1510/1510
f 1510/1510/1510 1523/1523/1523 1524/1524/1524
f 1510/1510/1510 1524/1524/1524 1511/1511/1511
f 1511/1511/1511 1524/1524/1524 1525/1525/1525
f 1511/1511/1511 1525/1525/1525 1512/1512/1512
f 1512/1512/1512 1525/1525/1525 1526/1526/1526
f 1512/1512/1512 1526/1526/1526 1513/1513/1513
f 1513/1513/1513 1526/1526/1526 1527/1527/1527
f 1513/1513/1513 1527/1527/1527 1514/1514/1514
f 1514/1514/1514 1527/1527/1527 1528/1528/1528
f 1514/1514/1514 1528/1528/1528 1515/1515/1515
f 1515/1515/1515 1528/1528/1528 1529/1529/1529
f 1515/1515/1515 1529/1529/1529 1516/1516/1516
usemtl KrakenSuckerInner
f 1530/1530/1530 1544/1544/1544 1543/1543/1543
f 1530/1530/1530 1531/1531/1531 1544/1544/1544
f 1531/1531/1531 1545/1545/1545 1544/1544/1544
f 1531/1531/1531 1532/1532/1532 1545/1545/1545
f 1532/1532/1532 1546/1546/1546 1545/1545/1545
f 1532/1532/1532 1533/1533/1533 1546/1546/1546
f 1533/1533/1533 1547/1547/1547 1546/1546/1546
f 1533/1533/1533 1534/1534/1534 1547/1547/1547
f 1534/1534/1534 1548/1548/1548 1547/1547/1547
f 1534/1534/1534 1535/1535/1535 1548/1548/1548
f 1535/1535/1535 1549/1549/1549 1548/1548/1548
f 1535/1535/1535 1536/1536/1536 1549/1549/1549
f 1536/1536/1536 1550/1550/1550 1549/1549/1549
f 1536/1536/1536 1537/1537/1537 1550/1550/1550
f 1537/1537/1537 1551/1551/1551 1550/1550/1550
f 1537/1537/1537 1538/1538/1538 1551/1551/1551
f 1538/1538/1538 1552/1552/1552 1551/1551/1551
f 1538/1538/1538 1539/1539/1539 1552/1552/1552
f 1539/1539/1539 1553/1553/1553 1552/1552/1552
f 1539/1539/1539 1540/1540/1540 1553/1553/1553
f 1540/1540/1540 1554/1554/1554 1553/1553/1553
f 1540/1540/1540 1541/1541/1541 1554/1554/1554
f 1541/1541/1541 1555/1555/1555 1554/1554/1554
f 1541/1541/1541 1542/1542/1542 1555/1555/1555
f 1543/1543/1543 1557/1557/1557 1556/1556/1556
f 1543/1543/1543 1544/1544/1544 1557/1557/1557
f 1544/1544/1544 1558/1558/1558 1557/1557/1557
f 1544/1544/1544 1545/1545/1545 1558/1558/1558
f 1545/1545/1545 1559/1559/1559 1558/1558/1558
f 1545/1545/1545 1546/1546/1546 1559/1559/1559
f 1546/1546/1546 1560/1560/1560 1559/1559/1559
f 1546/1546/1546 1547/1547/1547 1560/1560/1560
f 1547/1547/1547 1561/1561/1561 1560/1560/1560
f 1547/1547/1547 1548/1548/1548 1561/1561/1561
f 1548/1548/1548 1562/1562/1562 1561/1561/1561
f 1548/1548/1548 1549/1549/1549 1562/1562/1562
f 1549/1549/1549 1563/1563/1563 1562/1562/1562
f 1549/1549/1549 1550/1550/1550 1563/1563/1563
f 1550/1550/1550 1564/1564/1564 1563/1563/1563
f 1550/1550/1550 1551/1551/1551 1564/1564/1564
f 1551/1551/1551 1565/1565/1565 1564/1564/1564
f 1551/1551/1551 1552/1552/1552 1565/1565/1565
f 1552/1552/1552 1566/1566/1566 1565/1565/1565
f 1552/1552/1552 1553/1553/1553 1566/1566/1566
f 1553/1553/1553 1567/1567/1567 1566/1566/1566
f 1553/1553/1553 1554/1554/1554 1567/1567/1567
f 1554/1554/1554 1568/1568/1568 1567/1567/1567
f 1554/1554/1554 1555/1555/1555 1568/1568/1568
f 1569/1569/1569 1556/1556/1556 1557/1557/1557
f 1569/1569/1569 1557/1557/1557 1558/1558/1558
f 1569/1569/1569 1558/1558/1558 1559/1559/1559
f 1569/1569/1569 1559/1559/1559 1560/1560/1560
f 1569/1569/1569 1560/1560/1560 1561/1561/1561
f 1569/1569/1569 1561/1561/1561 1562/1562/1562
f 1569/1569/1569 1562/1562/1562 1563/1563/1563
f 1569/1569/1569 1563/1563/1563 1564/1564/1564
f 1569/1569/1569 1564/1564/1564 1565/1565/1565
f 1569/1569/1569 1565/1565/1565 1566/1566/1566
f 1569/1569/1569 1566/1566/1566 1567/1567/1567
f 1569/1569/1569 1567/1567/1567 1568/1568/1568
usemtl KrakenSucker
f 1570/1570/1570 1583/1583/1583 1584/1584/1584
f 1570/1570/1570 1584/1584/1584 1571/1571/1571
f 1571/1571/1571 1584/1584/1584 1585/1585/1585
f 1571/1571/1571 1585/1585/1585 1572/1572/1572
f 1572/1572/1572 1585/1585/1585 1586/1586/1586
f 1572/1572/1572 1586/1586/1586 1573/1573/1573
f 1573/1573/1573 1586/1586/1586 1587/1587/1587
f 1573/1573/1573 1587/1587/1587 1574/1574/1574
f 1574/1574/1574 1587/1587/1587 1588/1588/1588
f 1574/1574/1574 1588/1588/1588 1575/1575/1575
f 1575/1575/1575 1588/1588/1588 1589/1589/1589
f 1575/1575/1575 1589/1589/1589 1576/1576/1576
f 1576/1576/1576 1589/1589/1589 1590/1590/1590
f 1576/1576/1576 1590/1590/1590 1577/1577/1577
f 1577/1577/1577 1590/1590/1590 1591/1591/1591
f 1577/1577/1577 1591/1591/1591 1578/1578/1578
f 1578/1578/1578 1591/1591/1591 1592/1592/1592
f 1578/1578/1578 1592/1592/1592 1579/1579/1579
f 1579/1579/1579 1592/1592/1592 1593/1593/1593
f 1579/1579/1579 1593/1593/1593 1580/1580/1580
f 1580/1580/1580 1593/1593/1593 1594/1594/1594
f 1580/1580/1580 1594/1594/1594 1581/1581/1581
f 1581/1581/1581 1594/1594/1594 1595/1595/1595
f 1581/1581/1581 1595/1595/1595 1582/1582/1582
f 1583/1583/1583 1596/1596/1596 1597/1597/1597
f 1583/1583/1583 1597/1597/1597 1584/1584/1584
f 1584/1584/1584 1597/1597/1597 1598/1598/1598
f 1584/1584/1584 1598/1598/1598 1585/1585/1585
f 1585/1585/1585 1598/1598/1598 1599/1599/1599
f 1585/1585/1585 1599/1599/1599 1586/1586/1586
f 1586/1586/1586 1599/1599/1599 1600/1600/1600
f 1586/1586/1586 1600/1600/1600 1587/1587/1587
f 1587/1587/1587 1600/1600/1600 1601/1601/1601
f 1587/1587/1587 1601/1601/1601 1588/1588/1588
f 1588/1588/1588 1601/1601/1601 1602/1602/1602
f 1588/1588/1588 1602/1602/1602 1589/1589/1589
f 1589/1589/1589 1602/1602/1602 1603/1603/1603
f 1589/1589/1589 1603/1603/1603 1590/1590/1590
f 1590/1590/1590 1603/1603/1603 1604/1604/1604
f 1590/1590/1590 1604/1604/1604 1591/1591/1591
f 1591/1591/1591 1604/1604/1604 1605/1605/1605
f 1591/1591/1591 1605/1605/1605 1592/1592/1592
f 1592/1592/1592 1605/1605/1605 1606/1606/1606
f 1592/1592/1592 1606/1606/1606 1593/1593/1593
f 1593/1593/1593 1606/1606/1606 1607/1607/1607
f 1593/1593/1593 1607/1607/1607 1594/1594/1594
f 1594/1594/1594 1607/1607/1607 1608/1608/1608
f 1594/1594/1594 1608/1608/1608 1595/1595/1595
usemtl KrakenSuckerInner
f 1609/1609/1609 1623/1623/1623 1622/1622/1622
f 1609/1609/1609 1610/1610/1610 1623/1623/1623
f 1610/1610/1610 1624/1624/1624 1623/1623/1623
f 1610/1610/1610 1611/1611/1611 1624/1624/1624
f 1611/1611/1611 1625/1625/1625 1624/1624/1624
f 1611/1611/1611 1612/1612/1612 1625/1625/1625
f 1612/1612/1612 1626/1626/1626 1625/1625/1625
f 1612/1612/1612 1613/1613/1613 1626/1626/1626
f 1613/1613/1613 1627/1627/1627 1626/1626/1626
f 1613/1613/1613 1614/1614/1614 1627/1627/1627
f 1614/1614/1614 1628/1628/1628 1627/1627/1627
f 1614/1614/1614 1615/1615/1615 1628/1628/1628
f 1615/1615/1615 1629/1629/1629 1628/1628/1628
f 1615/1615/1615 1616/1616/1616 1629/1629/1629
f 1616/1616/1616 1630/1630/1630 1629/1629/1629
f 1616/1616/1616 1617/1617/1617 1630/1630/1630
f 1617/1617/1617 1631/1631/1631 1630/1630/1630
f 1617/1617/1617 1618/1618/1618 1631/1631/1631
f 1618/1618/1618 1632/1632/1632 1631/1631/1631
f 1618/1618/1618 1619/1619/1619 1632/1632/1632
f 1619/1619/1619 1633/1633/1633 1632/1632/1632
f 1619/1619/1619 1620/1620/1620 1633/1633/1633
f 1620/1620/1620 1634/1634/1634 1633/1633/1633
f 1620/1620/1620 1621/1621/1621 1634/1634/1634
f 1622/1622/1622 1636/1636/1636 1635/1635/1635
f 1622/1622/1622 1623/1623/1623 1636/1636/1636
f 1623/1623/1623 1637/1637/1637 1636/1636/1636
f 1623/1623/1623 1624/1624/1624 1637/1637/1637
f 1624/1624/1624 1638/1638/1638 1637/1637/1637
f 1624/1624/1624 1625/1625/1625 1638/1638/1638
f 1625/1625/1625 1639/1639/1639 1638/1638/1638
f 1625/1625/1625 1626/1626/1626 1639/1639/1639
f 1626/1626/1626 1640/1640/1640 1639/1639/1639
f 1626/1626/1626 1627/1627/1627 1640/1640/1640
f 1627/1627/1627 1641/1641/1641 1640/1640/1640
f 1627/1627/1627 1628/1628/1628 1641/1641/1641
f 1628/1628/1628 1642/1642/1642 1641/1641/1641
f 1628/1628/1628 1629/1629/1629 1642/1642/1642
f 1629/1629/1629 1643/1643/1643 1642/1642/1642
f 1629/1629/1629 1630/1630/1630 1643/1643/1643
f 1630/1630/1630 1644/1644/1644 1643/1643/1643
f 1630/1630/1630 1631/1631/1631 1644/1644/1644
f 1631/1631/1631 1645/1645/1645 1644/1644/1644
f 1631/1631/1631 1632/1632/1632 1645/1645/1645
f 1632/1632/1632 1646/1646/1646 1645/1645/1645
f 1632/1632/1632 1633/1633/1633 1646/1646/1646
f 1633/1633/1633 1647/1647/1647 1646/1646/1646
f 1633/1633/1633 1634/1634/1634 1647/1647/1647
f 1648/1648/1648 1635/1635/1635 1636/1636/1636
f 1648/1648/1648 1636/1636/1636 1637/1637/1637
f 1648/1648/1648 1637/1637/1637 1638/1638/1638
f 1648/1648/1648 1638/1638/1638 1639/1639/1639
f 1648/1648/1648 1639/1639/1639 1640/1640/1640
f 1648/1648/1648 1640/1640/1640 1641/1641/1641
f 1648/1648/1648 1641/1641/1641 1642/1642/1642
f 1648/1648/1648 1642/1642/1642 1643/1643/1643
f 1648/1648/1648 1643/1643/1643 1644/1644/1644
f 1648/1648/1648 1644/1644/1644 1645/1645/1645
f 1648/1648/1648 1645/1645/1645 1646/1646/1646
f 1648/1648/1648 1646/1646/1646 1647/1647/1647
usemtl KrakenSucker
f 1649/1649/1649 1662/1662/1662 1663/1663/1663
f 1649/1649/1649 1663/1663/1663 1650/1650/1650
f 1650/1650/1650 1663/1663/1663 1664/1664/1664
f 1650/1650/1650 1664/1664/1664 1651/1651/1651
f 1651/1651/1651 1664/1664/1664 1665/1665/1665
f 1651/1651/1651 1665/1665/1665 1652/1652/1652
f 1652/1652/1652 1665/1665/1665 1666/1666/1666
f 1652/1652/1652 1666/1666/1666 1653/1653/1653
f 1653/1653/1653 1666/1666/1666 1667/1667/1667
f 1653/1653/1653 1667/1667/1667 1654/1654/1654
f 1654/1654/1654 1667/1667/1667 1668/1668/1668
f 1654/1654/1654 1668/1668/1668 1655/1655/1655
f 1655/1655/1655 1668/1668/1668 1669/1669/1669
f 1655/1655/1655 1669/1669/1669 1656/1656/1656
f 1656/1656/1656 1669/1669/1669 1670/1670/1670
f 1656/1656/1656 1670/1670/1670 1657/1657/1657
f 1657/1657/1657 1670/1670/1670 1671/1671/1671
f 1657/1657/1657 1671/1671/1671 1658/1658/1658
f 1658/1658/1658 1671/1671/1671 1672/1672/1672
f 1658/1658/1658 1672/1672/1672 1659/1659/1659
f 1659/1659/1659 1672/1672/1672 1673/1673/1673
f 1659/1659/1659 1673/1673/1673 1660/1660/1660
f 1660/1660/1660 1673/1673/1673 1674/1674/1674
f 1660/1660/1660 1674/1674/1674 1661/1661/1661
f 1662/1662/1662 1675/1675/1675 1676/1676/1676
f 1662/1662/1662 1676/1676/1676 1663/1663/1663
f 1663/1663/1663 1676/1676/1676 1677/1677/1677
f 1663/1663/1663 1677/1677/1677 1664/1664/1664
f 1664/1664/1664 1677/1677/1677 1678/1678/1678
f 1664/1664/1664 1678/1678/1678 1665/1665/1665
f 1665/1665/1665 1678/1678/1678 1679/1679/1679
f 1665/1665/1665 1679/1679/1679 1666/1666/1666
f 1666/1666/1666 1679/1679/1679 1680/1680/1680
f 1666/1666/1666 1680/1680/1680 1667/1667/1667
f 1667/1667/1667 1680/1680/1680 1681/1681/1681
f 1667/1667/1667 1681/1681/1681 1668/1668/1668
f 1668/1668/1668 1681/1681/1681 1682/1682/1682
f 1668/1668/1668 1682/1682/1682 1669/1669/1669
f 1669/1669/1669 1682/1682/1682 1683/1683/1683
f 1669/1669/1669 1683/1683/1683 1670/1670/1670
f 1670/1670/1670 1683/1683/1683 1684/1684/1684
f 1670/1670/1670 1684/1684/1684 1671/1671/1671
f 1671/1671/1671 1684/1684/1684 1685/1685/1685
f 1671/1671/1671 1685/1685/1685 1672/1672/1672
f 1672/1672/1672 1685/1685/1685 1686/1686/1686
f 1672/1672/1672 1686/1686/1686 1673/1673/1673
f 1673/1673/1673 1686/1686/1686 1687/1687/1687
f 1673/1673/1673 1687/1687/1687 1674/1674/1674
usemtl KrakenSuckerInner
f 1688/1688/1688 1702/1702/1702 1701/1701/1701
f 1688/1688/1688 1689/1689/1689 1702/1702/1702
f 1689/1689/1689 1703/1703/1703 1702/1702/1702
f 1689/1689/1689 1690/1690/1690 1703/1703/1703
f 1690/1690/1690 1704/1704/1704 1703/1703/1703
f 1690/1690/1690 1691/1691/1691 1704/1704/1704
f 1691/1691/1691 1705/1705/1705 1704/1704/1704
f 1691/1691/1691 1692/1692/1692 1705/1705/1705
f 1692/1692/1692 1706/1706/1706 1705/1705/1705
f 1692/1692/1692 1693/1693/1693 1706/1706/1706
f 1693/1693/1693 1707/1707/1707 1706/1706/1706
f 1693/1693/1693 1694/1694/1694 1707/1707/1707
f 1694/1694/1694 1708/1708/1708 1707/1707/1707
f 1694/1694/1694 1695/1695/1695 1708/1708/1708
f 1695/1695/1695 1709/1709/1709 1708/1708/1708
f 1695/1695/1695 1696/1696/1696 1709/1709/1709
f 1696/1696/1696 1710/1710/1710 1709/1709/1709
f 1696/1696/1696 1697/1697/1697 1710/1710/1710
f 1697/1697/1697 1711/1711/1711 1710/1710/1710
f 1697/1697/1697 1698/1698/1698 1711/1711/1711
f 1698/1698/1698 1712/1712/1712 1711/1711/1711
f 1698/1698/1698 1699/1699/1699 1712/1712/1712
f 1699/1699/1699 1713/1713/1713 1712/1712/1712
f 1699/1699/1699 1700/1700/1700 1713/1713/1713
f 1701/1701/1701 1715/1715/1715 1714/1714/1714
f 1701/1701/1701 1702/1702/1702 1715/1715/1715
f 1702/1702/1702 1716/1716/1716 1715/1715/1715
f 1702/1702/1702 1703/1703/1703 1716/1716/1716
f 1703/1703/1703 1717/1717/1717 1716/1716/1716
f 1703/1703/1703 1704/1704/1704 1717/1717/1717
f 1704/1704/1704 1718/1718/1718 1717/1717/1717
f 1704/1704/1704 1705/1705/1705 1718/1718/1718
f 1705/1705/1705 1719/1719/1719 1718/1718/1718
f 1705/1705/1705 1706/1706/1706 1719/1719/1719
f 1706/1706/1706 1720/1720/1720 1719/1719/1719
f 1706/1706/1706 1707/1707/1707 1720/1720/1720
f 1707/1707/1707 1721/1721/1721 1720/1720/1720
f 1707/1707/1707 1708/1708/1708 1721/1721/1721
f 1708/1708/1708 1722/1722/1722 1721/1721/1721
f 1708/1708/1708 1709/1709/1709 1722/1722/1722
f 1709/1709/1709 1723/1723/1723 1722/1722/1722
f 1709/1709/1709 1710/1710/1710 1723/1723/1723
f 1710/1710/1710 1724/1724/1724 1723/1723/1723
f 1710/1710/1710 1711/1711/1711 1724/1724/1724
f 1711/1711/1711 1725/1725/1725 1724/1724/1724
f 1711/1711/1711 1712/1712/1712 1725/1725/1725
f 1712/1712/1712 1726/1726/1726 1725/1725/1725
f 1712/1712/1712 1713/1713/1713 1726/1726/1726
f 1727/1727/1727 1714/1714/1714 1715/1715/1715
f 1727/1727/1727 1715/1715/1715 1716/1716/1716
f 1727/1727/1727 1716/1716/1716 1717/1717/1717
f 1727/1727/1727 1717/1717/1717 1718/1718/1718
f 1727/1727/1727 1718/1718/1718 1719/1719/1719
f 1727/1727/1727 1719/1719/1719 1720/1720/1720
f 1727/1727/1727 1720/1720/1720 1721/1721/1721
f 1727/1727/1727 1721/1721/1721 1722/1722/1722
f 1727/1727/1727 1722/1722/1722 1723/1723/1723
f 1727/1727/1727 1723/1723/1723 1724/1724/1724
f 1727/1727/1727 1724/1724/1724 1725/1725/1725
f 1727/1727/1727 1725/1725/1725 1726/1726/1726
usemtl KrakenSucker
f 1728/1728/1728 1741/1741/1741 1742/1742/1742
f 1728/1728/1728 1742/1742/1742 1729/1729/1729
f 1729/1729/1729 1742/1742/1742 1743/1743/1743
f 1729/1729/1729 1743/1743/1743 1730/1730/1730
f 1730/1730/1730 1743/1743/1743 1744/1744/1744
f 1730/1730/1730 1744/1744/1744 1731/1731/1731
f 1731/1731/1731 1744/1744/1744 1745/1745/1745
f 1731/1731/1731 1745/1745/1745 1732/1732/1732
f 1732/1732/1732 1745/1745/1745 1746/1746/1746
f 1732/1732/1732 1746/1746/1746 1733/1733/1733
f 1733/1733/1733 1746/1746/1746 1747/1747/1747
f 1733/1733/1733 1747/1747/1747 1734/1734/1734
f 1734/1734/1734 1747/1747/1747 1748/1748/1748
f 1734/1734/1734 1748/1748/1748 1735/1735/1735
f 1735/1735/1735 1748/1748/1748 1749/1749/1749
f 1735/1735/1735 1749/1749/1749 1736/1736/1736
f 1736/1736/1736 1749/1749/1749 1750/1750/1750
f 1736/1736/1736 1750/1750/1750 1737/1737/1737
f 1737/1737/1737 1750/1750/1750 1751/1751/1751
f 1737/1737/1737 1751/1751/1751 1738/1738/1738
f 1738/1738/1738 1751/1751/1751 1752/1752/1752
f 1738/1738/1738 1752/1752/1752 1739/1739/1739
f 1739/1739/1739 1752/1752/1752 1753/1753/1753
f 1739/1739/1739 1753/1753/1753 1740/1740/1740
f 1741/1741/1741 1754/1754/1754 1755/1755/1755
f 1741/1741/1741 1755/1755/1755 1742/1742/1742
f 1742/1742/1742 1755/1755/1755 1756/1756/1756
f 1742/1742/1742 1756/1756/1756 1743/1743/1743
f 1743/1743/1743 1756/1756/1756 1757/1757/1757
f 1743/1743/1743 1757/1757/1757 1744/1744/1744
f 1744/1744/1744 1757/1757/1757 1758/1758/1758
f 1744/1744/1744 1758/1758/1758 1745/1745/1745
f 1745/1745/1745 1758/1758/1758 1759/1759/1759
f 1745/1745/1745 1759/1759/1759 1746/1746/1746
f 1746/1746/1746 1759/1759/1759 1760/1760/1760
f 1746/1746/1746 1760/1760/1760 1747/1747/1747
f 1747/1747/1747 1760/1760/1760 1761/1761/1761
f 1747/1747/1747 1761/1761/1761 1748/1748/1748
f 1748/1748/1748 1761/1761/1761 1762/1762/1762
f 1748/1748/1748 1762/1762/1762 1749/1749/1749
f 1749/1749/1749 1762/1762/1762 1763/1763/1763
f 1749/1749/1749 1763/1763/1763 1750/1750/1750
f 1750/1750/1750 1763/1763/1763 1764/1764/1764
f 1750/1750/1750 1764/1764/1764 1751/1751/1751
f 1751/1751/1751 1764/1764/1764 1765/1765/1765
f 1751/1751/1751 1765/1765/1765 1752/1752/1752
f 1752/1752/1752 1765/1765/1765 1766/1766/1766
f 1752/1752/1752 1766/1766/1766 1753/1753/1753
usemtl KrakenSuckerInner
f 1767/1767/1767 1781/1781/1781 1780/1780/1780
f 1767/1767/1767 1768/1768/1768 1781/1781/1781
f 1768/1768/1768 1782/1782/1782 1781/1781/1781
f 1768/1768/1768 1769/1769/1769 1782/1782/1782
f 1769/1769/1769 1783/1783/1783 1782/1782/1782
f 1769/1769/1769 1770/1770/1770 1783/1783/1783
f 1770/1770/1770 1784/1784/1784 1783/1783/1783
f 1770/1770/1770 1771/1771/1771 1784/1784/1784
f 1771/1771/1771 1785/1785/1785 1784/1784/1784
f 1771/1771/1771 1772/1772/1772 1785/1785/1785
f 1772/1772/1772 1786/1786/1786 1785/1785/1785
f 1772/1772/1772 1773/1773/1773 1786/1786/1786
f 1773/1773/1773 1787/1787/1787 1786/1786/1786
f 1773/1773/1773 1774/1774/1774 1787/1787/1787
f 1774/1774/1774 1788/1788/1788 1787/1787/1787
f 1774/1774/1774 1775/1775/1775 1788/1788/1788
f 1775/1775/1775 1789/1789/1789 1788/1788/1788
f 1775/1775/1775 1776/1776/1776 1789/1789/1789
f 1776/1776/1776 1790/1790/1790 1789/1789/1789
f 1776/1776/1776 1777/1777/1777 1790/1790/1790
f 1777/1777/1777 1791/1791/1791 1790/1790/1790
f 1777/1777/1777 1778/1778/1778 1791/1791/1791
f 1778/1778/1778 1792/1792/1792 1791/1791/1791
f 1778/1778/1778 1779/1779/1779 1792/1792/1792
f 1780/1780/1780 1794/1794/1794 1793/1793/1793
f 1780/1780/1780 1781/1781/1781 1794/1794/1794
f 1781/1781/1781 1795/1795/1795 1794/1794/1794
f 1781/1781/1781 1782/1782/1782 1795/1795/1795
f 1782/1782/1782 1796/1796/1796 1795/1795/1795
f 1782/1782/1782 1783/1783/1783 1796/1796/1796
f 1783/1783/1783 1797/1797/1797 1796/1796/1796
f 1783/1783/1783 1784/1784/1784 1797/1797/1797
f 1784/1784/1784 1798/1798/1798 1797/1797/1797
f 1784/1784/1784 1785/1785/1785 1798/1798/1798
f 1785/1785/1785 1799/1799/1799 1798/1798/1798
f 1785/1785/1785 1786/1786/1786 1799/1799/1799
f 1786/1786/1786 1800/1800/1800 1799/1799/1799
f 1786/1786/1786 1787/1787/1787 1800/1800/1800
f 1787/1787/1787 1801/1801/1801 1800/1800/1800
f 1787/1787/1787 1788/1788/1788 1801/1801/1801
f 1788/1788/1788 1802/1802/1802 1801/1801/1801
f 1788/1788/1788 1789/1789/1789 1802/1802/1802
f 1789/1789/1789 1803/1803/1803 1802/1802/1802
f 1789/1789/1789 1790/1790/1790 1803/1803/1803
f 1790/1790/1790 1804/1804/1804 1803/1803/1803
f 1790/1790/1790 1791/1791/1791 1804/1804/1804
f 1791/1791/1791 1805/1805/1805 1804/1804/1804
f 1791/1791/1791 1792/1792/1792 1805/1805/1805
f 1806/1806/1806 1793/1793/1793 1794/1794/1794
f 1806/1806/1806 1794/1794/1794 1795/1795/1795
f 1806/1806/1806 1795/1795/1795 1796/1796/1796
f 1806/1806/1806 1796/1796/1796 1797/1797/1797
f 1806/1806/1806 1797/1797/1797 1798/1798/1798
f 1806/1806/1806 1798/1798/1798 1799/1799/1799
f 1806/1806/1806 1799/1799/1799 1800/1800/1800
f 1806/1806/1806 1800/1800/1800 1801/1801/1801
f 1806/1806/1806 1801/1801/1801 1802/1802/1802
f 1806/1806/1806 1802/1802/1802 1803/1803/1803
f 1806/1806/1806 1803/1803/1803 1804/1804/1804
f 1806/1806/1806 1804/1804/1804 1805/1805/1805
usemtl KrakenSucker
f 1807/1807/1807 1820/1820/1820 1821/1821/1821
f 1807/1807/1807 1821/1821/1821 1808/1808/1808
f 1808/1808/1808 1821/1821/1821 1822/1822/1822
f 1808/1808/1808 1822/1822/1822 1809/1809/1809
f 1809/1809/1809 1822/1822/1822 1823/1823/1823
f 1809/1809/1809 1823/1823/1823 1810/1810/1810
f 1810/1810/1810 1823/1823/1823 1824/1824/1824
f 1810/1810/1810 1824/1824/1824 1811/1811/1811
f 1811/1811/1811 1824/1824/1824 1825/1825/1825
f 1811/1811/1811 1825/1825/1825 1812/1812/1812
f 1812/1812/1812 1825/1825/1825 1826/1826/1826
f 1812/1812/1812 1826/1826/1826 1813/1813/1813
f 1813/1813/1813 1826/1826/1826 1827/1827/1827
f 1813/1813/1813 1827/1827/1827 1814/1814/1814
f 1814/1814/1814 1827/1827/1827 1828/1828/1828
f 1814/1814/1814 1828/1828/1828 1815/1815/1815
f 1815/1815/1815 1828/1828/1828 1829/1829/1829
f 1815/1815/1815 1829/1829/1829 1816/1816/1816
f 1816/1816/1816 1829/1829/1829 1830/1830/1830
f 1816/1816/1816 1830/1830/1830 1817/1817/1817
f 1817/1817/1817 1830/1830/1830 1831/1831/1831
f 1817/1817/1817 1831/1831/1831 1818/1818/1818
f 1818/1818/1818 1831/1831/1831 1832/1832/1832
f 1818/1818/1818 1832/1832/1832 1819/1819/1819
f 1820/1820/1820 1833/1833/1833 1834/1834/1834
f 1820/1820/1820 1834/1834/1834 1821/1821/1821
f 1821/1821/1821 1834/1834/1834 1835/1835/1835
f 1821/1821/1821 1835/1835/1835 1822/1822/1822
f 1822/1822/1822 1835/1835/1835 1836/1836/1836
f 1822/1822/1822 1836/1836/1836 1823/1823/1823
f 1823/1823/1823 1836/1836/1836 1837/1837/1837
f 1823/1823/1823 1837/1837/1837 1824/1824/1824
f 1824/1824/1824 1837/1837/1837 1838/1838/1838
f 1824/1824/1824 1838/1838/1838 1825/1825/1825
f 1825/1825/1825 1838/1838/1838 1839/1839/1839
f 1825/1825/1825 1839/1839/1839 1826/1826/1826
f 1826/1826/1826 1839/1839/1839 1840/1840/1840
f 1826/1826/1826 1840/1840/1840 1827/1827/1827
f 1827/1827/1827 1840/1840/1840 1841/1841/1841
f 1827/1827/1827 1841/1841/1841 1828/1828/1828
f 1828/1828/1828 1841/1841/1841 1842/1842/1842
f 1828/1828/1828 1842/1842/1842 1829/1829/1829
f 1829/1829/1829 1842/1842/1842 1843/1843/1843
f 1829/1829/1829 1843/1843/1843 1830/1830/1830
f 1830/1830/1830 1843/1843/1843 1844/1844/1844
f 1830/1830/1830 1844/1844/1844 1831/1831/1831
f 1831/1831/1831 1844/1844/1844 1845/1845/1845
f 1831/1831/1831 1845/1845/1845 1832/1832/1832
usemtl KrakenSuckerInner
f 1846/1846/1846 1860/1860/1860 1859/1859/1859
f 1846/1846/1846 1847/1847/1847 1860/1860/1860
f 1847/1847/1847 1861/1861/1861 1860/1860/1860
f 1847/1847/1847 1848/1848/1848 1861/1861/1861
f 1848/1848/1848 1862/1862/1862 1861/1861/1861
f 1848/1848/1848 1849/1849/1849 1862/1862/1862
f 1849/1849/1849 1863/1863/1863 1862/1862/1862
f 1849/1849/1849 1850/1850/1850 1863/1863/1863
f 1850/1850/1850 1864/1864/1864 1863/1863/1863
f 1850/1850/1850 1851/1851/1851 1864/1864/1864
f 1851/1851/1851 1865/1865/1865 1864/1864/1864
f 1851/1851/1851 1852/1852/1852 1865/1865/1865
f 1852/1852/1852 1866/1866/1866 1865/1865/1865
f 1852/1852/1852 1853/1853/1853 1866/1866/1866
f 1853/1853/1853 1867/1867/1867 1866/1866/1866
f 1853/1853/1853 1854/1854/1854 1867/1867/1867
f 1854/1854/1854 1868/1868/1868 1867/1867/1867
f 1854/1854/1854 1855/1855/1855 1868/1868/1868
f 1855/1855/1855 1869/1869/1869 1868/1868/1868
f 1855/1855/1855 1856/1856/1856 1869/1869/1869
f 1856/1856/1856 1870/1870/1870 1869/1869/1869
f 1856/1856/1856 1857/1857/1857 1870/1870/1870
f 1857/1857/1857 1871/1871/1871 1870/1870/1870
f 1857/1857/1857 1858/1858/1858 1871/1871/1871
f 1859/1859/1859 1873/1873/1873 1872/1872/1872
f 1859/1859/1859 1860/1860/1860 1873/1873/1873
f 1860/1860/1860 1874/1874/1874 1873/1873/1873
f 1860/1860/1860 1861/1861/1861 1874/1874/1874
f 1861/1861/1861 1875/1875/1875 1874/1874/1874
f 1861/1861/1861 1862/1862/1862 1875/1875/1875
f 1862/1862/1862 1876/1876/1876 1875/1875/1875
f 1862/1862/1862 1863/1863/1863 1876/1876/1876
f 1863/1863/1863 1877/1877/1877 1876/1876/1876
f 1863/1863/1863 1864/1864/1864 1877/1877/1877
f 1864/1864/1864 1878/1878/1878 1877/1877/1877
f 1864/1864/1864 1865/1865/1865 1878/1878/1878
f 1865/1865/1865 1879/1879/1879 1878/1878/1878
f 1865/1865/1865 1866/1866/1866 1879/1879/1879
f 1866/1866/1866 1880/1880/1880 1879/1879/1879
f 1866/1866/1866 1867/1867/1867 1880/1880/1880
f 1867/1867/1867 1881/1881/1881 1880/1880/1880
f 1867/1867/1867 1868/1868/1868 1881/1881/1881
f 1868/1868/1868 1882/1882/1882 1881/1881/1881
f 1868/1868/1868 1869/1869/1869 1882/1882/1882
f 1869/1869/1869 1883/1883/1883 1882/1882/1882
f 1869/1869/1869 1870/1870/1870 1883/1883/1883
f 1870/1870/1870 1884/1884/1884 1883/1883/1883
f 1870/1870/1870 1871/1871/1871 1884/1884/1884
f 1885/1885/1885 1872/1872/1872 1873/1873/1873
f 1885/1885/1885 1873/1873/1873 1874/1874/1874
f 1885/1885/1885 1874/1874/1874 1875/1875/1875
f 1885/1885/1885 1875/1875/1875 1876/1876/1876
f 1885/1885/1885 1876/1876/1876 1877/1877/1877
f 1885/1885/1885 1877/1877/1877 1878/1878/1878
f 1885/1885/1885 1878/1878/1878 1879/1879/1879
f 1885/1885/1885 1879/1879/1879 1880/1880/1880
f 1885/1885/1885 1880/1880/1880 1881/1881/1881
f 1885/1885/1885 1881/1881/1881 1882/1882/1882
f 1885/1885/1885 1882/1882/1882 1883/1883/1883
f 1885/1885/1885 1883/1883/1883 1884/1884/1884
usemtl KrakenSucker
f 1886/1886/1886 1899/1899/1899 1900/1900/1900
f 1886/1886/1886 1900/1900/1900 1887/1887/1887
f 1887/1887/1887 1900/1900/1900 1901/1901/1901
f 1887/1887/1887 1901/1901/1901 1888/1888/1888
f 1888/1888/1888 1901/1901/1901 1902/1902/1902
f 1888/1888/1888 1902/1902/1902 1889/1889/1889
f 1889/1889/1889 1902/1902/1902 1903/1903/1903
f 1889/1889/1889 1903/1903/1903 1890/1890/1890
f 1890/1890/1890 1903/1903/1903 1904/1904/1904
f 1890/1890/1890 1904/1904/1904 1891/1891/1891
f 1891/1891/1891 1904/1904/1904 1905/1905/1905
f 1891/1891/1891 1905/1905/1905 1892/1892/1892
f 1892/1892/1892 1905/1905/1905 1906/1906/1906
f 1892/1892/1892 1906/1906/1906 1893/1893/1893
f 1893/1893/1893 1906/1906/1906 1907/1907/1907
f 1893/1893/1893 1907/1907/1907 1894/1894/1894
f 1894/1894/1894 1907/1907/1907 1908/1908/1908
f 1894/1894/1894 1908/1908/1908 1895/1895/1895
f 1895/1895/1895 1908/1908/1908 1909/1909/1909
f 1895/1895/1895 1909/1909/1909 1896/1896/1896
f 1896/1896/1896 1909/1909/1909 1910/1910/1910
f 1896/1896/1896 1910/1910/1910 1897/1897/1897
f 1897/1897/1897 1910/1910/1910 1911/1911/1911
f 1897/1897/1897 1911/1911/1911 1898/1898/1898
f 1899/1899/1899 1912/1912/1912 1913/1913/1913
f 1899/1899/1899 1913/1913/1913 1900/1900/1900
f 1900/1900/1900 1913/1913/1913 1914/1914/1914
f 1900/1900/1900 1914/1914/1914 1901/1901/1901
f 1901/1901/1901 1914/1914/1914 1915/1915/1915
f 1901/1901/1901 1915/1915/1915 1902/1902/1902
f 1902/1902/1902 1915/1915/1915 1916/1916/1916
f 1902/1902/1902 1916/1916/1916 1903/1903/1903
f 1903/1903/1903 1916/1916/1916 1917/1917/1917
f 1903/1903/1903 1917/1917/1917 1904/1904/1904
f 1904/1904/1904 1917/1917/1917 1918/1918/1918
f 1904/1904/1904 1918/1918/1918 1905/1905/1905
f 1905/1905/1905 1918/1918/1918 1919/1919/1919
f 1905/1905/1905 1919/1919/1919 1906/1906/1906
f 1906/1906/1906 1919/1919/1919 1920/1920/1920
f 1906/1906/1906 1920/1920/1920 1907/1907/1907
f 1907/1907/1907 1920/1920/1920 1921/1921/1921
f 1907/1907/1907 1921/1921/1921 1908/1908/1908
f 1908/1908/1908 1921/1921/1921 1922/1922/1922
f 1908/1908/1908 1922/1922/1922 1909/1909/1909
f 1909/1909/1909 1922/1922/1922 1923/1923/1923
f 1909/1909/1909 1923/1923/1923 1910/1910/1910
f 1910/1910/1910 1923/1923/1923 1924/1924/1924
f 1910/1910/1910 1924/1924/1924 1911/1911/1911
usemtl KrakenSuckerInner
f 1925/1925/1925 1939/1939/1939 1938/1938/1938
f 1925/1925/1925 1926/1926/1926 1939/1939/1939
f 1926/1926/1926 1940/1940/1940 1939/1939/1939
f 1926/1926/1926 1927/1927/1927 1940/1940/1940
f 1927/1927/1927 1941/1941/1941 1940/1940/1940
f 1927/1927/1927 1928/1928/1928 1941/1941/1941
f 1928/1928/1928 1942/1942/1942 1941/1941/1941
f 1928/1928/1928 1929/1929/1929 1942/1942/1942
f 1929/1929/1929 1943/1943/1943 1942/1942/1942
f 1929/1929/1929 1930/1930/1930 1943/1943/1943
f 1930/1930/1930 1944/1944/1944 1943/1943/1943
f 1930/1930/1930 1931/1931/1931 1944/1944/1944
f 1931/1931/1931 1945/1945/1945 1944/1944/1944
f 1931/1931/1931 1932/1932/1932 1945/1945/1945
f 1932/1932/1932 1946/1946/1946 1945/1945/1945
f 1932/1932/1932 1933/1933/1933 1946/1946/1946
f 1933/1933/1933 1947/1947/1947 1946/1946/1946
f 1933/1933/1933 1934/1934/1934 1947/1947/1947
f 1934/1934/1934 1948/1948/1948 1947/1947/1947
f 1934/1934/1934 1935/1935/1935 1948/1948/1948
f 1935/1935/1935 1949/1949/1949 1948/1948/1948
f 1935/1935/1935 1936/1936/1936 1949/1949/1949
f 1936/1936/1936 1950/1950/1950 1949/1949/1949
f 1936/1936/1936 1937/1937/1937 1950/1950/1950
f 1938/1938/1938 1952/1952/1952 1951/1951/1951
f 1938/1938/1938 1939/1939/1939 1952/1952/1952
f 1939/1939/1939 1953/1953/1953 1952/1952/1952
f 1939/1939/1939 1940/1940/1940 1953/1953/1953
f 1940/1940/1940 1954/1954/1954 1953/1953/1953
f 1940/1940/1940 1941/1941/1941 1954/1954/1954
f 1941/1941/1941 1955/1955/1955 1954/1954/1954
f 1941/1941/1941 1942/1942/1942 1955/1955/1955
f 1942/1942/1942 1956/1956/1956 1955/1955/1955
f 1942/1942/1942 1943/1943/1943 1956/1956/1956
f 1943/1943/1943 1957/1957/1957 1956/1956/1956
f 1943/1943/1943 1944/1944/1944 1957/1957/1957
f 1944/1944/1944 1958/1958/1958 1957/1957/1957
f 1944/1944/1944 1945/1945/1945 1958/1958/1958
f 1945/1945/1945 1959/1959/1959 1958/1958/1958
f 1945/1945/1945 1946/1946/1946 1959/1959/1959
f 1946/1946/1946 1960/1960/1960 1959/1959/1959
f 1946/1946/1946 1947/1947/1947 1960/1960/1960
f 1947/1947/1947 1961/1961/1961 1960/1960/1960
f 1947/1947/1947 1948/1948/1948 1961/1961/1961
f 1948/1948/1948 1962/1962/1962 1961/1961/1961
f 1948/1948/1948 1949/1949/1949 1962/1962/1962
f 1949/1949/1949 1963/1963/1963 1962/1962/1962
f 1949/1949/1949 1950/1950/1950 1963/1963/1963
f 1964/1964/1964 1951/1951/1951 1952/1952/1952
f 1964/1964/1964 1952/1952/1952 1953/1953/1953
f 1964/1964/1964 1953/1953/1953 1954/1954/1954
f 1964/1964/1964 1954/1954/1954 1955/1955/1955
f 1964/1964/1964 1955/1955/1955 1956/1956/1956
f 1964/1964/1964 1956/1956/1956 1957/1957/1957
f 1964/1964/1964 1957/1957/1957 1958/1958/1958
f 1964/1964/1964 1958/1958/1958 1959/1959/1959
f 1964/1964/1964 1959/1959/1959 1960/1960/1960
f 1964/1964/1964 1960/1960/1960 1961/1961/1961
f 1964/1964/1964 1961/1961/1961 1962/1962/1962
f 1964/1964/1964 1962/1962/1962 1963/1963/1963
usemtl KrakenSucker
f 1965/1965/1965 1978/1978/1978 1979/1979/1979
f 1965/1965/1965 1979/1979/1979 1966/1966/1966
f 1966/1966/1966 1979/1979/1979 1980/1980/1980
f 1966/1966/1966 1980/1980/1980 1967/1967/1967
f 1967/1967/1967 1980/1980/1980 1981/1981/1981
f 1967/1967/1967 1981/1981/1981 1968/1968/1968
f 1968/1968/1968 1981/1981/1981 1982/1982/1982
f 1968/1968/1968 1982/1982/1982 1969/1969/1969
f 1969/1969/1969 1982/1982/1982 1983/1983/1983
f 1969/1969/1969 1983/1983/1983 1970/1970/1970
f 1970/1970/1970 1983/1983/1983 1984/1984/1984
f 1970/1970/1970 1984/1984/1984 1971/1971/1971
f 1971/1971/1971 1984/1984/1984 1985/1985/1985
f 1971/1971/1971 1985/1985/1985 1972/1972/1972
f 1972/1972/1972 1985/1985/1985 1986/1986/1986
f 1972/1972/1972 1986/1986/1986 1973/1973/1973
f 1973/1973/1973 1986/1986/1986 1987/1987/1987
f 1973/1973/1973 1987/1987/1987 1974/1974/1974
f 1974/1974/1974 1987/1987/1987 1988/1988/1988
f 1974/1974/1974 1988/1988/1988 1975/1975/1975
f 1975/1975/1975 1988/1988/1988 1989/1989/1989
f 1975/1975/1975 1989/1989/1989 1976/1976/1976
f 1976/1976/1976 1989/1989/1989 1990/1990/1990
f 1976/1976/1976 1990/1990/1990 1977/1977/1977
f 1978/1978/1978 1991/1991/1991 1992/1992/1992
f 1978/1978/1978 1992/1992/1992 1979/1979/1979
f 1979/1979/1979 1992/1992/1992 1993/1993/1993
f 1979/1979/1979 1993/1993/1993 1980/1980/1980
f 1980/1980/1980 1993/1993/1993 1994/1994/1994
f 1980/1980/1980 1994/1994/1994 1981/1981/1981
f 1981/1981/1981 1994/1994/1994 1995/1995/1995
f 1981/1981/1981 1995/1995/1995 1982/1982/1982
f 1982/1982/1982 1995/1995/1995 1996/1996/1996
f 1982/1982/1982 1996/1996/1996 1983/1983/1983
f 1983/1983/1983 1996/1996/1996 1997/1997/1997
f 1983/1983/1983 1997/1997/1997 1984/1984/1984
f 1984/1984/1984 1997/1997/1997 1998/1998/1998
f 1984/1984/1984 1998/1998/1998 1985/1985/1985
f 1985/1985/1985 1998/1998/1998 1999/1999/1999
f 1985/1985/1985 1999/1999/1999 1986/1986/1986
f 1986/1986/1986 1999/1999/1999 2000/2000/2000
f 1986/1986/1986 2000/2000/2000 1987/1987/1987
f 1987/1987/1987 2000/2000/2000 2001/2001/2001
f 1987/1987/1987 2001/2001/2001 1988/1988/1988
f 1988/1988/1988 2001/2001/2001 2002/2002/2002
f 1988/1988/1988 2002/2002/2002 1989/1989/1989
f 1989/1989/1989 2002/2002/2002 2003/2003/2003
f 1989/1989/1989 2003/2003/2003 1990/1990/1990
usemtl KrakenSuckerInner
f 2004/2004/2004 2018/2018/2018 2017/2017/2017
f 2004/2004/2004 2005/2005/2005 2018/2018/2018
f 2005/2005/2005 2019/2019/2019 2018/2018/2018
f 2005/2005/2005 2006/2006/2006 2019/2019/2019
f 2006/2006/2006 2020/2020/2020 2019/2019/2019
f 2006/2006/2006 2007/2007/2007 2020/2020/2020
f 2007/2007/2007 2021/2021/2021 2020/2020/2020
f 2007/2007/2007 2008/2008/2008 2021/2021/2021
f 2008/2008/2008 2022/2022/2022 2021/2021/2021
f 2008/2008/2008 2009/2009/2009 2022/2022/2022
f 2009/2009/2009 2023/2023/2023 2022/2022/2022
f 2009/2009/2009 2010/2010/2010 2023/2023/2023
f 2010/2010/2010 2024/2024/2024 2023/2023/2023
f 2010/2010/2010 2011/2011/2011 2024/2024/2024
f 2011/2011/2011 2025/2025/2025 2024/2024/2024
f 2011/2011/2011 2012/2012/2012 2025/2025/2025
f 2012/2012/2012 2026/2026/2026 2025/2025/2025
f 2012/2012/2012 2013/2013/2013 2026/2026/2026
f 2013/2013/2013 2027/2027/2027 2026/2026/2026
f 2013/2013/2013 2014/2014/2014 2027/2027/2027
f 2014/2014/2014 2028/2028/2028 2027/2027/2027
f 2014/2014/2014 2015/2015/2015 2028/2028/2028
f 2015/2015/2015 2029/2029/2029 2028/2028/2028
f 2015/2015/2015 2016/2016/2016 2029/2029/2029
f 2017/2017/2017 2031/2031/2031 2030/2030/2030
f 2017/2017/2017 2018/2018/2018 2031/2031/2031
f 2018/2018/2018 2032/2032/2032 2031/2031/2031
f 2018/2018/2018 2019/2019/2019 2032/2032/2032
f 2019/2019/2019 2033/2033/2033 2032/2032/2032
f 2019/2019/2019 2020/2020/2020 2033/2033/2033
f 2020/2020/2020 2034/2034/2034 2033/2033/2033
f 2020/2020/2020 2021/2021/2021 2034/2034/2034
f 2021/2021/2021 2035/2035/2035 2034/2034/2034
f 2021/2021/2021 2022/2022/2022 2035/2035/2035
f 2022/2022/2022 2036/2036/2036 2035/2035/2035
f 2022/2022/2022 2023/2023/2023 2036/2036/2036
f 2023/2023/2023 2037/2037/2037 2036/2036/2036
f 2023/2023/2023 2024/2024/2024 2037/2037/2037
f 2024/2024/2024 2038/2038/2038 2037/2037/2037
f 2024/2024/2024 2025/2025/2025 2038/2038/2038
f 2025/2025/2025 2039/2039/2039 2038/2038/2038
f 2025/2025/2025 2026/2026/2026 2039/2039/2039
f 2026/2026/2026 2040/2040/2040 2039/2039/2039
f 2026/2026/2026 2027/2027/2027 2040/2040/2040
f 2027/2027/2027 2041/2041/2041 2040/2040/2040
f 2027/2027/2027 2028/2028/2028 2041/2041/2041
f 2028/2028/2028 2042/2042/2042 2041/2041/2041
f 2028/2028/2028 2029/2029/2029 2042/2042/2042
f 2043/2043/2043 2030/2030/2030 2031/2031/2031
f 2043/2043/2043 2031/2031/2031 2032/2032/2032
f 2043/2043/2043 2032/2032/2032 2033/2033/2033
f 2043/2043/2043 2033/2033/2033 2034/2034/2034
f 2043/2043/2043 2034/2034/2034 2035/2035/2035
f 2043/2043/2043 2035/2035/2035 2036/2036/2036
f 2043/2043/2043 2036/2036/2036 2037/2037/2037
f 2043/2043/2043 2037/2037/2037 2038/2038/2038
f 2043/2043/2043 2038/2038/2038 2039/2039/2039
f 2043/2043/2043 2039/2039/2039 2040/2040/2040
f 2043/2043/2043 2040/2040/2040 2041/2041/2041
f 2043/2043/2043 2041/2041/2041 2042/2042/2042
usemtl KrakenSucker
f 2044/2044/2044 2057/2057/2057 2058/2058/2058
f 2044/2044/2044 2058/2058/2058 2045/2045/2045
f 2045/2045/2045 2058/2058/2058 2059/2059/2059
f 2045/2045/2045 2059/2059/2059 2046/2046/2046
f 2046/2046/2046 2059/2059/2059 2060/2060/2060
f 2046/2046/2046 2060/2060/2060 2047/2047/2047
f 2047/2047/2047 2060/2060/2060 2061/2061/2061
f 2047/2047/2047 2061/2061/2061 2048/2048/2048
f 2048/2048/2048 2061/2061/2061 2062/2062/2062
f 2048/2048/2048 2062/2062/2062 2049/2049/2049
f 2049/2049/2049 2062/2062/2062 2063/2063/2063
f 2049/2049/2049 2063/2063/2063 2050/2050/2050
f 2050/2050/2050 2063/2063/2063 2064/2064/2064
f 2050/2050/2050 2064/2064/2064 2051/2051/2051
f 2051/2051/2051 2064/2064/2064 2065/2065/2065
f 2051/2051/2051 2065/2065/2065 2052/2052/2052
f 2052/2052/2052 2065/2065/2065 2066/2066/2066
f 2052/2052/2052 2066/2066/2066 2053/2053/2053
f 2053/2053/2053 2066/2066/2066 2067/2067/2067
f 2053/2053/2053 2067/2067/2067 2054/2054/2054
f 2054/2054/2054 2067/2067/2067 2068/2068/2068
f 2054/2054/2054 2068/2068/2068 2055/2055/2055
f 2055/2055/2055 2068/2068/2068 2069/2069/2069
f 2055/2055/2055 2069/2069/2069 2056/2056/2056
f 2057/2057/2057 2070/2070/2070 2071/2071/2071
f 2057/2057/2057 2071/2071/2071 2058/2058/2058
f 2058/2058/2058 2071/2071/2071 2072/2072/2072
f 2058/2058/2058 2072/2072/2072 2059/2059/2059
f 2059/2059/2059 2072/2072/2072 2073/2073/2073
f 2059/2059/2059 2073/2073/2073 2060/2060/2060
f 2060/2060/2060 2073/2073/2073 2074/2074/2074
f 2060/2060/2060 2074/2074/2074 2061/2061/2061
f 2061/2061/2061 2074/2074/2074 2075/2075/2075
f 2061/2061/2061 2075/2075/2075 2062/2062/2062
f 2062/2062/2062 2075/2075/2075 2076/2076/2076
f 2062/2062/2062 2076/2076/2076 2063/2063/2063
f 2063/2063/2063 2076/2076/2076 2077/2077/2077
f 2063/2063/2063 2077/2077/2077 2064/2064/2064
f 2064/2064/2064 2077/2077/2077 2078/2078/2078
f 2064/2064/2064 2078/2078/2078 2065/2065/2065
f 2065/2065/2065 2078/2078/2078 2079/2079/2079
f 2065/2065/2065 2079/2079/2079 2066/2066/2066
f 2066/2066/2066 2079/2079/2079 2080/2080/2080
f 2066/2066/2066 2080/2080/2080 2067/2067/2067
f 2067/2067/2067 2080/2080/2080 2081/2081/2081
f 2067/2067/2067 2081/2081/2081 2068/2068/2068
f 2068/2068/2068 2081/2081/2081 2082/2082/2082
f 2068/2068/2068 2082/2082/2082 2069/2069/2069
usemtl KrakenSuckerInner
f 2083/2083/2083 2097/2097/2097 2096/2096/2096
f 2083/2083/2083 2084/2084/2084 2097/2097/2097
f 2084/2084/2084 2098/2098/2098 2097/2097/2097
f 2084/2084/2084 2085/2085/2085 2098/2098/2098
f 2085/2085/2085 2099/2099/2099 2098/2098/2098
f 2085/2085/2085 2086/2086/2086 2099/2099/2099
f 2086/2086/2086 2100/2100/2100 2099/2099/2099
f 2086/2086/2086 2087/2087/2087 2100/2100/2100
f 2087/2087/2087 2101/2101/2101 2100/2100/2100
f 2087/2087/2087 2088/2088/2088 2101/2101/2101
f 2088/2088/2088 2102/2102/2102 2101/2101/2101
f 2088/2088/2088 2089/2089/2089 2102/2102/2102
f 2089/2089/2089 2103/2103/2103 2102/2102/2102
f 2089/2089/2089 2090/2090/2090 2103/2103/2103
f 2090/2090/2090 2104/2104/2104 2103/2103/2103
f 2090/2090/2090 2091/2091/2091 2104/2104/2104
f 2091/2091/2091 2105/2105/2105 2104/2104/2104
f 2091/2091/2091 2092/2092/2092 2105/2105/2105
f 2092/2092/2092 2106/2106/2106 2105/2105/2105
f 2092/2092/2092 2093/2093/2093 2106/2106/2106
f 2093/2093/2093 2107/2107/2107 2106/2106/2106
f 2093/2093/2093 2094/2094/2094 2107/2107/2107
f 2094/2094/2094 2108/2108/2108 2107/2107/2107
f 2094/2094/2094 2095/2095/2095 2108/2108/2108
f 2096/2096/2096 2110/2110/2110 2109/2109/2109
f 2096/2096/2096 2097/2097/2097 2110/2110/2110
f 2097/2097/2097 2111/2111/2111 2110/2110/2110
f 2097/2097/2097 2098/2098/2098 2111/2111/2111
f 2098/2098/2098 2112/2112/2112 2111/2111/2111
f 2098/2098/2098 2099/2099/2099 2112/2112/2112
f 2099/2099/2099 2113/2113/2113 2112/2112/2112
f 2099/2099/2099 2100/2100/2100 2113/2113/2113
f 2100/2100/2100 2114/2114/2114 2113/2113/2113
f 2100/2100/2100 2101/2101/2101 2114/2114/2114
f 2101/2101/2101 2115/2115/2115 2114/2114/2114
f 2101/2101/2101 2102/2102/2102 2115/2115/2115
f 2102/2102/2102 2116/2116/2116 2115/2115/2115
f 2102/2102/2102 2103/2103/2103 2116/2116/2116
f 2103/2103/2103 2117/2117/2117 2116/2116/2116
f 2103/2103/2103 2104/2104/2104 2117/2117/2117
f 2104/2104/2104 2118/2118/2118 2117/2117/2117
f 2104/2104/2104 2105/2105/2105 2118/2118/2118
f 2105/2105/2105 2119/2119/2119 2118/2118/2118
f 2105/2105/2105 2106/2106/2106 2119/2119/2119
f 2106/2106/2106 2120/2120/2120 2119/2119/2119
f 2106/2106/2106 2107/2107/2107 2120/2120/2120
f 2107/2107/2107 2121/2121/2121 2120/2120/2120
f 2107/2107/2107 2108/2108/2108 2121/2121/2121
f 2122/2122/2122 2109/2109/2109 2110/2110/2110
f 2122/2122/2122 2110/2110/2110 2111/2111/2111
f 2122/2122/2122 2111/2111/2111 2112/2112/2112
f 2122/2122/2122 2112/2112/2112 2113/2113/2113
f 2122/2122/2122 2113/2113/2113 2114/2114/2114
f 2122/2122/2122 2114/2114/2114 2115/2115/2115
f 2122/2122/2122 2115/2115/2115 2116/2116/2116
f 2122/2122/2122 2116/2116/2116 2117/2117/2117
f 2122/2122/2122 2117/2117/2117 2118/2118/2118
f 2122/2122/2122 2118/2118/2118 2119/2119/2119
f 2122/2122/2122 2119/2119/2119 2120/2120/2120
f 2122/2122/2122 2120/2120/2120 2121/2121/2121
usemtl KrakenSucker
f 2123/2123/2123 2136/2136/2136 2137/2137/2137
f 2123/2123/2123 2137/2137/2137 2124/2124/2124
f 2124/2124/2124 2137/2137/2137 2138/2138/2138
f 2124/2124/2124 2138/2138/2138 2125/2125/2125
f 2125/2125/2125 2138/2138/2138 2139/2139/2139
f 2125/2125/2125 2139/2139/2139 2126/2126/2126
f 2126/2126/2126 2139/2139/2139 2140/2140/2140
f 2126/2126/2126 2140/2140/2140 2127/2127/2127
f 2127/2127/2127 2140/2140/2140 2141/2141/2141
f 2127/2127/2127 2141/2141/2141 2128/2128/2128
f 2128/2128/2128 2141/2141/2141 2142/2142/2142
f 2128/2128/2128 2142/2142/2142 2129/2129/2129
f 2129/2129/2129 2142/2142/2142 2143/2143/2143
f 2129/2129/2129 2143/2143/2143 2130/2130/2130
f 2130/2130/2130 2143/2143/2143 2144/2144/2144
f 2130/2130/2130 2144/2144/2144 2131/2131/2131
f 2131/2131/2131 2144/2144/2144 2145/2145/2145
f 2131/2131/2131 2145/2145/2145 2132/2132/2132
f 2132/2132/2132 2145/2145/2145 2146/2146/2146
f 2132/2132/2132 2146/2146/2146 2133/2133/2133
f 2133/2133/2133 2146/2146/2146 2147/2147/2147
f 2133/2133/2133 2147/2147/2147 2134/2134/2134
f 2134/2134/2134 2147/2147/2147 2148/2148/2148
f 2134/2134/2134 2148/2148/2148 2135/2135/2135
f 2136/2136/2136 2149/2149/2149 2150/2150/2150
f 2136/2136/2136 2150/2150/2150 2137/2137/2137
f 2137/2137/2137 2150/2150/2150 2151/2151/2151
f 2137/2137/2137 2151/2151/2151 2138/2138/2138
f 2138/2138/2138 2151/2151/2151 2152/2152/2152
f 2138/2138/2138 2152/2152/2152 2139/2139/2139
f 2139/2139/2139 2152/2152/2152 2153/2153/2153
f 2139/2139/2139 2153/2153/2153 2140/2140/2140
f 2140/2140/2140 2153/2153/2153 2154/2154/2154
f 2140/2140/2140 2154/2154/2154 2141/2141/2141
f 2141/2141/2141 2154/2154/2154 2155/2155/2155
f 2141/2141/2141 2155/2155/2155 2142/2142/2142
f 2142/2142/2142 2155/2155/2155 2156/2156/2156
f 2142/2142/2142 2156/2156/2156 2143/2143/2143
f 2143/2143/2143 2156/2156/2156 2157/2157/2157
f 2143/2143/2143 2157/2157/2157 2144/2144/2144
f 2144/2144/2144 2157/2157/2157 2158/2158/2158
f 2144/2144/2144 2158/2158/2158 2145/2145/2145
f 2145/2145/2145 2158/2158/2158 2159/2159/2159
f 2145/2145/2145 2159/2159/2159 2146/2146/2146
f 2146/2146/2146 2159/2159/2159 2160/2160/2160
f 2146/2146/2146 2160/2160/2160 2147/2147/2147
f 2147/2147/2147 2160/2160/2160 2161/2161/2161
f 2147/2147/2147 2161/2161/2161 2148/2148/2148
usemtl KrakenSuckerInner
f 2162/2162/2162 2176/2176/2176 2175/2175/2175
f 2162/2162/2162 2163/2163/2163 2176/2176/2176
f 2163/2163/2163 2177/2177/2177 2176/2176/2176
f 2163/2163/2163 2164/2164/2164 2177/2177/2177
f 2164/2164/2164 2178/2178/2178 2177/2177/2177
f 2164/2164/2164 2165/2165/2165 2178/2178/2178
f 2165/2165/2165 2179/2179/2179 2178/2178/2178
f 2165/2165/2165 2166/2166/2166 2179/2179/2179
f 2166/2166/2166 2180/2180/2180 2179/2179/2179
f 2166/2166/2166 2167/2167/2167 2180/2180/2180
f 2167/2167/2167 2181/2181/2181 2180/2180/2180
f 2167/2167/2167 2168/2168/2168 2181/2181/2181
f 2168/2168/2168 2182/2182/2182 2181/2181/2181
f 2168/2168/2168 2169/2169/2169 2182/2182/2182
f 2169/2169/2169 2183/2183/2183 2182/2182/2182
f 2169/2169/2169 2170/2170/2170 2183/2183/2183
f 2170/2170/2170 2184/2184/2184 2183/2183/2183
f 2170/2170/2170 2171/2171/2171 2184/2184/2184
f 2171/2171/2171 2185/2185/2185 2184/2184/2184
f 2171/2171/2171 2172/2172/2172 2185/2185/2185
f 2172/2172/2172 2186/2186/2186 2185/2185/2185
f 2172/2172/2172 2173/2173/2173 2186/2186/2186
f 2173/2173/2173 2187/2187/2187 2186/2186/2186
f 2173/2173/2173 2174/2174/2174 2187/2187/2187
f 2175/2175/2175 2189/2189/2189 2188/2188/2188
f 2175/2175/2175 2176/2176/2176 2189/2189/2189
f 2176/2176/2176 2190/2190/2190 2189/2189/2189
f 2176/2176/2176 2177/2177/2177 2190/2190/2190
f 2177/2177/2177 2191/2191/2191 2190/2190/2190
f 2177/2177/2177 2178/2178/2178 2191/2191/2191
f 2178/2178/2178 2192/2192/2192 2191/2191/2191
f 2178/2178/2178 2179/2179/2179 2192/2192/2192
f 2179/2179/2179 2193/2193/2193 2192/2192/2192
f 2179/2179/2179 2180/2180/2180 2193/2193/2193
f 2180/2180/2180 2194/2194/2194 2193/2193/2193
f 2180/2180/2180 2181/2181/2181 2194/2194/2194
f 2181/2181/2181 2195/2195/2195 2194/2194/2194
f 2181/2181/2181 2182/2182/2182 2195/2195/2195
f 2182/2182/2182 2196/2196/2196 2195/2195/2195
f 2182/2182/2182 2183/2183/2183 2196/2196/2196
f 2183/2183/2183 2197/2197/2197 2196/2196/2196
f 2183/2183/2183 2184/2184/2184 2197/2197/2197
f 2184/2184/2184 2198/2198/2198 2197/2197/2197
f 2184/2184/2184 2185/2185/2185 2198/2198/2198
f 2185/2185/2185 2199/2199/2199 2198/2198/2198
f 2185/2185/2185 2186/2186/2186 2199/2199/2199
f 2186/2186/2186 2200/2200/2200 2199/2199/2199
f 2186/2186/2186 2187/2187/2187 2200/2200/2200
f 2201/2201/2201 2188/2188/2188 2189/2189/2189
f 2201/2201/2201 2189/2189/2189 2190/2190/2190
f 2201/2201/2201 2190/2190/2190 2191/2191/2191
f 2201/2201/2201 2191/2191/2191 2192/2192/2192
f 2201/2201/2201 2192/2192/2192 2193/2193/2193
f 2201/2201/2201 2193/2193/2193 2194/2194/2194
f 2201/2201/2201 2194/2194/2194 2195/2195/2195
f 2201/2201/2201 2195/2195/2195 2196/2196/2196
f 2201/2201/2201 2196/2196/2196 2197/2197/2197
f 2201/2201/2201 2197/2197/2197 2198/2198/2198
f 2201/2201/2201 2198/2198/2198 2199/2199/2199
f 2201/2201/2201 2199/2199/2199 2200/2200/2200
usemtl KrakenSucker
f 2202/2202/2202 2215/2215/2215 2216/2216/2216
f 2202/2202/2202 2216/2216/2216 2203/2203/2203
f 2203/2203/2203 2216/2216/2216 2217/2217/2217
f 2203/2203/2203 2217/2217/2217 2204/2204/2204
f 2204/2204/2204 2217/2217/2217 2218/2218/2218
f 2204/2204/2204 2218/2218/2218 2205/2205/2205
f 2205/2205/2205 2218/2218/2218 2219/2219/2219
f 2205/2205/2205 2219/2219/2219 2206/2206/2206
f 2206/2206/2206 2219/2219/2219 2220/2220/2220
f 2206/2206/2206 2220/2220/2220 2207/2207/2207
f 2207/2207/2207 2220/2220/2220 2221/2221/2221
f 2207/2207/2207 2221/2221/2221 2208/2208/2208
f 2208/2208/2208 2221/2221/2221 2222/2222/2222
f 2208/2208/2208 2222/2222/2222 2209/2209/2209
f 2209/2209/2209 2222/2222/2222 2223/2223/2223
f 2209/2209/2209 2223/2223/2223 2210/2210/2210
f 2210/2210/2210 2223/2223/2223 2224/2224/2224
f 2210/2210/2210 2224/2224/2224 2211/2211/2211
f 2211/2211/2211 2224/2224/2224 2225/2225/2225
f 2211/2211/2211 2225/2225/2225 2212/2212/2212
f 2212/2212/2212 2225/2225/2225 2226/2226/2226
f 2212/2212/2212 2226/2226/2226 2213/2213/2213
f 2213/2213/2213 2226/2226/2226 2227/2227/2227
f 2213/2213/2213 2227/2227/2227 2214/2214/2214
f 2215/2215/2215 2228/2228/2228 2229/2229/2229
f 2215/2215/2215 2229/2229/2229 2216/2216/2216
f 2216/2216/2216 2229/2229/2229 2230/2230/2230
f 2216/2216/2216 2230/2230/2230 2217/2217/2217
f 2217/2217/2217 2230/2230/2230 2231/2231/2231
f 2217/2217/2217 2231/2231/2231 2218/2218/2218
f 2218/2218/2218 2231/2231/2231 2232/2232/2232
f 2218/2218/2218 2232/2232/2232 2219/2219/2219
f 2219/2219/2219 2232/2232/2232 2233/2233/2233
f 2219/2219/2219 2233/2233/2233 2220/2220/2220
f 2220/2220/2220 2233/2233/2233 2234/2234/2234
f 2220/2220/2220 2234/2234/2234 2221/2221/2221
f 2221/2221/2221 2234/2234/2234 2235/2235/2235
f 2221/2221/2221 2235/2235/2235 2222/2222/2222
f 2222/2222/2222 2235/2235/2235 2236/2236/2236
f 2222/2222/2222 2236/2236/2236 2223/2223/2223
f 2223/2223/2223 2236/2236/2236 2237/2237/2237
f 2223/2223/2223 2237/2237/2237 2224/2224/2224
f 2224/2224/2224 2237/2237/2237 2238/2238/2238
f 2224/2224/2224 2238/2238/2238 2225/2225/2225
f 2225/2225/2225 2238/2238/2238 2239/2239/2239
f 2225/2225/2225 2239/2239/2239 2226/2226/2226
f 2226/2226/2226 2239/2239/2239 2240/2240/2240
f 2226/2226/2226 2240/2240/2240 2227/2227/2227
usemtl KrakenSuckerInner
f 2241/2241/2241 2255/2255/2255 2254/2254/2254
f 2241/2241/2241 2242/2242/2242 2255/2255/2255
f 2242/2242/2242 2256/2256/2256 2255/2255/2255
f 2242/2242/2242 2243/2243/2243 2256/2256/2256
f 2243/2243/2243 2257/2257/2257 2256/2256/2256
f 2243/2243/2243 2244/2244/2244 2257/2257/2257
f 2244/2244/2244 2258/2258/2258 2257/2257/2257
f 2244/2244/2244 2245/2245/2245 2258/2258/2258
f 2245/2245/2245 2259/2259/2259 2258/2258/2258
f 2245/2245/2245 2246/2246/2246 2259/2259/2259
f 2246/2246/2246 2260/2260/2260 2259/2259/2259
f 2246/2246/2246 2247/2247/2247 2260/2260/2260
f 2247/2247/2247 2261/2261/2261 2260/2260/2260
f 2247/2247/2247 2248/2248/2248 2261/2261/2261
f 2248/2248/2248 2262/2262/2262 2261/2261/2261
f 2248/2248/2248 2249/2249/2249 2262/2262/2262
f 2249/2249/2249 2263/2263/2263 2262/2262/2262
f 2249/2249/2249 2250/2250/2250 2263/2263/2263
f 2250/2250/2250 2264/2264/2264 2263/2263/2263
f 2250/2250/2250 2251/2251/2251 2264/2264/2264
f 2251/2251/2251 2265/2265/2265 2264/2264/2264
f 2251/2251/2251 2252/2252/2252 2265/2265/2265
f 2252/2252/2252 2266/2266/2266 2265/2265/2265
f 2252/2252/2252 2253/2253/2253 2266/2266/2266
f 2254/2254/2254 2268/2268/2268 2267/2267/2267
f 2254/2254/2254 2255/2255/2255 2268/2268/2268
f 2255/2255/2255 2269/2269/2269 2268/2268/2268
f 2255/2255/2255 2256/2256/2256 2269/2269/2269
f 2256/2256/2256 2270/2270/2270 2269/2269/2269
f 2256/2256/2256 2257/2257/2257 2270/2270/2270
f 2257/2257/2257 2271/2271/2271 2270/2270/2270
f 2257/2257/2257 2258/2258/2258 2271/2271/2271
f 2258/2258/2258 2272/2272/2272 2271/2271/2271
f 2258/2258/2258 2259/2259/2259 2272/2272/2272
f 2259/2259/2259 2273/2273/2273 2272/2272/2272
f 2259/2259/2259 2260/2260/2260 2273/2273/2273
f 2260/2260/2260 2274/2274/2274 2273/2273/2273
f 2260/2260/2260 2261/2261/2261 2274/2274/2274
f 2261/2261/2261 2275/2275/2275 2274/2274/2274
f 2261/2261/2261 2262/2262/2262 2275/2275/2275
f 2262/2262/2262 2276/2276/2276 2275/2275/2275
f 2262/2262/2262 2263/2263/2263 2276/2276/2276
f 2263/2263/2263 2277/2277/2277 2276/2276/2276
f 2263/2263/2263 2264/2264/2264 2277/2277/2277
f 2264/2264/2264 2278/2278/2278 2277/2277/2277
f 2264/2264/2264 2265/2265/2265 2278/2278/2278
f 2265/2265/2265 2279/2279/2279 2278/2278/2278
f 2265/2265/2265 2266/2266/2266 2279/2279/2279
f 2280/2280/2280 2267/2267/2267 2268/2268/2268
f 2280/2280/2280 2268/2268/2268 2269/2269/2269
f 2280/2280/2280 2269/2269/2269 2270/2270/2270
f 2280/2280/2280 2270/2270/2270 2271/2271/2271
f 2280/2280/2280 2271/2271/2271 2272/2272/2272
f 2280/2280/2280 2272/2272/2272 2273/2273/2273
f 2280/2280/2280 2273/2273/2273 2274/2274/2274
f 2280/2280/2280 2274/2274/2274 2275/2275/2275
f 2280/2280/2280 2275/2275/2275 2276/2276/2276
f 2280/2280/2280 2276/2276/2276 2277/2277/2277
f 2280/2280/2280 2277/2277/2277 2278/2278/2278
f 2280/2280/2280 2278/2278/2278 2279/2279/2279
usemtl KrakenSucker
f 2281/2281/2281 2294/2294/2294 2295/2295/2295
f 2281/2281/2281 2295/2295/2295 2282/2282/2282
f 2282/2282/2282 2295/2295/2295 2296/2296/2296
f 2282/2282/2282 2296/2296/2296 2283/2283/2283
f 2283/2283/2283 2296/2296/2296 2297/2297/2297
f 2283/2283/2283 2297/2297/2297 2284/2284/2284
f 2284/2284/2284 2297/2297/2297 2298/2298/2298
f 2284/2284/2284 2298/2298/2298 2285/2285/2285
f 2285/2285/2285 2298/2298/2298 2299/2299/2299
f 2285/2285/2285 2299/2299/2299 2286/2286/2286
f 2286/2286/2286 2299/2299/2299 2300/2300/2300
f 2286/2286/2286 2300/2300/2300 2287/2287/2287
f 2287/2287/2287 2300/2300/2300 2301/2301/2301
f 2287/2287/2287 2301/2301/2301 2288/2288/2288
f 2288/2288/2288 2301/2301/2301 2302/2302/2302
f 2288/2288/2288 2302/2302/2302 2289/2289/2289
f 2289/2289/2289 2302/2302/2302 2303/2303/2303
f 2289/2289/2289 2303/2303/2303 2290/2290/2290
f 2290/2290/2290 2303/2303/2303 2304/2304/2304
f 2290/2290/2290 2304/2304/2304 2291/2291/2291
f 2291/2291/2291 2304/2304/2304 2305/2305/2305
f 2291/2291/2291 2305/2305/2305 2292/2292/2292
f 2292/2292/2292 2305/2305/2305 2306/2306/2306
f 2292/2292/2292 2306/2306/2306 2293/2293/2293
f 2294/2294/2294 2307/2307/2307 2308/2308/2308
f 2294/2294/2294 2308/2308/2308 2295/2295/2295
f 2295/2295/2295 2308/2308/2308 2309/2309/2309
f 2295/2295/2295 2309/2309/2309 2296/2296/2296
f 2296/2296/2296 2309/2309/2309 2310/2310/2310
f 2296/2296/2296 2310/2310/2310 2297/2297/2297
f 2297/2297/2297 2310/2310/2310 2311/2311/2311
f 2297/2297/2297 2311/2311/2311 2298/2298/2298
f 2298/2298/2298 2311/2311/2311 2312/2312/2312
f 2298/2298/2298 2312/2312/2312 2299/2299/2299
f 2299/2299/2299 2312/2312/2312 2313/2313/2313
f 2299/2299/2299 2313/2313/2313 2300/2300/2300
f 2300/2300/2300 2313/2313/2313 2314/2314/2314
f 2300/2300/2300 2314/2314/2314 2301/2301/2301
f 2301/2301/2301 2314/2314/2314 2315/2315/2315
f 2301/2301/2301 2315/2315/2315 2302/2302/2302
f 2302/2302/2302 2315/2315/2315 2316/2316/2316
f 2302/2302/2302 2316/2316/2316 2303/2303/2303
f 2303/2303/2303 2316/2316/2316 2317/2317/2317
f 2303/2303/2303 2317/2317/2317 2304/2304/2304
f 2304/2304/2304 2317/2317/2317 2318/2318/2318
f 2304/2304/2304 2318/2318/2318 2305/2305/2305
f 2305/2305/2305 2318/2318/2318 2319/2319/2319
f 2305/2305/2305 2319/2319/2319 2306/2306/2306
usemtl KrakenSuckerInner
f 2320/2320/2320 2334/2334/2334 2333/2333/2333
f 2320/2320/2320 2321/2321/2321 2334/2334/2334
f 2321/2321/2321 2335/2335/2335 2334/2334/2334
f 2321/2321/2321 2322/2322/2322 2335/2335/2335
f 2322/2322/2322 2336/2336/2336 2335/2335/2335
f 2322/2322/2322 2323/2323/2323 2336/2336/2336
f 2323/2323/2323 2337/2337/2337 2336/2336/2336
f 2323/2323/2323 2324/2324/2324 2337/2337/2337
f 2324/2324/2324 2338/2338/2338 2337/2337/2337
f 2324/2324/2324 2325/2325/2325 2338/2338/2338
f 2325/2325/2325 2339/2339/2339 2338/2338/2338
f 2325/2325/2325 2326/2326/2326 2339/2339/2339
f 2326/2326/2326 2340/2340/2340 2339/2339/2339
f 2326/2326/2326 2327/2327/2327 2340/2340/2340
f 2327/2327/2327 2341/2341/2341 2340/2340/2340
f 2327/2327/2327 2328/2328/2328 2341/2341/2341
f 2328/2328/2328 2342/2342/2342 2341/2341/2341
f 2328/2328/2328 2329/2329/2329 2342/2342/2342
f 2329/2329/2329 2343/2343/2343 2342/2342/2342
f 2329/2329/2329 2330/2330/2330 2343/2343/2343
f 2330/2330/2330 2344/2344/2344 2343/2343/2343
f 2330/2330/2330 2331/2331/2331 2344/2344/2344
f 2331/2331/2331 2345/2345/2345 2344/2344/2344
f 2331/2331/2331 2332/2332/2332 2345/2345/2345
f 2333/2333/2333 2347/2347/2347 2346/2346/2346
f 2333/2333/2333 2334/2334/2334 2347/2347/2347
f 2334/2334/2334 2348/2348/2348 2347/2347/2347
f 2334/2334/2334 2335/2335/2335 2348/2348/2348
f 2335/2335/2335 2349/2349/2349 2348/2348/2348
f 2335/2335/2335 2336/2336/2336 2349/2349/2349
f 2336/2336/2336 2350/2350/2350 2349/2349/2349
f 2336/2336/2336 2337/2337/2337 2350/2350/2350
f 2337/2337/2337 2351/2351/2351 2350/2350/2350
f 2337/2337/2337 2338/2338/2338 2351/2351/2351
f 2338/2338/2338 2352/2352/2352 2351/2351/2351
f 2338/2338/2338 2339/2339/2339 2352/2352/2352
f 2339/2339/2339 2353/2353/2353 2352/2352/2352
f 2339/2339/2339 2340/2340/2340 2353/2353/2353
f 2340/2340/2340 2354/2354/2354 2353/2353/2353
f 2340/2340/2340 2341/2341/2341 2354/2354/2354
f 2341/2341/2341 2355/2355/2355 2354/2354/2354
f 2341/2341/2341 2342/2342/2342 2355/2355/2355
f 2342/2342/2342 2356/2356/2356 2355/2355/2355
f 2342/2342/2342 2343/2343/2343 2356/2356/2356
f 2343/2343/2343 2357/2357/2357 2356/2356/2356
f 2343/2343/2343 2344/2344/2344 2357/2357/2357
f 2344/2344/2344 2358/2358/2358 2357/2357/2357
f 2344/2344/2344 2345/2345/2345 2358/2358/2358
f 2359/2359/2359 2346/2346/2346 2347/2347/2347
f 2359/2359/2359 2347/2347/2347 2348/2348/2348
f 2359/2359/2359 2348/2348/2348 2349/2349/2349
f 2359/2359/2359 2349/2349/2349 2350/2350/2350
f 2359/2359/2359 2350/2350/2350 2351/2351/2351
f 2359/2359/2359 2351/2351/2351 2352/2352/2352
f 2359/2359/2359 2352/2352/2352 2353/2353/2353
f 2359/2359/2359 2353/2353/2353 2354/2354/2354
f 2359/2359/2359 2354/2354/2354 2355/2355/2355
f 2359/2359/2359 2355/2355/2355 2356/2356/2356
f 2359/2359/2359 2356/2356/2356 2357/2357/2357
f 2359/2359/2359 2357/2357/2357 2358/2358/2358
usemtl KrakenSucker
f 2360/2360/2360 2373/2373/2373 2374/2374/2374
f 2360/2360/2360 2374/2374/2374 2361/2361/2361
f 2361/2361/2361 2374/2374/2374 2375/2375/2375
f 2361/2361/2361 2375/2375/2375 2362/2362/2362
f 2362/2362/2362 2375/2375/2375 2376/2376/2376
f 2362/2362/2362 2376/2376/2376 2363/2363/2363
f 2363/2363/2363 2376/2376/2376 2377/2377/2377
f 2363/2363/2363 2377/2377/2377 2364/2364/2364
f 2364/2364/2364 2377/2377/2377 2378/2378/2378
f 2364/2364/2364 2378/2378/2378 2365/2365/2365
f 2365/2365/2365 2378/2378/2378 2379/2379/2379
f 2365/2365/2365 2379/2379/2379 2366/2366/2366
f 2366/2366/2366 2379/2379/2379 2380/2380/2380
f 2366/2366/2366 2380/2380/2380 2367/2367/2367
f 2367/2367/2367 2380/2380/2380 2381/2381/2381
f 2367/2367/2367 2381/2381/2381 2368/2368/2368
f 2368/2368/2368 2381/2381/2381 2382/2382/2382
f 2368/2368/2368 2382/2382/2382 2369/2369/2369
f 2369/2369/2369 2382/2382/2382 2383/2383/2383
f 2369/2369/2369 2383/2383/2383 2370/2370/2370
f 2370/2370/2370 2383/2383/2383 2384/2384/2384
f 2370/2370/2370 2384/2384/2384 2371/2371/2371
f 2371/2371/2371 2384/2384/2384 2385/2385/2385
f 2371/2371/2371 2385/2385/2385 2372/2372/2372
f 2373/2373/2373 2386/2386/2386 2387/2387/2387
f 2373/2373/2373 2387/2387/2387 2374/2374/2374
f 2374/2374/2374 2387/2387/2387 2388/2388/2388
f 2374/2374/2374 2388/2388/2388 2375/2375/2375
f 2375/2375/2375 2388/2388/2388 2389/2389/2389
f 2375/2375/2375 2389/2389/2389 2376/2376/2376
f 2376/2376/2376 2389/2389/2389 2390/2390/2390
f 2376/2376/2376 2390/2390/2390 2377/2377/2377
f 2377/2377/2377 2390/2390/2390 2391/2391/2391
f 2377/2377/2377 2391/2391/2391 2378/2378/2378
f 2378/2378/2378 2391/2391/2391 2392/2392/2392
f 2378/2378/2378 2392/2392/2392 2379/2379/2379
f 2379/2379/2379 2392/2392/2392 2393/2393/2393
f 2379/2379/2379 2393/2393/2393 2380/2380/2380
f 2380/2380/2380 2393/2393/2393 2394/2394/2394
f 2380/2380/2380 2394/2394/2394 2381/2381/2381
f 2381/2381/2381 2394/2394/2394 2395/2395/2395
f 2381/2381/2381 2395/2395/2395 2382/2382/2382
f 2382/2382/2382 2395/2395/2395 2396/2396/2396
f 2382/2382/2382 2396/2396/2396 2383/2383/2383
f 2383/2383/2383 2396/2396/2396 2397/2397/2397
f 2383/2383/2383 2397/2397/2397 2384/2384/2384
f 2384/2384/2384 2397/2397/2397 2398/2398/2398
f 2384/2384/2384 2398/2398/2398 2385/2385/2385
usemtl KrakenSuckerInner
f 2399/2399/2399 2413/2413/2413 2412/2412/2412
f 2399/2399/2399 2400/2400/2400 2413/2413/2413
f 2400/2400/2400 2414/2414/2414 2413/2413/2413
f 2400/2400/2400 2401/2401/2401 2414/2414/2414
f 2401/2401/2401 2415/2415/2415 2414/2414/2414
f 2401/2401/2401 2402/2402/2402 2415/2415/2415
f 2402/2402/2402 2416/2416/2416 2415/2415/2415
f 2402/2402/2402 2403/2403/2403 2416/2416/2416
f 2403/2403/2403 2417/2417/2417 2416/2416/2416
f 2403/2403/2403 2404/2404/2404 2417/2417/2417
f 2404/2404/2404 2418/2418/2418 2417/2417/2417
f 2404/2404/2404 2405/2405/2405 2418/2418/2418
f 2405/2405/2405 2419/2419/2419 2418/2418/2418
f 2405/2405/2405 2406/2406/2406 2419/2419/2419
f 2406/2406/2406 2420/2420/2420 2419/2419/2419
f 2406/2406/2406 2407/2407/2407 2420/2420/2420
f 2407/2407/2407 2421/2421/2421 2420/2420/2420
f 2407/2407/2407 2408/2408/2408 2421/2421/2421
f 2408/2408/2408 2422/2422/2422 2421/2421/2421
f 2408/2408/2408 2409/2409/2409 2422/2422/2422
f 2409/2409/2409 2423/2423/2423 2422/2422/2422
f 2409/2409/2409 2410/2410/2410 2423/2423/2423
f 2410/2410/2410 2424/2424/2424 2423/2423/2423
f 2410/2410/2410 2411/2411/2411 2424/2424/2424
f 2412/2412/2412 2426/2426/2426 2425/2425/2425
f 2412/2412/2412 2413/2413/2413 2426/2426/2426
f 2413/2413/2413 2427/2427/2427 2426/2426/2426
f 2413/2413/2413 2414/2414/2414 2427/2427/2427
f 2414/2414/2414 2428/2428/2428 2427/2427/2427
f 2414/2414/2414 2415/2415/2415 2428/2428/2428
f 2415/2415/2415 2429/2429/2429 2428/2428/2428
f 2415/2415/2415 2416/2416/2416 2429/2429/2429
f 2416/2416/2416 2430/2430/2430 2429/2429/2429
f 2416/2416/2416 2417/2417/2417 2430/2430/2430
f 2417/2417/2417 2431/2431/2431 2430/2430/2430
f 2417/2417/2417 2418/2418/2418 2431/2431/2431
f 2418/2418/2418 2432/2432/2432 2431/2431/2431
f 2418/2418/2418 2419/2419/2419 2432/2432/2432
f 2419/2419/2419 2433/2433/2433 2432/2432/2432
f 2419/2419/2419 2420/2420/2420 2433/2433/2433
f 2420/2420/2420 2434/2434/2434 2433/2433/2433
f 2420/2420/2420 2421/2421/2421 2434/2434/2434
f 2421/2421/2421 2435/2435/2435 2434/2434/2434
f 2421/2421/2421 2422/2422/2422 2435/2435/2435
f 2422/2422/2422 2436/2436/2436 2435/2435/2435
f 2422/2422/2422 2423/2423/2423 2436/2436/2436
f 2423/2423/2423 2437/2437/2437 2436/2436/2436
f 2423/2423/2423 2424/2424/2424 2437/2437/2437
f 2438/2438/2438 2425/2425/2425 2426/2426/2426
f 2438/2438/2438 2426/2426/2426 2427/2427/2427
f 2438/2438/2438 2427/2427/2427 2428/2428/2428
f 2438/2438/2438 2428/2428/2428 2429/2429/2429
f 2438/2438/2438 2429/2429/2429 2430/2430/2430
f 2438/2438/2438 2430/2430/2430 2431/2431/2431
f 2438/2438/2438 2431/2431/2431 2432/2432/2432
f 2438/2438/2438 2432/2432/2432 2433/2433/2433
f 2438/2438/2438 2433/2433/2433 2434/2434/2434
f 2438/2438/2438 2434/2434/2434 2435/2435/2435
f 2438/2438/2438 2435/2435/2435 2436/2436/2436
f 2438/2438/2438 2436/2436/2436 2437/2437/2437
usemtl KrakenSucker
f 2439/2439/2439 2452/2452/2452 2453/2453/2453
f 2439/2439/2439 2453/2453/2453 2440/2440/2440
f 2440/2440/2440 2453/2453/2453 2454/2454/2454
f 2440/2440/2440 2454/2454/2454 2441/2441/2441
f 2441/2441/2441 2454/2454/2454 2455/2455/2455
f 2441/2441/2441 2455/2455/2455 2442/2442/2442
f 2442/2442/2442 2455/2455/2455 2456/2456/2456
f 2442/2442/2442 2456/2456/2456 2443/2443/2443
f 2443/2443/2443 2456/2456/2456 2457/2457/2457
f 2443/2443/2443 2457/2457/2457 2444/2444/2444
f 2444/2444/2444 2457/2457/2457 2458/2458/2458
f 2444/2444/2444 2458/2458/2458 2445/2445/2445
f 2445/2445/2445 2458/2458/2458 2459/2459/2459
f 2445/2445/2445 2459/2459/2459 2446/2446/2446
f 2446/2446/2446 2459/2459/2459 2460/2460/2460
f 2446/2446/2446 2460/2460/2460 2447/2447/2447
f 2447/2447/2447 2460/2460/2460 2461/2461/2461
f 2447/2447/2447 2461/2461/2461 2448/2448/2448
f 2448/2448/2448 2461/2461/2461 2462/2462/2462
f 2448/2448/2448 2462/2462/2462 2449/2449/2449
f 2449/2449/2449 2462/2462/2462 2463/2463/2463
f 2449/2449/2449 2463/2463/2463 2450/2450/2450
f 2450/2450/2450 2463/2463/2463 2464/2464/2464
f 2450/2450/2450 2464/2464/2464 2451/2451/2451
f 2452/2452/2452 2465/2465/2465 2466/2466/2466
f 2452/2452/2452 2466/2466/2466 2453/2453/2453
f 2453/2453/2453 2466/2466/2466 2467/2467/2467
f 2453/2453/2453 2467/2467/2467 2454/2454/2454
f 2454/2454/2454 2467/2467/2467 2468/2468/2468
f 2454/2454/2454 2468/2468/2468 2455/2455/2455
f 2455/2455/2455 2468/2468/2468 2469/2469/2469
f 2455/2455/2455 2469/2469/2469 2456/2456/2456
f 2456/2456/2456 2469/2469/2469 2470/2470/2470
f 2456/2456/2456 2470/2470/2470 2457/2457/2457
f 2457/2457/2457 2470/2470/2470 2471/2471/2471
f 2457/2457/2457 2471/2471/2471 2458/2458/2458
f 2458/2458/2458 2471/2471/2471 2472/2472/2472
f 2458/2458/2458 2472/2472/2472 2459/2459/2459
f 2459/2459/2459 2472/2472/2472 2473/2473/2473
f 2459/2459/2459 2473/2473/2473 2460/2460/2460
f 2460/2460/2460 2473/2473/2473 2474/2474/2474
f 2460/2460/2460 2474/2474/2474 2461/2461/2461
f 2461/2461/2461 2474/2474/2474 2475/2475/2475
f 2461/2461/2461 2475/2475/2475 2462/2462/2462
f 2462/2462/2462 2475/2475/2475 2476/2476/2476
f 2462/2462/2462 2476/2476/2476 2463/2463/2463
f 2463/2463/2463 2476/2476/2476 2477/2477/2477
f 2463/2463/2463 2477/2477/2477 2464/2464/2464
usemtl KrakenSuckerInner
f 2478/2478/2478 2492/2492/2492 2491/2491/2491
f 2478/2478/2478 2479/2479/2479 2492/2492/2492
f 2479/2479/2479 2493/2493/2493 2492/2492/2492
f 2479/2479/2479 2480/2480/2480 2493/2493/2493
f 2480/2480/2480 2494/2494/2494 2493/2493/2493
f 2480/2480/2480 2481/2481/2481 2494/2494/2494
f 2481/2481/2481 2495/2495/2495 2494/2494/2494
f 2481/2481/2481 2482/2482/2482 2495/2495/2495
f 2482/2482/2482 2496/2496/2496 2495/2495/2495
f 2482/2482/2482 2483/2483/2483 2496/2496/2496
f 2483/2483/2483 2497/2497/2497 2496/2496/2496
f 2483/2483/2483 2484/2484/2484 2497/2497/2497
f 2484/2484/2484 2498/2498/2498 2497/2497/2497
f 2484/2484/2484 2485/2485/2485 2498/2498/2498
f 2485/2485/2485 2499/2499/2499 2498/2498/2498
f 2485/2485/2485 2486/2486/2486 2499/2499/2499
f 2486/2486/2486 2500/2500/2500 2499/2499/2499
f 2486/2486/2486 2487/2487/2487 2500/2500/2500
f 2487/2487/2487 2501/2501/2501 2500/2500/2500
f 2487/2487/2487 2488/2488/2488 2501/2501/2501
f 2488/2488/2488 2502/2502/2502 2501/2501/2501
f 2488/2488/2488 2489/2489/2489 2502/2502/2502
f 2489/2489/2489 2503/2503/2503 2502/2502/2502
f 2489/2489/2489 2490/2490/2490 2503/2503/2503
f 2491/2491/2491 2505/2505/2505 2504/2504/2504
f 2491/2491/2491 2492/2492/2492 2505/2505/2505
f 2492/2492/2492 2506/2506/2506 2505/2505/2505
f 2492/2492/2492 2493/2493/2493 2506/2506/2506
f 2493/2493/2493 2507/2507/2507 2506/2506/2506
f 2493/2493/2493 2494/2494/2494 2507/2507/2507
f 2494/2494/2494 2508/2508/2508 2507/2507/2507
f 2494/2494/2494 2495/2495/2495 2508/2508/2508
f 2495/2495/2495 2509/2509/2509 2508/2508/2508
f 2495/2495/2495 2496/2496/2496 2509/2509/2509
f 2496/2496/2496 2510/2510/2510 2509/2509/2509
f 2496/2496/2496 2497/2497/2497 2510/2510/2510
f 2497/2497/2497 2511/2511/2511 2510/2510/2510
f 2497/2497/2497 2498/2498/2498 2511/2511/2511
f 2498/2498/2498 2512/2512/2512 2511/2511/2511
f 2498/2498/2498 2499/2499/2499 2512/2512/2512
f 2499/2499/2499 2513/2513/2513 2512/2512/2512
f 2499/2499/2499 2500/2500/2500 2513/2513/2513
f 2500/2500/2500 2514/2514/2514 2513/2513/2513
f 2500/2500/2500 2501/2501/2501 2514/2514/2514
f 2501/2501/2501 2515/2515/2515 2514/2514/2514
f 2501/2501/2501 2502/2502/2502 2515/2515/2515
f 2502/2502/2502 2516/2516/2516 2515/2515/2515
f 2502/2502/2502 2503/2503/2503 2516/2516/2516
f 2517/2517/2517 2504/2504/2504 2505/2505/2505
f 2517/2517/2517 2505/2505/2505 2506/2506/2506
f 2517/2517/2517 2506/2506/2506 2507/2507/2507
f 2517/2517/2517 2507/2507/2507 2508/2508/2508
f 2517/2517/2517 2508/2508/2508 2509/2509/2509
f 2517/2517/2517 2509/2509/2509 2510/2510/2510
f 2517/2517/2517 2510/2510/2510 2511/2511/2511
f 2517/2517/2517 2511/2511/2511 2512/2512/2512
f 2517/2517/2517 2512/2512/2512 2513/2513/2513
f 2517/2517/2517 2513/2513/2513 2514/2514/2514
f 2517/2517/2517 2514/2514/2514 2515/2515/2515
f 2517/2517/2517 2515/2515/2515 2516/2516/2516
usemtl KrakenSucker
f 2518/2518/2518 2531/2531/2531 2532/2532/2532
f 2518/2518/2518 2532/2532/2532 2519/2519/2519
f 2519/2519/2519 2532/2532/2532 2533/2533/2533
f 2519/2519/2519 2533/2533/2533 2520/2520/2520
f 2520/2520/2520 2533/2533/2533 2534/2534/2534
f 2520/2520/2520 2534/2534/2534 2521/2521/2521
f 2521/2521/2521 2534/2534/2534 2535/2535/2535
f 2521/2521/2521 2535/2535/2535 2522/2522/2522
f 2522/2522/2522 2535/2535/2535 2536/2536/2536
f 2522/2522/2522 2536/2536/2536 2523/2523/2523
f 2523/2523/2523 2536/2536/2536 2537/2537/2537
f 2523/2523/2523 2537/2537/2537 2524/2524/2524
f 2524/2524/2524 2537/2537/2537 2538/2538/2538
f 2524/2524/2524 2538/2538/2538 2525/2525/2525
f 2525/2525/2525 2538/2538/2538 2539/2539/2539
f 2525/2525/2525 2539/2539/2539 2526/2526/2526
f 2526/2526/2526 2539/2539/2539 2540/2540/2540
f 2526/2526/2526 2540/2540/2540 2527/2527/2527
f 2527/2527/2527 2540/2540/2540 2541/2541/2541
f 2527/2527/2527 2541/2541/2541 2528/2528/2528
f 2528/2528/2528 2541/2541/2541 2542/2542/2542
f 2528/2528/2528 2542/2542/2542 2529/2529/2529
f 2529/2529/2529 2542/2542/2542 2543/2543/2543
f 2529/2529/2529 2543/2543/2543 2530/2530/2530
f 2531/2531/2531 2544/2544/2544 2545/2545/2545
f 2531/2531/2531 2545/2545/2545 2532/2532/2532
f 2532/2532/2532 2545/2545/2545 2546/2546/2546
f 2532/2532/2532 2546/2546/2546 2533/2533/2533
f 2533/2533/2533 2546/2546/2546 2547/2547/2547
f 2533/2533/2533 2547/2547/2547 2534/2534/2534
f 2534/2534/2534 2547/2547/2547 2548/2548/2548
f 2534/2534/2534 2548/2548/2548 2535/2535/2535
f 2535/2535/2535 2548/2548/2548 2549/2549/2549
f 2535/2535/2535 2549/2549/2549 2536/2536/2536
f 2536/2536/2536 2549/2549/2549 2550/2550/2550
f 2536/2536/2536 2550/2550/2550 2537/2537/2537
f 2537/2537/2537 2550/2550/2550 2551/2551/2551
f 2537/2537/2537 2551/2551/2551 2538/2538/2538
f 2538/2538/2538 2551/2551/2551 2552/2552/2552
f 2538/2538/2538 2552/2552/2552 2539/2539/2539
f 2539/2539/2539 2552/2552/2552 2553/2553/2553
f 2539/2539/2539 2553/2553/2553 2540/2540/2540
f 2540/2540/2540 2553/2553/2553 2554/2554/2554
f 2540/2540/2540 2554/2554/2554 2541/2541/2541
f 2541/2541/2541 2554/2554/2554 2555/2555/2555
f 2541/2541/2541 2555/2555/2555 2542/2542/2542
f 2542/2542/2542 2555/2555/2555 2556/2556/2556
f 2542/2542/2542 2556/2556/2556 2543/2543/2543
usemtl KrakenSuckerInner
f 2557/2557/2557 2571/2571/2571 2570/2570/2570
f 2557/2557/2557 2558/2558/2558 2571/2571/2571
f 2558/2558/2558 2572/2572/2572 2571/2571/2571
f 2558/2558/2558 2559/2559/2559 2572/2572/2572
f 2559/2559/2559 2573/2573/2573 2572/2572/2572
f 2559/2559/2559 2560/2560/2560 2573/2573/2573
f 2560/2560/2560 2574/2574/2574 2573/2573/2573
f 2560/2560/2560 2561/2561/2561 2574/2574/2574
f 2561/2561/2561 2575/2575/2575 2574/2574/2574
f 2561/2561/2561 2562/2562/2562 2575/2575/2575
f 2562/2562/2562 2576/2576/2576 2575/2575/2575
f 2562/2562/2562 2563/2563/2563 2576/2576/2576
f 2563/2563/2563 2577/2577/2577 2576/2576/2576
f 2563/2563/2563 2564/2564/2564 2577/2577/2577
f 2564/2564/2564 2578/2578/2578 2577/2577/2577
f 2564/2564/2564 2565/2565/2565 2578/2578/2578
f 2565/2565/2565 2579/2579/2579 2578/2578/2578
f 2565/2565/2565 2566/2566/2566 2579/2579/2579
f 2566/2566/2566 2580/2580/2580 2579/2579/2579
f 2566/2566/2566 2567/2567/2567 2580/2580/2580
f 2567/2567/2567 2581/2581/2581 2580/2580/2580
f 2567/2567/2567 2568/2568/2568 2581/2581/2581
f 2568/2568/2568 2582/2582/2582 2581/2581/2581
f 2568/2568/2568 2569/2569/2569 2582/2582/2582
f 2570/2570/2570 2584/2584/2584 2583/2583/2583
f 2570/2570/2570 2571/2571/2571 2584/2584/2584
f 2571/2571/2571 2585/2585/2585 2584/2584/2584
f 2571/2571/2571 2572/2572/2572 2585/2585/2585
f 2572/2572/2572 2586/2586/2586 2585/2585/2585
f 2572/2572/2572 2573/2573/2573 2586/2586/2586
f 2573/2573/2573 2587/2587/2587 2586/2586/2586
f 2573/2573/2573 2574/2574/2574 2587/2587/2587
f 2574/2574/2574 2588/2588/2588 2587/2587/2587
f 2574/2574/2574 2575/2575/2575 2588/2588/2588
f 2575/2575/2575 2589/2589/2589 2588/2588/2588
f 2575/2575/2575 2576/2576/2576 2589/2589/2589
f 2576/2576/2576 2590/2590/2590 2589/2589/2589
f 2576/2576/2576 2577/2577/2577 2590/2590/2590
f 2577/2577/2577 2591/2591/2591 2590/2590/2590
f 2577/2577/2577 2578/2578/2578 2591/2591/2591
f 2578/2578/2578 2592/2592/2592 2591/2591/2591
f 2578/2578/2578 2579/2579/2579 2592/2592/2592
f 2579/2579/2579 2593/2593/2593 2592/2592/2592
f 2579/2579/2579 2580/2580/2580 2593/2593/2593
f 2580/2580/2580 2594/2594/2594 2593/2593/2593
f 2580/2580/2580 2581/2581/2581 2594/2594/2594
f 2581/2581/2581 2595/2595/2595 2594/2594/2594
f 2581/2581/2581 2582/2582/2582 2595/2595/2595
f 2596/2596/2596 2583/2583/2583 2584/2584/2584
f 2596/2596/2596 2584/2584/2584 2585/2585/2585
f 2596/2596/2596 2585/2585/2585 2586/2586/2586
f 2596/2596/2596 2586/2586/2586 2587/2587/2587
f 2596/2596/2596 2587/2587/2587 2588/2588/2588
f 2596/2596/2596 2588/2588/2588 2589/2589/2589
f 2596/2596/2596 2589/2589/2589 2590/2590/2590
f 2596/2596/2596 2590/2590/2590 2591/2591/2591
f 2596/2596/2596 2591/2591/2591 2592/2592/2592
f 2596/2596/2596 2592/2592/2592 2593/2593/2593
f 2596/2596/2596 2593/2593/2593 2594/2594/2594
f 2596/2596/2596 2594/2594/2594 2595/2595/2595
usemtl KrakenSucker
f 2597/2597/2597 2610/2610/2610 2611/2611/2611
f 2597/2597/2597 2611/2611/2611 2598/2598/2598
f 2598/2598/2598 2611/2611/2611 2612/2612/2612
f 2598/2598/2598 2612/2612/2612 2599/2599/2599
f 2599/2599/2599 2612/2612/2612 2613/2613/2613
f 2599/2599/2599 2613/2613/2613 2600/2600/2600
f 2600/2600/2600 2613/2613/2613 2614/2614/2614
f 2600/2600/2600 2614/2614/2614 2601/2601/2601
f 2601/2601/2601 2614/2614/2614 2615/2615/2615
f 2601/2601/2601 2615/2615/2615 2602/2602/2602
f 2602/2602/2602 2615/2615/2615 2616/2616/2616
f 2602/2602/2602 2616/2616/2616 2603/2603/2603
f 2603/2603/2603 2616/2616/2616 2617/2617/2617
f 2603/2603/2603 2617/2617/2617 2604/2604/2604
f 2604/2604/2604 2617/2617/2617 2618/2618/2618
f 2604/2604/2604 2618/2618/2618 2605/2605/2605
f 2605/2605/2605 2618/2618/2618 2619/2619/2619
f 2605/2605/2605 2619/2619/2619 2606/2606/2606
f 2606/2606/2606 2619/2619/2619 2620/2620/2620
f 2606/2606/2606 2620/2620/2620 2607/2607/2607
f 2607/2607/2607 2620/2620/2620 2621/2621/2621
f 2607/2607/2607 2621/2621/2621 2608/2608/2608
f 2608/2608/2608 2621/2621/2621 2622/2622/2622
f 2608/2608/2608 2622/2622/2622 2609/2609/2609
f 2610/2610/2610 2623/2623/2623 2624/2624/2624
f 2610/2610/2610 2624/2624/2624 2611/2611/2611
f 2611/2611/2611 2624/2624/2624 2625/2625/2625
f 2611/2611/2611 2625/2625/2625 2612/2612/2612
f 2612/2612/2612 2625/2625/2625 2626/2626/2626
f 2612/2612/2612 2626/2626/2626 2613/2613/2613
f 2613/2613/2613 2626/2626/2626 2627/2627/2627
f 2613/2613/2613 2627/2627/2627 2614/2614/2614
f 2614/2614/2614 2627/2627/2627 2628/2628/2628
f 2614/2614/2614 2628/2628/2628 2615/2615/2615
f 2615/2615/2615 2628/2628/2628 2629/2629/2629
f 2615/2615/2615 2629/2629/2629 2616/2616/2616
f 2616/2616/2616 2629/2629/2629 2630/2630/2630
f 2616/2616/2616 2630/2630/2630 2617/2617/2617
f 2617/2617/2617 2630/2630/2630 2631/2631/2631
f 2617/2617/2617 2631/2631/2631 2618/2618/2618
f 2618/2618/2618 2631/2631/2631 2632/2632/2632
f 2618/2618/2618 2632/2632/2632 2619/2619/2619
f 2619/2619/2619 2632/2632/2632 2633/2633/2633
f 2619/2619/2619 2633/2633/2633 2620/2620/2620
f 2620/2620/2620 2633/2633/2633 2634/2634/2634
f 2620/2620/2620 2634/2634/2634 2621/2621/2621
f 2621/2621/2621 2634/2634/2634 2635/2635/2635
f 2621/2621/2621 2635/2635/2635 2622/2622/2622
usemtl KrakenSuckerInner
f 2636/2636/2636 2650/2650/2650 2649/2649/2649
f 2636/2636/2636 2637/2637/2637 2650/2650/2650
f 2637/2637/2637 2651/2651/2651 2650/2650/2650
f 2637/2637/2637 2638/2638/2638 2651/2651/2651
f 2638/2638/2638 2652/2652/2652 2651/2651/2651
f 2638/2638/2638 2639/2639/2639 2652/2652/2652
f 2639/2639/2639 2653/2653/2653 2652/2652/2652
f 2639/2639/2639 2640/2640/2640 2653/2653/2653
f 2640/2640/2640 2654/2654/2654 2653/2653/2653
f 2640/2640/2640 2641/2641/2641 2654/2654/2654
f 2641/2641/2641 2655/2655/2655 2654/2654/2654
f 2641/2641/2641 2642/2642/2642 2655/2655/2655
f 2642/2642/2642 2656/2656/2656 2655/2655/2655
f 2642/2642/2642 2643/2643/2643 2656/2656/2656
f 2643/2643/2643 2657/2657/2657 2656/2656/2656
f 2643/2643/2643 2644/2644/2644 2657/2657/2657
f 2644/2644/2644 2658/2658/2658 2657/2657/2657
f 2644/2644/2644 2645/2645/2645 2658/2658/2658
f 2645/2645/2645 2659/2659/2659 2658/2658/2658
f 2645/2645/2645 2646/2646/2646 2659/2659/2659
f 2646/2646/2646 2660/2660/2660 2659/2659/2659
f 2646/2646/2646 2647/2647/2647 2660/2660/2660
f 2647/2647/2647 2661/2661/2661 2660/2660/2660
f 2647/2647/2647 2648/2648/2648 2661/2661/2661
f 2649/2649/2649 2663/2663/2663 2662/2662/2662
f 2649/2649/2649 2650/2650/2650 2663/2663/2663
f 2650/2650/2650 2664/2664/2664 2663/2663/2663
f 2650/2650/2650 2651/2651/2651 2664/2664/2664
f 2651/2651/2651 2665/2665/2665 2664/2664/2664
f 2651/2651/2651 2652/2652/2652 2665/2665/2665
f 2652/2652/2652 2666/2666/2666 2665/2665/2665
f 2652/2652/2652 2653/2653/2653 2666/2666/2666
f 2653/2653/2653 2667/2667/2667 2666/2666/2666
f 2653/2653/2653 2654/2654/2654 2667/2667/2667
f 2654/2654/2654 2668/2668/2668 2667/2667/2667
f 2654/2654/2654 2655/2655/2655 2668/2668/2668
f 2655/2655/2655 2669/2669/2669 2668/2668/2668
f 2655/2655/2655 2656/2656/2656 2669/2669/2669
f 2656/2656/2656 2670/2670/2670 2669/2669/2669
f 2656/2656/2656 2657/2657/2657 2670/2670/2670
f 2657/2657/2657 2671/2671/2671 2670/2670/2670
f 2657/2657/2657 2658/2658/2658 2671/2671/2671
f 2658/2658/2658 2672/2672/2672 2671/2671/2671
f 2658/2658/2658 2659/2659/2659 2672/2672/2672
f 2659/2659/2659 2673/2673/2673 2672/2672/2672
f 2659/2659/2659 2660/2660/2660 2673/2673/2673
f 2660/2660/2660 2674/2674/2674 2673/2673/2673
f 2660/2660/2660 2661/2661/2661 2674/2674/2674
f 2675/2675/2675 2662/2662/2662 2663/2663/2663
f 2675/2675/2675 2663/2663/2663 2664/2664/2664
f 2675/2675/2675 2664/2664/2664 2665/2665/2665
f 2675/2675/2675 2665/2665/2665 2666/2666/2666
f 2675/2675/2675 2666/2666/2666 2667/2667/2667
f 2675/2675/2675 2667/2667/2667 2668/2668/2668
f 2675/2675/2675 2668/2668/2668 2669/2669/2669
f 2675/2675/2675 2669/2669/2669 2670/2670/2670
f 2675/2675/2675 2670/2670/2670 2671/2671/2671
f 2675/2675/2675 2671/2671/2671 2672/2672/2672
f 2675/2675/2675 2672/2672/2672 2673/2673/2673
f 2675/2675/2675 2673/2673/2673 2674/2674/2674
usemtl KrakenSucker
f 2676/2676/2676 2689/2689/2689 2690/2690/2690
f 2676/2676/2676 2690/2690/2690 2677/2677/2677
f 2677/2677/2677 2690/2690/2690 2691/2691/2691
f 2677/2677/2677 2691/2691/2691 2678/2678/2678
f 2678/2678/2678 2691/2691/2691 2692/2692/2692
f 2678/2678/2678 2692/2692/2692 2679/2679/2679
f 2679/2679/2679 2692/2692/2692 2693/2693/2693
f 2679/2679/2679 2693/2693/2693 2680/2680/2680
f 2680/2680/2680 2693/2693/2693 2694/2694/2694
f 2680/2680/2680 2694/2694/2694 2681/2681/2681
f 2681/2681/2681 2694/2694/2694 2695/2695/2695
f 2681/2681/2681 2695/2695/2695 2682/2682/2682
f 2682/2682/2682 2695/2695/2695 2696/2696/2696
f 2682/2682/2682 2696/2696/2696 2683/2683/2683
f 2683/2683/2683 2696/2696/2696 2697/2697/2697
f 2683/2683/2683 2697/2697/2697 2684/2684/2684
f 2684/2684/2684 2697/2697/2697 2698/2698/2698
f 2684/2684/2684 2698/2698/2698 2685/2685/2685
f 2685/2685/2685 2698/2698/2698 2699/2699/2699
f 2685/2685/2685 2699/2699/2699 2686/2686/2686
f 2686/2686/2686 2699/2699/2699 2700/2700/2700
f 2686/2686/2686 2700/2700/2700 2687/2687/2687
f 2687/2687/2687 2700/2700/2700 2701/2701/2701
f 2687/2687/2687 2701/2701/2701 2688/2688/2688
f 2689/2689/2689 2702/2702/2702 2703/2703/2703
f 2689/2689/2689 2703/2703/2703 2690/2690/2690
f 2690/2690/2690 2703/2703/2703 2704/2704/2704
f 2690/2690/2690 2704/2704/2704 2691/2691/2691
f 2691/2691/2691 2704/2704/2704 2705/2705/2705
f 2691/2691/2691 2705/2705/2705 2692/2692/2692
f 2692/2692/2692 2705/2705/2705 2706/2706/2706
f 2692/2692/2692 2706/2706/2706 2693/2693/2693
f 2693/2693/2693 2706/2706/2706 2707/2707/2707
f 2693/2693/2693 2707/2707/2707 2694/2694/2694
f 2694/2694/2694 2707/2707/2707 2708/2708/2708
f 2694/2694/2694 2708/2708/2708 2695/2695/2695
f 2695/2695/2695 2708/2708/2708 2709/2709/2709
f 2695/2695/2695 2709/2709/2709 2696/2696/2696
f 2696/2696/2696 2709/2709/2709 2710/2710/2710
f 2696/2696/2696 2710/2710/2710 2697/2697/2697
f 2697/2697/2697 2710/2710/2710 2711/2711/2711
f 2697/2697/2697 2711/2711/2711 2698/2698/2698
f 2698/2698/2698 2711/2711/2711 2712/2712/2712
f 2698/2698/2698 2712/2712/2712 2699/2699/2699
f 2699/2699/2699 2712/2712/2712 2713/2713/2713
f 2699/2699/2699 2713/2713/2713 2700/2700/2700
f 2700/2700/2700 2713/2713/2713 2714/2714/2714
f 2700/2700/2700 2714/2714/2714 2701/2701/2701
usemtl KrakenSuckerInner
f 2715/2715/2715 2729/2729/2729 2728/2728/2728
f 2715/2715/2715 2716/2716/2716 2729/2729/2729
f 2716/2716/2716 2730/2730/2730 2729/2729/2729
f 2716/2716/2716 2717/2717/2717 2730/2730/2730
f 2717/2717/2717 2731/2731/2731 2730/2730/2730
f 2717/2717/2717 2718/2718/2718 2731/2731/2731
f 2718/2718/2718 2732/2732/2732 2731/2731/2731
f 2718/2718/2718 2719/2719/2719 2732/2732/2732
f 2719/2719/2719 2733/2733/2733 2732/2732/2732
f 2719/2719/2719 2720/2720/2720 2733/2733/2733
f 2720/2720/2720 2734/2734/2734 2733/2733/2733
f 2720/2720/2720 2721/2721/2721 2734/2734/2734
f 2721/2721/2721 2735/2735/2735 2734/2734/2734
f 2721/2721/2721 2722/2722/2722 2735/2735/2735
f 2722/2722/2722 2736/2736/2736 2735/2735/2735
f 2722/2722/2722 2723/2723/2723 2736/2736/2736
f 2723/2723/2723 2737/2737/2737 2736/2736/2736
f 2723/2723/2723 2724/2724/2724 2737/2737/2737
f 2724/2724/2724 2738/2738/2738 2737/2737/2737
f 2724/2724/2724 2725/2725/2725 2738/2738/2738
f 2725/2725/2725 2739/2739/2739 2738/2738/2738
f 2725/2725/2725 2726/2726/2726 2739/2739/2739
f 2726/2726/2726 2740/2740/2740 2739/2739/2739
f 2726/2726/2726 2727/2727/2727 2740/2740/2740
f 2728/2728/2728 2742/2742/2742 2741/2741/2741
f 2728/2728/2728 2729/2729/2729 2742/2742/2742
f 2729/2729/2729 2743/2743/2743 2742/2742/2742
f 2729/2729/2729 2730/2730/2730 2743/2743/2743
f 2730/2730/2730 2744/2744/2744 2743/2743/2743
f 2730/2730/2730 2731/2731/2731 2744/2744/2744
f 2731/2731/2731 2745/2745/2745 2744/2744/2744
f 2731/2731/2731 2732/2732/2732 2745/2745/2745
f 2732/2732/2732 2746/2746/2746 2745/2745/2745
f 2732/2732/2732 2733/2733/2733 2746/2746/2746
f 2733/2733/2733 2747/2747/2747 2746/2746/2746
f 2733/2733/2733 2734/2734/2734 2747/2747/2747
f 2734/2734/2734 2748/2748/2748 2747/2747/2747
f 2734/2734/2734 2735/2735/2735 2748/2748/2748
f 2735/2735/2735 2749/2749/2749 2748/2748/2748
f 2735/2735/2735 2736/2736/2736 2749/2749/2749
f 2736/2736/2736 2750/2750/2750 2749/2749/2749
f 2736/2736/2736 2737/2737/2737 2750/2750/2750
f 2737/2737/2737 2751/2751/2751 2750/2750/2750
f 2737/2737/2737 2738/2738/2738 2751/2751/2751
f 2738/2738/2738 2752/2752/2752 2751/2751/2751
f 2738/2738/2738 2739/2739/2739 2752/2752/2752
f 2739/2739/2739 2753/2753/2753 2752/2752/2752
f 2739/2739/2739 2740/2740/2740 2753/2753/2753
f 2754/2754/2754 2741/2741/2741 2742/2742/2742
f 2754/2754/2754 2742/2742/2742 2743/2743/2743
f 2754/2754/2754 2743/2743/2743 2744/2744/2744
f 2754/2754/2754 2744/2744/2744 2745/2745/2745
f 2754/2754/2754 2745/2745/2745 2746/2746/2746
f 2754/2754/2754 2746/2746/2746 2747/2747/2747
f 2754/2754/2754 2747/2747/2747 2748/2748/2748
f 2754/2754/2754 2748/2748/2748 2749/2749/2749
f 2754/2754/2754 2749/2749/2749 2750/2750/2750
f 2754/2754/2754 2750/2750/2750 2751/2751/2751
f 2754/2754/2754 2751/2751/2751 2752/2752/2752
f 2754/2754/2754 2752/2752/2752 2753/2753/2753
usemtl KrakenSucker
f 2755/2755/2755 2768/2768/2768 2769/2769/2769
f 2755/2755/2755 2769/2769/2769 2756/2756/2756
f 2756/2756/2756 2769/2769/2769 2770/2770/2770
f 2756/2756/2756 2770/2770/2770 2757/2757/2757
f 2757/2757/2757 2770/2770/2770 2771/2771/2771
f 2757/2757/2757 2771/2771/2771 2758/2758/2758
f 2758/2758/2758 2771/2771/2771 2772/2772/2772
f 2758/2758/2758 2772/2772/2772 2759/2759/2759
f 2759/2759/2759 2772/2772/2772 2773/2773/2773
f 2759/2759/2759 2773/2773/2773 2760/2760/2760
f 2760/2760/2760 2773/2773/2773 2774/2774/2774
f 2760/2760/2760 2774/2774/2774 2761/2761/2761
f 2761/2761/2761 2774/2774/2774 2775/2775/2775
f 2761/2761/2761 2775/2775/2775 2762/2762/2762
f 2762/2762/2762 2775/2775/2775 2776/2776/2776
f 2762/2762/2762 2776/2776/2776 2763/2763/2763
f 2763/2763/2763 2776/2776/2776 2777/2777/2777
f 2763/2763/2763 2777/2777/2777 2764/2764/2764
f 2764/2764/2764 2777/2777/2777 2778/2778/2778
f 2764/2764/2764 2778/2778/2778 2765/2765/2765
f 2765/2765/2765 2778/2778/2778 2779/2779/2779
f 2765/2765/2765 2779/2779/2779 2766/2766/2766
f 2766/2766/2766 2779/2779/2779 2780/2780/2780
f 2766/2766/2766 2780/2780/2780 2767/2767/2767
f 2768/2768/2768 2781/2781/2781 2782/2782/2782
f 2768/2768/2768 2782/2782/2782 2769/2769/2769
f 2769/2769/2769 2782/2782/2782 2783/2783/2783
f 2769/2769/2769 2783/2783/2783 2770/2770/2770
f 2770/2770/2770 2783/2783/2783 2784/2784/2784
f 2770/2770/2770 2784/2784/2784 2771/2771/2771
f 2771/2771/2771 2784/2784/2784 2785/2785/2785
f 2771/2771/2771 2785/2785/2785 2772/2772/2772
f 2772/2772/2772 2785/2785/2785 2786/2786/2786
f 2772/2772/2772 2786/2786/2786 2773/2773/2773
f 2773/2773/2773 2786/2786/2786 2787/2787/2787
f 2773/2773/2773 2787/2787/2787 2774/2774/2774
f 2774/2774/2774 2787/2787/2787 2788/2788/2788
f 2774/2774/2774 2788/2788/2788 2775/2775/2775
f 2775/2775/2775 2788/2788/2788 2789/2789/2789
f 2775/2775/2775 2789/2789/2789 2776/2776/2776
f 2776/2776/2776 2789/2789/2789 2790/2790/2790
f 2776/2776/2776 2790/2790/2790 2777/2777/2777
f 2777/2777/2777 2790/2790/2790 2791/2791/2791
f 2777/2777/2777 2791/2791/2791 2778/2778/2778
f 2778/2778/2778 2791/2791/2791 2792/2792/2792
f 2778/2778/2778 2792/2792/2792 2779/2779/2779
f 2779/2779/2779 2792/2792/2792 2793/2793/2793
f 2779/2779/2779 2793/2793/2793 2780/2780/2780
usemtl KrakenSuckerInner
f 2794/2794/2794 2808/2808/2808 2807/2807/2807
f 2794/2794/2794 2795/2795/2795 2808/2808/2808
f 2795/2795/2795 2809/2809/2809 2808/2808/2808
f 2795/2795/2795 2796/2796/2796 2809/2809/2809
f 2796/2796/2796 2810/2810/2810 2809/2809/2809
f 2796/2796/2796 2797/2797/2797 2810/2810/2810
f 2797/2797/2797 2811/2811/2811 2810/2810/2810
f 2797/2797/2797 2798/2798/2798 2811/2811/2811
f 2798/2798/2798 2812/2812/2812 2811/2811/2811
f 2798/2798/2798 2799/2799/2799 2812/2812/2812
f 2799/2799/2799 2813/2813/2813 2812/2812/2812
f 2799/2799/2799 2800/2800/2800 2813/2813/2813
f 2800/2800/2800 2814/2814/2814 2813/2813/2813
f 2800/2800/2800 2801/2801/2801 2814/2814/2814
f 2801/2801/2801 2815/2815/2815 2814/2814/2814
f 2801/2801/2801 2802/2802/2802 2815/2815/2815
f 2802/2802/2802 2816/2816/2816 2815/2815/2815
f 2802/2802/2802 2803/2803/2803 2816/2816/2816
f 2803/2803/2803 2817/2817/2817 2816/2816/2816
f 2803/2803/2803 2804/2804/2804 2817/2817/2817
f 2804/2804/2804 2818/2818/2818 2817/2817/2817
f 2804/2804/2804 2805/2805/2805 2818/2818/2818
f 2805/2805/2805 2819/2819/2819 2818/2818/2818
f 2805/2805/2805 2806/2806/2806 2819/2819/2819
f 2807/2807/2807 2821/2821/2821 2820/2820/2820
f 2807/2807/2807 2808/2808/2808 2821/2821/2821
f 2808/2808/2808 2822/2822/2822 2821/2821/2821
f 2808/2808/2808 2809/2809/2809 2822/2822/2822
f 2809/2809/2809 2823/2823/2823 2822/2822/2822
f 2809/2809/2809 2810/2810/2810 2823/2823/2823
f 2810/2810/2810 2824/2824/2824 2823/2823/2823
f 2810/2810/2810 2811/2811/2811 2824/2824/2824
f 2811/2811/2811 2825/2825/2825 2824/2824/2824
f 2811/2811/2811 2812/2812/2812 2825/2825/2825
f 2812/2812/2812 2826/2826/2826 2825/2825/2825
f 2812/2812/2812 2813/2813/2813 2826/2826/2826
f 2813/2813/2813 2827/2827/2827 2826/2826/2826
f 2813/2813/2813 2814/2814/2814 2827/2827/2827
f 2814/2814/2814 2828/2828/2828 2827/2827/2827
f 2814/2814/2814 2815/2815/2815 2828/2828/2828
f 2815/2815/2815 2829/2829/2829 2828/2828/2828
f 2815/2815/2815 2816/2816/2816 2829/2829/2829
f 2816/2816/2816 2830/2830/2830 2829/2829/2829
f 2816/2816/2816 2817/2817/2817 2830/2830/2830
f 2817/2817/2817 2831/2831/2831 2830/2830/2830
f 2817/2817/2817 2818/2818/2818 2831/2831/2831
f 2818/2818/2818 2832/2832/2832 2831/2831/2831
f 2818/2818/2818 2819/2819/2819 2832/2832/2832
f 2833/2833/2833 2820/2820/2820 2821/2821/2821
f 2833/2833/2833 2821/2821/2821 2822/2822/2822
f 2833/2833/2833 2822/2822/2822 2823/2823/2823
f 2833/2833/2833 2823/2823/2823 2824/2824/2824
f 2833/2833/2833 2824/2824/2824 2825/2825/2825
f 2833/2833/2833 2825/2825/2825 2826/2826/2826
f 2833/2833/2833 2826/2826/2826 2827/2827/2827
f 2833/2833/2833 2827/2827/2827 2828/2828/2828
f 2833/2833/2833 2828/2828/2828 2829/2829/2829
f 2833/2833/2833 2829/2829/2829 2830/2830/2830
f 2833/2833/2833 2830/2830/2830 2831/2831/2831
f 2833/2833/2833 2831/2831/2831 2832/2832/2832
usemtl KrakenSucker
f 2834/2834/2834 2847/2847/2847 2848/2848/2848
f 2834/2834/2834 2848/2848/2848 2835/2835/2835
f 2835/2835/2835 2848/2848/2848 2849/2849/2849
f 2835/2835/2835 2849/2849/2849 2836/2836/2836
f 2836/2836/2836 2849/2849/2849 2850/2850/2850
f 2836/2836/2836 2850/2850/2850 2837/2837/2837
f 2837/2837/2837 2850/2850/2850 2851/2851/2851
f 2837/2837/2837 2851/2851/2851 2838/2838/2838
f 2838/2838/2838 2851/2851/2851 2852/2852/2852
f 2838/2838/2838 2852/2852/2852 2839/2839/2839
f 2839/2839/2839 2852/2852/2852 2853/2853/2853
f 2839/2839/2839 2853/2853/2853 2840/2840/2840
f 2840/2840/2840 2853/2853/2853 2854/2854/2854
f 2840/2840/2840 2854/2854/2854 2841/2841/2841
f 2841/2841/2841 2854/2854/2854 2855/2855/2855
f 2841/2841/2841 2855/2855/2855 2842/2842/2842
f 2842/2842/2842 2855/2855/2855 2856/2856/2856
f 2842/2842/2842 2856/2856/2856 2843/2843/2843
f 2843/2843/2843 2856/2856/2856 2857/2857/2857
f 2843/2843/2843 2857/2857/2857 2844/2844/2844
f 2844/2844/2844 2857/2857/2857 2858/2858/2858
f 2844/2844/2844 2858/2858/2858 2845/2845/2845
f 2845/2845/2845 2858/2858/2858 2859/2859/2859
f 2845/2845/2845 2859/2859/2859 2846/2846/2846
f 2847/2847/2847 2860/2860/2860 2861/2861/2861
f 2847/2847/2847 2861/2861/2861 2848/2848/2848
f 2848/2848/2848 2861/2861/2861 2862/2862/2862
f 2848/2848/2848 2862/2862/2862 2849/2849/2849
f 2849/2849/2849 2862/2862/2862 2863/2863/2863
f 2849/2849/2849 2863/2863/2863 2850/2850/2850
f 2850/2850/2850 2863/2863/2863 2864/2864/2864
f 2850/2850/2850 2864/2864/2864 2851/2851/2851
f 2851/2851/2851 2864/2864/2864 2865/2865/2865
f 2851/2851/2851 2865/2865/2865 2852/2852/2852
f 2852/2852/2852 2865/2865/2865 2866/2866/2866
f 2852/2852/2852 2866/2866/2866 2853/2853/2853
f 2853/2853/2853 2866/2866/2866 2867/2867/2867
f 2853/2853/2853 2867/2867/2867 2854/2854/2854
f 2854/2854/2854 2867/2867/2867 2868/2868/2868
f 2854/2854/2854 2868/2868/2868 2855/2855/2855
f 2855/2855/2855 2868/2868/2868 2869/2869/2869
f 2855/2855/2855 2869/2869/2869 2856/2856/2856
f 2856/2856/2856 2869/2869/2869 2870/2870/2870
f 2856/2856/2856 2870/2870/2870 2857/2857/2857
f 2857/2857/2857 2870/2870/2870 2871/2871/2871
f 2857/2857/2857 2871/2871/2871 2858/2858/2858
f 2858/2858/2858 2871/2871/2871 2872/2872/2872
f 2858/2858/2858 2872/2872/2872 2859/2859/2859
usemtl KrakenSuckerInner
f 2873/2873/2873 2887/2887/2887 2886/2886/2886
f 2873/2873/2873 2874/2874/2874 2887/2887/2887
f 2874/2874/2874 2888/2888/2888 2887/2887/2887
f 2874/2874/2874 2875/2875/2875 2888/2888/2888
f 2875/2875/2875 2889/2889/2889 2888/2888/2888
f 2875/2875/2875 2876/2876/2876 2889/2889/2889
f 2876/2876/2876 2890/2890/2890 2889/2889/2889
f 2876/2876/2876 2877/2877/2877 2890/2890/2890
f 2877/2877/2877 2891/2891/2891 2890/2890/2890
f 2877/2877/2877 2878/2878/2878 2891/2891/2891
f 2878/2878/2878 2892/2892/2892 2891/2891/2891
f 2878/2878/2878 2879/2879/2879 2892/2892/2892
f 2879/2879/2879 2893/2893/2893 2892/2892/2892
f 2879/2879/2879 2880/2880/2880 2893/2893/2893
f 2880/2880/2880 2894/2894/2894 2893/2893/2893
f 2880/2880/2880 2881/2881/2881 2894/2894/2894
f 2881/2881/2881 2895/2895/2895 2894/2894/2894
f 2881/2881/2881 2882/2882/2882 2895/2895/2895
f 2882/2882/2882 2896/2896/2896 2895/2895/2895
f 2882/2882/2882 2883/2883/2883 2896/2896/2896
f 2883/2883/2883 2897/2897/2897 2896/2896/2896
f 2883/2883/2883 2884/2884/2884 2897/2897/2897
f 2884/2884/2884 2898/2898/2898 2897/2897/2897
f 2884/2884/2884 2885/2885/2885 2898/2898/2898
f 2886/2886/2886 2900/2900/2900 2899/2899/2899
f 2886/2886/2886 2887/2887/2887 2900/2900/2900
f 2887/2887/2887 2901/2901/2901 2900/2900/2900
f 2887/2887/2887 2888/2888/2888 2901/2901/2901
f 2888/2888/2888 2902/2902/2902 2901/2901/2901
f 2888/2888/2888 2889/2889/2889 2902/2902/2902
f 2889/2889/2889 2903/2903/2903 2902/2902/2902
f 2889/2889/2889 2890/2890/2890 2903/2903/2903
f 2890/2890/2890 2904/2904/2904 2903/2903/2903
f 2890/2890/2890 2891/2891/2891 2904/2904/2904
f 2891/2891/2891 2905/2905/2905 2904/2904/2904
f 2891/2891/2891 2892/2892/2892 2905/2905/2905
f 2892/2892/2892 2906/2906/2906 2905/2905/2905
f 2892/2892/2892 2893/2893/2893 2906/2906/2906
f 2893/2893/2893 2907/2907/2907 2906/2906/2906
f 2893/2893/2893 2894/2894/2894 2907/2907/2907
f 2894/2894/2894 2908/2908/2908 2907/2907/2907
f 2894/2894/2894 2895/2895/2895 2908/2908/2908
f 2895/2895/2895 2909/2909/2909 2908/2908/2908
f 2895/2895/2895 2896/2896/2896 2909/2909/2909
f 2896/2896/2896 2910/2910/2910 2909/2909/2909
f 2896/2896/2896 2897/2897/2897 2910/2910/2910
f 2897/2897/2897 2911/2911/2911 2910/2910/2910
f 2897/2897/2897 2898/2898/2898 2911/2911/2911
f 2912/2912/2912 2899/2899/2899 2900/2900/2900
f 2912/2912/2912 2900/2900/2900 2901/2901/2901
f 2912/2912/2912 2901/2901/2901 2902/2902/2902
f 2912/2912/2912 2902/2902/2902 2903/2903/2903
f 2912/2912/2912 2903/2903/2903 2904/2904/2904
f 2912/2912/2912 2904/2904/2904 2905/2905/2905
f 2912/2912/2912 2905/2905/2905 2906/2906/2906
f 2912/2912/2912 2906/2906/2906 2907/2907/2907
f 2912/2912/2912 2907/2907/2907 2908/2908/2908
f 2912/2912/2912 2908/2908/2908 2909/2909/2909
f 2912/2912/2912 2909/2909/2909 2910/2910/2910
f 2912/2912/2912 2910/2910/2910 2911/2911/2911
