# Kraken Reusable Tentacle Variant 01 - Rigged Root at Origin
# Generated as a triangulated Z-up game asset.
mtllib kraken_midboss.mtl

v -0.9389675 0.0000000 -0.3940468
v -0.8936572 -0.2901486 -0.3781182
v -0.7608695 -0.5518954 -0.3594372
v -0.5536027 -0.7596188 -0.3398324
v -0.2921453 -0.8929854 -0.3212229
v -0.0020908 -0.9389405 -0.3054303
v 0.2881685 -0.8929854 -0.2940005
v 0.5502198 -0.7596188 -0.2880523
v 0.7584117 -0.5518954 -0.2881680
v 0.8923650 -0.2901486 -0.2943362
v 0.9389675 -0.0000000 -0.3059532
v 0.8936572 0.2901486 -0.3218818
v 0.7608695 0.5518954 -0.3405628
v 0.5536027 0.7596188 -0.3601676
v 0.2921453 0.8929854 -0.3787771
v 0.0020908 0.9389405 -0.3945697
v -0.2881685 0.8929854 -0.4059995
v -0.5502198 0.7596188 -0.4119477
v -0.7584117 0.5518954 -0.4118320
v -0.8923650 0.2901486 -0.4056638
v -0.9389675 0.0000000 -0.3940468
v -0.9343130 0.0156929 -0.0621972
v -0.8898765 -0.2683801 -0.0490621
v -0.7597734 -0.5247212 -0.0346742
v -0.5567390 -0.7282380 -0.0204420
v -0.3006477 -0.8590088 -0.0077585
v -0.0165675 -0.9042328 0.0021345
v 0.2676937 -0.8594833 0.0082689
v 0.5243106 -0.7291405 0.0100440
v 0.7281637 -0.5259634 0.0072861
v 0.8592984 -0.2698404 0.0002652
v 0.9048784 0.0141575 -0.0103315
v 0.8604419 0.2982305 -0.0234666
v 0.7303388 0.5545716 -0.0378545
v 0.5273044 0.7580884 -0.0520868
v 0.2712131 0.8888592 -0.0647702
v -0.0128671 0.9340832 -0.0746633
v -0.2971283 0.8893337 -0.0807976
v -0.5537452 0.7589909 -0.0825727
v -0.7575983 0.5558138 -0.0798148
v -0.8887330 0.2996908 -0.0727939
v -0.9343130 0.0156929 -0.0621972
v -0.9175072 0.0282600 0.2866156
v -0.8739964 -0.2497568 0.2947456
v -0.7466691 -0.5007468 0.3014119
v -0.5479890 -0.7001412 0.3059619
v -0.2974042 -0.8284220 0.3079502
v -0.0194438 -0.8730322 0.3071823
v 0.2586836 -0.8296050 0.3037333
v 0.5097528 -0.7023913 0.2979408
v 0.7091876 -0.5038437 0.2903718
v 0.8374657 -0.2533974 0.2817673
v 0.8820306 0.0244320 0.2729694
v 0.8385198 0.3024489 0.2648394
v 0.7111924 0.5534388 0.2581732
v 0.5125123 0.7528333 0.2536232
v 0.2619275 0.8811141 0.2516348
v -0.0160329 0.9257243 0.2524027
v -0.2941602 0.8822970 0.2558517
v -0.5452295 0.7550833 0.2616442
v -0.7446642 0.5565357 0.2692132
v -0.8729424 0.3060895 0.2778178
v -0.9175072 0.0282600 0.2866156
v -0.8886466 0.0368161 0.6334667
v -0.8462247 -0.2350405 0.6369466
v -0.7219342 -0.4805390 0.6366088
v -0.5279417 -0.6756483 0.6324864
v -0.2832363 -0.8012697 0.6249829
v -0.0117717 -0.8451066 0.6148328
v 0.2598794 -0.8028678 0.6030297
v 0.5051258 -0.6786880 0.5907289
v 0.6999612 -0.4847229 0.5791345
v 0.8253137 -0.2399589 0.5693815
v 0.8689128 0.0316446 0.5624245
v 0.8264909 0.3035012 0.5589446
v 0.7022004 0.5489997 0.5592824
v 0.5082079 0.7441090 0.5634048
v 0.2635025 0.8697304 0.5709083
v -0.0079621 0.9135672 0.5810584
v -0.2796132 0.8713285 0.5928615
v -0.5248596 0.7471487 0.6051623
v -0.7196950 0.5531835 0.6167567
v -0.8450475 0.3084196 0.6265097
v -0.8886466 0.0368161 0.6334667
v -0.8488494 0.0414175 0.9783162
v -0.8076469 -0.2241806 0.9774957
v -0.6865941 -0.4640611 0.9708484
v -0.4975405 -0.6547430 0.9590250
v -0.2589919 -0.7775609 0.9431828
v 0.0057008 -0.8204926 0.9248726
v 0.2706278 -0.7793356 0.9058867
v 0.5098560 -0.6581187 0.8880836
v 0.6999682 -0.4687073 0.8732060
v 0.8223549 -0.2296425 0.8627101
v 0.8650359 0.0356744 0.8576235
v 0.8238335 0.3012725 0.8584439
v 0.7027807 0.5411531 0.8650912
v 0.5137271 0.7318349 0.8769146
v 0.2751785 0.8546528 0.8927568
v 0.0104857 0.8975845 0.9110670
v -0.2544412 0.8564275 0.9300529
v -0.4936695 0.7352106 0.9478560
v -0.6837817 0.5457993 0.9627337
v -0.8061683 0.3067344 0.9732295
v -0.8488494 0.0414175 0.9783162
v -0.7991823 0.0421136 1.3211545
v -0.7593010 -0.2171329 1.3163735
v -0.6416349 -0.4512818 1.3040813
v -0.4577019 -0.6374130 1.2854812
v -0.2255067 -0.7573066 1.2623938
v 0.0322218 -0.7992267 1.2370791
v 0.2902554 -0.7590698 1.2120152
v 0.5233360 -0.6407667 1.1896553
v 0.7086480 -0.4558978 1.1721883
v 0.8280517 -0.2225594 1.1613240
v 0.8698591 0.0364079 1.1581258
v 0.8299779 0.2956544 1.1629068
v 0.7123117 0.5298033 1.1751989
v 0.5283788 0.7159345 1.1937991
v 0.2961836 0.8358281 1.2168865
v 0.0384550 0.8777482 1.2422011
v -0.2195786 0.8375913 1.2672651
v -0.4526591 0.7192883 1.2896250
v -0.6379711 0.5344194 1.3070920
v -0.7573748 0.3010809 1.3179563
v -0.7991823 0.0421136 1.3211545
v -0.7406632 0.0389464 1.6619886
v -0.7021798 -0.2138603 1.6535743
v -0.5880058 -0.4421754 1.6362677
v -0.4093174 -0.6236498 1.6117629
v -0.1836058 -0.7405196 1.5824585
v 0.0670347 -0.7813447 1.5512230
v 0.3180697 -0.7421288 1.5211142
v 0.5449261 -0.6267108 1.4950791
v 0.7253977 -0.4463884 1.4756663
v 0.8418187 -0.2188130 1.4647760
v 0.8827928 0.0337388 1.4634743
v 0.8443094 0.2865455 1.4718886
v 0.7301354 0.5148606 1.4891952
v 0.5514470 0.6963350 1.5137001
v 0.3257355 0.8132048 1.5430045
v 0.0750950 0.8540299 1.5742399
v -0.1759400 0.8148140 1.6043488
v -0.4027965 0.6993960 1.6303839
v -0.5832681 0.5190736 1.6497967
v -0.6996890 0.2914982 1.6606869
v -0.7406632 0.0389464 1.6619886
v -0.6742658 0.0319496 2.0008318
v -0.6372355 -0.2143331 1.9890969
v -0.5266232 -0.4367224 1.9673699
v -0.3532563 -0.6134491 1.9377776
v -0.1341053 -0.7272142 1.9032167
v 0.1093779 -0.7668814 1.8670702
v 0.3533594 -0.7285678 1.8328764
v 0.5739566 -0.6160239 1.8039825
v 0.7495760 -0.4402663 1.7832167
v 0.8630266 -0.2184993 1.7726118
v 0.9032031 0.0275690 1.7732059
v 0.8661728 0.2738517 1.7849407
v 0.7555605 0.4962410 1.8066677
v 0.5821936 0.6729677 1.8362600
v 0.3630426 0.7867328 1.8708209
v 0.1195594 0.8264000 1.9069674
v -0.1244221 0.7880864 1.9411612
v -0.3450193 0.6755425 1.9700551
v -0.5206386 0.4997849 1.9908209
v -0.6340892 0.2780179 2.0014258
v -0.6742658 0.0319496 2.0008318
v -0.6009242 0.0211492 2.3376954
v -0.5653843 -0.2185286 2.3229374
v -0.4583741 -0.4349087 2.2973472
v -0.2903686 -0.6068101 2.2634297
v -0.0778132 -0.7174060 2.2245050
v 0.1584856 -0.7558706 2.1843834
v 0.3953972 -0.7184385 2.1469922
v 0.6097310 -0.6087739 2.1159916
v 0.7805067 -0.4376116 2.0944160
v 0.8910074 -0.2217061 2.0843775
v 0.9304167 0.0178082 2.0868587
v 0.8948767 0.2574861 2.1016168
v 0.7878666 0.4738662 2.1272070
v 0.6198610 0.6457676 2.1611245
v 0.4073057 0.7563635 2.2000492
v 0.1710069 0.7948280 2.2401708
v -0.0659047 0.7573960 2.2775620
v -0.2802386 0.6477314 2.3085626
v -0.4510142 0.4765691 2.3301382
v -0.5615150 0.2606636 2.3401767
v -0.6009242 0.0211492 2.3376954
v -0.5215387 0.0065643 2.6725843
v -0.4875113 -0.2264305 2.6550849
v -0.3841207 -0.4367254 2.6261520
v -0.2214875 -0.6037353 2.5886177
v -0.0155313 -0.7111120 2.5461561
v 0.2135873 -0.7483449 2.5029236
v 0.4434408 -0.7117891 2.4631522
v 0.6515293 -0.6050232 2.4307349
v 0.8174839 -0.4384981 2.4088451
v 0.9250596 -0.2285144 2.3996253
v 0.9637262 0.0043732 2.4039782
v 0.9296988 0.2373680 2.4214776
v 0.8263082 0.4476629 2.4504105
v 0.6636750 0.6146728 2.4879448
v 0.4577188 0.7220495 2.5304064
v 0.2286002 0.7592824 2.5736389
v -0.0012533 0.7227266 2.6134103
v -0.2093418 0.6159607 2.6458276
v -0.3752964 0.4494356 2.6677174
v -0.4828721 0.2394519 2.6769372
v -0.5215387 0.0065643 2.6725843
v -0.4369802 -0.0117929 3.0054927
v -0.4044750 -0.2380284 2.9855186
v -0.3047036 -0.4421683 2.9537284
v -0.1474323 -0.6042300 2.9132338
v 0.0519440 -0.7083497 2.8679988
v 0.2739091 -0.7443356 2.8224513
v 0.4967355 -0.7086649 2.7810498
v 0.6986113 -0.6048295 2.7478470
v 0.8597755 -0.4429934 2.7260929
v 0.9644523 -0.2389984 2.7179171
v 1.0023951 -0.0128128 2.7241198
v 0.9698900 0.2134228 2.7440938
v 0.8701186 0.4175627 2.7758841
v 0.7128473 0.5796244 2.8163787
v 0.5134709 0.6837441 2.8616136
v 0.2915058 0.7197299 2.9071612
v 0.0686795 0.6840593 2.9485627
v -0.1331963 0.5802239 2.9817655
v -0.2943605 0.4183878 3.0035196
v -0.3990373 0.2143927 3.0116954
v -0.4369802 -0.0117929 3.0054927
v -0.3480950 -0.0339160 3.3364026
v -0.3171115 -0.2533171 3.3142060
v -0.2209456 -0.4512371 3.2800105
v -0.0690105 -0.6083020 3.2371634
v 0.1238211 -0.7091374 3.1898589
v 0.3386736 -0.7438727 3.1427275
v 0.5545158 -0.7091078 3.1003827
v 0.7502195 -0.6082457 3.0669695
v 0.9066278 -0.4511596 3.0457587
v 1.0084305 -0.2532260 3.0388265
v 1.0456623 -0.0338202 3.0468514
v 1.0146788 0.1855809 3.0690481
v 0.9185129 0.3835009 3.1032436
v 0.7665778 0.5405658 3.1460906
v 0.5737462 0.6414012 3.1933951
v 0.3588937 0.6761365 3.2405266
v 0.1430515 0.6413716 3.2828714
v -0.0526522 0.5405095 3.3162845
v -0.2090605 0.3834234 3.3374954
v -0.3108632 0.1854898 3.3444276
v -0.3480950 -0.0339160 3.3364026
v -0.2557086 -0.0598039 3.6652829
v -0.2262379 -0.2722961 3.6411024
v -0.1336539 -0.4639348 3.6049225
v 0.0129806 -0.6159611 3.5602849
v 0.1993119 -0.7134935 3.5115588
v 0.4071008 -0.7469848 3.4635140
v 0.6160072 -0.7131569 3.4208534
v 0.8055821 -0.6153208 3.3877530
v 0.9572686 -0.4630536 3.3674528
v 1.0562184 -0.2712602 3.3619400
v 1.0927457 -0.0587146 3.3717541
v 1.0632749 0.1537776 3.3959346
v 0.9706909 0.3454163 3.4321145
v 0.8240565 0.4974425 3.4767522
v 0.6377251 0.5949749 3.5254782
v 0.4299363 0.6284663 3.5735230
v 0.2210298 0.5946383 3.6161836
v 0.0314549 0.4968023 3.6492840
v -0.1202315 0.3445351 3.6695842
v -0.2191813 0.1527417 3.6750971
v -0.2557086 -0.0598039 3.6652829
v -0.1606290 -0.0894599 3.9920895
v -0.1326553 -0.2949687 3.9661515
v -0.0436232 -0.4802677 3.9283794
v 0.0977522 -0.6272186 3.8824705
v 0.2776319 -0.7214368 3.8329188
v 0.4784082 -0.7536995 3.7845747
v 0.6804277 -0.7208487 3.7421705
v 0.8639153 -0.6261001 3.7098570
v 1.0109100 -0.4787282 3.6907972
v 1.1070228 -0.2931589 3.6868570
v 1.1428457 -0.0875570 3.6984219
v 1.1148719 0.1179518 3.7243599
v 1.0258398 0.3032508 3.7621320
v 0.8844645 0.4502017 3.8080409
v 0.7045847 0.5444199 3.8575926
v 0.5038084 0.5766826 3.9059367
v 0.3017889 0.5438318 3.9483409
v 0.1183013 0.4490832 3.9806544
v -0.0286933 0.3017113 3.9997142
v -0.1248062 0.1161420 4.0036544
v -0.1606290 -0.0894599 3.9920895
v -0.0636492 -0.1228916 4.3167662
v -0.0371511 -0.3213416 4.2892860
v 0.0483631 -0.5002443 4.2502872
v 0.1845227 -0.6420873 4.2035872
v 0.3579994 -0.7329860 4.1537575
v 0.5518121 -0.7640427 4.1056756
v 0.7469890 -0.7322173 4.0640482
v 0.9244250 -0.6406252 4.0329501
v 1.0667513 -0.4982319 4.0154252
v 1.1600360 -0.3189759 4.0131892
v 1.1951478 -0.1204041 4.0264609
v 1.1686497 0.0780460 4.0539411
v 1.0831355 0.2569487 4.0929399
v 0.9469759 0.3987917 4.1396398
v 0.7734992 0.4896904 4.1894695
v 0.5796866 0.5207471 4.2375514
v 0.3845096 0.4889217 4.2791788
v 0.2070736 0.3973295 4.3102770
v 0.0647473 0.2549362 4.3278018
v -0.0285374 0.0756803 4.3300378
v -0.0636492 -0.1228916 4.3167662
v 0.0344506 -0.1601098 4.6392452
v 0.0594989 -0.3514247 4.6104286
v 0.1415311 -0.5238753 4.5705447
v 0.2725172 -0.6605809 4.5234976
v 0.4396354 -0.7481598 4.4738927
v 0.6265269 -0.7780392 4.4265856
v 0.8148977 -0.7472944 4.3862071
v 0.9863085 -0.6589347 4.3567097
v 1.1239806 -0.5216095 4.3409807
v 1.2144375 -0.3487611 4.3405600
v 1.2488249 -0.1573092 4.3554886
v 1.2237765 0.0340057 4.3843052
v 1.1417444 0.2064563 4.4241891
v 1.0107583 0.3431619 4.4712362
v 0.8436401 0.4307408 4.5208411
v 0.6567485 0.4606203 4.5681482
v 0.4683778 0.4298754 4.6085267
v 0.2969670 0.3415157 4.6380241
v 0.1592949 0.2041905 4.6537531
v 0.0688379 0.0313422 4.6541738
v 0.0344506 -0.1601098 4.6392452
v 0.1329010 -0.2011289 4.9594496
v 0.1565293 -0.3852303 4.9294941
v 0.2351152 -0.5511732 4.8890449
v 0.3609664 -0.6827140 4.8420613
v 0.5217635 -0.7669765 4.7931424
v 0.7017667 -0.7957125 4.7470768
v 0.8833559 -0.7661092 4.7083736
v 1.0487560 -0.6810643 4.6808215
v 1.1817765 -0.5489027 4.6671174
v 1.2693963 -0.3825612 4.6686027
v 1.3030387 -0.1983224 4.6851321
v 1.2794104 -0.0142210 4.7150875
v 1.2008244 0.1517219 4.7555368
v 1.0749733 0.2832627 4.8025204
v 0.9141761 0.3675252 4.8514392
v 0.7341729 0.3962612 4.8975048
v 0.5525837 0.3666579 4.9362080
v 0.3871836 0.2816130 4.9637601
v 0.2541632 0.1494514 4.9774643
v 0.1665433 -0.0168902 4.9759789
v 0.1329010 -0.2011289 4.9594496
v 0.2309427 -0.2459662 5.2772941
v 0.2531836 -0.4227734 5.2463909
v 0.3283577 -0.5821523 5.2056764
v 0.4491064 -0.7085019 5.1591360
v 0.6036100 -0.7894540 5.1113255
v 0.7767446 -0.8170847 5.0669248
v 0.9515626 -0.7886891 5.0302803
v 1.1109515 -0.7070468 5.0049789
v 1.2393094 -0.5801496 4.9934973
v 1.3240716 -0.4204191 4.9969594
v 1.3569409 -0.2434907 5.0150263
v 1.3347000 -0.0666835 5.0459295
v 1.2595259 0.0926954 5.0866440
v 1.1387772 0.2190450 5.1331844
v 0.9842737 0.2999971 5.1809949
v 0.8111391 0.3276278 5.2253955
v 0.6363211 0.2992322 5.2620401
v 0.4769321 0.2175900 5.2873415
v 0.3485743 0.0906928 5.2988231
v 0.2638121 -0.0690378 5.2953610
v 0.2309427 -0.2459662 5.2772941
v 0.3278254 -0.2946419 5.5926880
v 0.3487143 -0.4640713 5.5610230
v 0.4205078 -0.6168285 5.5203257
v 0.5361785 -0.7379605 5.4745798
v 0.6844035 -0.8156102 5.4282633
v 0.8506737 -0.8421765 5.3859098
v 1.0187133 -0.8150590 5.3516654
v 1.1720734 -0.7369121 5.3288820
v 1.2957422 -0.6153855 5.3197898
v 1.3776140 -0.4623749 5.3252790
v 1.4096746 -0.2928581 5.3448120
v 1.3887857 -0.1234287 5.3764770
v 1.3169922 0.0293285 5.4171743
v 1.2013215 0.1504605 5.4629202
v 1.0530965 0.2281102 5.5092367
v 0.8868263 0.2546765 5.5515902
v 0.7187867 0.2275590 5.5858346
v 0.5654266 0.1494121 5.6086180
v 0.4417578 0.0278855 5.6177102
v 0.3598860 -0.1251251 5.6122210
v 0.3278254 -0.2946419 5.5926880
v 0.4228071 -0.3471794 5.9055366
v 0.4423813 -0.5091439 5.8732926
v 0.5108217 -0.6552193 5.8328792
v 0.6214286 -0.7711067 5.7882523
v 0.7633753 -0.8454622 5.7437804
v 0.9227669 -0.8710073 5.7038166
v 1.0840011 -0.8452416 5.6722729
v 1.2312952 -0.7706872 5.6522371
v 1.3502310 -0.6546419 5.6456703
v 1.4291662 -0.5084651 5.6532154
v 1.4603741 -0.3464656 5.6741337
v 1.4407998 -0.1845010 5.7063778
v 1.3723595 -0.0384256 5.7467912
v 1.2617525 0.0774617 5.7914181
v 1.1198058 0.1518172 5.8358900
v 0.9604142 0.1773624 5.8758537
v 0.7991800 0.1515966 5.9073974
v 0.6518859 0.0770422 5.9274333
v 0.5329502 -0.0390031 5.9340001
v 0.4540150 -0.1851799 5.9264550
v 0.4228071 -0.3471794 5.9055366
v 0.5151538 -0.4036055 6.2157442
v 0.5334527 -0.5580140 6.1831023
v 0.5985618 -0.6973443 6.1432253
v 0.7041079 -0.8079579 6.1000168
v 0.8397593 -0.8790271 6.0577063
v 0.9922375 -0.9035952 6.0204354
v 1.1466169 -0.8792573 5.9918526
v 1.2877857 -0.8083958 5.9747556
v 1.4019255 -0.6979470 5.9708180
v 1.4778633 -0.5587225 5.9804253
v 1.5081658 -0.4043506 6.0026371
v 1.4898669 -0.2499422 6.0352791
v 1.4247578 -0.1106118 6.0751561
v 1.3192117 0.0000018 6.1183646
v 1.1835604 0.0710710 6.1606751
v 1.0310822 0.0956391 6.1979459
v 0.8767028 0.0713012 6.2265288
v 0.7355339 0.0004397 6.2436258
v 0.6213942 -0.1100091 6.2475633
v 0.5454563 -0.2492336 6.2379560
v 0.5151538 -0.4036055 6.2157442
v 0.6041394 -0.4639510 6.5232165
v 0.6212037 -0.6107073 6.4903580
v 0.6829974 -0.7432251 6.4512576
v 0.7834719 -0.8485326 6.4097426
v 0.9127918 -0.9163217 6.3698769
v 1.0582985 -0.9399566 6.3355629
v 1.2057489 -0.9171238 6.3101593
v 1.3407093 -0.8500583 6.2961530
v 1.4499690 -0.7453250 6.2949148
v 1.5228329 -0.6131759 6.3065661
v 1.5521684 -0.4665467 6.3299663
v 1.5351042 -0.3197904 6.3628249
v 1.4733104 -0.1872726 6.4019253
v 1.3728360 -0.0819651 6.4434403
v 1.2435161 -0.0141760 6.4833059
v 1.0980093 0.0094589 6.5176200
v 0.9505590 -0.0133739 6.5430235
v 0.8155985 -0.0804394 6.5570299
v 0.7063388 -0.1851727 6.5582680
v 0.6334750 -0.3173218 6.5466167
v 0.6041394 -0.4639510 6.5232165
v 0.6890457 -0.5282512 6.8278637
v 0.7049171 -0.6672538 6.7949723
v 0.7634039 -0.7928863 6.7568772
v 0.8587809 -0.8928509 6.7173075
v 0.9817119 -0.9573625 6.6801365
v 1.1201636 -0.9801061 6.6490028
v 1.2605834 -0.9588555 6.6269539
v 1.3892260 -0.8956908 6.6161482
v 1.4934989 -0.7967951 6.6176434
v 1.5631953 -0.6718489 6.6312930
v 1.5914928 -0.5330828 6.6557611
v 1.5756213 -0.3940802 6.6886525
v 1.5171345 -0.2684477 6.7267476
v 1.4217575 -0.1684831 6.7663173
v 1.2988265 -0.1039715 6.8034883
v 1.1603748 -0.0812279 6.8346220
v 1.0199550 -0.1024785 6.8566709
v 0.8913124 -0.1656432 6.8674766
v 0.7870395 -0.2645389 6.8659815
v 0.7173431 -0.3894852 6.8523318
v 0.6890457 -0.5282512 6.8278637
v 0.7691617 -0.5965475 7.1296035
v 0.7838830 -0.7276884 7.0968675
v 0.8390628 -0.8463561 7.0599968
v 0.9292997 -0.9409347 7.0226006
v 1.0457607 -1.0021662 6.9883396
v 1.1770459 -1.0240567 6.9605673
v 1.3103041 -1.0044635 6.9420025
v 1.4324910 -0.9453045 6.9344623
v 1.5316462 -0.8523706 6.9386847
v 1.5980637 -0.7347589 6.9542566
v 1.6252420 -0.6039819 6.9796536
v 1.6105207 -0.4728410 7.0123896
v 1.5553410 -0.3541733 7.0492603
v 1.4651040 -0.2595947 7.0866565
v 1.3486430 -0.1983633 7.1209175
v 1.2173578 -0.1764727 7.1486898
v 1.0840996 -0.1960659 7.1672546
v 0.9619127 -0.2552249 7.1747949
v 0.8627575 -0.3481588 7.1705724
v 0.7963400 -0.4657705 7.1550005
v 0.7691617 -0.5965475 7.1296035
v 0.8437845 -0.6688884 7.4283652
v 0.8573983 -0.7920521 7.3959796
v 0.9092614 -0.9036673 7.3605434
v 0.9942971 -0.9928083 7.3255253
v 1.1041815 -1.0507494 7.2943532
v 1.2281584 -1.0718189 7.2700783
v 1.3540920 -1.0539543 7.2550769
v 1.4696551 -0.9989045 7.2508174
v 1.5635356 -0.9120579 7.2577167
v 1.6265437 -0.8019159 7.2750996
v 1.6525118 -0.6792598 7.3012644
v 1.6388980 -0.5560960 7.3336500
v 1.5870349 -0.4444808 7.3690862
v 1.5019992 -0.3553398 7.4041043
v 1.3921148 -0.2973987 7.4352765
v 1.2681379 -0.2763293 7.4595514
v 1.1422043 -0.2941938 7.4745528
v 1.0266412 -0.3492437 7.4788123
v 0.9327607 -0.4360902 7.4719129
v 0.8697526 -0.5462323 7.4545300
v 0.8437845 -0.6688884 7.4283652
v 0.9122179 -0.7453316 7.7240931
v 0.9247665 -0.8603940 7.6922628
v 0.9732923 -0.9648584 7.6584633
v 1.0530453 -1.0484992 7.6260032
v 1.1562186 -1.1031291 7.5980599
v 1.2727129 -1.1234005 7.5773686
v 1.3911249 -1.1073290 7.5659549
v 1.4998637 -1.0564880 7.5649358
v 1.5882851 -0.9758540 7.5744113
v 1.6477339 -0.8733200 7.5934537
v 1.6723908 -0.7589229 7.6201991
v 1.6598421 -0.6438606 7.6520295
v 1.6113163 -0.5393962 7.6858289
v 1.5315633 -0.4557553 7.7182891
v 1.4283901 -0.4011255 7.7462324
v 1.3118958 -0.3808541 7.7669236
v 1.1934837 -0.3969255 7.7783374
v 1.0847449 -0.4477666 7.7793564
v 0.9963235 -0.5284006 7.7698810
v 0.9368747 -0.6309345 7.7508385
v 0.9122179 -0.7453316 7.7240931
v 0.9737729 -0.8259467 8.0167512
v 0.9852973 -0.9327728 7.9856936
v 1.0304527 -1.0299751 7.9537261
v 1.1048189 -1.1080386 7.9239777
v 1.2011165 -1.1593220 7.8993606
v 1.3099191 -1.1788053 7.8822844
v 1.4205764 -1.1645813 7.8744206
v 1.5222566 -1.1180424 7.8765391
v 1.6050064 -1.0437441 7.8884323
v 1.6607257 -0.9489593 7.9089362
v 1.6839603 -0.8429662 7.9360437
v 1.6724359 -0.7361401 7.9671013
v 1.6272805 -0.6389378 7.9990689
v 1.5529143 -0.5608743 8.0288172
v 1.4566167 -0.5095909 8.0534343
v 1.3478141 -0.4901076 8.0705105
v 1.2371568 -0.5043316 8.0783743
v 1.1354766 -0.5508705 8.0762559
v 1.0527268 -0.6251687 8.0643626
v 0.9970075 -0.7199535 8.0438587
v 0.9737729 -0.8259467 8.0167512
v 1.0277668 -0.9108177 8.3063274
v 1.0383052 -1.0092599 8.2762763
v 1.0800427 -1.0990717 8.2463297
v 1.1488937 -1.1714619 8.2194190
v 1.2381187 -1.2193442 8.1981783
v 1.3389837 -1.2380318 8.1846869
v 1.4416153 -1.2256952 8.1802654
v 1.5359673 -1.1835421 8.1853466
v 1.6128037 -1.1156988 8.1994332
v 1.6646033 -1.0288061 8.2211461
v 1.6862957 -0.9313698 8.2483601
v 1.6757573 -0.8329276 8.2784112
v 1.6340198 -0.7431158 8.3083578
v 1.5651688 -0.6707256 8.3352685
v 1.4759438 -0.6228433 8.3565092
v 1.3750788 -0.6041557 8.3700006
v 1.2724472 -0.6164923 8.3744221
v 1.1780952 -0.6586454 8.3693409
v 1.1012588 -0.7264887 8.3552543
v 1.0494592 -0.8133814 8.3335414
v 1.0277668 -0.9108177 8.3063274
v 1.0735231 -1.0000472 8.5928385
v 1.0831090 -1.0899412 8.5640481
v 1.1213646 -1.1722128 8.5363062
v 1.1845452 -1.2388087 8.5123284
v 1.2664661 -1.2832099 8.4944618
v 1.3591085 -1.3010701 8.4844554
v 1.4534037 -1.2906412 8.4832886
v 1.5401216 -1.2529439 8.4910757
v 1.6107737 -1.1916683 8.5070544
v 1.6584438 -1.1128125 8.5296605
v 1.6784659 -1.0240955 8.5566813
v 1.6688800 -0.9342014 8.5854718
v 1.6306244 -0.8519298 8.6132137
v 1.5674438 -0.7853340 8.6371915
v 1.4855229 -0.7409328 8.6550581
v 1.3928806 -0.7230725 8.6650645
v 1.2985853 -0.7335015 8.6662313
v 1.2118674 -0.7711988 8.6584442
v 1.1412154 -0.8324743 8.6424655
v 1.0935452 -0.9113301 8.6198594
v 1.0735231 -1.0000472 8.5928385
v 1.1103716 -1.0937607 8.8763354
v 1.1190318 -1.1749209 8.8490850
v 1.1537221 -1.2494738 8.8237274
v 1.2110469 -1.3101216 8.8027447
v 1.2853948 -1.3509277 8.7881908
v 1.3694881 -1.3678977 8.7814905
v 1.4550952 -1.3593704 8.7832995
v 1.5338362 -1.3261806 8.7934408
v 1.5980035 -1.2715771 8.8109217
v 1.6413159 -1.2009050 8.8340310
v 1.6595336 -1.1210819 8.8605066
v 1.6508735 -1.0399217 8.8877570
v 1.6161832 -0.9653689 8.9131146
v 1.5588584 -0.9047211 8.9340973
v 1.4845105 -0.8639150 8.9486512
v 1.4004172 -0.8469450 8.9553515
v 1.3148101 -0.8554723 8.9535425
v 1.2360690 -0.8886621 8.9434012
v 1.1719017 -0.9432655 8.9259203
v 1.1285894 -1.0139377 8.9028110
v 1.1103716 -1.0937607 8.8763354
v 1.1376515 -1.1921125 9.1569078
v 1.1454022 -1.2643237 9.1315087
v 1.1764205 -1.3309408 9.1087127
v 1.2276703 -1.3854429 9.0907512
v 1.2941348 -1.4224951 9.0793826
v 1.3693080 -1.4384703 9.0757194
v 1.4458314 -1.4318047 9.0801205
v 1.5162145 -1.4031510 9.0921549
v 1.5735675 -1.3553139 9.1106447
v 1.6122764 -1.2929759 9.1337799
v 1.6285522 -1.2222393 9.1592959
v 1.6208015 -1.1500282 9.1846950
v 1.5897832 -1.0834111 9.2074910
v 1.5385334 -1.0289089 9.2254525
v 1.4720689 -0.9918568 9.2368212
v 1.3968957 -0.9758816 9.2404843
v 1.3203723 -0.9825471 9.2360832
v 1.2499892 -1.0112008 9.2240488
v 1.1926362 -1.0590380 9.2055590
v 1.1539273 -1.1213759 9.1824238
v 1.1376515 -1.1921125 9.1569078
v 1.1547196 -1.2952926 9.4346915
v 1.1615620 -1.3582968 9.4114949
v 1.1887724 -1.4167072 9.3914388
v 1.2336872 -1.4648062 9.3764864
v 1.2919099 -1.4978856 9.3681013
v 1.3577412 -1.5127072 9.3671044
v 1.4247370 -1.5078203 9.3735932
v 1.4863395 -1.4837032 9.3869325
v 1.5365184 -1.4427166 9.4058166
v 1.5703619 -1.3888726 9.4283970
v 1.5845572 -1.3274419 9.4524634
v 1.5777148 -1.2644377 9.4756600
v 1.5505044 -1.2060273 9.4957161
v 1.5055896 -1.1579283 9.5106685
v 1.4473669 -1.1248489 9.5190536
v 1.3815356 -1.1100273 9.5200505
v 1.3145398 -1.1149142 9.5135617
v 1.2529374 -1.1390313 9.5002224
v 1.2027585 -1.1800179 9.4813383
v 1.1689149 -1.2338618 9.4587579
v 1.1547196 -1.2952926 9.4346915
v 1.1609724 -1.4035370 9.7098776
v 1.1668863 -1.4570111 9.6892879
v 1.1901137 -1.5068649 9.6721571
v 1.2283809 -1.5482185 9.6601619
v 1.2779421 -1.5770238 9.6544767
v 1.3339459 -1.5904613 9.6556578
v 1.3909102 -1.5872155 9.6635897
v 1.4432590 -1.5676041 9.6774960
v 1.4858680 -1.5335470 9.6960153
v 1.5145663 -1.4883777 9.7173349
v 1.5265448 -1.4365179 9.7393680
v 1.5206309 -1.3830438 9.7599576
v 1.4974035 -1.3331900 9.7770885
v 1.4591362 -1.2918364 9.7890836
v 1.4095750 -1.2630310 9.7947689
v 1.3535713 -1.2495936 9.7935877
v 1.2966069 -1.2528394 9.7856558
v 1.2442582 -1.2724507 9.7717496
v 1.2016492 -1.3065079 9.7532302
v 1.1729508 -1.3516772 9.7319106
v 1.1609724 -1.4035370 9.7098776
v 1.1559035 -1.5171461 9.9827333
v 1.1608370 -1.5606577 9.9652303
v 1.1798488 -1.6014804 9.9512299
v 1.2110778 -1.6356182 9.9421026
v 1.2514671 -1.6597295 9.9387418
v 1.2970633 -1.6714541 9.9414766
v 1.3434028 -1.6696443 9.9500391
v 1.3859499 -1.6544773 9.9635913
v 1.4205395 -1.6274377 9.9808066
v 1.4437860 -1.5911724 9.9999998
v 1.4534137 -1.5492312 10.0192921
v 1.4484801 -1.5057196 10.0367952
v 1.4294684 -1.4648969 10.0507955
v 1.3982393 -1.4307591 10.0599228
v 1.3578500 -1.4066478 10.0632836
v 1.3122539 -1.3949232 10.0605489
v 1.2659143 -1.3967330 10.0519863
v 1.2233673 -1.4119000 10.0384341
v 1.1887776 -1.4389396 10.0212189
v 1.1655312 -1.4752049 10.0020257
v 1.1559035 -1.5171461 9.9827333
v 1.1673344 -1.6401143 10.2583740
v 1.1702233 -1.6647973 10.2480136
v 1.1810715 -1.6881182 10.2400522
v 1.1988171 -1.7077943 10.2352693
v 1.2217231 -1.7218996 10.2341329
v 1.2475472 -1.7290532 10.2367544
v 1.2737617 -1.7285550 10.2428771
v 1.2978004 -1.7204538 10.2519016
v 1.3173103 -1.7055424 10.2629447
v 1.3303816 -1.6852807 10.2749253
v 1.3357348 -1.6616518 10.2866706
v 1.3328460 -1.6369688 10.2970310
v 1.3219978 -1.6136479 10.3049924
v 1.3042522 -1.5939718 10.3097753
v 1.2813462 -1.5798665 10.3109116
v 1.2555220 -1.5727129 10.3082902
v 1.2293076 -1.5732111 10.3021675
v 1.2052689 -1.5813123 10.2931429
v 1.1857590 -1.5962237 10.2820999
v 1.1726877 -1.6164854 10.2701193
v 1.1673344 -1.6401143 10.2583740
v 1.1584226 -1.7693539 10.5334877
v 1.1593240 -1.7767665 10.5302458
v 1.1626001 -1.7838243 10.5278537
v 1.1679301 -1.7898366 10.5265455
v 1.1747924 -1.7942147 10.5264492
v 1.1825151 -1.7965302 10.5275742
v 1.1903424 -1.7965564 10.5298105
v 1.1975080 -1.7942906 10.5329391
v 1.2033106 -1.7899548 10.5366538
v 1.2071820 -1.7839733 10.5405909
v 1.2087435 -1.7769316 10.5443651
v 1.2078421 -1.7695191 10.5476070
v 1.2045660 -1.7624613 10.5499991
v 1.1992360 -1.7564490 10.5513073
v 1.1923737 -1.7520709 10.5514036
v 1.1846510 -1.7497554 10.5502786
v 1.1768237 -1.7497292 10.5480423
v 1.1696581 -1.7519949 10.5449137
v 1.1638555 -1.7563308 10.5411990
v 1.1599840 -1.7623123 10.5372619
v 1.1584226 -1.7693539 10.5334877
v 1.0986173 -1.8997749 10.7996667
v 1.0986681 -1.9001837 10.7994843
v 1.0988493 -1.9005745 10.7993524
v 1.0991431 -1.9009091 10.7992839
v 1.0995208 -1.9011547 10.7992855
v 1.0999454 -1.9012873 10.7993570
v 1.1003753 -1.9012939 10.7994915
v 1.1007685 -1.9011738 10.7996757
v 1.1010865 -1.9009388 10.7998917
v 1.1012981 -1.9006119 10.8001183
v 1.1013827 -1.9002251 10.8003333
v 1.1013319 -1.8998163 10.8005157
v 1.1011507 -1.8994255 10.8006476
v 1.1008569 -1.8990909 10.8007161
v 1.1004792 -1.8988453 10.8007145
v 1.1000546 -1.8987127 10.8006430
v 1.0996247 -1.8987061 10.8005085
v 1.0992315 -1.8988262 10.8003243
v 1.0989135 -1.8990612 10.8001083
v 1.0987019 -1.8993881 10.7998817
v 1.0986173 -1.8997749 10.7996667
v 0.0000000 0.0000000 -0.3500000
v 1.1000000 -1.9000000 10.8000000
v -0.3737309 -0.6794954 1.1644262
v -0.3622615 -0.6859913 1.1156509
v -0.3296696 -0.7006754 1.0799449
v -0.2846880 -0.7196129 1.0668756
v -0.2393697 -0.7377297 1.0799449
v -0.2058576 -0.7501713 1.1156509
v -0.1931312 -0.7536041 1.1644262
v -0.2046007 -0.7471082 1.2132015
v -0.2371926 -0.7324242 1.2489075
v -0.2821741 -0.7134866 1.2619768
v -0.3274925 -0.6953699 1.2489075
v -0.3610046 -0.6829282 1.2132015
v -0.3737309 -0.6794954 1.1644262
v -0.4652386 -0.6821148 1.1656876
v -0.4439383 -0.6941786 1.0751049
v -0.3834103 -0.7214489 1.0087937
v -0.2998732 -0.7566186 0.9845221
v -0.2157106 -0.7902640 1.0087937
v -0.1534738 -0.8133699 1.0751049
v -0.1298392 -0.8197451 1.1656876
v -0.1511395 -0.8076812 1.2562703
v -0.2116674 -0.7804109 1.3225814
v -0.2952046 -0.7452412 1.3468530
v -0.3793672 -0.7115958 1.3225814
v -0.4416039 -0.6884899 1.2562703
v -0.4652386 -0.6821148 1.1656876
v -0.5301733 -0.7056805 1.1672642
v -0.5028652 -0.7211470 1.0511325
v -0.4252652 -0.7561089 0.9661183
v -0.3181664 -0.8011982 0.9350009
v -0.2102656 -0.8443334 0.9661183
v -0.1304749 -0.8739564 1.0511325
v -0.1001740 -0.8821296 1.1672642
v -0.1274821 -0.8666632 1.2833959
v -0.2050821 -0.8317013 1.3684102
v -0.3121809 -0.7866119 1.3995276
v -0.4200817 -0.7434767 1.3684102
v -0.4998724 -0.7138538 1.2833959
v -0.5301733 -0.7056805 1.1672642
v -0.5301733 -0.7056805 1.1672642
v -0.5028652 -0.7211470 1.0511325
v -0.4252652 -0.7561089 0.9661183
v -0.3181664 -0.8011982 0.9350009
v -0.2102656 -0.8443334 0.9661183
v -0.1304749 -0.8739564 1.0511325
v -0.1001740 -0.8821296 1.1672642
v -0.1274821 -0.8666632 1.2833959
v -0.2050821 -0.8317013 1.3684102
v -0.3121809 -0.7866119 1.3995276
v -0.4200817 -0.7434767 1.3684102
v -0.4998724 -0.7138538 1.2833959
v -0.5301733 -0.7056805 1.1672642
v -0.4502369 -0.7435034 1.1674219
v -0.4333059 -0.7530926 1.0954203
v -0.3851939 -0.7747689 1.0427114
v -0.3187926 -0.8027244 1.0234186
v -0.2518941 -0.8294682 1.0427114
v -0.2024239 -0.8478344 1.0954203
v -0.1836374 -0.8529018 1.1674219
v -0.2005684 -0.8433126 1.2394235
v -0.2486803 -0.8216363 1.2921324
v -0.3150816 -0.7936808 1.3114252
v -0.3819801 -0.7669370 1.2921324
v -0.4314504 -0.7485708 1.2394235
v -0.4502369 -0.7435034 1.1674219
v -0.3706388 -0.7209336 1.1656876
v -0.3613540 -0.7261921 1.1262028
v -0.3349700 -0.7380792 1.0972979
v -0.2985564 -0.7534096 1.0867180
v -0.2618702 -0.7680755 1.0972979
v -0.2347413 -0.7781473 1.1262028
v -0.2244390 -0.7809263 1.1656876
v -0.2337238 -0.7756677 1.2051723
v -0.2601078 -0.7637806 1.2340772
v -0.2965214 -0.7484502 1.2446571
v -0.3332076 -0.7337843 1.2340772
v -0.3603365 -0.7237125 1.2051723
v -0.3706388 -0.7209336 1.1656876
v -0.2904850 -0.7337398 1.1650569
v -0.2696669 -0.6518838 1.8497060
v -0.2587065 -0.6578345 1.8034798
v -0.2277073 -0.6714840 1.7696399
v -0.1849754 -0.6891749 1.7572536
v -0.1419609 -0.7061670 1.7696399
v -0.1101894 -0.7179073 1.8034798
v -0.0981741 -0.7212500 1.8497060
v -0.1091345 -0.7152993 1.8959322
v -0.1401337 -0.7016499 1.9297721
v -0.1828656 -0.6839589 1.9421584
v -0.2258801 -0.6669668 1.9297721
v -0.2576516 -0.6552265 1.8959322
v -0.2696669 -0.6518838 1.8497060
v -0.3563703 -0.6548057 1.8507777
v -0.3360153 -0.6658569 1.7649291
v -0.2784452 -0.6912059 1.7020835
v -0.1990861 -0.7240605 1.6790804
v -0.1192020 -0.7556173 1.7020835
v -0.0601978 -0.7774207 1.7649291
v -0.0378837 -0.7836285 1.8507777
v -0.0582387 -0.7725773 1.9366264
v -0.1158087 -0.7472283 1.9994719
v -0.1951679 -0.7143737 2.0224750
v -0.2750520 -0.6828168 1.9994719
v -0.3340562 -0.6610134 1.9366264
v -0.3563703 -0.6548057 1.8507777
v -0.4177932 -0.6774510 1.8521174
v -0.3916970 -0.6916193 1.7420550
v -0.3178893 -0.7241180 1.6614838
v -0.2161467 -0.7662393 1.6319926
v -0.1137312 -0.8066968 1.6614838
v -0.0380849 -0.8346499 1.7420550
v -0.0094770 -0.8426086 1.8521174
v -0.0355732 -0.8284403 1.9621797
v -0.1093809 -0.7959416 2.0427510
v -0.2111234 -0.7538203 2.0722421
v -0.3135390 -0.7133628 2.0427510
v -0.3891853 -0.6854097 1.9621797
v -0.4177932 -0.6774510 1.8521174
v -0.4177932 -0.6774510 1.8521174
v -0.3916970 -0.6916193 1.7420550
v -0.3178893 -0.7241180 1.6614838
v -0.2161467 -0.7662393 1.6319926
v -0.1137312 -0.8066968 1.6614838
v -0.0380849 -0.8346499 1.7420550
v -0.0094770 -0.8426086 1.8521174
v -0.0355732 -0.8284403 1.9621797
v -0.1093809 -0.7959416 2.0427510
v -0.2111234 -0.7538203 2.0722421
v -0.3135390 -0.7133628 2.0427510
v -0.3891853 -0.6854097 1.9621797
v -0.4177932 -0.6774510 1.8521174
v -0.3418639 -0.7129122 1.8522513
v -0.3256843 -0.7216965 1.7840127
v -0.2799235 -0.7418458 1.7340585
v -0.2168431 -0.7679610 1.7157740
v -0.1533455 -0.7930446 1.7340585
v -0.1064448 -0.8103755 1.7840127
v -0.0887079 -0.8153099 1.8522513
v -0.1048875 -0.8065256 1.9204900
v -0.1506483 -0.7863764 1.9704442
v -0.2137287 -0.7602612 1.9887287
v -0.2772263 -0.7351776 1.9704442
v -0.3241271 -0.7178466 1.9204900
v -0.3418639 -0.7129122 1.8522513
v -0.2665407 -0.6911403 1.8507777
v -0.2576680 -0.6959575 1.8133565
v -0.2325734 -0.7070071 1.7859623
v -0.1979809 -0.7213283 1.7759353
v -0.1631597 -0.7350839 1.7859623
v -0.1374399 -0.7445879 1.8133565
v -0.1277132 -0.7472939 1.8507777
v -0.1365859 -0.7424767 1.8881989
v -0.1616806 -0.7314271 1.9155932
v -0.1962730 -0.7171058 1.9256201
v -0.2310943 -0.7033503 1.9155932
v -0.2568141 -0.6938463 1.8881989
v -0.2665407 -0.6911403 1.8507777
v -0.1905237 -0.7028920 1.8502419
v -0.1357178 -0.6391109 2.5366748
v -0.1252333 -0.6443872 2.4930353
v -0.0958557 -0.6569793 2.4610890
v -0.0554569 -0.6735133 2.4493958
v -0.0148615 -0.6895589 2.4610890
v 0.0150527 -0.7008166 2.4930353
v 0.0262705 -0.7042701 2.5366748
v 0.0157860 -0.6989938 2.5803143
v -0.0135916 -0.6864017 2.6122606
v -0.0539904 -0.6698677 2.6239538
v -0.0945858 -0.6538222 2.6122606
v -0.1245000 -0.6425644 2.5803143
v -0.1357178 -0.6391109 2.5366748
v -0.2175495 -0.6420327 2.5374233
v -0.1980782 -0.6518314 2.4563785
v -0.1435199 -0.6752168 2.3970496
v -0.0684934 -0.7059228 2.3753337
v 0.0068979 -0.7357217 2.3970496
v 0.0624530 -0.7566290 2.4563785
v 0.0832860 -0.7630425 2.5374233
v 0.0638146 -0.7532438 2.6184680
v 0.0092563 -0.7298584 2.6777969
v -0.0657701 -0.6991525 2.6995128
v -0.1411614 -0.6693535 2.6777969
v -0.1967165 -0.6484462 2.6184680
v -0.2175495 -0.6420327 2.5374233
v -0.2754852 -0.6635261 2.5383588
v -0.2505219 -0.6760885 2.4344553
v -0.1805754 -0.7060698 2.3583926
v -0.0843876 -0.7454364 2.3305517
v 0.0122679 -0.7836402 2.3583926
v 0.0834924 -0.8104444 2.4344553
v 0.1102013 -0.8186669 2.5383588
v 0.0852381 -0.8061044 2.6422624
v 0.0152915 -0.7761232 2.7183251
v -0.0808962 -0.7367565 2.7461660
v -0.1775517 -0.6985528 2.7183251
v -0.2487762 -0.6717486 2.6422624
v -0.2754852 -0.6635261 2.5383588
v -0.2754852 -0.6635261 2.5383588
v -0.2505219 -0.6760885 2.4344553
v -0.1805754 -0.7060698 2.3583926
v -0.0843876 -0.7454364 2.3305517
v 0.0122679 -0.7836402 2.3583926
v 0.0834924 -0.8104444 2.4344553
v 0.1102013 -0.8186669 2.5383588
v 0.0852381 -0.8061044 2.6422624
v 0.0152915 -0.7761232 2.7183251
v -0.0808962 -0.7367565 2.7461660
v -0.1775517 -0.6985528 2.7183251
v -0.2487762 -0.6717486 2.6422624
v -0.2754852 -0.6635261 2.5383588
v -0.2037557 -0.6968587 2.5384524
v -0.1882785 -0.7046474 2.4740322
v -0.1449117 -0.7232358 2.4268733
v -0.0852753 -0.7476431 2.4096120
v -0.0253489 -0.7713295 2.4268733
v 0.0188103 -0.7879481 2.4740322
v 0.0353699 -0.7930460 2.5384524
v 0.0198927 -0.7852573 2.6028726
v -0.0234742 -0.7666689 2.6500315
v -0.0831106 -0.7422616 2.6672928
v -0.1430370 -0.7185753 2.6500315
v -0.1871962 -0.7019567 2.6028726
v -0.2037557 -0.6968587 2.5384524
v -0.1326985 -0.6761637 2.5374233
v -0.1242110 -0.6804349 2.5020961
v -0.1004291 -0.6906285 2.4762347
v -0.0677253 -0.7040132 2.4667689
v -0.0348624 -0.7170025 2.4762347
v -0.0106461 -0.7261159 2.5020961
v -0.0015651 -0.7289115 2.5374233
v -0.0100526 -0.7246403 2.5727505
v -0.0338344 -0.7144467 2.5986118
v -0.0665382 -0.7010620 2.6080777
v -0.0994011 -0.6880728 2.5986118
v -0.1236174 -0.6789593 2.5727505
v -0.1326985 -0.6761637 2.5374233
v -0.0609277 -0.6871141 2.5370490
v 0.0213229 -0.6419517 3.2239958
v 0.0313523 -0.6464608 3.1829906
v 0.0590758 -0.6579795 3.1529727
v 0.0970649 -0.6734215 3.1419854
v 0.1351404 -0.6886490 3.1529727
v 0.1631001 -0.6995820 3.1829906
v 0.1734521 -0.7032908 3.2239958
v 0.1634227 -0.6987818 3.2650010
v 0.1356992 -0.6872631 3.2950189
v 0.0977102 -0.6718211 3.3060062
v 0.0596346 -0.6565935 3.2950189
v 0.0316750 -0.6456606 3.2650010
v 0.0213229 -0.6419517 3.2239958
v -0.0555583 -0.6446389 3.2243245
v -0.0369322 -0.6530128 3.1481720
v 0.0145542 -0.6744047 3.0924245
v 0.0851054 -0.7030827 3.0720195
v 0.1558171 -0.7313625 3.0924245
v 0.2077422 -0.7516665 3.1481720
v 0.2269674 -0.7585544 3.2243245
v 0.2083413 -0.7501805 3.3004770
v 0.1568549 -0.7287886 3.3562245
v 0.0863037 -0.7001106 3.3766295
v 0.0155920 -0.6718309 3.3562245
v -0.0363331 -0.6515268 3.3004770
v -0.0555583 -0.6446389 3.2243245
v -0.1100054 -0.6647932 3.2247353
v -0.0861259 -0.6755289 3.1271039
v -0.0201176 -0.7029544 3.0556328
v 0.0703326 -0.7397211 3.0294725
v 0.1609886 -0.7759772 3.0556328
v 0.2275593 -0.8020080 3.1271039
v 0.2522070 -0.8108387 3.2247353
v 0.2283275 -0.8001029 3.3223667
v 0.1623192 -0.7726774 3.3938379
v 0.0718690 -0.7359107 3.4199981
v -0.0187870 -0.6996546 3.3938379
v -0.0853577 -0.6736238 3.3223667
v -0.1100054 -0.6647932 3.2247353
v -0.1100054 -0.6647932 3.2247353
v -0.0861259 -0.6755289 3.1271039
v -0.0201176 -0.7029544 3.0556328
v 0.0703326 -0.7397211 3.0294725
v 0.1609886 -0.7759772 3.0556328
v 0.2275593 -0.8020080 3.1271039
v 0.2522070 -0.8108387 3.2247353
v 0.2283275 -0.8001029 3.3223667
v 0.1623192 -0.7726774 3.3938379
v 0.0718690 -0.7359107 3.4199981
v -0.0187870 -0.6996546 3.3938379
v -0.0853577 -0.6736238 3.3223667
v -0.1100054 -0.6647932 3.2247353
v -0.0426454 -0.6961637 3.2247764
v -0.0278401 -0.7028199 3.1642449
v 0.0130850 -0.7198237 3.1199328
v 0.0691642 -0.7426190 3.1037135
v 0.1253709 -0.7650978 3.1199328
v 0.1666447 -0.7812370 3.1642449
v 0.1819263 -0.7867119 3.2247764
v 0.1671210 -0.7800558 3.2853079
v 0.1261958 -0.7630519 3.3296200
v 0.0701167 -0.7402566 3.3458393
v 0.0139100 -0.7177778 3.3296200
v -0.0273638 -0.7016387 3.2853079
v -0.0426454 -0.6961637 3.2247764
v 0.0241284 -0.6767689 3.2243245
v 0.0322475 -0.6804191 3.1911298
v 0.0546903 -0.6897438 3.1668296
v 0.0854434 -0.7022444 3.1579351
v 0.1162664 -0.7145715 3.1668296
v 0.1389004 -0.7234220 3.1911298
v 0.1472806 -0.7264244 3.2243245
v 0.1391616 -0.7227742 3.2575192
v 0.1167188 -0.7134496 3.2818193
v 0.0859657 -0.7009489 3.2907138
v 0.0551427 -0.6886218 3.2818193
v 0.0325087 -0.6797713 3.2575192
v 0.0241284 -0.6767689 3.2243245
v 0.0915460 -0.6871090 3.2241601
v 0.1939668 -0.6607932 3.9100486
v 0.2035544 -0.6644692 3.8717356
v 0.2295913 -0.6748983 3.8436885
v 0.2651008 -0.6892862 3.8334226
v 0.3005681 -0.7037776 3.8436885
v 0.3264899 -0.7144895 3.8717356
v 0.3359204 -0.7185517 3.9100486
v 0.3263328 -0.7148757 3.9483616
v 0.3002959 -0.7044466 3.9764087
v 0.2647864 -0.6900587 3.9866746
v 0.2293191 -0.6755673 3.9764087
v 0.2033973 -0.6648554 3.9483616
v 0.1939668 -0.6607932 3.9100486
v 0.1221280 -0.6630780 3.9098897
v 0.1399337 -0.6699047 3.8387370
v 0.1882878 -0.6892732 3.7866496
v 0.2542340 -0.7159935 3.7675843
v 0.3201020 -0.7429061 3.7866496
v 0.3682425 -0.7627996 3.8387370
v 0.3857563 -0.7703437 3.9098897
v 0.3679506 -0.7635169 3.9810425
v 0.3195965 -0.7441485 4.0331299
v 0.2536503 -0.7174281 4.0521952
v 0.1877823 -0.6905156 4.0331299
v 0.1396418 -0.6706221 3.9810425
v 0.1221280 -0.6630780 3.9098897
v 0.0711978 -0.6817487 3.9096912
v 0.0940256 -0.6905010 3.8184697
v 0.1560181 -0.7153324 3.7516910
v 0.2405645 -0.7495892 3.7272482
v 0.3250106 -0.7840925 3.7516910
v 0.3867292 -0.8095970 3.8184697
v 0.4091828 -0.8192689 3.9096912
v 0.3863550 -0.8105166 4.0009126
v 0.3243625 -0.7856853 4.0676914
v 0.2398161 -0.7514285 4.0921341
v 0.1553700 -0.7169252 4.0676914
v 0.0936515 -0.6914207 4.0009126
v 0.0711978 -0.6817487 3.9096912
v 0.0711978 -0.6817487 3.9096912
v 0.0940256 -0.6905010 3.8184697
v 0.1560181 -0.7153324 3.7516910
v 0.2405645 -0.7495892 3.7272482
v 0.3250106 -0.7840925 3.7516910
v 0.3867292 -0.8095970 3.8184697
v 0.4091828 -0.8192689 3.9096912
v 0.3863550 -0.8105166 4.0009126
v 0.3243625 -0.7856853 4.0676914
v 0.2398161 -0.7514285 4.0921341
v 0.1553700 -0.7169252 4.0676914
v 0.0936515 -0.6914207 4.0009126
v 0.0711978 -0.6817487 3.9096912
v 0.1340398 -0.7112574 3.9096713
v 0.1481930 -0.7166838 3.8531140
v 0.1866284 -0.7320792 3.8117112
v 0.2390471 -0.7533185 3.7965567
v 0.2914037 -0.7747105 3.8117112
v 0.3296692 -0.7905233 3.8531140
v 0.3435905 -0.7965199 3.9096713
v 0.3294373 -0.7910935 3.9662286
v 0.2910019 -0.7756980 4.0076315
v 0.2385832 -0.7544588 4.0227859
v 0.1862266 -0.7330668 4.0076315
v 0.1479610 -0.7172540 3.9662286
v 0.1340398 -0.7112574 3.9096713
v 0.1964847 -0.6933324 3.9098897
v 0.2042462 -0.6963082 3.8788744
v 0.2253236 -0.7047508 3.8561697
v 0.2540694 -0.7163982 3.8478591
v 0.2827810 -0.7281293 3.8561697
v 0.3037654 -0.7368008 3.8788744
v 0.3113996 -0.7400893 3.9098897
v 0.3036381 -0.7371135 3.9409050
v 0.2825607 -0.7286708 3.9636098
v 0.2538149 -0.7170235 3.9719203
v 0.2251032 -0.7052924 3.9636098
v 0.2041189 -0.6966209 3.9409050
v 0.1964847 -0.6933324 3.9098897
v 0.2594429 -0.7031916 3.9099692
v 0.3748125 -0.6958435 4.5931511
v 0.3839669 -0.6986411 4.5575990
v 0.4082850 -0.7079612 4.5315730
v 0.4412507 -0.7213065 4.5220469
v 0.4740310 -0.7351011 4.5315730
v 0.4978423 -0.7456488 4.5575990
v 0.5063044 -0.7501234 4.5931511
v 0.4971500 -0.7473259 4.6287033
v 0.4728319 -0.7380058 4.6547292
v 0.4398662 -0.7246605 4.6642554
v 0.4070860 -0.7108659 4.6547292
v 0.3832747 -0.7003181 4.6287033
v 0.3748125 -0.6958435 4.5931511
v 0.3081232 -0.6976187 4.5924600
v 0.3251242 -0.7028141 4.5264346
v 0.3702864 -0.7201228 4.4781007
v 0.4315085 -0.7449069 4.4604092
v 0.4923860 -0.7705256 4.4781007
v 0.5366070 -0.7901142 4.5264346
v 0.5523224 -0.7984242 4.5924600
v 0.5353214 -0.7932287 4.6584854
v 0.4901592 -0.7759200 4.7068193
v 0.4289372 -0.7511359 4.7245107
v 0.3680596 -0.7255173 4.7068193
v 0.3238386 -0.7059286 4.6584854
v 0.3081232 -0.6976187 4.5924600
v 0.2607652 -0.7146999 4.5915960
v 0.2825615 -0.7213608 4.5069481
v 0.3404617 -0.7435514 4.4449815
v 0.4189515 -0.7753259 4.4223002
v 0.4969997 -0.8081703 4.4449815
v 0.5536932 -0.8332840 4.5069481
v 0.5738412 -0.8439377 4.5915960
v 0.5520450 -0.8372769 4.6762440
v 0.4941448 -0.8150862 4.7382105
v 0.4156550 -0.7833117 4.7608919
v 0.3376068 -0.7504673 4.7382105
v 0.2809132 -0.7253537 4.6762440
v 0.2607652 -0.7146999 4.5915960
v 0.2607652 -0.7146999 4.5915960
v 0.2825615 -0.7213608 4.5069481
v 0.3404617 -0.7435514 4.4449815
v 0.4189515 -0.7753259 4.4223002
v 0.4969997 -0.8081703 4.4449815
v 0.5536932 -0.8332840 4.5069481
v 0.5738412 -0.8439377 4.5915960
v 0.5520450 -0.8372769 4.6762440
v 0.4941448 -0.8150862 4.7382105
v 0.4156550 -0.7833117 4.7608919
v 0.3376068 -0.7504673 4.7382105
v 0.2809132 -0.7253537 4.6762440
v 0.2607652 -0.7146999 4.5915960
v 0.3189577 -0.7423848 4.5915096
v 0.3324714 -0.7465146 4.5390279
v 0.3683695 -0.7602728 4.5006086
v 0.4170332 -0.7799730 4.4865462
v 0.4654231 -0.8003365 4.5006086
v 0.5005731 -0.8159070 4.5390279
v 0.5130648 -0.8225123 4.5915096
v 0.4995512 -0.8183826 4.6439913
v 0.4636530 -0.8046244 4.6824106
v 0.4149893 -0.7849242 4.6964731
v 0.3665995 -0.7645606 4.6824106
v 0.3314495 -0.7489902 4.6439913
v 0.3189577 -0.7423848 4.5915096
v 0.3769999 -0.7260510 4.5924600
v 0.3844106 -0.7283157 4.5636797
v 0.4040967 -0.7358605 4.5426110
v 0.4307832 -0.7466638 4.5348994
v 0.4573196 -0.7578309 4.5426110
v 0.4765954 -0.7663696 4.5636797
v 0.4834457 -0.7699918 4.5924600
v 0.4760350 -0.7677272 4.6212403
v 0.4563489 -0.7601823 4.6423089
v 0.4296624 -0.7493790 4.6500206
v 0.4031260 -0.7382119 4.6423089
v 0.3838502 -0.7296733 4.6212403
v 0.3769999 -0.7260510 4.5924600
v 0.4353906 -0.7355024 4.5928056
v 0.5567203 -0.7474642 5.2715618
v 0.5654454 -0.7493540 5.2388522
v 0.5880117 -0.7575400 5.2149071
v 0.6183726 -0.7698289 5.2061426
v 0.6483929 -0.7829279 5.2149071
v 0.6700287 -0.7933270 5.2388522
v 0.6774827 -0.7982398 5.2715618
v 0.6687576 -0.7963501 5.3042714
v 0.6461913 -0.7881640 5.3282165
v 0.6158304 -0.7758751 5.3369810
v 0.5858101 -0.7627761 5.3282165
v 0.5641743 -0.7523770 5.3042714
v 0.5567203 -0.7474642 5.2715618
v 0.4953056 -0.7486767 5.2703125
v 0.5115093 -0.7521863 5.2095661
v 0.5534182 -0.7673890 5.1650967
v 0.6098026 -0.7902112 5.1488197
v 0.6655546 -0.8145378 5.1650967
v 0.7057354 -0.8338505 5.2095661
v 0.7195785 -0.8429744 5.2703125
v 0.7033748 -0.8394647 5.3310589
v 0.6614660 -0.8242620 5.3755284
v 0.6050815 -0.8014398 5.3918053
v 0.5493295 -0.7771132 5.3755284
v 0.5091488 -0.7578005 5.3310589
v 0.4953056 -0.7486767 5.2703125
v 0.4516031 -0.7640951 5.2687509
v 0.4723771 -0.7685946 5.1908709
v 0.5261064 -0.7880853 5.1338588
v 0.5983942 -0.8173446 5.1129909
v 0.6698710 -0.8485325 5.1338588
v 0.7213848 -0.8732923 5.1908709
v 0.7391325 -0.8849896 5.2687509
v 0.7183584 -0.8804901 5.3466309
v 0.6646292 -0.8609995 5.4036430
v 0.5923414 -0.8317402 5.4245109
v 0.5208645 -0.8005522 5.4036430
v 0.4693507 -0.7757924 5.3466309
v 0.4516031 -0.7640951 5.2687509
v 0.4516031 -0.7640951 5.2687509
v 0.4723771 -0.7685946 5.1908709
v 0.5261064 -0.7880853 5.1338588
v 0.5983942 -0.8173446 5.1129909
v 0.6698710 -0.8485325 5.1338588
v 0.7213848 -0.8732923 5.1908709
v 0.7391325 -0.8849896 5.2687509
v 0.7183584 -0.8804901 5.3466309
v 0.6646292 -0.8609995 5.4036430
v 0.5923414 -0.8317402 5.4245109
v 0.5208645 -0.8005522 5.4036430
v 0.4693507 -0.7757924 5.3466309
v 0.4516031 -0.7640951 5.2687509
v 0.5050262 -0.7899368 5.2685947
v 0.5179061 -0.7927265 5.2203091
v 0.5512183 -0.8048107 5.1849616
v 0.5960367 -0.8229514 5.1720235
v 0.6403524 -0.8422880 5.1849616
v 0.6722909 -0.8576390 5.2203091
v 0.6832944 -0.8648914 5.2685947
v 0.6704146 -0.8621017 5.3168803
v 0.6371024 -0.8500175 5.3522278
v 0.5922840 -0.8318767 5.3651659
v 0.5479683 -0.8125402 5.3522278
v 0.5160298 -0.7971891 5.3168803
v 0.5050262 -0.7899368 5.2685947
v 0.5585621 -0.7752734 5.2703125
v 0.5656252 -0.7768033 5.2438333
v 0.5838932 -0.7834301 5.2244492
v 0.6084710 -0.7933783 5.2173541
v 0.6327732 -0.8039822 5.2244492
v 0.6502879 -0.8124005 5.2438333
v 0.6563221 -0.8163776 5.2703125
v 0.6492589 -0.8148477 5.2967917
v 0.6309909 -0.8082209 5.3161758
v 0.6064131 -0.7982728 5.3232709
v 0.5821110 -0.7876689 5.3161758
v 0.5645963 -0.7792505 5.2967917
v 0.5585621 -0.7752734 5.2703125
v 0.6122718 -0.7843388 5.2709372
v 0.7325440 -0.8159837 5.9435652
v 0.7408363 -0.8169534 5.9137946
v 0.7616139 -0.8239764 5.8920010
v 0.7893094 -0.8351709 5.8840240
v 0.8165019 -0.8475373 5.8920010
v 0.8359051 -0.8577620 5.9137946
v 0.8423200 -0.8631054 5.9435652
v 0.8340277 -0.8621357 5.9733358
v 0.8132501 -0.8551127 5.9951294
v 0.7855546 -0.8439182 6.0031064
v 0.7583621 -0.8315518 5.9951294
v 0.7389589 -0.8213271 5.9733358
v 0.7325440 -0.8159837 5.9435652
v 0.6765502 -0.8166319 5.9417520
v 0.6919502 -0.8184328 5.8864638
v 0.7305371 -0.8314755 5.8459900
v 0.7819716 -0.8522653 5.8311756
v 0.8324719 -0.8752314 5.8459900
v 0.8685064 -0.8942202 5.8864638
v 0.8804198 -0.9041437 5.9417520
v 0.8650198 -0.9023427 5.9970403
v 0.8264329 -0.8893000 6.0375141
v 0.7749984 -0.8685103 6.0523285
v 0.7244981 -0.8455441 6.0375141
v 0.6884635 -0.8265553 5.9970403
v 0.6765502 -0.8166319 5.9417520
v 0.6366155 -0.8303445 5.9394856
v 0.6563591 -0.8326533 5.8686032
v 0.7058295 -0.8493748 5.8167138
v 0.7717712 -0.8760283 5.7977209
v 0.8365152 -0.9054721 5.8167138
v 0.8827133 -0.9298167 5.8686032
v 0.8979868 -0.9425391 5.9394856
v 0.8782433 -0.9402302 6.0103679
v 0.8287729 -0.9235088 6.0622574
v 0.7628312 -0.8968552 6.0812503
v 0.6980872 -0.8674114 6.0622574
v 0.6518891 -0.8430668 6.0103679
v 0.6366155 -0.8303445 5.9394856
v 0.6366155 -0.8303445 5.9394856
v 0.6563591 -0.8326533 5.8686032
v 0.7058295 -0.8493748 5.8167138
v 0.7717712 -0.8760283 5.7977209
v 0.8365152 -0.9054721 5.8167138
v 0.8827133 -0.9298167 5.8686032
v 0.8979868 -0.9425391 5.9394856
v 0.8782433 -0.9402302 6.0103679
v 0.8287729 -0.9235088 6.0622574
v 0.7628312 -0.8968552 6.0812503
v 0.6980872 -0.8674114 6.0622574
v 0.6518891 -0.8430668 6.0103679
v 0.6366155 -0.8303445 5.9394856
v 0.6851577 -0.8542668 5.9392589
v 0.6973987 -0.8556984 5.8953119
v 0.7280704 -0.8660657 5.8631404
v 0.7689542 -0.8825908 5.8513648
v 0.8090955 -0.9008460 5.8631404
v 0.8377383 -0.9159397 5.8953119
v 0.8472079 -0.9238275 5.9392589
v 0.8349669 -0.9223960 5.9832060
v 0.8042952 -0.9120287 6.0153775
v 0.7634114 -0.8955035 6.0271530
v 0.7232701 -0.8772484 6.0153775
v 0.6946273 -0.8621547 5.9832060
v 0.6851577 -0.8542668 5.9392589
v 0.7340519 -0.8413147 5.9417520
v 0.7407647 -0.8420997 5.9176520
v 0.7575846 -0.8477850 5.9000096
v 0.7800048 -0.8568472 5.8935521
v 0.8020177 -0.8668581 5.9000096
v 0.8177251 -0.8751352 5.9176520
v 0.8229181 -0.8794608 5.9417520
v 0.8162053 -0.8786758 5.9658520
v 0.7993853 -0.8729905 5.9834945
v 0.7769652 -0.8639283 5.9899520
v 0.7549522 -0.8539174 5.9834945
v 0.7392449 -0.8456403 5.9658520
v 0.7340519 -0.8413147 5.9417520
v 0.7829585 -0.8499662 5.9426586
v 0.8951425 -0.9017062 6.6075529
v 0.9029855 -0.9017654 6.5808348
v 0.9219283 -0.9075956 6.5612758
v 0.9468951 -0.9176345 6.5541167
v 0.9711961 -0.9291923 6.5612758
v 0.9883198 -0.9391720 6.5808348
v 0.9936781 -0.9448997 6.6075529
v 0.9858351 -0.9448405 6.6342710
v 0.9668923 -0.9390103 6.6538300
v 0.9419255 -0.9289714 6.6609891
v 0.9176245 -0.9174136 6.6538300
v 0.9005007 -0.9074338 6.6342710
v 0.8951425 -0.9017062 6.6075529
v 0.8447403 -0.9018388 6.6051951
v 0.8593059 -0.9019487 6.5555758
v 0.8944853 -0.9127762 6.5192519
v 0.9408522 -0.9314199 6.5059565
v 0.9859826 -0.9528844 6.5192519
v 1.0177839 -0.9714182 6.5555758
v 1.0277349 -0.9820552 6.6051951
v 1.0131693 -0.9819452 6.6548145
v 0.9779899 -0.9711178 6.6911384
v 0.9316230 -0.9524741 6.7044338
v 0.8864926 -0.9310096 6.6911384
v 0.8546913 -0.9124758 6.6548145
v 0.8447403 -0.9018388 6.6051951
v 0.8087175 -0.9138313 6.6022479
v 0.8273913 -0.9139722 6.5386334
v 0.8724931 -0.9278536 6.4920643
v 0.9319379 -0.9517558 6.4750189
v 0.9897974 -0.9792743 6.4920643
v 1.0305683 -1.0030356 6.5386334
v 1.0433260 -1.0166728 6.6022479
v 1.0246521 -1.0165319 6.6658625
v 0.9795503 -1.0026505 6.7124316
v 0.9201056 -0.9787483 6.7294770
v 0.8622461 -0.9512298 6.7124316
v 0.8214752 -0.9274685 6.6658625
v 0.8087175 -0.9138313 6.6022479
v 0.8087175 -0.9138313 6.6022479
v 0.8273913 -0.9139722 6.5386334
v 0.8724931 -0.9278536 6.4920643
v 0.9319379 -0.9517558 6.4750189
v 0.9897974 -0.9792743 6.4920643
v 1.0305683 -1.0030356 6.5386334
v 1.0433260 -1.0166728 6.6022479
v 1.0246521 -1.0165319 6.6658625
v 0.9795503 -1.0026505 6.7124316
v 0.9201056 -0.9787483 6.7294770
v 0.8622461 -0.9512298 6.7124316
v 0.8214752 -0.9274685 6.6658625
v 0.8087175 -0.9138313 6.6022479
v 0.8522715 -0.9357017 6.6019532
v 0.8638493 -0.9357891 6.5625122
v 0.8918124 -0.9443955 6.5336394
v 0.9286682 -0.9592149 6.5230712
v 0.9645411 -0.9762764 6.5336394
v 0.9898190 -0.9910084 6.5625122
v 0.9977288 -0.9994634 6.6019532
v 0.9861510 -0.9993760 6.6413942
v 0.9581879 -0.9907696 6.6702671
v 0.9213321 -0.9759502 6.6808353
v 0.8854592 -0.9588887 6.6702671
v 0.8601813 -0.9441567 6.6413942
v 0.8522715 -0.9357017 6.6019532
v 0.8963541 -0.9244639 6.6051951
v 0.9027033 -0.9245118 6.5835662
v 0.9180379 -0.9292315 6.5677327
v 0.9382491 -0.9373583 6.5619373
v 0.9579213 -0.9467146 6.5677327
v 0.9717834 -0.9547934 6.5835662
v 0.9761210 -0.9594300 6.6051951
v 0.9697719 -0.9593821 6.6268241
v 0.9544373 -0.9546625 6.6426576
v 0.9342261 -0.9465357 6.6484530
v 0.9145539 -0.9371794 6.6426576
v 0.9006918 -0.9291006 6.6268241
v 0.8963541 -0.9244639 6.6051951
v 0.9403239 -0.9326250 6.6063740
v 1.0373742 -1.0049175 7.2621173
v 1.0447289 -1.0041066 7.2385838
v 1.0617729 -1.0087197 7.2213561
v 1.0839394 -1.0175209 7.2150503
v 1.1052888 -1.0281517 7.2213561
v 1.1201005 -1.0377637 7.2385838
v 1.1244059 -1.0437813 7.2621173
v 1.1170513 -1.0445922 7.2856508
v 1.1000072 -1.0399791 7.3028785
v 1.0778408 -1.0311780 7.3091843
v 1.0564914 -1.0205472 7.3028785
v 1.0416796 -1.0109352 7.2856508
v 1.0373742 -1.0049175 7.2621173
v 0.9927640 -1.0046336 7.2592684
v 1.0064227 -1.0031277 7.2155633
v 1.0380758 -1.0116950 7.1835690
v 1.0792421 -1.0280399 7.1718583
v 1.1188910 -1.0477828 7.1835690
v 1.1463986 -1.0656337 7.2155633
v 1.1543943 -1.0768094 7.2592684
v 1.1407356 -1.0783153 7.3029734
v 1.1090825 -1.0697480 7.3349678
v 1.0679162 -1.0534031 7.3466785
v 1.0282673 -1.0336602 7.3349678
v 1.0007597 -1.0158093 7.3029734
v 0.9927640 -1.0046336 7.2592684
v 0.9608314 -1.0149201 7.2557072
v 0.9783424 -1.0129894 7.1996751
v 1.0189234 -1.0239731 7.1586567
v 1.0717007 -1.0449281 7.1436430
v 1.1225326 -1.0702396 7.1586567
v 1.1577987 -1.0931253 7.1996751
v 1.1680496 -1.1074531 7.2557072
v 1.1505385 -1.1093838 7.3117393
v 1.1099575 -1.0984001 7.3527577
v 1.0571803 -1.0774451 7.3677714
v 1.0063484 -1.0521336 7.3527577
v 0.9710822 -1.0292479 7.3117393
v 0.9608314 -1.0149201 7.2557072
v 0.9608314 -1.0149201 7.2557072
v 0.9783424 -1.0129894 7.1996751
v 1.0189234 -1.0239731 7.1586567
v 1.0717007 -1.0449281 7.1436430
v 1.1225326 -1.0702396 7.1586567
v 1.1577987 -1.0931253 7.1996751
v 1.1680496 -1.1074531 7.2557072
v 1.1505385 -1.1093838 7.3117393
v 1.1099575 -1.0984001 7.3527577
v 1.0571803 -1.0774451 7.3677714
v 1.0063484 -1.0521336 7.3527577
v 0.9710822 -1.0292479 7.3117393
v 0.9608314 -1.0149201 7.2557072
v 0.9992890 -1.0345479 7.2553511
v 1.0101458 -1.0333509 7.2206112
v 1.0353061 -1.0401608 7.1951798
v 1.0680279 -1.0531529 7.1858713
v 1.0995437 -1.0688460 7.1951798
v 1.1214087 -1.0830351 7.2206112
v 1.1277643 -1.0919183 7.2553511
v 1.1169074 -1.0931154 7.2900910
v 1.0917472 -1.0863055 7.3155224
v 1.0590253 -1.0733134 7.3248309
v 1.0275095 -1.0576203 7.3155224
v 1.0056445 -1.0434311 7.2900910
v 0.9992890 -1.0345479 7.2553511
v 1.0383520 -1.0249909 7.2592684
v 1.0443058 -1.0243345 7.2402175
v 1.0581034 -1.0280689 7.2262712
v 1.0760476 -1.0351936 7.2211665
v 1.0933305 -1.0437995 7.2262712
v 1.1053210 -1.0515807 7.2402175
v 1.1088063 -1.0564521 7.2592684
v 1.1028525 -1.0571086 7.2783193
v 1.0890549 -1.0533741 7.2922655
v 1.0711107 -1.0462494 7.2973702
v 1.0538278 -1.0376435 7.2922655
v 1.0418373 -1.0298623 7.2783193
v 1.0383520 -1.0249909 7.2592684
v 1.0772346 -1.0325355 7.2606929
v 1.1520345 -1.1258944 7.9061536
v 1.1588247 -1.1242993 7.8859562
v 1.1738743 -1.1276877 7.8711707
v 1.1931510 -1.1351514 7.8657588
v 1.2114894 -1.1446907 7.8711707
v 1.2239758 -1.1537496 7.8859562
v 1.2272646 -1.1599005 7.9061536
v 1.2204744 -1.1614956 7.9263509
v 1.2054247 -1.1581073 7.9411364
v 1.1861481 -1.1506435 7.9465483
v 1.1678097 -1.1411042 7.9411364
v 1.1553232 -1.1320454 7.9263509
v 1.1520345 -1.1258944 7.9061536
v 1.1134545 -1.1253427 7.9029152
v 1.1260648 -1.1223805 7.8654058
v 1.1540142 -1.1286731 7.8379470
v 1.1898137 -1.1425344 7.8278964
v 1.2238707 -1.1602503 7.8379470
v 1.2470598 -1.1770738 7.8654058
v 1.2531675 -1.1884970 7.9029152
v 1.2405572 -1.1914592 7.9404246
v 1.2126078 -1.1851666 7.9678834
v 1.1768084 -1.1713054 7.9779340
v 1.1427513 -1.1535895 7.9678834
v 1.1195622 -1.1367660 7.9404246
v 1.1134545 -1.1253427 7.9029152
v 1.0858282 -1.1339644 7.8988673
v 1.1019953 -1.1301667 7.8507783
v 1.1378278 -1.1382341 7.8155747
v 1.1837246 -1.1560050 7.8026893
v 1.2273875 -1.1787176 7.8155747
v 1.2571171 -1.2002862 7.8507783
v 1.2649475 -1.2149314 7.8988673
v 1.2487804 -1.2187291 7.9469563
v 1.2129478 -1.2106617 7.9821599
v 1.1670511 -1.1928908 7.9950453
v 1.1233882 -1.1701782 7.9821599
v 1.0936586 -1.1486096 7.9469563
v 1.0858282 -1.1339644 7.8988673
v 1.0858282 -1.1339644 7.8988673
v 1.1019953 -1.1301667 7.8507783
v 1.1378278 -1.1382341 7.8155747
v 1.1837246 -1.1560050 7.8026893
v 1.2273875 -1.1787176 7.8155747
v 1.2571171 -1.2002862 7.8507783
v 1.2649475 -1.2149314 7.8988673
v 1.2487804 -1.2187291 7.9469563
v 1.2129478 -1.2106617 7.9821599
v 1.1670511 -1.1928908 7.9950453
v 1.1233882 -1.1701782 7.9821599
v 1.0936586 -1.1486096 7.9469563
v 1.0858282 -1.1339644 7.8988673
v 1.1190685 -1.1511009 7.8984625
v 1.1290921 -1.1487463 7.8686473
v 1.1513083 -1.1537481 7.8468211
v 1.1797643 -1.1647661 7.8388322
v 1.2068353 -1.1788479 7.8468211
v 1.2252677 -1.1922204 7.8686473
v 1.2301225 -1.2013005 7.8984625
v 1.2200989 -1.2036551 7.9282777
v 1.1978827 -1.1986533 7.9501039
v 1.1694267 -1.1876353 7.9580928
v 1.1423557 -1.1735535 7.9501039
v 1.1239234 -1.1601809 7.9282777
v 1.1190685 -1.1511009 7.8984625
v 1.1528607 -1.1431555 7.9029152
v 1.1583575 -1.1418643 7.8865650
v 1.1705406 -1.1446072 7.8745958
v 1.1861455 -1.1506493 7.8702147
v 1.2009909 -1.1583716 7.8745958
v 1.2110990 -1.1657049 7.8865650
v 1.2137613 -1.1706843 7.9029152
v 1.2082645 -1.1719755 7.9192655
v 1.1960814 -1.1692326 7.9312347
v 1.1804765 -1.1631905 7.9356157
v 1.1656311 -1.1554682 7.9312347
v 1.1555230 -1.1481349 7.9192655
v 1.1528607 -1.1431555 7.9029152
v 1.1864803 -1.1499087 7.9045344
v 1.2306001 -1.2653168 8.5384967
v 1.2366923 -1.2630887 8.5218112
v 1.2495961 -1.2652749 8.5095966
v 1.2658539 -1.2712898 8.5051258
v 1.2811095 -1.2795217 8.5095966
v 1.2912751 -1.2877648 8.5218112
v 1.2936268 -1.2938104 8.5384967
v 1.2875346 -1.2960386 8.5551821
v 1.2746308 -1.2938523 8.5673967
v 1.2583730 -1.2878374 8.5718676
v 1.2431174 -1.2796055 8.5673967
v 1.2329519 -1.2713624 8.5551821
v 1.2306001 -1.2653168 8.5384967
v 1.1983517 -1.2646892 8.5350376
v 1.2096658 -1.2605512 8.5040504
v 1.2336300 -1.2646114 8.4813661
v 1.2638231 -1.2757820 8.4730631
v 1.2921548 -1.2910697 8.4813661
v 1.3110338 -1.3063783 8.5040504
v 1.3154013 -1.3176059 8.5350376
v 1.3040872 -1.3217439 8.5660249
v 1.2801230 -1.3176837 8.5887091
v 1.2499299 -1.3065131 8.5970121
v 1.2215982 -1.2912254 8.5887091
v 1.2027193 -1.2759168 8.5660249
v 1.1983517 -1.2646892 8.5350376
v 1.1752985 -1.2717066 8.5307138
v 1.1898038 -1.2664014 8.4909866
v 1.2205271 -1.2716068 8.4619042
v 1.2592362 -1.2859280 8.4512593
v 1.2955590 -1.3055277 8.4619042
v 1.3197627 -1.3251541 8.4909866
v 1.3253621 -1.3395484 8.5307138
v 1.3108569 -1.3448536 8.5704411
v 1.2801335 -1.3396482 8.5995234
v 1.2414245 -1.3253269 8.6101683
v 1.2051017 -1.3057273 8.5995234
v 1.1808979 -1.2861008 8.5704411
v 1.1752985 -1.2717066 8.5307138
v 1.1752985 -1.2717066 8.5307138
v 1.1898038 -1.2664014 8.4909866
v 1.2205271 -1.2716068 8.4619042
v 1.2592362 -1.2859280 8.4512593
v 1.2955590 -1.3055277 8.4619042
v 1.3197627 -1.3251541 8.4909866
v 1.3253621 -1.3395484 8.5307138
v 1.3108569 -1.3448536 8.5704411
v 1.2801335 -1.3396482 8.5995234
v 1.2414245 -1.3253269 8.6101683
v 1.2051017 -1.3057273 8.5995234
v 1.1808979 -1.2861008 8.5704411
v 1.1752985 -1.2717066 8.5307138
v 1.2031560 -1.2860445 8.5302814
v 1.2121493 -1.2827553 8.5056505
v 1.2311977 -1.2859826 8.4876195
v 1.2551974 -1.2948618 8.4810196
v 1.2777175 -1.3070136 8.4876195
v 1.2927238 -1.3191820 8.5056505
v 1.2961954 -1.3281064 8.5302814
v 1.2872022 -1.3313956 8.5549123
v 1.2681537 -1.3281683 8.5729434
v 1.2441541 -1.3192891 8.5795432
v 1.2216340 -1.3071373 8.5729434
v 1.2066276 -1.2949690 8.5549123
v 1.2031560 -1.2860445 8.5302814
v 1.2313657 -1.2796144 8.5350376
v 1.2362975 -1.2778107 8.5215304
v 1.2467434 -1.2795805 8.5116424
v 1.2599045 -1.2844497 8.5080231
v 1.2722542 -1.2911136 8.5116424
v 1.2804835 -1.2977866 8.5215304
v 1.2823873 -1.3026807 8.5350376
v 1.2774555 -1.3044844 8.5485449
v 1.2670096 -1.3027146 8.5584329
v 1.2538485 -1.2978454 8.5620522
v 1.2414988 -1.2911815 8.5584329
v 1.2332695 -1.2845085 8.5485449
v 1.2313657 -1.2796144 8.5350376
v 1.2594950 -1.2853556 8.5367671
v 1.2663242 -1.4227329 9.1595669
v 1.2715020 -1.4201307 9.1465824
v 1.2820220 -1.4212067 9.1370770
v 1.2950654 -1.4256727 9.1335978
v 1.3071373 -1.4323320 9.1370770
v 1.3150029 -1.4394002 9.1465824
v 1.3165548 -1.4449835 9.1595669
v 1.3113770 -1.4475858 9.1725515
v 1.3008570 -1.4465097 9.1820569
v 1.2878136 -1.4420438 9.1855361
v 1.2757417 -1.4353845 9.1820569
v 1.2678761 -1.4283162 9.1725515
v 1.2663242 -1.4227329 9.1595669
v 1.2407901 -1.4222423 9.1561564
v 1.2504059 -1.4174095 9.1320422
v 1.2699431 -1.4194078 9.1143893
v 1.2941666 -1.4277018 9.1079279
v 1.3165858 -1.4400691 9.1143893
v 1.3311934 -1.4531958 9.1320422
v 1.3340754 -1.4635648 9.1561564
v 1.3244595 -1.4683975 9.1802706
v 1.3049223 -1.4663992 9.1979235
v 1.2806988 -1.4581052 9.2043849
v 1.2582797 -1.4457380 9.1979235
v 1.2436720 -1.4326112 9.1802706
v 1.2407901 -1.4222423 9.1561564
v 1.2226260 -1.4277214 9.1518932
v 1.2349540 -1.4215255 9.1209775
v 1.2600017 -1.4240874 9.0983457
v 1.2910574 -1.4347207 9.0900618
v 1.3197999 -1.4505762 9.0983457
v 1.3385276 -1.4674054 9.1209775
v 1.3422225 -1.4806989 9.1518932
v 1.3298944 -1.4868948 9.1828089
v 1.3048468 -1.4843328 9.2054408
v 1.2737910 -1.4736995 9.2137246
v 1.2450485 -1.4578441 9.2054408
v 1.2263208 -1.4410149 9.1828089
v 1.2226260 -1.4277214 9.1518932
v 1.2226260 -1.4277214 9.1518932
v 1.2349540 -1.4215255 9.1209775
v 1.2600017 -1.4240874 9.0983457
v 1.2910574 -1.4347207 9.0900618
v 1.3197999 -1.4505762 9.0983457
v 1.3385276 -1.4674054 9.1209775
v 1.3422225 -1.4806989 9.1518932
v 1.3298944 -1.4868948 9.1828089
v 1.3048468 -1.4843328 9.2054408
v 1.2737910 -1.4736995 9.2137246
v 1.2450485 -1.4578441 9.2054408
v 1.2263208 -1.4410149 9.1828089
v 1.2226260 -1.4277214 9.1518932
v 1.2448485 -1.4389178 9.1514669
v 1.2524918 -1.4350763 9.1322992
v 1.2680214 -1.4366647 9.1182674
v 1.2872760 -1.4432574 9.1131314
v 1.3050963 -1.4530878 9.1182674
v 1.3167075 -1.4635219 9.1322992
v 1.3189983 -1.4717638 9.1514669
v 1.3113549 -1.4756053 9.1706346
v 1.2958254 -1.4740169 9.1846664
v 1.2765708 -1.4674242 9.1898023
v 1.2587504 -1.4575938 9.1846664
v 1.2471393 -1.4471597 9.1706346
v 1.2448485 -1.4389178 9.1514669
v 1.2671013 -1.4338973 9.1561564
v 1.2712928 -1.4317907 9.1456451
v 1.2798090 -1.4326618 9.1379502
v 1.2903680 -1.4362771 9.1351337
v 1.3001404 -1.4416680 9.1379502
v 1.3065079 -1.4473899 9.1456451
v 1.3077641 -1.4519097 9.1561564
v 1.3035726 -1.4540163 9.1666677
v 1.2950564 -1.4531452 9.1743626
v 1.2844974 -1.4495299 9.1771791
v 1.2747250 -1.4441390 9.1743626
v 1.2683575 -1.4384171 9.1666677
v 1.2671013 -1.4338973 9.1561564
v 1.2894361 -1.4383809 9.1578617
v 1.2511629 -1.5975938 9.7701360
v 1.2551033 -1.5950356 9.7610716
v 1.2628604 -1.5952092 9.7544360
v 1.2723557 -1.5980681 9.7520072
v 1.2810450 -1.6028463 9.7544360
v 1.2866000 -1.6082635 9.7610716
v 1.2875322 -1.6128680 9.7701360
v 1.2835918 -1.6154262 9.7792003
v 1.2758347 -1.6152526 9.7858359
v 1.2663393 -1.6123937 9.7882647
v 1.2576500 -1.6076155 9.7858359
v 1.2520951 -1.6021984 9.7792003
v 1.2511629 -1.5975938 9.7701360
v 1.2329019 -1.5974152 9.7671764
v 1.2402197 -1.5926642 9.7503426
v 1.2546258 -1.5929866 9.7380193
v 1.2722600 -1.5982961 9.7335087
v 1.2883973 -1.6071698 9.7380193
v 1.2987136 -1.6172302 9.7503426
v 1.3004448 -1.6257816 9.7671764
v 1.2931270 -1.6305325 9.7840103
v 1.2787209 -1.6302101 9.7963335
v 1.2610867 -1.6249006 9.8008441
v 1.2449495 -1.6160269 9.7963335
v 1.2346331 -1.6059665 9.7840103
v 1.2329019 -1.5974152 9.7671764
v 1.2200339 -1.6013741 9.7634770
v 1.2294157 -1.5952831 9.7418951
v 1.2478851 -1.5956965 9.7260961
v 1.2704930 -1.6025035 9.7203133
v 1.2911818 -1.6138801 9.7260961
v 1.3044079 -1.6267780 9.7418951
v 1.3066274 -1.6377413 9.7634770
v 1.2972455 -1.6438322 9.7850588
v 1.2787762 -1.6434188 9.8008578
v 1.2561683 -1.6366119 9.8066407
v 1.2354795 -1.6252352 9.8008578
v 1.2222534 -1.6123373 9.7850588
v 1.2200339 -1.6013741 9.7634770
v 1.2200339 -1.6013741 9.7634770
v 1.2294157 -1.5952831 9.7418951
v 1.2478851 -1.5956965 9.7260961
v 1.2704930 -1.6025035 9.7203133
v 1.2911818 -1.6138801 9.7260961
v 1.3044079 -1.6267780 9.7418951
v 1.3066274 -1.6377413 9.7634770
v 1.2972455 -1.6438322 9.7850588
v 1.2787762 -1.6434188 9.8008578
v 1.2561683 -1.6366119 9.8066407
v 1.2354795 -1.6252352 9.8008578
v 1.2222534 -1.6123373 9.7850588
v 1.2200339 -1.6013741 9.7634770
v 1.2361524 -1.6090798 9.7631070
v 1.2419691 -1.6053034 9.7497263
v 1.2534201 -1.6055597 9.7399309
v 1.2674370 -1.6097800 9.7363455
v 1.2802641 -1.6168335 9.7399309
v 1.2884643 -1.6248302 9.7497263
v 1.2898404 -1.6316274 9.7631070
v 1.2840236 -1.6354038 9.7764878
v 1.2725726 -1.6351475 9.7862832
v 1.2585557 -1.6309272 9.7898685
v 1.2457287 -1.6238737 9.7862832
v 1.2375285 -1.6158770 9.7764878
v 1.2361524 -1.6090798 9.7631070
v 1.2519525 -1.6054159 9.7671764
v 1.2551423 -1.6033450 9.7598386
v 1.2614219 -1.6034856 9.7544669
v 1.2691086 -1.6057999 9.7525007
v 1.2761428 -1.6096680 9.7544669
v 1.2806396 -1.6140533 9.7598386
v 1.2813943 -1.6177808 9.7671764
v 1.2782044 -1.6198517 9.7745142
v 1.2719249 -1.6197112 9.7798859
v 1.2642382 -1.6173968 9.7818521
v 1.2572040 -1.6135287 9.7798859
v 1.2527071 -1.6091434 9.7745142
v 1.2519525 -1.6054159 9.7671764
v 1.2680104 -1.6084146 9.7686562
v 0.2928128 -0.7291494 1.4352388
v 0.3033978 -0.7215644 1.3877860
v 0.3344901 -0.7058198 1.3530482
v 0.3777585 -0.6861344 1.3403333
v 0.4216093 -0.6677829 1.3530482
v 0.4542927 -0.6556825 1.3877860
v 0.4670512 -0.6530755 1.4352388
v 0.4564662 -0.6606606 1.4826916
v 0.4253739 -0.6764052 1.5174294
v 0.3821055 -0.6960906 1.5301443
v 0.3382547 -0.7144421 1.5174294
v 0.3055713 -0.7265425 1.4826916
v 0.2928128 -0.7291494 1.4352388
v 0.2326058 -0.7948866 1.4331695
v 0.2522637 -0.7808001 1.3450430
v 0.3100065 -0.7515602 1.2805298
v 0.3903622 -0.7150015 1.2569164
v 0.4717993 -0.6809201 1.2805298
v 0.5324971 -0.6584480 1.3450430
v 0.5561914 -0.6536065 1.4331695
v 0.5365335 -0.6676930 1.5212961
v 0.4787907 -0.6969329 1.5858092
v 0.3984350 -0.7334915 1.6094226
v 0.3169979 -0.7675730 1.5858092
v 0.2563001 -0.7900451 1.5212961
v 0.2326058 -0.7948866 1.4331695
v 0.2050552 -0.8562282 1.4305829
v 0.2302576 -0.8381687 1.3176001
v 0.3042869 -0.8006815 1.2348910
v 0.4073069 -0.7538115 1.2046174
v 0.5117136 -0.7101174 1.2348910
v 0.5895311 -0.6813069 1.3176001
v 0.6199085 -0.6750999 1.4305829
v 0.5947061 -0.6931595 1.5435657
v 0.5206768 -0.7306466 1.6262748
v 0.4176568 -0.7775166 1.6565485
v 0.3132501 -0.8212108 1.6262748
v 0.2354325 -0.8500212 1.5435657
v 0.2050552 -0.8562282 1.4305829
v 0.2050552 -0.8562282 1.4305829
v 0.2302576 -0.8381687 1.3176001
v 0.3042869 -0.8006815 1.2348910
v 0.4073069 -0.7538115 1.2046174
v 0.5117136 -0.7101174 1.2348910
v 0.5895311 -0.6813069 1.3176001
v 0.6199085 -0.6750999 1.4305829
v 0.5947061 -0.6931595 1.5435657
v 0.5206768 -0.7306466 1.6262748
v 0.4176568 -0.7775166 1.6565485
v 0.3132501 -0.8212108 1.6262748
v 0.2354325 -0.8500212 1.5435657
v 0.2050552 -0.8562282 1.4305829
v 0.2856856 -0.8259556 1.4303243
v 0.3013111 -0.8147587 1.3602749
v 0.3472093 -0.7915167 1.3089953
v 0.4110817 -0.7624573 1.2902256
v 0.4758138 -0.7353669 1.3089953
v 0.5240607 -0.7175044 1.3602749
v 0.5428947 -0.7136561 1.4303243
v 0.5272692 -0.7248530 1.5003736
v 0.4813710 -0.7480950 1.5516532
v 0.4174986 -0.7771544 1.5704229
v 0.3527665 -0.8042448 1.5516532
v 0.3045196 -0.8221073 1.5003736
v 0.2856856 -0.8259556 1.4303243
v 0.3238735 -0.7550383 1.4331695
v 0.3324424 -0.7488981 1.3947554
v 0.3576123 -0.7361525 1.3666343
v 0.3926391 -0.7202167 1.3563412
v 0.4281374 -0.7053607 1.3666343
v 0.4545954 -0.6955651 1.3947554
v 0.4649237 -0.6934547 1.4331695
v 0.4563548 -0.6995950 1.4715837
v 0.4311849 -0.7123406 1.4997048
v 0.3961581 -0.7282764 1.5099978
v 0.3606598 -0.7431324 1.4997048
v 0.3342018 -0.7529280 1.4715837
v 0.3238735 -0.7550383 1.4331695
v 0.3871653 -0.7076795 1.4342042
v 0.3795270 -0.7010431 2.1276457
v 0.3887762 -0.6921898 2.0830175
v 0.4175776 -0.6761041 2.0503473
v 0.4582140 -0.6570962 2.0383892
v 0.4997968 -0.6402592 2.0503473
v 0.5311840 -0.6301045 2.0830175
v 0.5439654 -0.6293532 2.1276457
v 0.5347162 -0.6382065 2.1722740
v 0.5059148 -0.6542922 2.2049442
v 0.4652784 -0.6733001 2.2169023
v 0.4236956 -0.6901371 2.2049442
v 0.3923084 -0.7002917 2.1722740
v 0.3795270 -0.7010431 2.1276457
v 0.3226422 -0.7629364 2.1242787
v 0.3398192 -0.7464946 2.0413976
v 0.3933076 -0.7166212 1.9807244
v 0.4687752 -0.6813208 1.9585165
v 0.5460004 -0.6500521 1.9807244
v 0.6042909 -0.6311935 2.0413976
v 0.6280277 -0.6297981 2.1242787
v 0.6108507 -0.6462399 2.2071598
v 0.5573623 -0.6761133 2.2678330
v 0.4818947 -0.7114137 2.2900409
v 0.4046695 -0.7426825 2.2678330
v 0.3463790 -0.7615411 2.2071598
v 0.3226422 -0.7629364 2.1242787
v 0.2965609 -0.8206738 2.1200700
v 0.3185828 -0.7995945 2.0138121
v 0.3871577 -0.7612953 1.9360260
v 0.4839109 -0.7160384 1.9075543
v 0.5829176 -0.6759503 1.9360260
v 0.6576490 -0.6517726 2.0138121
v 0.6880809 -0.6499837 2.1200700
v 0.6660590 -0.6710629 2.2263278
v 0.5974841 -0.7093621 2.3041139
v 0.5007309 -0.7546191 2.3325856
v 0.4017242 -0.7947072 2.3041139
v 0.3269928 -0.8188849 2.2263278
v 0.2965609 -0.8206738 2.1200700
v 0.2965609 -0.8206738 2.1200700
v 0.3185828 -0.7995945 2.0138121
v 0.3871577 -0.7612953 1.9360260
v 0.4839109 -0.7160384 1.9075543
v 0.5829176 -0.6759503 1.9360260
v 0.6576490 -0.6517726 2.0138121
v 0.6880809 -0.6499837 2.1200700
v 0.6660590 -0.6710629 2.2263278
v 0.5974841 -0.7093621 2.3041139
v 0.5007309 -0.7546191 2.3325856
v 0.4017242 -0.7947072 2.3041139
v 0.3269928 -0.8188849 2.2263278
v 0.2965609 -0.8206738 2.1200700
v 0.3726483 -0.7921388 2.1196491
v 0.3863019 -0.7790697 2.0537692
v 0.4288183 -0.7553242 2.0055418
v 0.4888053 -0.7272649 1.9878894
v 0.5501895 -0.7024102 2.0055418
v 0.5965229 -0.6874201 2.0537692
v 0.6153907 -0.6863109 2.1196491
v 0.6017371 -0.6993801 2.1855289
v 0.5592207 -0.7231256 2.2337563
v 0.4992337 -0.7511849 2.2514088
v 0.4378495 -0.7760395 2.2337563
v 0.3915160 -0.7910297 2.1855289
v 0.3726483 -0.7921388 2.1196491
v 0.4087766 -0.7253846 2.1242787
v 0.4162640 -0.7182177 2.0881511
v 0.4395795 -0.7051959 2.0617038
v 0.4724756 -0.6898086 2.0520234
v 0.5061378 -0.6761786 2.0617038
v 0.5315465 -0.6679582 2.0881511
v 0.5418933 -0.6673500 2.1242787
v 0.5344059 -0.6745169 2.1604064
v 0.5110904 -0.6875386 2.1868537
v 0.4781943 -0.7029260 2.1965340
v 0.4445321 -0.7165560 2.1868537
v 0.4191234 -0.7247764 2.1604064
v 0.4087766 -0.7253846 2.1242787
v 0.4685406 -0.6807827 2.1259622
v 0.4952071 -0.6911701 2.8315338
v 0.5033159 -0.6814911 2.7898025
v 0.5299668 -0.6654475 2.7592531
v 0.5680188 -0.6473383 2.7480712
v 0.6072759 -0.6320158 2.7592531
v 0.6372192 -0.6235856 2.7898025
v 0.6498254 -0.6243067 2.8315338
v 0.6417167 -0.6339857 2.8732650
v 0.6150657 -0.6500293 2.9038144
v 0.5770137 -0.6681385 2.9149963
v 0.5377566 -0.6834610 2.9038144
v 0.5078133 -0.6918912 2.8732650
v 0.4952071 -0.6911701 2.8315338
v 0.4415623 -0.7490093 2.8272172
v 0.4566214 -0.7310339 2.7497163
v 0.5061160 -0.7012387 2.6929817
v 0.5767840 -0.6676073 2.6722154
v 0.6496901 -0.6391512 2.6929817
v 0.7052990 -0.6234952 2.7497163
v 0.7287105 -0.6248343 2.8272172
v 0.7136514 -0.6428097 2.9047181
v 0.6641569 -0.6726049 2.9614528
v 0.5934888 -0.7062363 2.9822191
v 0.5205827 -0.7346924 2.9614528
v 0.4649738 -0.7503484 2.9047181
v 0.4415623 -0.7490093 2.8272172
v 0.4168422 -0.8030004 2.8218216
v 0.4361487 -0.7799550 2.7224614
v 0.4996033 -0.7417560 2.6497247
v 0.5902034 -0.6986389 2.6231012
v 0.6836727 -0.6621567 2.6497247
v 0.7549662 -0.6420849 2.7224614
v 0.7849809 -0.6438017 2.8218216
v 0.7656744 -0.6668470 2.9211817
v 0.7022198 -0.7050460 2.9939184
v 0.6116198 -0.7481632 3.0205419
v 0.5181504 -0.7846454 2.9939184
v 0.4468569 -0.8047172 2.9211817
v 0.4168422 -0.8030004 2.8218216
v 0.4168422 -0.8030004 2.8218216
v 0.4361487 -0.7799550 2.7224614
v 0.4996033 -0.7417560 2.6497247
v 0.5902034 -0.6986389 2.6231012
v 0.6836727 -0.6621567 2.6497247
v 0.7549662 -0.6420849 2.7224614
v 0.7849809 -0.6438017 2.8218216
v 0.7656744 -0.6668470 2.9211817
v 0.7022198 -0.7050460 2.9939184
v 0.6116198 -0.7481632 3.0205419
v 0.5181504 -0.7846454 2.9939184
v 0.4468569 -0.8047172 2.9211817
v 0.4168422 -0.8030004 2.8218216
v 0.4883661 -0.7764005 2.8212820
v 0.5003361 -0.7621124 2.7596787
v 0.5396780 -0.7384291 2.7145819
v 0.5958500 -0.7116964 2.6980754
v 0.6538010 -0.6890775 2.7145819
v 0.6980030 -0.6766329 2.7596787
v 0.7166121 -0.6776973 2.8212820
v 0.7046421 -0.6919855 2.8828853
v 0.6653002 -0.7156688 2.9279820
v 0.6091282 -0.7424015 2.9444886
v 0.5511772 -0.7650204 2.9279820
v 0.5069752 -0.7774650 2.8828853
v 0.4883661 -0.7764005 2.8212820
v 0.5225528 -0.7139856 2.8272172
v 0.5291170 -0.7061501 2.7934348
v 0.5506916 -0.6931625 2.7687043
v 0.5814956 -0.6785026 2.7596523
v 0.6132752 -0.6660987 2.7687043
v 0.6375150 -0.6592743 2.7934348
v 0.6477200 -0.6598580 2.8272172
v 0.6411558 -0.6676934 2.8609997
v 0.6195812 -0.6806811 2.8857301
v 0.5887772 -0.6953409 2.8947821
v 0.5569976 -0.7077449 2.8857301
v 0.5327578 -0.7145693 2.8609997
v 0.5225528 -0.7139856 2.8272172
v 0.5788263 -0.6723301 2.8293755
v 0.6311939 -0.6993200 3.5431344
v 0.6383201 -0.6891801 3.5043497
v 0.6629169 -0.6734727 3.4759573
v 0.6983938 -0.6564066 3.4655650
v 0.7352446 -0.6425548 3.4759573
v 0.7635952 -0.6356287 3.5043497
v 0.7758491 -0.6374842 3.5431344
v 0.7687229 -0.6476241 3.5819191
v 0.7441260 -0.6633315 3.6103115
v 0.7086492 -0.6803976 3.6207039
v 0.6717984 -0.6942494 3.6103115
v 0.6434478 -0.7011755 3.5819191
v 0.6311939 -0.6993200 3.5431344
v 0.5808139 -0.7529929 3.5381647
v 0.5940483 -0.7341615 3.4661360
v 0.6397282 -0.7049907 3.4134073
v 0.7056137 -0.6732966 3.3941072
v 0.7740509 -0.6475717 3.4134073
v 0.8267021 -0.6347089 3.4661360
v 0.8494593 -0.6381549 3.5381647
v 0.8362249 -0.6569862 3.6101935
v 0.7905450 -0.6861571 3.6629222
v 0.7246595 -0.7178512 3.6822222
v 0.6562223 -0.7435761 3.6629222
v 0.6035712 -0.7564388 3.6101935
v 0.5808139 -0.7529929 3.5381647
v 0.5574469 -0.8031527 3.5319526
v 0.5744141 -0.7790100 3.4396080
v 0.6329781 -0.7416114 3.3720071
v 0.7174467 -0.7009780 3.3472635
v 0.8051867 -0.6679973 3.3720071
v 0.8726882 -0.6515066 3.4396080
v 0.9018641 -0.6559245 3.5319526
v 0.8848970 -0.6800673 3.6242971
v 0.8263330 -0.7174658 3.6918981
v 0.7418644 -0.7580993 3.7166417
v 0.6541244 -0.7910799 3.6918981
v 0.5866229 -0.8075706 3.6242971
v 0.5574469 -0.8031527 3.5319526
v 0.5574469 -0.8031527 3.5319526
v 0.5744141 -0.7790100 3.4396080
v 0.6329781 -0.7416114 3.3720071
v 0.7174467 -0.7009780 3.3472635
v 0.8051867 -0.6679973 3.3720071
v 0.8726882 -0.6515066 3.4396080
v 0.9018641 -0.6559245 3.5319526
v 0.8848970 -0.6800673 3.6242971
v 0.8263330 -0.7174658 3.6918981
v 0.7418644 -0.7580993 3.7166417
v 0.6541244 -0.7910799 3.6918981
v 0.5866229 -0.8075706 3.6242971
v 0.5574469 -0.8031527 3.5319526
v 0.6243381 -0.7785758 3.5313314
v 0.6348577 -0.7636073 3.4740777
v 0.6711674 -0.7404202 3.4321652
v 0.7235380 -0.7152275 3.4168241
v 0.7779367 -0.6947795 3.4321652
v 0.8197877 -0.6845553 3.4740777
v 0.8378768 -0.6872944 3.5313314
v 0.8273571 -0.7022629 3.5885850
v 0.7910475 -0.7254500 3.6304976
v 0.7386769 -0.7506427 3.6458386
v 0.6842781 -0.7710907 3.6304976
v 0.6424272 -0.7813149 3.5885850
v 0.6243381 -0.7785758 3.5313314
v 0.6565857 -0.7206027 3.5381647
v 0.6623545 -0.7123941 3.5067676
v 0.6822663 -0.6996786 3.4837833
v 0.7109856 -0.6858633 3.4753704
v 0.7408172 -0.6746499 3.4837833
v 0.7637677 -0.6690430 3.5067676
v 0.7736875 -0.6705451 3.5381647
v 0.7679187 -0.6787536 3.5695619
v 0.7480070 -0.6914691 3.5925462
v 0.7192876 -0.7052845 3.6009590
v 0.6894560 -0.7164979 3.5925462
v 0.6665055 -0.7221048 3.5695619
v 0.6565857 -0.7206027 3.5381647
v 0.7093291 -0.6819880 3.5406496
v 0.7795266 -0.7256615 4.2590682
v 0.7857923 -0.7153658 4.2232686
v 0.8083930 -0.7002242 4.1970615
v 0.8412727 -0.6842939 4.1874690
v 0.8756215 -0.6718433 4.1970615
v 0.9022356 -0.6662087 4.2232686
v 0.9139837 -0.6688997 4.2590682
v 0.9077180 -0.6791954 4.2948678
v 0.8851173 -0.6943371 4.3210749
v 0.8522376 -0.7102674 4.3306673
v 0.8178888 -0.7227180 4.3210749
v 0.7912748 -0.7283526 4.2948678
v 0.7795266 -0.7256615 4.2590682
v 0.7325103 -0.7751165 4.2536981
v 0.7441466 -0.7559959 4.1872131
v 0.7861192 -0.7278758 4.1385428
v 0.8471816 -0.6982909 4.1207282
v 0.9109722 -0.6751684 4.1385428
v 0.9603983 -0.6647040 4.1872131
v 0.9822163 -0.6697017 4.2536981
v 0.9705800 -0.6888223 4.3201830
v 0.9286074 -0.7169425 4.3688533
v 0.8675449 -0.7465274 4.3866679
v 0.8037544 -0.7696498 4.3688533
v 0.7543283 -0.7801142 4.3201830
v 0.7325103 -0.7751165 4.2536981
v 0.7105555 -0.8213933 4.2469854
v 0.7254738 -0.7968797 4.1617483
v 0.7792849 -0.7608283 4.0993505
v 0.8575700 -0.7228989 4.0765112
v 0.9393528 -0.6932547 4.0993505
v 1.0027196 -0.6798389 4.1617483
v 1.0306914 -0.6862461 4.2469854
v 1.0157731 -0.7107597 4.3322225
v 0.9619620 -0.7468112 4.3946204
v 0.8836769 -0.7847406 4.4174596
v 0.8018941 -0.8143848 4.3946204
v 0.7385273 -0.8278006 4.3322225
v 0.7105555 -0.8213933 4.2469854
v 0.7105555 -0.8213933 4.2469854
v 0.7254738 -0.7968797 4.1617483
v 0.7792849 -0.7608283 4.0993505
v 0.8575700 -0.7228989 4.0765112
v 0.9393528 -0.6932547 4.0993505
v 1.0027196 -0.6798389 4.1617483
v 1.0306914 -0.6862461 4.2469854
v 1.0157731 -0.7107597 4.3322225
v 0.9619620 -0.7468112 4.3946204
v 0.8836769 -0.7847406 4.4174596
v 0.8018941 -0.8143848 4.3946204
v 0.7385273 -0.8278006 4.3322225
v 0.7105555 -0.8213933 4.2469854
v 0.7727073 -0.7988564 4.2463141
v 0.7819567 -0.7836580 4.1934672
v 0.8153196 -0.7613061 4.1547805
v 0.8638563 -0.7377899 4.1406202
v 0.9145617 -0.7194105 4.1547805
v 0.9538491 -0.7110926 4.1934672
v 0.9711916 -0.7150652 4.2463141
v 0.9619422 -0.7302636 4.2991611
v 0.9285794 -0.7526155 4.3378478
v 0.8800426 -0.7761317 4.3520081
v 0.8293372 -0.7945111 4.3378478
v 0.7900498 -0.8028289 4.2991611
v 0.7727073 -0.7988564 4.2463141
v 0.8029402 -0.7453841 4.2536981
v 0.8080124 -0.7370495 4.2247175
v 0.8263082 -0.7247920 4.2035022
v 0.8529251 -0.7118960 4.1957368
v 0.8807313 -0.7018170 4.2035022
v 0.9022760 -0.6972556 4.2247175
v 0.9117864 -0.6994341 4.2536981
v 0.9067141 -0.7077687 4.2826787
v 0.8884184 -0.7200262 4.3038939
v 0.8618014 -0.7329222 4.3116593
v 0.8339953 -0.7430012 4.3038939
v 0.8124506 -0.7475626 4.2826787
v 0.8029402 -0.7453841 4.2536981
v 0.8520592 -0.7098449 4.2563831
v 0.9321404 -0.7704379 4.9761401
v 0.9376355 -0.7602449 4.9433618
v 0.9582645 -0.7458513 4.9193664
v 0.9884999 -0.7311139 4.9105835
v 1.0202401 -0.7199815 4.9193664
v 1.0449804 -0.7154372 4.9433618
v 1.0560916 -0.7186984 4.9761401
v 1.0505965 -0.7288914 5.0089183
v 1.0299674 -0.7432850 5.0329137
v 0.9997320 -0.7580224 5.0416966
v 0.9679918 -0.7691547 5.0329137
v 0.9432516 -0.7736991 5.0089183
v 0.9321404 -0.7704379 4.9761401
v 0.8886386 -0.8156587 4.9705860
v 0.8988438 -0.7967288 4.9097121
v 0.9371548 -0.7699978 4.8651493
v 0.9933063 -0.7426284 4.8488382
v 1.0522524 -0.7219540 4.8651493
v 1.0981986 -0.7135144 4.9097121
v 1.1188336 -0.7195710 4.9705860
v 1.1086284 -0.7385009 5.0314600
v 1.0703174 -0.7652319 5.0760228
v 1.0141659 -0.7926013 5.0923339
v 0.9552198 -0.8132757 5.0760228
v 0.9092736 -0.8217153 5.0314600
v 0.8886386 -0.8156587 4.9705860
v 0.8682003 -0.8580179 4.9636435
v 0.8812839 -0.8337488 4.8856000
v 0.9304007 -0.7994783 4.8284682
v 1.0023897 -0.7643893 4.8075565
v 1.0779616 -0.7378837 4.8284682
v 1.1368670 -0.7270637 4.8856000
v 1.1633222 -0.7348286 4.9636435
v 1.1502386 -0.7590977 5.0416870
v 1.1011218 -0.7933681 5.0988188
v 1.0291328 -0.8284572 5.1197305
v 0.9535609 -0.8549628 5.0988188
v 0.8946555 -0.8657827 5.0416870
v 0.8682003 -0.8580179 4.9636435
v 0.8682003 -0.8580179 4.9636435
v 0.8812839 -0.8337488 4.8856000
v 0.9304007 -0.7994783 4.8284682
v 1.0023897 -0.7643893 4.8075565
v 1.0779616 -0.7378837 4.8284682
v 1.1368670 -0.7270637 4.8856000
v 1.1633222 -0.7348286 4.9636435
v 1.1502386 -0.7590977 5.0416870
v 1.1011218 -0.7933681 5.0988188
v 1.0291328 -0.8284572 5.1197305
v 0.9535609 -0.8549628 5.0988188
v 0.8946555 -0.8657827 5.0416870
v 0.8682003 -0.8580179 4.9636435
v 0.9254760 -0.8374927 4.9629492
v 0.9335878 -0.8224459 4.9145623
v 0.9640402 -0.8011982 4.8791405
v 1.0086734 -0.7794430 4.8661753
v 1.0555280 -0.7630095 4.8791405
v 1.0920493 -0.7563012 4.9145623
v 1.1084515 -0.7611154 4.9629492
v 1.1003397 -0.7761622 5.0113362
v 1.0698873 -0.7974099 5.0467579
v 1.0252541 -0.8191651 5.0597232
v 0.9783995 -0.8355986 5.0467579
v 0.9418782 -0.8423069 5.0113362
v 0.9254760 -0.8374927 4.9629492
v 0.9535654 -0.7885570 4.9705860
v 0.9580138 -0.7803055 4.9440512
v 0.9747135 -0.7686536 4.9246264
v 0.9991898 -0.7567233 4.9175164
v 1.0248842 -0.7477114 4.9246264
v 1.0449121 -0.7440326 4.9440512
v 1.0539068 -0.7466727 4.9705860
v 1.0494584 -0.7549242 4.9971208
v 1.0327587 -0.7665761 5.0165457
v 1.0082824 -0.7785064 5.0236556
v 0.9825880 -0.7875183 5.0165457
v 0.9625601 -0.7911971 4.9971208
v 0.9535654 -0.7885570 4.9705860
v 0.9989260 -0.7560915 4.9733631
v 1.0805618 -0.8341350 5.6912201
v 1.0853494 -0.8242694 5.6615039
v 1.1040028 -0.8107737 5.6397501
v 1.1315237 -0.7972642 5.6317877
v 1.1605379 -0.7873607 5.6397501
v 1.1832712 -0.7837168 5.6615039
v 1.1936321 -0.7873090 5.6912201
v 1.1888445 -0.7971747 5.7209363
v 1.1701912 -0.8106703 5.7426901
v 1.1426703 -0.8241798 5.7506526
v 1.1136560 -0.8340833 5.7426901
v 1.0909228 -0.8377272 5.7209363
v 1.0805618 -0.8341350 5.6912201
v 1.0407660 -0.8751214 5.6856711
v 1.0496573 -0.8567995 5.6304838
v 1.0842992 -0.8317361 5.5900839
v 1.1354094 -0.8066470 5.5752965
v 1.1892930 -0.7882548 5.5900839
v 1.2315119 -0.7814877 5.6304838
v 1.2507537 -0.7881588 5.6856711
v 1.2418624 -0.8064807 5.7408584
v 1.2072205 -0.8315441 5.7812583
v 1.1561103 -0.8566332 5.7960456
v 1.1022266 -0.8750254 5.7812583
v 1.0600077 -0.8817926 5.7408584
v 1.0407660 -0.8751214 5.6856711
v 1.0219809 -0.9135330 5.6787348
v 1.0333800 -0.8900434 5.6079819
v 1.0777927 -0.8579108 5.5561871
v 1.1433186 -0.8257453 5.5372289
v 1.2124002 -0.8021656 5.5561871
v 1.2665270 -0.7934897 5.6079819
v 1.2911959 -0.8020425 5.6787348
v 1.2797968 -0.8255321 5.7494877
v 1.2353841 -0.8576646 5.8012824
v 1.1698582 -0.8898301 5.8202406
v 1.1007766 -0.9134099 5.8012824
v 1.0466498 -0.9220858 5.7494877
v 1.0219809 -0.9135330 5.6787348
v 1.0219809 -0.9135330 5.6787348
v 1.0333800 -0.8900434 5.6079819
v 1.0777927 -0.8579108 5.5561871
v 1.1433186 -0.8257453 5.5372289
v 1.2124002 -0.8021656 5.5561871
v 1.2665270 -0.7934897 5.6079819
v 1.2911959 -0.8020425 5.6787348
v 1.2797968 -0.8255321 5.7494877
v 1.2353841 -0.8576646 5.8012824
v 1.1698582 -0.8898301 5.8202406
v 1.1007766 -0.9134099 5.8012824
v 1.0466498 -0.9220858 5.7494877
v 1.0219809 -0.9135330 5.6787348
v 1.0742146 -0.8949646 5.6780412
v 1.0812820 -0.8804010 5.6341743
v 1.1088179 -0.8604788 5.6020616
v 1.1494440 -0.8405362 5.5903075
v 1.1922745 -0.8259168 5.6020616
v 1.2258332 -0.8205377 5.6341743
v 1.2411279 -0.8258404 5.6780412
v 1.2340604 -0.8404040 5.7219080
v 1.2065246 -0.8603262 5.7540207
v 1.1658985 -0.8802688 5.7657748
v 1.1230680 -0.8948882 5.7540207
v 1.0895093 -0.9002673 5.7219080
v 1.0742146 -0.8949646 5.6780412
v 1.0999933 -0.8505935 5.6856711
v 1.1038690 -0.8426070 5.6616151
v 1.1189693 -0.8316820 5.6440049
v 1.1412481 -0.8207457 5.6375591
v 1.1647358 -0.8127286 5.6440049
v 1.1831389 -0.8097788 5.6616151
v 1.1915264 -0.8126867 5.6856711
v 1.1876507 -0.8206732 5.7097271
v 1.1725504 -0.8315983 5.7273373
v 1.1502715 -0.8425345 5.7337831
v 1.1267838 -0.8505517 5.7273373
v 1.1083807 -0.8535014 5.7097271
v 1.0999933 -0.8505935 5.6856711
v 1.1414284 -0.8211811 5.6884456
v 1.2156849 -0.9172133 6.4012119
v 1.2198063 -0.9078769 6.3746087
v 1.2364548 -0.8954092 6.3551337
v 1.2611693 -0.8831509 6.3480054
v 1.2873277 -0.8743865 6.3551337
v 1.3079208 -0.8714646 6.3746087
v 1.3174308 -0.8751680 6.4012119
v 1.3133093 -0.8845044 6.4278152
v 1.2966609 -0.8969721 6.4472901
v 1.2719464 -0.9092304 6.4544184
v 1.2457880 -0.9179947 6.4472901
v 1.2251949 -0.9209167 6.4278152
v 1.2156849 -0.9172133 6.4012119
v 1.1798206 -0.9539654 6.3958370
v 1.1874747 -0.9366264 6.3464309
v 1.2183932 -0.9134721 6.3102632
v 1.2642916 -0.8907066 6.2970249
v 1.3128715 -0.8744300 6.3102632
v 1.3511159 -0.8690036 6.3464309
v 1.3687772 -0.8758813 6.3958370
v 1.3611231 -0.8932203 6.4452430
v 1.3302046 -0.9163746 6.4814108
v 1.2843062 -0.9391401 6.4946491
v 1.2357263 -0.9554167 6.4814108
v 1.1974820 -0.9608431 6.4452430
v 1.1798206 -0.9539654 6.3958370
v 1.1628492 -0.9883931 6.3891182
v 1.1726621 -0.9661636 6.3257772
v 1.2123013 -0.9364786 6.2794083
v 1.2711454 -0.9072921 6.2624361
v 1.3334273 -0.8864247 6.2794083
v 1.3824585 -0.8794677 6.3257772
v 1.4051013 -0.8882853 6.3891182
v 1.3952884 -0.9105148 6.4524593
v 1.3556492 -0.9401999 6.4988282
v 1.2968051 -0.9693863 6.5158004
v 1.2345232 -0.9902538 6.4988282
v 1.1854920 -0.9972107 6.4524593
v 1.1628492 -0.9883931 6.3891182
v 1.1628492 -0.9883931 6.3891182
v 1.1726621 -0.9661636 6.3257772
v 1.2123013 -0.9364786 6.2794083
v 1.2711454 -0.9072921 6.2624361
v 1.3334273 -0.8864247 6.2794083
v 1.3824585 -0.8794677 6.3257772
v 1.4051013 -0.8882853 6.3891182
v 1.3952884 -0.9105148 6.4524593
v 1.3556492 -0.9401999 6.4988282
v 1.2968051 -0.9693863 6.5158004
v 1.2345232 -0.9902538 6.4988282
v 1.1854920 -0.9972107 6.4524593
v 1.1628492 -0.9883931 6.3891182
v 1.2098448 -0.9717142 6.3884464
v 1.2159287 -0.9579319 6.3491749
v 1.2405050 -0.9395272 6.3204262
v 1.2769884 -0.9214316 6.3099034
v 1.3156031 -0.9084938 6.3204262
v 1.3460025 -0.9041805 6.3491749
v 1.3600410 -0.9096474 6.3884464
v 1.3539570 -0.9234297 6.4277179
v 1.3293807 -0.9418344 6.4564666
v 1.2928974 -0.9599300 6.4669893
v 1.2542826 -0.9728678 6.4564666
v 1.2238832 -0.9771812 6.4277179
v 1.2098448 -0.9717142 6.3884464
v 1.2331161 -0.9319417 6.3958370
v 1.2364524 -0.9243836 6.3743010
v 1.2499297 -0.9142907 6.3585356
v 1.2699368 -0.9043673 6.3527650
v 1.2911126 -0.8972724 6.3585356
v 1.3077832 -0.8949070 6.3743010
v 1.3154817 -0.8979050 6.3958370
v 1.3121454 -0.9054630 6.4173729
v 1.2986681 -0.9155560 6.4331384
v 1.2786611 -0.9254794 6.4389089
v 1.2574852 -0.9325743 6.4331384
v 1.2408146 -0.9349397 6.4173729
v 1.2331161 -0.9319417 6.3958370
v 1.2704284 -0.9055570 6.3985244
v 1.3291023 -1.0192265 7.1035840
v 1.3325831 -1.0106060 7.0801562
v 1.3471784 -0.9992864 7.0630058
v 1.3689776 -0.9883008 7.0567283
v 1.3921394 -0.9805928 7.0630058
v 1.4104578 -0.9782278 7.0801562
v 1.4190243 -0.9818393 7.1035840
v 1.4155436 -0.9904599 7.1270118
v 1.4009483 -1.0017794 7.1441622
v 1.3791491 -1.0127650 7.1504396
v 1.3559873 -1.0204730 7.1441622
v 1.3376689 -1.0228381 7.1270118
v 1.3291023 -1.0192265 7.1035840
v 1.2974171 -1.0517315 7.0985374
v 1.3038813 -1.0357219 7.0550286
v 1.3309870 -1.0146999 7.0231779
v 1.3714711 -0.9942981 7.0115198
v 1.4144860 -0.9799832 7.0231779
v 1.4485058 -0.9755910 7.0550286
v 1.4644151 -0.9822982 7.0985374
v 1.4579508 -0.9983078 7.1420462
v 1.4308452 -1.0193298 7.1738969
v 1.3903611 -1.0397316 7.1855550
v 1.3473462 -1.0540464 7.1738969
v 1.3133263 -1.0584387 7.1420462
v 1.2974171 -1.0517315 7.0985374
v 1.2824320 -1.0821257 7.0922292
v 1.2907195 -1.0616007 7.0364487
v 1.3254703 -1.0346493 6.9956145
v 1.3773730 -1.0084932 6.9806682
v 1.4325203 -0.9901409 6.9956145
v 1.4761355 -0.9845098 7.0364487
v 1.4965320 -0.9931088 7.0922292
v 1.4882445 -1.0136338 7.1480097
v 1.4534937 -1.0405852 7.1888439
v 1.4015910 -1.0667413 7.2037903
v 1.3464437 -1.0850937 7.1888439
v 1.3028285 -1.0907248 7.1480097
v 1.2824320 -1.0821257 7.0922292
v 1.2824320 -1.0821257 7.0922292
v 1.2907195 -1.0616007 7.0364487
v 1.3254703 -1.0346493 6.9956145
v 1.3773730 -1.0084932 6.9806682
v 1.4325203 -0.9901409 6.9956145
v 1.4761355 -0.9845098 7.0364487
v 1.4965320 -0.9931088 7.0922292
v 1.4882445 -1.0136338 7.1480097
v 1.4534937 -1.0405852 7.1888439
v 1.4015910 -1.0667413 7.2037903
v 1.3464437 -1.0850937 7.1888439
v 1.3028285 -1.0907248 7.1480097
v 1.2824320 -1.0821257 7.0922292
v 1.3239676 -1.0672728 7.0915984
v 1.3291058 -1.0545472 7.0570145
v 1.3506514 -1.0378374 7.0316973
v 1.3828310 -1.0216206 7.0224305
v 1.4170224 -1.0102421 7.0316973
v 1.4440638 -1.0067509 7.0570145
v 1.4567096 -1.0120822 7.0915984
v 1.4515714 -1.0248078 7.1261823
v 1.4300258 -1.0415176 7.1514995
v 1.3978462 -1.0577344 7.1607662
v 1.3636548 -1.0691129 7.1514995
v 1.3366134 -1.0726042 7.1261823
v 1.3239676 -1.0672728 7.0915984
v 1.3445191 -1.0321477 7.0985374
v 1.3473368 -1.0251692 7.0795720
v 1.3591521 -1.0160057 7.0656884
v 1.3767990 -1.0071127 7.0606067
v 1.3955491 -1.0008729 7.0656884
v 1.4103783 -0.9989583 7.0795720
v 1.4173131 -1.0018820 7.0985374
v 1.4144953 -1.0088605 7.1175028
v 1.4026801 -1.0180239 7.1313864
v 1.3850331 -1.0269170 7.1364682
v 1.3662831 -1.0331568 7.1313864
v 1.3514539 -1.0350714 7.1175028
v 1.3445191 -1.0321477 7.0985374
v 1.3774897 -1.0087739 7.1010607
v 1.4120583 -1.1402281 7.7958405
v 1.4149154 -1.1325093 7.7756696
v 1.4273928 -1.1224653 7.7609035
v 1.4461474 -1.1127874 7.7554988
v 1.4661537 -1.1060689 7.7609035
v 1.4820513 -1.1041098 7.7756696
v 1.4895802 -1.1074353 7.7958405
v 1.4867231 -1.1151541 7.8160113
v 1.4742457 -1.1251981 7.8307774
v 1.4554911 -1.1348760 7.8361821
v 1.4354848 -1.1415945 7.8307774
v 1.4195872 -1.1435536 7.8160113
v 1.4120583 -1.1402281 7.7958405
v 1.3848220 -1.1684362 7.7912722
v 1.3901279 -1.1541012 7.7538120
v 1.4133004 -1.1354481 7.7263893
v 1.4481302 -1.1174749 7.7163519
v 1.4852849 -1.1049976 7.7263893
v 1.5148089 -1.1013594 7.7538120
v 1.5287912 -1.1075351 7.7912722
v 1.5234852 -1.1218701 7.8287323
v 1.5003128 -1.1405233 7.8561550
v 1.4654829 -1.1584964 7.8661924
v 1.4283282 -1.1709738 7.8561550
v 1.3988043 -1.1746120 7.8287323
v 1.3848220 -1.1684362 7.7912722
v 1.3720028 -1.1947173 7.7855618
v 1.3788053 -1.1763391 7.7375360
v 1.4085135 -1.1524248 7.7023787
v 1.4531672 -1.1293823 7.6895102
v 1.5008015 -1.1133857 7.7023787
v 1.5386527 -1.1087213 7.7375360
v 1.5565787 -1.1166390 7.7855618
v 1.5497762 -1.1350172 7.8335876
v 1.5200680 -1.1589314 7.8687449
v 1.4754143 -1.1819740 7.8816134
v 1.4277801 -1.1979706 7.8687449
v 1.3899288 -1.2026350 7.8335876
v 1.3720028 -1.1947173 7.7855618
v 1.3720028 -1.1947173 7.7855618
v 1.3788053 -1.1763391 7.7375360
v 1.4085135 -1.1524248 7.7023787
v 1.4531672 -1.1293823 7.6895102
v 1.5008015 -1.1133857 7.7023787
v 1.5386527 -1.1087213 7.7375360
v 1.5565787 -1.1166390 7.7855618
v 1.5497762 -1.1350172 7.8335876
v 1.5200680 -1.1589314 7.8687449
v 1.4754143 -1.1819740 7.8816134
v 1.4277801 -1.1979706 7.8687449
v 1.3899288 -1.2026350 7.8335876
v 1.3720028 -1.1947173 7.7855618
v 1.4078207 -1.1816517 7.7849908
v 1.4120382 -1.1702572 7.7552148
v 1.4304573 -1.1554303 7.7334172
v 1.4581426 -1.1411440 7.7254388
v 1.4876758 -1.1312261 7.7334172
v 1.5111436 -1.1283342 7.7552148
v 1.5222577 -1.1332431 7.7849908
v 1.5180402 -1.1446376 7.8147668
v 1.4996211 -1.1594644 7.8365643
v 1.4719358 -1.1737508 7.8445428
v 1.4424025 -1.1836687 7.8365643
v 1.4189348 -1.1865606 7.8147668
v 1.4078207 -1.1816517 7.7849908
v 1.4254287 -1.1512590 7.7912722
v 1.4277415 -1.1450104 7.7749434
v 1.4378423 -1.1368796 7.7629899
v 1.4530246 -1.1290451 7.7586146
v 1.4692202 -1.1236062 7.7629899
v 1.4820896 -1.1220204 7.7749434
v 1.4881845 -1.1247124 7.7912722
v 1.4858716 -1.1309609 7.8076009
v 1.4757708 -1.1390918 7.8195544
v 1.4605886 -1.1469263 7.8239297
v 1.4443929 -1.1523651 7.8195544
v 1.4315235 -1.1539510 7.8076009
v 1.4254287 -1.1512590 7.7912722
v 1.4538129 -1.1309087 7.7935563
v 1.4555105 -1.2801501 8.4756240
v 1.4577601 -1.2735284 8.4588214
v 1.4680413 -1.2649126 8.4465210
v 1.4835994 -1.2566112 8.4420188
v 1.5002655 -1.2508486 8.4465210
v 1.5135739 -1.2491689 8.4588214
v 1.5199587 -1.2520222 8.4756240
v 1.5177092 -1.2586439 8.4924267
v 1.5074279 -1.2672597 8.5047270
v 1.4918699 -1.2755611 8.5092293
v 1.4752038 -1.2813236 8.5047270
v 1.4618954 -1.2830033 8.4924267
v 1.4555105 -1.2801501 8.4756240
v 1.4330107 -1.3039381 8.4716857
v 1.4371885 -1.2916407 8.4404809
v 1.4562822 -1.2756399 8.4176373
v 1.4851757 -1.2602230 8.4092760
v 1.5161270 -1.2495211 8.4176373
v 1.5408427 -1.2464017 8.4404809
v 1.5527003 -1.2517006 8.4716857
v 1.5485225 -1.2639980 8.5028906
v 1.5294287 -1.2799988 8.5257342
v 1.5005352 -1.2954156 8.5340955
v 1.4695840 -1.3061175 8.5257342
v 1.4448683 -1.3092370 8.5028906
v 1.4330107 -1.3039381 8.4716857
v 1.4225325 -1.3259714 8.4667629
v 1.4278886 -1.3102055 8.4267566
v 1.4523678 -1.2896916 8.3974700
v 1.4894107 -1.2699265 8.3867504
v 1.5290919 -1.2562061 8.3974700
v 1.5607786 -1.2522068 8.4267566
v 1.5759806 -1.2590003 8.4667629
v 1.5706245 -1.2747662 8.5067691
v 1.5461453 -1.2952800 8.5360557
v 1.5091024 -1.3150452 8.5467754
v 1.4694213 -1.3287656 8.5360557
v 1.4377345 -1.3327649 8.5067691
v 1.4225325 -1.3259714 8.4667629
v 1.4225325 -1.3259714 8.4667629
v 1.4278886 -1.3102055 8.4267566
v 1.4523678 -1.2896916 8.3974700
v 1.4894107 -1.2699265 8.3867504
v 1.5290919 -1.2562061 8.3974700
v 1.5607786 -1.2522068 8.4267566
v 1.5759806 -1.2590003 8.4667629
v 1.5706245 -1.2747662 8.5067691
v 1.5461453 -1.2952800 8.5360557
v 1.5091024 -1.3150452 8.5467754
v 1.4694213 -1.3287656 8.5360557
v 1.4377345 -1.3327649 8.5067691
v 1.4225325 -1.3259714 8.4667629
v 1.4523277 -1.3147135 8.4662706
v 1.4556485 -1.3049387 8.4414667
v 1.4708256 -1.2922201 8.4233090
v 1.4937922 -1.2799657 8.4166628
v 1.5183945 -1.2714590 8.4233090
v 1.5380404 -1.2689795 8.4414667
v 1.5474656 -1.2731914 8.4662706
v 1.5441448 -1.2829663 8.4910745
v 1.5289677 -1.2956849 8.5092322
v 1.5060011 -1.3079393 8.5158783
v 1.4813988 -1.3164459 8.5092322
v 1.4617530 -1.3189255 8.4910745
v 1.4523277 -1.3147135 8.4662706
v 1.4667693 -1.2892044 8.4716857
v 1.4685904 -1.2838440 8.4580836
v 1.4769133 -1.2768693 8.4481262
v 1.4895079 -1.2701491 8.4444815
v 1.5029995 -1.2654842 8.4481262
v 1.5137730 -1.2641245 8.4580836
v 1.5189417 -1.2664342 8.4716857
v 1.5171206 -1.2717946 8.4852879
v 1.5087977 -1.2787694 8.4952453
v 1.4962031 -1.2854895 8.4988900
v 1.4827115 -1.2901544 8.4952453
v 1.4719380 -1.2915142 8.4852879
v 1.4667693 -1.2892044 8.4716857
v 1.4902951 -1.2719527 8.4736549
v 1.4478337 -1.4392763 9.1399691
v 1.4494984 -1.4339703 9.1267084
v 1.4574853 -1.4269887 9.1170009
v 1.4696544 -1.4202021 9.1134477
v 1.4827450 -1.4154290 9.1170009
v 1.4932494 -1.4139484 9.1267084
v 1.4983530 -1.4161569 9.1399691
v 1.4966883 -1.4214629 9.1532298
v 1.4887014 -1.4284446 9.1629373
v 1.4765323 -1.4352312 9.1664904
v 1.4634417 -1.4400043 9.1629373
v 1.4529373 -1.4414849 9.1532298
v 1.4478337 -1.4392763 9.1399691
v 1.4303868 -1.4583717 9.1368209
v 1.4334784 -1.4485177 9.1121939
v 1.4483113 -1.4355518 9.0941657
v 1.4709111 -1.4229481 9.0875669
v 1.4952221 -1.4140838 9.0941657
v 1.5147303 -1.4113341 9.1121939
v 1.5242085 -1.4154357 9.1368209
v 1.5211169 -1.4252896 9.1614479
v 1.5062840 -1.4382556 9.1794761
v 1.4836842 -1.4508593 9.1860748
v 1.4593732 -1.4597236 9.1794761
v 1.4398650 -1.4624733 9.1614479
v 1.4303868 -1.4583717 9.1368209
v 1.4224110 -1.4759106 9.1328856
v 1.4263745 -1.4632773 9.1013125
v 1.4453911 -1.4466543 9.0781995
v 1.4743652 -1.4304957 9.0697395
v 1.5055332 -1.4191312 9.0781995
v 1.5305437 -1.4156059 9.1013125
v 1.5426951 -1.4208644 9.1328856
v 1.5387316 -1.4334977 9.1644587
v 1.5197150 -1.4501207 9.1875718
v 1.4907409 -1.4662793 9.1960317
v 1.4595729 -1.4776438 9.1875718
v 1.4345624 -1.4811691 9.1644587
v 1.4224110 -1.4759106 9.1328856
v 1.4224110 -1.4759106 9.1328856
v 1.4263745 -1.4632773 9.1013125
v 1.4453911 -1.4466543 9.0781995
v 1.4743652 -1.4304957 9.0697395
v 1.5055332 -1.4191312 9.0781995
v 1.5305437 -1.4156059 9.1013125
v 1.5426951 -1.4208644 9.1328856
v 1.5387316 -1.4334977 9.1644587
v 1.5197150 -1.4501207 9.1875718
v 1.4907409 -1.4662793 9.1960317
v 1.4595729 -1.4776438 9.1875718
v 1.4345624 -1.4811691 9.1644587
v 1.4224110 -1.4759106 9.1328856
v 1.4457905 -1.4666002 9.1324921
v 1.4482479 -1.4587676 9.1129168
v 1.4600382 -1.4484613 9.0985867
v 1.4780021 -1.4384430 9.0933415
v 1.4973263 -1.4313970 9.0985867
v 1.5128328 -1.4292113 9.1129168
v 1.5203667 -1.4324716 9.1324921
v 1.5179093 -1.4403042 9.1520674
v 1.5061190 -1.4506105 9.1663975
v 1.4881551 -1.4606288 9.1716427
v 1.4688309 -1.4676748 9.1663975
v 1.4533244 -1.4698605 9.1520674
v 1.4457905 -1.4666002 9.1324921
v 1.4568493 -1.4462615 9.1368209
v 1.4581970 -1.4419662 9.1260860
v 1.4646626 -1.4363144 9.1182276
v 1.4745138 -1.4308205 9.1153512
v 1.4851109 -1.4269566 9.1182276
v 1.4936145 -1.4257579 9.1260860
v 1.4977460 -1.4275458 9.1368209
v 1.4963983 -1.4318411 9.1475557
v 1.4899327 -1.4374930 9.1554142
v 1.4800815 -1.4429869 9.1582905
v 1.4694844 -1.4468508 9.1554142
v 1.4609808 -1.4480494 9.1475557
v 1.4568493 -1.4462615 9.1368209
v 1.4751955 -1.4323102 9.1383950
v 1.3795553 -1.6158772 9.7868583
v 1.3806667 -1.6121256 9.7774283
v 1.3862310 -1.6070642 9.7705251
v 1.3947575 -1.6020493 9.7679984
v 1.4039613 -1.5984246 9.7705251
v 1.4113765 -1.5971613 9.7774283
v 1.4150159 -1.5985980 9.7868583
v 1.4139046 -1.6023496 9.7962883
v 1.4083402 -1.6074110 9.8031915
v 1.3998138 -1.6124259 9.8057182
v 1.3906099 -1.6160506 9.8031915
v 1.3831948 -1.6173139 9.7962883
v 1.3795553 -1.6158772 9.7868583
v 1.3675051 -1.6297413 9.7846597
v 1.3695690 -1.6227740 9.7671469
v 1.3799029 -1.6133743 9.7543266
v 1.3957377 -1.6040610 9.7496341
v 1.4128306 -1.5973294 9.7543266
v 1.4266015 -1.5949833 9.7671469
v 1.4333605 -1.5976514 9.7846597
v 1.4312966 -1.6046187 9.8021724
v 1.4209628 -1.6140184 9.8149927
v 1.4051280 -1.6233317 9.8196852
v 1.3880351 -1.6300633 9.8149927
v 1.3742642 -1.6324094 9.8021724
v 1.3675051 -1.6297413 9.7846597
v 1.3621518 -1.6423402 9.7819113
v 1.3647979 -1.6334078 9.7594590
v 1.3780464 -1.6213569 9.7430228
v 1.3983475 -1.6094167 9.7370068
v 1.4202614 -1.6007865 9.7430228
v 1.4379164 -1.5977787 9.7594590
v 1.4465819 -1.6011993 9.7819113
v 1.4439358 -1.6101318 9.8043636
v 1.4306873 -1.6221826 9.8207998
v 1.4103862 -1.6341229 9.8268159
v 1.3884723 -1.6427531 9.8207998
v 1.3708173 -1.6457609 9.8043636
v 1.3621518 -1.6423402 9.7819113
v 1.3621518 -1.6423402 9.7819113
v 1.3647979 -1.6334078 9.7594590
v 1.3780464 -1.6213569 9.7430228
v 1.3983475 -1.6094167 9.7370068
v 1.4202614 -1.6007865 9.7430228
v 1.4379164 -1.5977787 9.7594590
v 1.4465819 -1.6011993 9.7819113
v 1.4439358 -1.6101318 9.8043636
v 1.4306873 -1.6221826 9.8207998
v 1.4103862 -1.6341229 9.8268159
v 1.3884723 -1.6427531 9.8207998
v 1.3708173 -1.6457609 9.8043636
v 1.3621518 -1.6423402 9.7819113
v 1.3785869 -1.6353308 9.7816365
v 1.3802275 -1.6297927 9.7677161
v 1.3884416 -1.6223212 9.7575256
v 1.4010282 -1.6149182 9.7537957
v 1.4146149 -1.6095675 9.7575256
v 1.4255610 -1.6077027 9.7677161
v 1.4309336 -1.6098234 9.7816365
v 1.4292930 -1.6153616 9.7955569
v 1.4210789 -1.6228331 9.8057474
v 1.4084923 -1.6302360 9.8094773
v 1.3949056 -1.6355868 9.8057474
v 1.3839595 -1.6374516 9.7955569
v 1.3785869 -1.6353308 9.7816365
v 1.3860797 -1.6206903 9.7846597
v 1.3869794 -1.6176533 9.7770259
v 1.3914839 -1.6135560 9.7714376
v 1.3983862 -1.6094963 9.7693921
v 1.4058370 -1.6065620 9.7714376
v 1.4118397 -1.6055394 9.7770259
v 1.4147859 -1.6067024 9.7846597
v 1.4138863 -1.6097394 9.7922934
v 1.4093818 -1.6138367 9.7978817
v 1.4024794 -1.6178964 9.7999272
v 1.3950287 -1.6208307 9.7978817
v 1.3890260 -1.6218533 9.7922934
v 1.3860797 -1.6206903 9.7846597
v 1.3988592 -1.6104670 9.7857590

vt 0.0020000 0.0020000
vt 0.0393000 0.0020000
vt 0.0766000 0.0020000
vt 0.1139000 0.0020000
vt 0.1512000 0.0020000
vt 0.1885000 0.0020000
vt 0.2258000 0.0020000
vt 0.2631000 0.0020000
vt 0.3004000 0.0020000
vt 0.3377000 0.0020000
vt 0.3750000 0.0020000
vt 0.4123000 0.0020000
vt 0.4496000 0.0020000
vt 0.4869000 0.0020000
vt 0.5242000 0.0020000
vt 0.5615000 0.0020000
vt 0.5988000 0.0020000
vt 0.6361000 0.0020000
vt 0.6734000 0.0020000
vt 0.7107000 0.0020000
vt 0.7480000 0.0020000
vt 0.0020000 0.0296667
vt 0.0393000 0.0296667
vt 0.0766000 0.0296667
vt 0.1139000 0.0296667
vt 0.1512000 0.0296667
vt 0.1885000 0.0296667
vt 0.2258000 0.0296667
vt 0.2631000 0.0296667
vt 0.3004000 0.0296667
vt 0.3377000 0.0296667
vt 0.3750000 0.0296667
vt 0.4123000 0.0296667
vt 0.4496000 0.0296667
vt 0.4869000 0.0296667
vt 0.5242000 0.0296667
vt 0.5615000 0.0296667
vt 0.5988000 0.0296667
vt 0.6361000 0.0296667
vt 0.6734000 0.0296667
vt 0.7107000 0.0296667
vt 0.7480000 0.0296667
vt 0.0020000 0.0573333
vt 0.0393000 0.0573333
vt 0.0766000 0.0573333
vt 0.1139000 0.0573333
vt 0.1512000 0.0573333
vt 0.1885000 0.0573333
vt 0.2258000 0.0573333
vt 0.2631000 0.0573333
vt 0.3004000 0.0573333
vt 0.3377000 0.0573333
vt 0.3750000 0.0573333
vt 0.4123000 0.0573333
vt 0.4496000 0.0573333
vt 0.4869000 0.0573333
vt 0.5242000 0.0573333
vt 0.5615000 0.0573333
vt 0.5988000 0.0573333
vt 0.6361000 0.0573333
vt 0.6734000 0.0573333
vt 0.7107000 0.0573333
vt 0.7480000 0.0573333
vt 0.0020000 0.0850000
vt 0.0393000 0.0850000
vt 0.0766000 0.0850000
vt 0.1139000 0.0850000
vt 0.1512000 0.0850000
vt 0.1885000 0.0850000
vt 0.2258000 0.0850000
vt 0.2631000 0.0850000
vt 0.3004000 0.0850000
vt 0.3377000 0.0850000
vt 0.3750000 0.0850000
vt 0.4123000 0.0850000
vt 0.4496000 0.0850000
vt 0.4869000 0.0850000
vt 0.5242000 0.0850000
vt 0.5615000 0.0850000
vt 0.5988000 0.0850000
vt 0.6361000 0.0850000
vt 0.6734000 0.0850000
vt 0.7107000 0.0850000
vt 0.7480000 0.0850000
vt 0.0020000 0.1126667
vt 0.0393000 0.1126667
vt 0.0766000 0.1126667
vt 0.1139000 0.1126667
vt 0.1512000 0.1126667
vt 0.1885000 0.1126667
vt 0.2258000 0.1126667
vt 0.2631000 0.1126667
vt 0.3004000 0.1126667
vt 0.3377000 0.1126667
vt 0.3750000 0.1126667
vt 0.4123000 0.1126667
vt 0.4496000 0.1126667
vt 0.4869000 0.1126667
vt 0.5242000 0.1126667
vt 0.5615000 0.1126667
vt 0.5988000 0.1126667
vt 0.6361000 0.1126667
vt 0.6734000 0.1126667
vt 0.7107000 0.1126667
vt 0.7480000 0.1126667
vt 0.0020000 0.1403333
vt 0.0393000 0.1403333
vt 0.0766000 0.1403333
vt 0.1139000 0.1403333
vt 0.1512000 0.1403333
vt 0.1885000 0.1403333
vt 0.2258000 0.1403333
vt 0.2631000 0.1403333
vt 0.3004000 0.1403333
vt 0.3377000 0.1403333
vt 0.3750000 0.1403333
vt 0.4123000 0.1403333
vt 0.4496000 0.1403333
vt 0.4869000 0.1403333
vt 0.5242000 0.1403333
vt 0.5615000 0.1403333
vt 0.5988000 0.1403333
vt 0.6361000 0.1403333
vt 0.6734000 0.1403333
vt 0.7107000 0.1403333
vt 0.7480000 0.1403333
vt 0.0020000 0.1680000
vt 0.0393000 0.1680000
vt 0.0766000 0.1680000
vt 0.1139000 0.1680000
vt 0.1512000 0.1680000
vt 0.1885000 0.1680000
vt 0.2258000 0.1680000
vt 0.2631000 0.1680000
vt 0.3004000 0.1680000
vt 0.3377000 0.1680000
vt 0.3750000 0.1680000
vt 0.4123000 0.1680000
vt 0.4496000 0.1680000
vt 0.4869000 0.1680000
vt 0.5242000 0.1680000
vt 0.5615000 0.1680000
vt 0.5988000 0.1680000
vt 0.6361000 0.1680000
vt 0.6734000 0.1680000
vt 0.7107000 0.1680000
vt 0.7480000 0.1680000
vt 0.0020000 0.1956667
vt 0.0393000 0.1956667
vt 0.0766000 0.1956667
vt 0.1139000 0.1956667
vt 0.1512000 0.1956667
vt 0.1885000 0.1956667
vt 0.2258000 0.1956667
vt 0.2631000 0.1956667
vt 0.3004000 0.1956667
vt 0.3377000 0.1956667
vt 0.3750000 0.1956667
vt 0.4123000 0.1956667
vt 0.4496000 0.1956667
vt 0.4869000 0.1956667
vt 0.5242000 0.1956667
vt 0.5615000 0.1956667
vt 0.5988000 0.1956667
vt 0.6361000 0.1956667
vt 0.6734000 0.1956667
vt 0.7107000 0.1956667
vt 0.7480000 0.1956667
vt 0.0020000 0.2233333
vt 0.0393000 0.2233333
vt 0.0766000 0.2233333
vt 0.1139000 0.2233333
vt 0.1512000 0.2233333
vt 0.1885000 0.2233333
vt 0.2258000 0.2233333
vt 0.2631000 0.2233333
vt 0.3004000 0.2233333
vt 0.3377000 0.2233333
vt 0.3750000 0.2233333
vt 0.4123000 0.2233333
vt 0.4496000 0.2233333
vt 0.4869000 0.2233333
vt 0.5242000 0.2233333
vt 0.5615000 0.2233333
vt 0.5988000 0.2233333
vt 0.6361000 0.2233333
vt 0.6734000 0.2233333
vt 0.7107000 0.2233333
vt 0.7480000 0.2233333
vt 0.0020000 0.2510000
vt 0.0393000 0.2510000
vt 0.0766000 0.2510000
vt 0.1139000 0.2510000
vt 0.1512000 0.2510000
vt 0.1885000 0.2510000
vt 0.2258000 0.2510000
vt 0.2631000 0.2510000
vt 0.3004000 0.2510000
vt 0.3377000 0.2510000
vt 0.3750000 0.2510000
vt 0.4123000 0.2510000
vt 0.4496000 0.2510000
vt 0.4869000 0.2510000
vt 0.5242000 0.2510000
vt 0.5615000 0.2510000
vt 0.5988000 0.2510000
vt 0.6361000 0.2510000
vt 0.6734000 0.2510000
vt 0.7107000 0.2510000
vt 0.7480000 0.2510000
vt 0.0020000 0.2786667
vt 0.0393000 0.2786667
vt 0.0766000 0.2786667
vt 0.1139000 0.2786667
vt 0.1512000 0.2786667
vt 0.1885000 0.2786667
vt 0.2258000 0.2786667
vt 0.2631000 0.2786667
vt 0.3004000 0.2786667
vt 0.3377000 0.2786667
vt 0.3750000 0.2786667
vt 0.4123000 0.2786667
vt 0.4496000 0.2786667
vt 0.4869000 0.2786667
vt 0.5242000 0.2786667
vt 0.5615000 0.2786667
vt 0.5988000 0.2786667
vt 0.6361000 0.2786667
vt 0.6734000 0.2786667
vt 0.7107000 0.2786667
vt 0.7480000 0.2786667
vt 0.0020000 0.3063333
vt 0.0393000 0.3063333
vt 0.0766000 0.3063333
vt 0.1139000 0.3063333
vt 0.1512000 0.3063333
vt 0.1885000 0.3063333
vt 0.2258000 0.3063333
vt 0.2631000 0.3063333
vt 0.3004000 0.3063333
vt 0.3377000 0.3063333
vt 0.3750000 0.3063333
vt 0.4123000 0.3063333
vt 0.4496000 0.3063333
vt 0.4869000 0.3063333
vt 0.5242000 0.3063333
vt 0.5615000 0.3063333
vt 0.5988000 0.3063333
vt 0.6361000 0.3063333
vt 0.6734000 0.3063333
vt 0.7107000 0.3063333
vt 0.7480000 0.3063333
vt 0.0020000 0.3340000
vt 0.0393000 0.3340000
vt 0.0766000 0.3340000
vt 0.1139000 0.3340000
vt 0.1512000 0.3340000
vt 0.1885000 0.3340000
vt 0.2258000 0.3340000
vt 0.2631000 0.3340000
vt 0.3004000 0.3340000
vt 0.3377000 0.3340000
vt 0.3750000 0.3340000
vt 0.4123000 0.3340000
vt 0.4496000 0.3340000
vt 0.4869000 0.3340000
vt 0.5242000 0.3340000
vt 0.5615000 0.3340000
vt 0.5988000 0.3340000
vt 0.6361000 0.3340000
vt 0.6734000 0.3340000
vt 0.7107000 0.3340000
vt 0.7480000 0.3340000
vt 0.0020000 0.3616667
vt 0.0393000 0.3616667
vt 0.0766000 0.3616667
vt 0.1139000 0.3616667
vt 0.1512000 0.3616667
vt 0.1885000 0.3616667
vt 0.2258000 0.3616667
vt 0.2631000 0.3616667
vt 0.3004000 0.3616667
vt 0.3377000 0.3616667
vt 0.3750000 0.3616667
vt 0.4123000 0.3616667
vt 0.4496000 0.3616667
vt 0.4869000 0.3616667
vt 0.5242000 0.3616667
vt 0.5615000 0.3616667
vt 0.5988000 0.3616667
vt 0.6361000 0.3616667
vt 0.6734000 0.3616667
vt 0.7107000 0.3616667
vt 0.7480000 0.3616667
vt 0.0020000 0.3893333
vt 0.0393000 0.3893333
vt 0.0766000 0.3893333
vt 0.1139000 0.3893333
vt 0.1512000 0.3893333
vt 0.1885000 0.3893333
vt 0.2258000 0.3893333
vt 0.2631000 0.3893333
vt 0.3004000 0.3893333
vt 0.3377000 0.3893333
vt 0.3750000 0.3893333
vt 0.4123000 0.3893333
vt 0.4496000 0.3893333
vt 0.4869000 0.3893333
vt 0.5242000 0.3893333
vt 0.5615000 0.3893333
vt 0.5988000 0.3893333
vt 0.6361000 0.3893333
vt 0.6734000 0.3893333
vt 0.7107000 0.3893333
vt 0.7480000 0.3893333
vt 0.0020000 0.4170000
vt 0.0393000 0.4170000
vt 0.0766000 0.4170000
vt 0.1139000 0.4170000
vt 0.1512000 0.4170000
vt 0.1885000 0.4170000
vt 0.2258000 0.4170000
vt 0.2631000 0.4170000
vt 0.3004000 0.4170000
vt 0.3377000 0.4170000
vt 0.3750000 0.4170000
vt 0.4123000 0.4170000
vt 0.4496000 0.4170000
vt 0.4869000 0.4170000
vt 0.5242000 0.4170000
vt 0.5615000 0.4170000
vt 0.5988000 0.4170000
vt 0.6361000 0.4170000
vt 0.6734000 0.4170000
vt 0.7107000 0.4170000
vt 0.7480000 0.4170000
vt 0.0020000 0.4446667
vt 0.0393000 0.4446667
vt 0.0766000 0.4446667
vt 0.1139000 0.4446667
vt 0.1512000 0.4446667
vt 0.1885000 0.4446667
vt 0.2258000 0.4446667
vt 0.2631000 0.4446667
vt 0.3004000 0.4446667
vt 0.3377000 0.4446667
vt 0.3750000 0.4446667
vt 0.4123000 0.4446667
vt 0.4496000 0.4446667
vt 0.4869000 0.4446667
vt 0.5242000 0.4446667
vt 0.5615000 0.4446667
vt 0.5988000 0.4446667
vt 0.6361000 0.4446667
vt 0.6734000 0.4446667
vt 0.7107000 0.4446667
vt 0.7480000 0.4446667
vt 0.0020000 0.4723333
vt 0.0393000 0.4723333
vt 0.0766000 0.4723333
vt 0.1139000 0.4723333
vt 0.1512000 0.4723333
vt 0.1885000 0.4723333
vt 0.2258000 0.4723333
vt 0.2631000 0.4723333
vt 0.3004000 0.4723333
vt 0.3377000 0.4723333
vt 0.3750000 0.4723333
vt 0.4123000 0.4723333
vt 0.4496000 0.4723333
vt 0.4869000 0.4723333
vt 0.5242000 0.4723333
vt 0.5615000 0.4723333
vt 0.5988000 0.4723333
vt 0.6361000 0.4723333
vt 0.6734000 0.4723333
vt 0.7107000 0.4723333
vt 0.7480000 0.4723333
vt 0.0020000 0.5000000
vt 0.0393000 0.5000000
vt 0.0766000 0.5000000
vt 0.1139000 0.5000000
vt 0.1512000 0.5000000
vt 0.1885000 0.5000000
vt 0.2258000 0.5000000
vt 0.2631000 0.5000000
vt 0.3004000 0.5000000
vt 0.3377000 0.5000000
vt 0.3750000 0.5000000
vt 0.4123000 0.5000000
vt 0.4496000 0.5000000
vt 0.4869000 0.5000000
vt 0.5242000 0.5000000
vt 0.5615000 0.5000000
vt 0.5988000 0.5000000
vt 0.6361000 0.5000000
vt 0.6734000 0.5000000
vt 0.7107000 0.5000000
vt 0.7480000 0.5000000
vt 0.0020000 0.5276667
vt 0.0393000 0.5276667
vt 0.0766000 0.5276667
vt 0.1139000 0.5276667
vt 0.1512000 0.5276667
vt 0.1885000 0.5276667
vt 0.2258000 0.5276667
vt 0.2631000 0.5276667
vt 0.3004000 0.5276667
vt 0.3377000 0.5276667
vt 0.3750000 0.5276667
vt 0.4123000 0.5276667
vt 0.4496000 0.5276667
vt 0.4869000 0.5276667
vt 0.5242000 0.5276667
vt 0.5615000 0.5276667
vt 0.5988000 0.5276667
vt 0.6361000 0.5276667
vt 0.6734000 0.5276667
vt 0.7107000 0.5276667
vt 0.7480000 0.5276667
vt 0.0020000 0.5553333
vt 0.0393000 0.5553333
vt 0.0766000 0.5553333
vt 0.1139000 0.5553333
vt 0.1512000 0.5553333
vt 0.1885000 0.5553333
vt 0.2258000 0.5553333
vt 0.2631000 0.5553333
vt 0.3004000 0.5553333
vt 0.3377000 0.5553333
vt 0.3750000 0.5553333
vt 0.4123000 0.5553333
vt 0.4496000 0.5553333
vt 0.4869000 0.5553333
vt 0.5242000 0.5553333
vt 0.5615000 0.5553333
vt 0.5988000 0.5553333
vt 0.6361000 0.5553333
vt 0.6734000 0.5553333
vt 0.7107000 0.5553333
vt 0.7480000 0.5553333
vt 0.0020000 0.5830000
vt 0.0393000 0.5830000
vt 0.0766000 0.5830000
vt 0.1139000 0.5830000
vt 0.1512000 0.5830000
vt 0.1885000 0.5830000
vt 0.2258000 0.5830000
vt 0.2631000 0.5830000
vt 0.3004000 0.5830000
vt 0.3377000 0.5830000
vt 0.3750000 0.5830000
vt 0.4123000 0.5830000
vt 0.4496000 0.5830000
vt 0.4869000 0.5830000
vt 0.5242000 0.5830000
vt 0.5615000 0.5830000
vt 0.5988000 0.5830000
vt 0.6361000 0.5830000
vt 0.6734000 0.5830000
vt 0.7107000 0.5830000
vt 0.7480000 0.5830000
vt 0.0020000 0.6106667
vt 0.0393000 0.6106667
vt 0.0766000 0.6106667
vt 0.1139000 0.6106667
vt 0.1512000 0.6106667
vt 0.1885000 0.6106667
vt 0.2258000 0.6106667
vt 0.2631000 0.6106667
vt 0.3004000 0.6106667
vt 0.3377000 0.6106667
vt 0.3750000 0.6106667
vt 0.4123000 0.6106667
vt 0.4496000 0.6106667
vt 0.4869000 0.6106667
vt 0.5242000 0.6106667
vt 0.5615000 0.6106667
vt 0.5988000 0.6106667
vt 0.6361000 0.6106667
vt 0.6734000 0.6106667
vt 0.7107000 0.6106667
vt 0.7480000 0.6106667
vt 0.0020000 0.6383333
vt 0.0393000 0.6383333
vt 0.0766000 0.6383333
vt 0.1139000 0.6383333
vt 0.1512000 0.6383333
vt 0.1885000 0.6383333
vt 0.2258000 0.6383333
vt 0.2631000 0.6383333
vt 0.3004000 0.6383333
vt 0.3377000 0.6383333
vt 0.3750000 0.6383333
vt 0.4123000 0.6383333
vt 0.4496000 0.6383333
vt 0.4869000 0.6383333
vt 0.5242000 0.6383333
vt 0.5615000 0.6383333
vt 0.5988000 0.6383333
vt 0.6361000 0.6383333
vt 0.6734000 0.6383333
vt 0.7107000 0.6383333
vt 0.7480000 0.6383333
vt 0.0020000 0.6660000
vt 0.0393000 0.6660000
vt 0.0766000 0.6660000
vt 0.1139000 0.6660000
vt 0.1512000 0.6660000
vt 0.1885000 0.6660000
vt 0.2258000 0.6660000
vt 0.2631000 0.6660000
vt 0.3004000 0.6660000
vt 0.3377000 0.6660000
vt 0.3750000 0.6660000
vt 0.4123000 0.6660000
vt 0.4496000 0.6660000
vt 0.4869000 0.6660000
vt 0.5242000 0.6660000
vt 0.5615000 0.6660000
vt 0.5988000 0.6660000
vt 0.6361000 0.6660000
vt 0.6734000 0.6660000
vt 0.7107000 0.6660000
vt 0.7480000 0.6660000
vt 0.0020000 0.6936667
vt 0.0393000 0.6936667
vt 0.0766000 0.6936667
vt 0.1139000 0.6936667
vt 0.1512000 0.6936667
vt 0.1885000 0.6936667
vt 0.2258000 0.6936667
vt 0.2631000 0.6936667
vt 0.3004000 0.6936667
vt 0.3377000 0.6936667
vt 0.3750000 0.6936667
vt 0.4123000 0.6936667
vt 0.4496000 0.6936667
vt 0.4869000 0.6936667
vt 0.5242000 0.6936667
vt 0.5615000 0.6936667
vt 0.5988000 0.6936667
vt 0.6361000 0.6936667
vt 0.6734000 0.6936667
vt 0.7107000 0.6936667
vt 0.7480000 0.6936667
vt 0.0020000 0.7213333
vt 0.0393000 0.7213333
vt 0.0766000 0.7213333
vt 0.1139000 0.7213333
vt 0.1512000 0.7213333
vt 0.1885000 0.7213333
vt 0.2258000 0.7213333
vt 0.2631000 0.7213333
vt 0.3004000 0.7213333
vt 0.3377000 0.7213333
vt 0.3750000 0.7213333
vt 0.4123000 0.7213333
vt 0.4496000 0.7213333
vt 0.4869000 0.7213333
vt 0.5242000 0.7213333
vt 0.5615000 0.7213333
vt 0.5988000 0.7213333
vt 0.6361000 0.7213333
vt 0.6734000 0.7213333
vt 0.7107000 0.7213333
vt 0.7480000 0.7213333
vt 0.0020000 0.7490000
vt 0.0393000 0.7490000
vt 0.0766000 0.7490000
vt 0.1139000 0.7490000
vt 0.1512000 0.7490000
vt 0.1885000 0.7490000
vt 0.2258000 0.7490000
vt 0.2631000 0.7490000
vt 0.3004000 0.7490000
vt 0.3377000 0.7490000
vt 0.3750000 0.7490000
vt 0.4123000 0.7490000
vt 0.4496000 0.7490000
vt 0.4869000 0.7490000
vt 0.5242000 0.7490000
vt 0.5615000 0.7490000
vt 0.5988000 0.7490000
vt 0.6361000 0.7490000
vt 0.6734000 0.7490000
vt 0.7107000 0.7490000
vt 0.7480000 0.7490000
vt 0.0020000 0.7766667
vt 0.0393000 0.7766667
vt 0.0766000 0.7766667
vt 0.1139000 0.7766667
vt 0.1512000 0.7766667
vt 0.1885000 0.7766667
vt 0.2258000 0.7766667
vt 0.2631000 0.7766667
vt 0.3004000 0.7766667
vt 0.3377000 0.7766667
vt 0.3750000 0.7766667
vt 0.4123000 0.7766667
vt 0.4496000 0.7766667
vt 0.4869000 0.7766667
vt 0.5242000 0.7766667
vt 0.5615000 0.7766667
vt 0.5988000 0.7766667
vt 0.6361000 0.7766667
vt 0.6734000 0.7766667
vt 0.7107000 0.7766667
vt 0.7480000 0.7766667
vt 0.0020000 0.8043333
vt 0.0393000 0.8043333
vt 0.0766000 0.8043333
vt 0.1139000 0.8043333
vt 0.1512000 0.8043333
vt 0.1885000 0.8043333
vt 0.2258000 0.8043333
vt 0.2631000 0.8043333
vt 0.3004000 0.8043333
vt 0.3377000 0.8043333
vt 0.3750000 0.8043333
vt 0.4123000 0.8043333
vt 0.4496000 0.8043333
vt 0.4869000 0.8043333
vt 0.5242000 0.8043333
vt 0.5615000 0.8043333
vt 0.5988000 0.8043333
vt 0.6361000 0.8043333
vt 0.6734000 0.8043333
vt 0.7107000 0.8043333
vt 0.7480000 0.8043333
vt 0.0020000 0.8320000
vt 0.0393000 0.8320000
vt 0.0766000 0.8320000
vt 0.1139000 0.8320000
vt 0.1512000 0.8320000
vt 0.1885000 0.8320000
vt 0.2258000 0.8320000
vt 0.2631000 0.8320000
vt 0.3004000 0.8320000
vt 0.3377000 0.8320000
vt 0.3750000 0.8320000
vt 0.4123000 0.8320000
vt 0.4496000 0.8320000
vt 0.4869000 0.8320000
vt 0.5242000 0.8320000
vt 0.5615000 0.8320000
vt 0.5988000 0.8320000
vt 0.6361000 0.8320000
vt 0.6734000 0.8320000
vt 0.7107000 0.8320000
vt 0.7480000 0.8320000
vt 0.0020000 0.8596667
vt 0.0393000 0.8596667
vt 0.0766000 0.8596667
vt 0.1139000 0.8596667
vt 0.1512000 0.8596667
vt 0.1885000 0.8596667
vt 0.2258000 0.8596667
vt 0.2631000 0.8596667
vt 0.3004000 0.8596667
vt 0.3377000 0.8596667
vt 0.3750000 0.8596667
vt 0.4123000 0.8596667
vt 0.4496000 0.8596667
vt 0.4869000 0.8596667
vt 0.5242000 0.8596667
vt 0.5615000 0.8596667
vt 0.5988000 0.8596667
vt 0.6361000 0.8596667
vt 0.6734000 0.8596667
vt 0.7107000 0.8596667
vt 0.7480000 0.8596667
vt 0.0020000 0.8873333
vt 0.0393000 0.8873333
vt 0.0766000 0.8873333
vt 0.1139000 0.8873333
vt 0.1512000 0.8873333
vt 0.1885000 0.8873333
vt 0.2258000 0.8873333
vt 0.2631000 0.8873333
vt 0.3004000 0.8873333
vt 0.3377000 0.8873333
vt 0.3750000 0.8873333
vt 0.4123000 0.8873333
vt 0.4496000 0.8873333
vt 0.4869000 0.8873333
vt 0.5242000 0.8873333
vt 0.5615000 0.8873333
vt 0.5988000 0.8873333
vt 0.6361000 0.8873333
vt 0.6734000 0.8873333
vt 0.7107000 0.8873333
vt 0.7480000 0.8873333
vt 0.0020000 0.9150000
vt 0.0393000 0.9150000
vt 0.0766000 0.9150000
vt 0.1139000 0.9150000
vt 0.1512000 0.9150000
vt 0.1885000 0.9150000
vt 0.2258000 0.9150000
vt 0.2631000 0.9150000
vt 0.3004000 0.9150000
vt 0.3377000 0.9150000
vt 0.3750000 0.9150000
vt 0.4123000 0.9150000
vt 0.4496000 0.9150000
vt 0.4869000 0.9150000
vt 0.5242000 0.9150000
vt 0.5615000 0.9150000
vt 0.5988000 0.9150000
vt 0.6361000 0.9150000
vt 0.6734000 0.9150000
vt 0.7107000 0.9150000
vt 0.7480000 0.9150000
vt 0.0020000 0.9426667
vt 0.0393000 0.9426667
vt 0.0766000 0.9426667
vt 0.1139000 0.9426667
vt 0.1512000 0.9426667
vt 0.1885000 0.9426667
vt 0.2258000 0.9426667
vt 0.2631000 0.9426667
vt 0.3004000 0.9426667
vt 0.3377000 0.9426667
vt 0.3750000 0.9426667
vt 0.4123000 0.9426667
vt 0.4496000 0.9426667
vt 0.4869000 0.9426667
vt 0.5242000 0.9426667
vt 0.5615000 0.9426667
vt 0.5988000 0.9426667
vt 0.6361000 0.9426667
vt 0.6734000 0.9426667
vt 0.7107000 0.9426667
vt 0.7480000 0.9426667
vt 0.0020000 0.9703333
vt 0.0393000 0.9703333
vt 0.0766000 0.9703333
vt 0.1139000 0.9703333
vt 0.1512000 0.9703333
vt 0.1885000 0.9703333
vt 0.2258000 0.9703333
vt 0.2631000 0.9703333
vt 0.3004000 0.9703333
vt 0.3377000 0.9703333
vt 0.3750000 0.9703333
vt 0.4123000 0.9703333
vt 0.4496000 0.9703333
vt 0.4869000 0.9703333
vt 0.5242000 0.9703333
vt 0.5615000 0.9703333
vt 0.5988000 0.9703333
vt 0.6361000 0.9703333
vt 0.6734000 0.9703333
vt 0.7107000 0.9703333
vt 0.7480000 0.9703333
vt 0.0020000 0.9980000
vt 0.0393000 0.9980000
vt 0.0766000 0.9980000
vt 0.1139000 0.9980000
vt 0.1512000 0.9980000
vt 0.1885000 0.9980000
vt 0.2258000 0.9980000
vt 0.2631000 0.9980000
vt 0.3004000 0.9980000
vt 0.3377000 0.9980000
vt 0.3750000 0.9980000
vt 0.4123000 0.9980000
vt 0.4496000 0.9980000
vt 0.4869000 0.9980000
vt 0.5242000 0.9980000
vt 0.5615000 0.9980000
vt 0.5988000 0.9980000
vt 0.6361000 0.9980000
vt 0.6734000 0.9980000
vt 0.7107000 0.9980000
vt 0.7480000 0.9980000
vt 0.3750000 0.0039920
vt 0.3750000 0.9960080
vt 0.7750000 0.5900000
vt 0.7912500 0.5900000
vt 0.8075000 0.5900000
vt 0.8237500 0.5900000
vt 0.8400000 0.5900000
vt 0.8562500 0.5900000
vt 0.8725000 0.5900000
vt 0.8887500 0.5900000
vt 0.9050000 0.5900000
vt 0.9212500 0.5900000
vt 0.9375000 0.5900000
vt 0.9537500 0.5900000
vt 0.9700000 0.5900000
vt 0.7750000 0.6625000
vt 0.7912500 0.6625000
vt 0.8075000 0.6625000
vt 0.8237500 0.6625000
vt 0.8400000 0.6625000
vt 0.8562500 0.6625000
vt 0.8725000 0.6625000
vt 0.8887500 0.6625000
vt 0.9050000 0.6625000
vt 0.9212500 0.6625000
vt 0.9375000 0.6625000
vt 0.9537500 0.6625000
vt 0.9700000 0.6625000
vt 0.7750000 0.7350000
vt 0.7912500 0.7350000
vt 0.8075000 0.7350000
vt 0.8237500 0.7350000
vt 0.8400000 0.7350000
vt 0.8562500 0.7350000
vt 0.8725000 0.7350000
vt 0.8887500 0.7350000
vt 0.9050000 0.7350000
vt 0.9212500 0.7350000
vt 0.9375000 0.7350000
vt 0.9537500 0.7350000
vt 0.9700000 0.7350000
vt 0.7750000 0.4050000
vt 0.7912500 0.4050000
vt 0.8075000 0.4050000
vt 0.8237500 0.4050000
vt 0.8400000 0.4050000
vt 0.8562500 0.4050000
vt 0.8725000 0.4050000
vt 0.8887500 0.4050000
vt 0.9050000 0.4050000
vt 0.9212500 0.4050000
vt 0.9375000 0.4050000
vt 0.9537500 0.4050000
vt 0.9700000 0.4050000
vt 0.7750000 0.4694000
vt 0.7912500 0.4694000
vt 0.8075000 0.4694000
vt 0.8237500 0.4694000
vt 0.8400000 0.4694000
vt 0.8562500 0.4694000
vt 0.8725000 0.4694000
vt 0.8887500 0.4694000
vt 0.9050000 0.4694000
vt 0.9212500 0.4694000
vt 0.9375000 0.4694000
vt 0.9537500 0.4694000
vt 0.9700000 0.4694000
vt 0.7750000 0.5450000
vt 0.7912500 0.5450000
vt 0.8075000 0.5450000
vt 0.8237500 0.5450000
vt 0.8400000 0.5450000
vt 0.8562500 0.5450000
vt 0.8725000 0.5450000
vt 0.8887500 0.5450000
vt 0.9050000 0.5450000
vt 0.9212500 0.5450000
vt 0.9375000 0.5450000
vt 0.9537500 0.5450000
vt 0.9700000 0.5450000
vt 0.8725000 0.5338000
vt 0.7750000 0.5900000
vt 0.7912500 0.5900000
vt 0.8075000 0.5900000
vt 0.8237500 0.5900000
vt 0.8400000 0.5900000
vt 0.8562500 0.5900000
vt 0.8725000 0.5900000
vt 0.8887500 0.5900000
vt 0.9050000 0.5900000
vt 0.9212500 0.5900000
vt 0.9375000 0.5900000
vt 0.9537500 0.5900000
vt 0.9700000 0.5900000
vt 0.7750000 0.6625000
vt 0.7912500 0.6625000
vt 0.8075000 0.6625000
vt 0.8237500 0.6625000
vt 0.8400000 0.6625000
vt 0.8562500 0.6625000
vt 0.8725000 0.6625000
vt 0.8887500 0.6625000
vt 0.9050000 0.6625000
vt 0.9212500 0.6625000
vt 0.9375000 0.6625000
vt 0.9537500 0.6625000
vt 0.9700000 0.6625000
vt 0.7750000 0.7350000
vt 0.7912500 0.7350000
vt 0.8075000 0.7350000
vt 0.8237500 0.7350000
vt 0.8400000 0.7350000
vt 0.8562500 0.7350000
vt 0.8725000 0.7350000
vt 0.8887500 0.7350000
vt 0.9050000 0.7350000
vt 0.9212500 0.7350000
vt 0.9375000 0.7350000
vt 0.9537500 0.7350000
vt 0.9700000 0.7350000
vt 0.7750000 0.4050000
vt 0.7912500 0.4050000
vt 0.8075000 0.4050000
vt 0.8237500 0.4050000
vt 0.8400000 0.4050000
vt 0.8562500 0.4050000
vt 0.8725000 0.4050000
vt 0.8887500 0.4050000
vt 0.9050000 0.4050000
vt 0.9212500 0.4050000
vt 0.9375000 0.4050000
vt 0.9537500 0.4050000
vt 0.9700000 0.4050000
vt 0.7750000 0.4694000
vt 0.7912500 0.4694000
vt 0.8075000 0.4694000
vt 0.8237500 0.4694000
vt 0.8400000 0.4694000
vt 0.8562500 0.4694000
vt 0.8725000 0.4694000
vt 0.8887500 0.4694000
vt 0.9050000 0.4694000
vt 0.9212500 0.4694000
vt 0.9375000 0.4694000
vt 0.9537500 0.4694000
vt 0.9700000 0.4694000
vt 0.7750000 0.5450000
vt 0.7912500 0.5450000
vt 0.8075000 0.5450000
vt 0.8237500 0.5450000
vt 0.8400000 0.5450000
vt 0.8562500 0.5450000
vt 0.8725000 0.5450000
vt 0.8887500 0.5450000
vt 0.9050000 0.5450000
vt 0.9212500 0.5450000
vt 0.9375000 0.5450000
vt 0.9537500 0.5450000
vt 0.9700000 0.5450000
vt 0.8725000 0.5338000
vt 0.7750000 0.5900000
vt 0.7912500 0.5900000
vt 0.8075000 0.5900000
vt 0.8237500 0.5900000
vt 0.8400000 0.5900000
vt 0.8562500 0.5900000
vt 0.8725000 0.5900000
vt 0.8887500 0.5900000
vt 0.9050000 0.5900000
vt 0.9212500 0.5900000
vt 0.9375000 0.5900000
vt 0.9537500 0.5900000
vt 0.9700000 0.5900000
vt 0.7750000 0.6625000
vt 0.7912500 0.6625000
vt 0.8075000 0.6625000
vt 0.8237500 0.6625000
vt 0.8400000 0.6625000
vt 0.8562500 0.6625000
vt 0.8725000 0.6625000
vt 0.8887500 0.6625000
vt 0.9050000 0.6625000
vt 0.9212500 0.6625000
vt 0.9375000 0.6625000
vt 0.9537500 0.6625000
vt 0.9700000 0.6625000
vt 0.7750000 0.7350000
vt 0.7912500 0.7350000
vt 0.8075000 0.7350000
vt 0.8237500 0.7350000
vt 0.8400000 0.7350000
vt 0.8562500 0.7350000
vt 0.8725000 0.7350000
vt 0.8887500 0.7350000
vt 0.9050000 0.7350000
vt 0.9212500 0.7350000
vt 0.9375000 0.7350000
vt 0.9537500 0.7350000
vt 0.9700000 0.7350000
vt 0.7750000 0.4050000
vt 0.7912500 0.4050000
vt 0.8075000 0.4050000
vt 0.8237500 0.4050000
vt 0.8400000 0.4050000
vt 0.8562500 0.4050000
vt 0.8725000 0.4050000
vt 0.8887500 0.4050000
vt 0.9050000 0.4050000
vt 0.9212500 0.4050000
vt 0.9375000 0.4050000
vt 0.9537500 0.4050000
vt 0.9700000 0.4050000
vt 0.7750000 0.4694000
vt 0.7912500 0.4694000
vt 0.8075000 0.4694000
vt 0.8237500 0.4694000
vt 0.8400000 0.4694000
vt 0.8562500 0.4694000
vt 0.8725000 0.4694000
vt 0.8887500 0.4694000
vt 0.9050000 0.4694000
vt 0.9212500 0.4694000
vt 0.9375000 0.4694000
vt 0.9537500 0.4694000
vt 0.9700000 0.4694000
vt 0.7750000 0.5450000
vt 0.7912500 0.5450000
vt 0.8075000 0.5450000
vt 0.8237500 0.5450000
vt 0.8400000 0.5450000
vt 0.8562500 0.5450000
vt 0.8725000 0.5450000
vt 0.8887500 0.5450000
vt 0.9050000 0.5450000
vt 0.9212500 0.5450000
vt 0.9375000 0.5450000
vt 0.9537500 0.5450000
vt 0.9700000 0.5450000
vt 0.8725000 0.5338000
vt 0.7750000 0.5900000
vt 0.7912500 0.5900000
vt 0.8075000 0.5900000
vt 0.8237500 0.5900000
vt 0.8400000 0.5900000
vt 0.8562500 0.5900000
vt 0.8725000 0.5900000
vt 0.8887500 0.5900000
vt 0.9050000 0.5900000
vt 0.9212500 0.5900000
vt 0.9375000 0.5900000
vt 0.9537500 0.5900000
vt 0.9700000 0.5900000
vt 0.7750000 0.6625000
vt 0.7912500 0.6625000
vt 0.8075000 0.6625000
vt 0.8237500 0.6625000
vt 0.8400000 0.6625000
vt 0.8562500 0.6625000
vt 0.8725000 0.6625000
vt 0.8887500 0.6625000
vt 0.9050000 0.6625000
vt 0.9212500 0.6625000
vt 0.9375000 0.6625000
vt 0.9537500 0.6625000
vt 0.9700000 0.6625000
vt 0.7750000 0.7350000
vt 0.7912500 0.7350000
vt 0.8075000 0.7350000
vt 0.8237500 0.7350000
vt 0.8400000 0.7350000
vt 0.8562500 0.7350000
vt 0.8725000 0.7350000
vt 0.8887500 0.7350000
vt 0.9050000 0.7350000
vt 0.9212500 0.7350000
vt 0.9375000 0.7350000
vt 0.9537500 0.7350000
vt 0.9700000 0.7350000
vt 0.7750000 0.4050000
vt 0.7912500 0.4050000
vt 0.8075000 0.4050000
vt 0.8237500 0.4050000
vt 0.8400000 0.4050000
vt 0.8562500 0.4050000
vt 0.8725000 0.4050000
vt 0.8887500 0.4050000
vt 0.9050000 0.4050000
vt 0.9212500 0.4050000
vt 0.9375000 0.4050000
vt 0.9537500 0.4050000
vt 0.9700000 0.4050000
vt 0.7750000 0.4694000
vt 0.7912500 0.4694000
vt 0.8075000 0.4694000
vt 0.8237500 0.4694000
vt 0.8400000 0.4694000
vt 0.8562500 0.4694000
vt 0.8725000 0.4694000
vt 0.8887500 0.4694000
vt 0.9050000 0.4694000
vt 0.9212500 0.4694000
vt 0.9375000 0.4694000
vt 0.9537500 0.4694000
vt 0.9700000 0.4694000
vt 0.7750000 0.5450000
vt 0.7912500 0.5450000
vt 0.8075000 0.5450000
vt 0.8237500 0.5450000
vt 0.8400000 0.5450000
vt 0.8562500 0.5450000
vt 0.8725000 0.5450000
vt 0.8887500 0.5450000
vt 0.9050000 0.5450000
vt 0.9212500 0.5450000
vt 0.9375000 0.5450000
vt 0.9537500 0.5450000
vt 0.9700000 0.5450000
vt 0.8725000 0.5338000
vt 0.7750000 0.5900000
vt 0.7912500 0.5900000
vt 0.8075000 0.5900000
vt 0.8237500 0.5900000
vt 0.8400000 0.5900000
vt 0.8562500 0.5900000
vt 0.8725000 0.5900000
vt 0.8887500 0.5900000
vt 0.9050000 0.5900000
vt 0.9212500 0.5900000
vt 0.9375000 0.5900000
vt 0.9537500 0.5900000
vt 0.9700000 0.5900000
vt 0.7750000 0.6625000
vt 0.7912500 0.6625000
vt 0.8075000 0.6625000
vt 0.8237500 0.6625000
vt 0.8400000 0.6625000
vt 0.8562500 0.6625000
vt 0.8725000 0.6625000
vt 0.8887500 0.6625000
vt 0.9050000 0.6625000
vt 0.9212500 0.6625000
vt 0.9375000 0.6625000
vt 0.9537500 0.6625000
vt 0.9700000 0.6625000
vt 0.7750000 0.7350000
vt 0.7912500 0.7350000
vt 0.8075000 0.7350000
vt 0.8237500 0.7350000
vt 0.8400000 0.7350000
vt 0.8562500 0.7350000
vt 0.8725000 0.7350000
vt 0.8887500 0.7350000
vt 0.9050000 0.7350000
vt 0.9212500 0.7350000
vt 0.9375000 0.7350000
vt 0.9537500 0.7350000
vt 0.9700000 0.7350000
vt 0.7750000 0.4050000
vt 0.7912500 0.4050000
vt 0.8075000 0.4050000
vt 0.8237500 0.4050000
vt 0.8400000 0.4050000
vt 0.8562500 0.4050000
vt 0.8725000 0.4050000
vt 0.8887500 0.4050000
vt 0.9050000 0.4050000
vt 0.9212500 0.4050000
vt 0.9375000 0.4050000
vt 0.9537500 0.4050000
vt 0.9700000 0.4050000
vt 0.7750000 0.4694000
vt 0.7912500 0.4694000
vt 0.8075000 0.4694000
vt 0.8237500 0.4694000
vt 0.8400000 0.4694000
vt 0.8562500 0.4694000
vt 0.8725000 0.4694000
vt 0.8887500 0.4694000
vt 0.9050000 0.4694000
vt 0.9212500 0.4694000
vt 0.9375000 0.4694000
vt 0.9537500 0.4694000
vt 0.9700000 0.4694000
vt 0.7750000 0.5450000
vt 0.7912500 0.5450000
vt 0.8075000 0.5450000
vt 0.8237500 0.5450000
vt 0.8400000 0.5450000
vt 0.8562500 0.5450000
vt 0.8725000 0.5450000
vt 0.8887500 0.5450000
vt 0.9050000 0.5450000
vt 0.9212500 0.5450000
vt 0.9375000 0.5450000
vt 0.9537500 0.5450000
vt 0.9700000 0.5450000
vt 0.8725000 0.5338000
vt 0.7750000 0.5900000
vt 0.7912500 0.5900000
vt 0.8075000 0.5900000
vt 0.8237500 0.5900000
vt 0.8400000 0.5900000
vt 0.8562500 0.5900000
vt 0.8725000 0.5900000
vt 0.8887500 0.5900000
vt 0.9050000 0.5900000
vt 0.9212500 0.5900000
vt 0.9375000 0.5900000
vt 0.9537500 0.5900000
vt 0.9700000 0.5900000
vt 0.7750000 0.6625000
vt 0.7912500 0.6625000
vt 0.8075000 0.6625000
vt 0.8237500 0.6625000
vt 0.8400000 0.6625000
vt 0.8562500 0.6625000
vt 0.8725000 0.6625000
vt 0.8887500 0.6625000
vt 0.9050000 0.6625000
vt 0.9212500 0.6625000
vt 0.9375000 0.6625000
vt 0.9537500 0.6625000
vt 0.9700000 0.6625000
vt 0.7750000 0.7350000
vt 0.7912500 0.7350000
vt 0.8075000 0.7350000
vt 0.8237500 0.7350000
vt 0.8400000 0.7350000
vt 0.8562500 0.7350000
vt 0.8725000 0.7350000
vt 0.8887500 0.7350000
vt 0.9050000 0.7350000
vt 0.9212500 0.7350000
vt 0.9375000 0.7350000
vt 0.9537500 0.7350000
vt 0.9700000 0.7350000
vt 0.7750000 0.4050000
vt 0.7912500 0.4050000
vt 0.8075000 0.4050000
vt 0.8237500 0.4050000
vt 0.8400000 0.4050000
vt 0.8562500 0.4050000
vt 0.8725000 0.4050000
vt 0.8887500 0.4050000
vt 0.9050000 0.4050000
vt 0.9212500 0.4050000
vt 0.9375000 0.4050000
vt 0.9537500 0.4050000
vt 0.9700000 0.4050000
vt 0.7750000 0.4694000
vt 0.7912500 0.4694000
vt 0.8075000 0.4694000
vt 0.8237500 0.4694000
vt 0.8400000 0.4694000
vt 0.8562500 0.4694000
vt 0.8725000 0.4694000
vt 0.8887500 0.4694000
vt 0.9050000 0.4694000
vt 0.9212500 0.4694000
vt 0.9375000 0.4694000
vt 0.9537500 0.4694000
vt 0.9700000 0.4694000
vt 0.7750000 0.5450000
vt 0.7912500 0.5450000
vt 0.8075000 0.5450000
vt 0.8237500 0.5450000
vt 0.8400000 0.5450000
vt 0.8562500 0.5450000
vt 0.8725000 0.5450000
vt 0.8887500 0.5450000
vt 0.9050000 0.5450000
vt 0.9212500 0.5450000
vt 0.9375000 0.5450000
vt 0.9537500 0.5450000
vt 0.9700000 0.5450000
vt 0.8725000 0.5338000
vt 0.7750000 0.5900000
vt 0.7912500 0.5900000
vt 0.8075000 0.5900000
vt 0.8237500 0.5900000
vt 0.8400000 0.5900000
vt 0.8562500 0.5900000
vt 0.8725000 0.5900000
vt 0.8887500 0.5900000
vt 0.9050000 0.5900000
vt 0.9212500 0.5900000
vt 0.9375000 0.5900000
vt 0.9537500 0.5900000
vt 0.9700000 0.5900000
vt 0.7750000 0.6625000
vt 0.7912500 0.6625000
vt 0.8075000 0.6625000
vt 0.8237500 0.6625000
vt 0.8400000 0.6625000
vt 0.8562500 0.6625000
vt 0.8725000 0.6625000
vt 0.8887500 0.6625000
vt 0.9050000 0.6625000
vt 0.9212500 0.6625000
vt 0.9375000 0.6625000
vt 0.9537500 0.6625000
vt 0.9700000 0.6625000
vt 0.7750000 0.7350000
vt 0.7912500 0.7350000
vt 0.8075000 0.7350000
vt 0.8237500 0.7350000
vt 0.8400000 0.7350000
vt 0.8562500 0.7350000
vt 0.8725000 0.7350000
vt 0.8887500 0.7350000
vt 0.9050000 0.7350000
vt 0.9212500 0.7350000
vt 0.9375000 0.7350000
vt 0.9537500 0.7350000
vt 0.9700000 0.7350000
vt 0.7750000 0.4050000
vt 0.7912500 0.4050000
vt 0.8075000 0.4050000
vt 0.8237500 0.4050000
vt 0.8400000 0.4050000
vt 0.8562500 0.4050000
vt 0.8725000 0.4050000
vt 0.8887500 0.4050000
vt 0.9050000 0.4050000
vt 0.9212500 0.4050000
vt 0.9375000 0.4050000
vt 0.9537500 0.4050000
vt 0.9700000 0.4050000
vt 0.7750000 0.4694000
vt 0.7912500 0.4694000
vt 0.8075000 0.4694000
vt 0.8237500 0.4694000
vt 0.8400000 0.4694000
vt 0.8562500 0.4694000
vt 0.8725000 0.4694000
vt 0.8887500 0.4694000
vt 0.9050000 0.4694000
vt 0.9212500 0.4694000
vt 0.9375000 0.4694000
vt 0.9537500 0.4694000
vt 0.9700000 0.4694000
vt 0.7750000 0.5450000
vt 0.7912500 0.5450000
vt 0.8075000 0.5450000
vt 0.8237500 0.5450000
vt 0.8400000 0.5450000
vt 0.8562500 0.5450000
vt 0.8725000 0.5450000
vt 0.8887500 0.5450000
vt 0.9050000 0.5450000
vt 0.9212500 0.5450000
vt 0.9375000 0.5450000
vt 0.9537500 0.5450000
vt 0.9700000 0.5450000
vt 0.8725000 0.5338000
vt 0.7750000 0.5900000
vt 0.7912500 0.5900000
vt 0.8075000 0.5900000
vt 0.8237500 0.5900000
vt 0.8400000 0.5900000
vt 0.8562500 0.5900000
vt 0.8725000 0.5900000
vt 0.8887500 0.5900000
vt 0.9050000 0.5900000
vt 0.9212500 0.5900000
vt 0.9375000 0.5900000
vt 0.9537500 0.5900000
vt 0.9700000 0.5900000
vt 0.7750000 0.6625000
vt 0.7912500 0.6625000
vt 0.8075000 0.6625000
vt 0.8237500 0.6625000
vt 0.8400000 0.6625000
vt 0.8562500 0.6625000
vt 0.8725000 0.6625000
vt 0.8887500 0.6625000
vt 0.9050000 0.6625000
vt 0.9212500 0.6625000
vt 0.9375000 0.6625000
vt 0.9537500 0.6625000
vt 0.9700000 0.6625000
vt 0.7750000 0.7350000
vt 0.7912500 0.7350000
vt 0.8075000 0.7350000
vt 0.8237500 0.7350000
vt 0.8400000 0.7350000
vt 0.8562500 0.7350000
vt 0.8725000 0.7350000
vt 0.8887500 0.7350000
vt 0.9050000 0.7350000
vt 0.9212500 0.7350000
vt 0.9375000 0.7350000
vt 0.9537500 0.7350000
vt 0.9700000 0.7350000
vt 0.7750000 0.4050000
vt 0.7912500 0.4050000
vt 0.8075000 0.4050000
vt 0.8237500 0.4050000
vt 0.8400000 0.4050000
vt 0.8562500 0.4050000
vt 0.8725000 0.4050000
vt 0.8887500 0.4050000
vt 0.9050000 0.4050000
vt 0.9212500 0.4050000
vt 0.9375000 0.4050000
vt 0.9537500 0.4050000
vt 0.9700000 0.4050000
vt 0.7750000 0.4694000
vt 0.7912500 0.4694000
vt 0.8075000 0.4694000
vt 0.8237500 0.4694000
vt 0.8400000 0.4694000
vt 0.8562500 0.4694000
vt 0.8725000 0.4694000
vt 0.8887500 0.4694000
vt 0.9050000 0.4694000
vt 0.9212500 0.4694000
vt 0.9375000 0.4694000
vt 0.9537500 0.4694000
vt 0.9700000 0.4694000
vt 0.7750000 0.5450000
vt 0.7912500 0.5450000
vt 0.8075000 0.5450000
vt 0.8237500 0.5450000
vt 0.8400000 0.5450000
vt 0.8562500 0.5450000
vt 0.8725000 0.5450000
vt 0.8887500 0.5450000
vt 0.9050000 0.5450000
vt 0.9212500 0.5450000
vt 0.9375000 0.5450000
vt 0.9537500 0.5450000
vt 0.9700000 0.5450000
vt 0.8725000 0.5338000
vt 0.7750000 0.5900000
vt 0.7912500 0.5900000
vt 0.8075000 0.5900000
vt 0.8237500 0.5900000
vt 0.8400000 0.5900000
vt 0.8562500 0.5900000
vt 0.8725000 0.5900000
vt 0.8887500 0.5900000
vt 0.9050000 0.5900000
vt 0.9212500 0.5900000
vt 0.9375000 0.5900000
vt 0.9537500 0.5900000
vt 0.9700000 0.5900000
vt 0.7750000 0.6625000
vt 0.7912500 0.6625000
vt 0.8075000 0.6625000
vt 0.8237500 0.6625000
vt 0.8400000 0.6625000
vt 0.8562500 0.6625000
vt 0.8725000 0.6625000
vt 0.8887500 0.6625000
vt 0.9050000 0.6625000
vt 0.9212500 0.6625000
vt 0.9375000 0.6625000
vt 0.9537500 0.6625000
vt 0.9700000 0.6625000
vt 0.7750000 0.7350000
vt 0.7912500 0.7350000
vt 0.8075000 0.7350000
vt 0.8237500 0.7350000
vt 0.8400000 0.7350000
vt 0.8562500 0.7350000
vt 0.8725000 0.7350000
vt 0.8887500 0.7350000
vt 0.9050000 0.7350000
vt 0.9212500 0.7350000
vt 0.9375000 0.7350000
vt 0.9537500 0.7350000
vt 0.9700000 0.7350000
vt 0.7750000 0.4050000
vt 0.7912500 0.4050000
vt 0.8075000 0.4050000
vt 0.8237500 0.4050000
vt 0.8400000 0.4050000
vt 0.8562500 0.4050000
vt 0.8725000 0.4050000
vt 0.8887500 0.4050000
vt 0.9050000 0.4050000
vt 0.9212500 0.4050000
vt 0.9375000 0.4050000
vt 0.9537500 0.4050000
vt 0.9700000 0.4050000
vt 0.7750000 0.4694000
vt 0.7912500 0.4694000
vt 0.8075000 0.4694000
vt 0.8237500 0.4694000
vt 0.8400000 0.4694000
vt 0.8562500 0.4694000
vt 0.8725000 0.4694000
vt 0.8887500 0.4694000
vt 0.9050000 0.4694000
vt 0.9212500 0.4694000
vt 0.9375000 0.4694000
vt 0.9537500 0.4694000
vt 0.9700000 0.4694000
vt 0.7750000 0.5450000
vt 0.7912500 0.5450000
vt 0.8075000 0.5450000
vt 0.8237500 0.5450000
vt 0.8400000 0.5450000
vt 0.8562500 0.5450000
vt 0.8725000 0.5450000
vt 0.8887500 0.5450000
vt 0.9050000 0.5450000
vt 0.9212500 0.5450000
vt 0.9375000 0.5450000
vt 0.9537500 0.5450000
vt 0.9700000 0.5450000
vt 0.8725000 0.5338000
vt 0.7750000 0.5900000
vt 0.7912500 0.5900000
vt 0.8075000 0.5900000
vt 0.8237500 0.5900000
vt 0.8400000 0.5900000
vt 0.8562500 0.5900000
vt 0.8725000 0.5900000
vt 0.8887500 0.5900000
vt 0.9050000 0.5900000
vt 0.9212500 0.5900000
vt 0.9375000 0.5900000
vt 0.9537500 0.5900000
vt 0.9700000 0.5900000
vt 0.7750000 0.6625000
vt 0.7912500 0.6625000
vt 0.8075000 0.6625000
vt 0.8237500 0.6625000
vt 0.8400000 0.6625000
vt 0.8562500 0.6625000
vt 0.8725000 0.6625000
vt 0.8887500 0.6625000
vt 0.9050000 0.6625000
vt 0.9212500 0.6625000
vt 0.9375000 0.6625000
vt 0.9537500 0.6625000
vt 0.9700000 0.6625000
vt 0.7750000 0.7350000
vt 0.7912500 0.7350000
vt 0.8075000 0.7350000
vt 0.8237500 0.7350000
vt 0.8400000 0.7350000
vt 0.8562500 0.7350000
vt 0.8725000 0.7350000
vt 0.8887500 0.7350000
vt 0.9050000 0.7350000
vt 0.9212500 0.7350000
vt 0.9375000 0.7350000
vt 0.9537500 0.7350000
vt 0.9700000 0.7350000
vt 0.7750000 0.4050000
vt 0.7912500 0.4050000
vt 0.8075000 0.4050000
vt 0.8237500 0.4050000
vt 0.8400000 0.4050000
vt 0.8562500 0.4050000
vt 0.8725000 0.4050000
vt 0.8887500 0.4050000
vt 0.9050000 0.4050000
vt 0.9212500 0.4050000
vt 0.9375000 0.4050000
vt 0.9537500 0.4050000
vt 0.9700000 0.4050000
vt 0.7750000 0.4694000
vt 0.7912500 0.4694000
vt 0.8075000 0.4694000
vt 0.8237500 0.4694000
vt 0.8400000 0.4694000
vt 0.8562500 0.4694000
vt 0.8725000 0.4694000
vt 0.8887500 0.4694000
vt 0.9050000 0.4694000
vt 0.9212500 0.4694000
vt 0.9375000 0.4694000
vt 0.9537500 0.4694000
vt 0.9700000 0.4694000
vt 0.7750000 0.5450000
vt 0.7912500 0.5450000
vt 0.8075000 0.5450000
vt 0.8237500 0.5450000
vt 0.8400000 0.5450000
vt 0.8562500 0.5450000
vt 0.8725000 0.5450000
vt 0.8887500 0.5450000
vt 0.9050000 0.5450000
vt 0.9212500 0.5450000
vt 0.9375000 0.5450000
vt 0.9537500 0.5450000
vt 0.9700000 0.5450000
vt 0.8725000 0.5338000
vt 0.7750000 0.5900000
vt 0.7912500 0.5900000
vt 0.8075000 0.5900000
vt 0.8237500 0.5900000
vt 0.8400000 0.5900000
vt 0.8562500 0.5900000
vt 0.8725000 0.5900000
vt 0.8887500 0.5900000
vt 0.9050000 0.5900000
vt 0.9212500 0.5900000
vt 0.9375000 0.5900000
vt 0.9537500 0.5900000
vt 0.9700000 0.5900000
vt 0.7750000 0.6625000
vt 0.7912500 0.6625000
vt 0.8075000 0.6625000
vt 0.8237500 0.6625000
vt 0.8400000 0.6625000
vt 0.8562500 0.6625000
vt 0.8725000 0.6625000
vt 0.8887500 0.6625000
vt 0.9050000 0.6625000
vt 0.9212500 0.6625000
vt 0.9375000 0.6625000
vt 0.9537500 0.6625000
vt 0.9700000 0.6625000
vt 0.7750000 0.7350000
vt 0.7912500 0.7350000
vt 0.8075000 0.7350000
vt 0.8237500 0.7350000
vt 0.8400000 0.7350000
vt 0.8562500 0.7350000
vt 0.8725000 0.7350000
vt 0.8887500 0.7350000
vt 0.9050000 0.7350000
vt 0.9212500 0.7350000
vt 0.9375000 0.7350000
vt 0.9537500 0.7350000
vt 0.9700000 0.7350000
vt 0.7750000 0.4050000
vt 0.7912500 0.4050000
vt 0.8075000 0.4050000
vt 0.8237500 0.4050000
vt 0.8400000 0.4050000
vt 0.8562500 0.4050000
vt 0.8725000 0.4050000
vt 0.8887500 0.4050000
vt 0.9050000 0.4050000
vt 0.9212500 0.4050000
vt 0.9375000 0.4050000
vt 0.9537500 0.4050000
vt 0.9700000 0.4050000
vt 0.7750000 0.4694000
vt 0.7912500 0.4694000
vt 0.8075000 0.4694000
vt 0.8237500 0.4694000
vt 0.8400000 0.4694000
vt 0.8562500 0.4694000
vt 0.8725000 0.4694000
vt 0.8887500 0.4694000
vt 0.9050000 0.4694000
vt 0.9212500 0.4694000
vt 0.9375000 0.4694000
vt 0.9537500 0.4694000
vt 0.9700000 0.4694000
vt 0.7750000 0.5450000
vt 0.7912500 0.5450000
vt 0.8075000 0.5450000
vt 0.8237500 0.5450000
vt 0.8400000 0.5450000
vt 0.8562500 0.5450000
vt 0.8725000 0.5450000
vt 0.8887500 0.5450000
vt 0.9050000 0.5450000
vt 0.9212500 0.5450000
vt 0.9375000 0.5450000
vt 0.9537500 0.5450000
vt 0.9700000 0.5450000
vt 0.8725000 0.5338000
vt 0.7750000 0.5900000
vt 0.7912500 0.5900000
vt 0.8075000 0.5900000
vt 0.8237500 0.5900000
vt 0.8400000 0.5900000
vt 0.8562500 0.5900000
vt 0.8725000 0.5900000
vt 0.8887500 0.5900000
vt 0.9050000 0.5900000
vt 0.9212500 0.5900000
vt 0.9375000 0.5900000
vt 0.9537500 0.5900000
vt 0.9700000 0.5900000
vt 0.7750000 0.6625000
vt 0.7912500 0.6625000
vt 0.8075000 0.6625000
vt 0.8237500 0.6625000
vt 0.8400000 0.6625000
vt 0.8562500 0.6625000
vt 0.8725000 0.6625000
vt 0.8887500 0.6625000
vt 0.9050000 0.6625000
vt 0.9212500 0.6625000
vt 0.9375000 0.6625000
vt 0.9537500 0.6625000
vt 0.9700000 0.6625000
vt 0.7750000 0.7350000
vt 0.7912500 0.7350000
vt 0.8075000 0.7350000
vt 0.8237500 0.7350000
vt 0.8400000 0.7350000
vt 0.8562500 0.7350000
vt 0.8725000 0.7350000
vt 0.8887500 0.7350000
vt 0.9050000 0.7350000
vt 0.9212500 0.7350000
vt 0.9375000 0.7350000
vt 0.9537500 0.7350000
vt 0.9700000 0.7350000
vt 0.7750000 0.4050000
vt 0.7912500 0.4050000
vt 0.8075000 0.4050000
vt 0.8237500 0.4050000
vt 0.8400000 0.4050000
vt 0.8562500 0.4050000
vt 0.8725000 0.4050000
vt 0.8887500 0.4050000
vt 0.9050000 0.4050000
vt 0.9212500 0.4050000
vt 0.9375000 0.4050000
vt 0.9537500 0.4050000
vt 0.9700000 0.4050000
vt 0.7750000 0.4694000
vt 0.7912500 0.4694000
vt 0.8075000 0.4694000
vt 0.8237500 0.4694000
vt 0.8400000 0.4694000
vt 0.8562500 0.4694000
vt 0.8725000 0.4694000
vt 0.8887500 0.4694000
vt 0.9050000 0.4694000
vt 0.9212500 0.4694000
vt 0.9375000 0.4694000
vt 0.9537500 0.4694000
vt 0.9700000 0.4694000
vt 0.7750000 0.5450000
vt 0.7912500 0.5450000
vt 0.8075000 0.5450000
vt 0.8237500 0.5450000
vt 0.8400000 0.5450000
vt 0.8562500 0.5450000
vt 0.8725000 0.5450000
vt 0.8887500 0.5450000
vt 0.9050000 0.5450000
vt 0.9212500 0.5450000
vt 0.9375000 0.5450000
vt 0.9537500 0.5450000
vt 0.9700000 0.5450000
vt 0.8725000 0.5338000
vt 0.7750000 0.5900000
vt 0.7912500 0.5900000
vt 0.8075000 0.5900000
vt 0.8237500 0.5900000
vt 0.8400000 0.5900000
vt 0.8562500 0.5900000
vt 0.8725000 0.5900000
vt 0.8887500 0.5900000
vt 0.9050000 0.5900000
vt 0.9212500 0.5900000
vt 0.9375000 0.5900000
vt 0.9537500 0.5900000
vt 0.9700000 0.5900000
vt 0.7750000 0.6625000
vt 0.7912500 0.6625000
vt 0.8075000 0.6625000
vt 0.8237500 0.6625000
vt 0.8400000 0.6625000
vt 0.8562500 0.6625000
vt 0.8725000 0.6625000
vt 0.8887500 0.6625000
vt 0.9050000 0.6625000
vt 0.9212500 0.6625000
vt 0.9375000 0.6625000
vt 0.9537500 0.6625000
vt 0.9700000 0.6625000
vt 0.7750000 0.7350000
vt 0.7912500 0.7350000
vt 0.8075000 0.7350000
vt 0.8237500 0.7350000
vt 0.8400000 0.7350000
vt 0.8562500 0.7350000
vt 0.8725000 0.7350000
vt 0.8887500 0.7350000
vt 0.9050000 0.7350000
vt 0.9212500 0.7350000
vt 0.9375000 0.7350000
vt 0.9537500 0.7350000
vt 0.9700000 0.7350000
vt 0.7750000 0.4050000
vt 0.7912500 0.4050000
vt 0.8075000 0.4050000
vt 0.8237500 0.4050000
vt 0.8400000 0.4050000
vt 0.8562500 0.4050000
vt 0.8725000 0.4050000
vt 0.8887500 0.4050000
vt 0.9050000 0.4050000
vt 0.9212500 0.4050000
vt 0.9375000 0.4050000
vt 0.9537500 0.4050000
vt 0.9700000 0.4050000
vt 0.7750000 0.4694000
vt 0.7912500 0.4694000
vt 0.8075000 0.4694000
vt 0.8237500 0.4694000
vt 0.8400000 0.4694000
vt 0.8562500 0.4694000
vt 0.8725000 0.4694000
vt 0.8887500 0.4694000
vt 0.9050000 0.4694000
vt 0.9212500 0.4694000
vt 0.9375000 0.4694000
vt 0.9537500 0.4694000
vt 0.9700000 0.4694000
vt 0.7750000 0.5450000
vt 0.7912500 0.5450000
vt 0.8075000 0.5450000
vt 0.8237500 0.5450000
vt 0.8400000 0.5450000
vt 0.8562500 0.5450000
vt 0.8725000 0.5450000
vt 0.8887500 0.5450000
vt 0.9050000 0.5450000
vt 0.9212500 0.5450000
vt 0.9375000 0.5450000
vt 0.9537500 0.5450000
vt 0.9700000 0.5450000
vt 0.8725000 0.5338000
vt 0.7750000 0.5900000
vt 0.7912500 0.5900000
vt 0.8075000 0.5900000
vt 0.8237500 0.5900000
vt 0.8400000 0.5900000
vt 0.8562500 0.5900000
vt 0.8725000 0.5900000
vt 0.8887500 0.5900000
vt 0.9050000 0.5900000
vt 0.9212500 0.5900000
vt 0.9375000 0.5900000
vt 0.9537500 0.5900000
vt 0.9700000 0.5900000
vt 0.7750000 0.6625000
vt 0.7912500 0.6625000
vt 0.8075000 0.6625000
vt 0.8237500 0.6625000
vt 0.8400000 0.6625000
vt 0.8562500 0.6625000
vt 0.8725000 0.6625000
vt 0.8887500 0.6625000
vt 0.9050000 0.6625000
vt 0.9212500 0.6625000
vt 0.9375000 0.6625000
vt 0.9537500 0.6625000
vt 0.9700000 0.6625000
vt 0.7750000 0.7350000
vt 0.7912500 0.7350000
vt 0.8075000 0.7350000
vt 0.8237500 0.7350000
vt 0.8400000 0.7350000
vt 0.8562500 0.7350000
vt 0.8725000 0.7350000
vt 0.8887500 0.7350000
vt 0.9050000 0.7350000
vt 0.9212500 0.7350000
vt 0.9375000 0.7350000
vt 0.9537500 0.7350000
vt 0.9700000 0.7350000
vt 0.7750000 0.4050000
vt 0.7912500 0.4050000
vt 0.8075000 0.4050000
vt 0.8237500 0.4050000
vt 0.8400000 0.4050000
vt 0.8562500 0.4050000
vt 0.8725000 0.4050000
vt 0.8887500 0.4050000
vt 0.9050000 0.4050000
vt 0.9212500 0.4050000
vt 0.9375000 0.4050000
vt 0.9537500 0.4050000
vt 0.9700000 0.4050000
vt 0.7750000 0.4694000
vt 0.7912500 0.4694000
vt 0.8075000 0.4694000
vt 0.8237500 0.4694000
vt 0.8400000 0.4694000
vt 0.8562500 0.4694000
vt 0.8725000 0.4694000
vt 0.8887500 0.4694000
vt 0.9050000 0.4694000
vt 0.9212500 0.4694000
vt 0.9375000 0.4694000
vt 0.9537500 0.4694000
vt 0.9700000 0.4694000
vt 0.7750000 0.5450000
vt 0.7912500 0.5450000
vt 0.8075000 0.5450000
vt 0.8237500 0.5450000
vt 0.8400000 0.5450000
vt 0.8562500 0.5450000
vt 0.8725000 0.5450000
vt 0.8887500 0.5450000
vt 0.9050000 0.5450000
vt 0.9212500 0.5450000
vt 0.9375000 0.5450000
vt 0.9537500 0.5450000
vt 0.9700000 0.5450000
vt 0.8725000 0.5338000
vt 0.7750000 0.5900000
vt 0.7912500 0.5900000
vt 0.8075000 0.5900000
vt 0.8237500 0.5900000
vt 0.8400000 0.5900000
vt 0.8562500 0.5900000
vt 0.8725000 0.5900000
vt 0.8887500 0.5900000
vt 0.9050000 0.5900000
vt 0.9212500 0.5900000
vt 0.9375000 0.5900000
vt 0.9537500 0.5900000
vt 0.9700000 0.5900000
vt 0.7750000 0.6625000
vt 0.7912500 0.6625000
vt 0.8075000 0.6625000
vt 0.8237500 0.6625000
vt 0.8400000 0.6625000
vt 0.8562500 0.6625000
vt 0.8725000 0.6625000
vt 0.8887500 0.6625000
vt 0.9050000 0.6625000
vt 0.9212500 0.6625000
vt 0.9375000 0.6625000
vt 0.9537500 0.6625000
vt 0.9700000 0.6625000
vt 0.7750000 0.7350000
vt 0.7912500 0.7350000
vt 0.8075000 0.7350000
vt 0.8237500 0.7350000
vt 0.8400000 0.7350000
vt 0.8562500 0.7350000
vt 0.8725000 0.7350000
vt 0.8887500 0.7350000
vt 0.9050000 0.7350000
vt 0.9212500 0.7350000
vt 0.9375000 0.7350000
vt 0.9537500 0.7350000
vt 0.9700000 0.7350000
vt 0.7750000 0.4050000
vt 0.7912500 0.4050000
vt 0.8075000 0.4050000
vt 0.8237500 0.4050000
vt 0.8400000 0.4050000
vt 0.8562500 0.4050000
vt 0.8725000 0.4050000
vt 0.8887500 0.4050000
vt 0.9050000 0.4050000
vt 0.9212500 0.4050000
vt 0.9375000 0.4050000
vt 0.9537500 0.4050000
vt 0.9700000 0.4050000
vt 0.7750000 0.4694000
vt 0.7912500 0.4694000
vt 0.8075000 0.4694000
vt 0.8237500 0.4694000
vt 0.8400000 0.4694000
vt 0.8562500 0.4694000
vt 0.8725000 0.4694000
vt 0.8887500 0.4694000
vt 0.9050000 0.4694000
vt 0.9212500 0.4694000
vt 0.9375000 0.4694000
vt 0.9537500 0.4694000
vt 0.9700000 0.4694000
vt 0.7750000 0.5450000
vt 0.7912500 0.5450000
vt 0.8075000 0.5450000
vt 0.8237500 0.5450000
vt 0.8400000 0.5450000
vt 0.8562500 0.5450000
vt 0.8725000 0.5450000
vt 0.8887500 0.5450000
vt 0.9050000 0.5450000
vt 0.9212500 0.5450000
vt 0.9375000 0.5450000
vt 0.9537500 0.5450000
vt 0.9700000 0.5450000
vt 0.8725000 0.5338000
vt 0.7750000 0.5900000
vt 0.7912500 0.5900000
vt 0.8075000 0.5900000
vt 0.8237500 0.5900000
vt 0.8400000 0.5900000
vt 0.8562500 0.5900000
vt 0.8725000 0.5900000
vt 0.8887500 0.5900000
vt 0.9050000 0.5900000
vt 0.9212500 0.5900000
vt 0.9375000 0.5900000
vt 0.9537500 0.5900000
vt 0.9700000 0.5900000
vt 0.7750000 0.6625000
vt 0.7912500 0.6625000
vt 0.8075000 0.6625000
vt 0.8237500 0.6625000
vt 0.8400000 0.6625000
vt 0.8562500 0.6625000
vt 0.8725000 0.6625000
vt 0.8887500 0.6625000
vt 0.9050000 0.6625000
vt 0.9212500 0.6625000
vt 0.9375000 0.6625000
vt 0.9537500 0.6625000
vt 0.9700000 0.6625000
vt 0.7750000 0.7350000
vt 0.7912500 0.7350000
vt 0.8075000 0.7350000
vt 0.8237500 0.7350000
vt 0.8400000 0.7350000
vt 0.8562500 0.7350000
vt 0.8725000 0.7350000
vt 0.8887500 0.7350000
vt 0.9050000 0.7350000
vt 0.9212500 0.7350000
vt 0.9375000 0.7350000
vt 0.9537500 0.7350000
vt 0.9700000 0.7350000
vt 0.7750000 0.4050000
vt 0.7912500 0.4050000
vt 0.8075000 0.4050000
vt 0.8237500 0.4050000
vt 0.8400000 0.4050000
vt 0.8562500 0.4050000
vt 0.8725000 0.4050000
vt 0.8887500 0.4050000
vt 0.9050000 0.4050000
vt 0.9212500 0.4050000
vt 0.9375000 0.4050000
vt 0.9537500 0.4050000
vt 0.9700000 0.4050000
vt 0.7750000 0.4694000
vt 0.7912500 0.4694000
vt 0.8075000 0.4694000
vt 0.8237500 0.4694000
vt 0.8400000 0.4694000
vt 0.8562500 0.4694000
vt 0.8725000 0.4694000
vt 0.8887500 0.4694000
vt 0.9050000 0.4694000
vt 0.9212500 0.4694000
vt 0.9375000 0.4694000
vt 0.9537500 0.4694000
vt 0.9700000 0.4694000
vt 0.7750000 0.5450000
vt 0.7912500 0.5450000
vt 0.8075000 0.5450000
vt 0.8237500 0.5450000
vt 0.8400000 0.5450000
vt 0.8562500 0.5450000
vt 0.8725000 0.5450000
vt 0.8887500 0.5450000
vt 0.9050000 0.5450000
vt 0.9212500 0.5450000
vt 0.9375000 0.5450000
vt 0.9537500 0.5450000
vt 0.9700000 0.5450000
vt 0.8725000 0.5338000
vt 0.7750000 0.5900000
vt 0.7912500 0.5900000
vt 0.8075000 0.5900000
vt 0.8237500 0.5900000
vt 0.8400000 0.5900000
vt 0.8562500 0.5900000
vt 0.8725000 0.5900000
vt 0.8887500 0.5900000
vt 0.9050000 0.5900000
vt 0.9212500 0.5900000
vt 0.9375000 0.5900000
vt 0.9537500 0.5900000
vt 0.9700000 0.5900000
vt 0.7750000 0.6625000
vt 0.7912500 0.6625000
vt 0.8075000 0.6625000
vt 0.8237500 0.6625000
vt 0.8400000 0.6625000
vt 0.8562500 0.6625000
vt 0.8725000 0.6625000
vt 0.8887500 0.6625000
vt 0.9050000 0.6625000
vt 0.9212500 0.6625000
vt 0.9375000 0.6625000
vt 0.9537500 0.6625000
vt 0.9700000 0.6625000
vt 0.7750000 0.7350000
vt 0.7912500 0.7350000
vt 0.8075000 0.7350000
vt 0.8237500 0.7350000
vt 0.8400000 0.7350000
vt 0.8562500 0.7350000
vt 0.8725000 0.7350000
vt 0.8887500 0.7350000
vt 0.9050000 0.7350000
vt 0.9212500 0.7350000
vt 0.9375000 0.7350000
vt 0.9537500 0.7350000
vt 0.9700000 0.7350000
vt 0.7750000 0.4050000
vt 0.7912500 0.4050000
vt 0.8075000 0.4050000
vt 0.8237500 0.4050000
vt 0.8400000 0.4050000
vt 0.8562500 0.4050000
vt 0.8725000 0.4050000
vt 0.8887500 0.4050000
vt 0.9050000 0.4050000
vt 0.9212500 0.4050000
vt 0.9375000 0.4050000
vt 0.9537500 0.4050000
vt 0.9700000 0.4050000
vt 0.7750000 0.4694000
vt 0.7912500 0.4694000
vt 0.8075000 0.4694000
vt 0.8237500 0.4694000
vt 0.8400000 0.4694000
vt 0.8562500 0.4694000
vt 0.8725000 0.4694000
vt 0.8887500 0.4694000
vt 0.9050000 0.4694000
vt 0.9212500 0.4694000
vt 0.9375000 0.4694000
vt 0.9537500 0.4694000
vt 0.9700000 0.4694000
vt 0.7750000 0.5450000
vt 0.7912500 0.5450000
vt 0.8075000 0.5450000
vt 0.8237500 0.5450000
vt 0.8400000 0.5450000
vt 0.8562500 0.5450000
vt 0.8725000 0.5450000
vt 0.8887500 0.5450000
vt 0.9050000 0.5450000
vt 0.9212500 0.5450000
vt 0.9375000 0.5450000
vt 0.9537500 0.5450000
vt 0.9700000 0.5450000
vt 0.8725000 0.5338000
vt 0.7750000 0.5900000
vt 0.7912500 0.5900000
vt 0.8075000 0.5900000
vt 0.8237500 0.5900000
vt 0.8400000 0.5900000
vt 0.8562500 0.5900000
vt 0.8725000 0.5900000
vt 0.8887500 0.5900000
vt 0.9050000 0.5900000
vt 0.9212500 0.5900000
vt 0.9375000 0.5900000
vt 0.9537500 0.5900000
vt 0.9700000 0.5900000
vt 0.7750000 0.6625000
vt 0.7912500 0.6625000
vt 0.8075000 0.6625000
vt 0.8237500 0.6625000
vt 0.8400000 0.6625000
vt 0.8562500 0.6625000
vt 0.8725000 0.6625000
vt 0.8887500 0.6625000
vt 0.9050000 0.6625000
vt 0.9212500 0.6625000
vt 0.9375000 0.6625000
vt 0.9537500 0.6625000
vt 0.9700000 0.6625000
vt 0.7750000 0.7350000
vt 0.7912500 0.7350000
vt 0.8075000 0.7350000
vt 0.8237500 0.7350000
vt 0.8400000 0.7350000
vt 0.8562500 0.7350000
vt 0.8725000 0.7350000
vt 0.8887500 0.7350000
vt 0.9050000 0.7350000
vt 0.9212500 0.7350000
vt 0.9375000 0.7350000
vt 0.9537500 0.7350000
vt 0.9700000 0.7350000
vt 0.7750000 0.4050000
vt 0.7912500 0.4050000
vt 0.8075000 0.4050000
vt 0.8237500 0.4050000
vt 0.8400000 0.4050000
vt 0.8562500 0.4050000
vt 0.8725000 0.4050000
vt 0.8887500 0.4050000
vt 0.9050000 0.4050000
vt 0.9212500 0.4050000
vt 0.9375000 0.4050000
vt 0.9537500 0.4050000
vt 0.9700000 0.4050000
vt 0.7750000 0.4694000
vt 0.7912500 0.4694000
vt 0.8075000 0.4694000
vt 0.8237500 0.4694000
vt 0.8400000 0.4694000
vt 0.8562500 0.4694000
vt 0.8725000 0.4694000
vt 0.8887500 0.4694000
vt 0.9050000 0.4694000
vt 0.9212500 0.4694000
vt 0.9375000 0.4694000
vt 0.9537500 0.4694000
vt 0.9700000 0.4694000
vt 0.7750000 0.5450000
vt 0.7912500 0.5450000
vt 0.8075000 0.5450000
vt 0.8237500 0.5450000
vt 0.8400000 0.5450000
vt 0.8562500 0.5450000
vt 0.8725000 0.5450000
vt 0.8887500 0.5450000
vt 0.9050000 0.5450000
vt 0.9212500 0.5450000
vt 0.9375000 0.5450000
vt 0.9537500 0.5450000
vt 0.9700000 0.5450000
vt 0.8725000 0.5338000
vt 0.7750000 0.5900000
vt 0.7912500 0.5900000
vt 0.8075000 0.5900000
vt 0.8237500 0.5900000
vt 0.8400000 0.5900000
vt 0.8562500 0.5900000
vt 0.8725000 0.5900000
vt 0.8887500 0.5900000
vt 0.9050000 0.5900000
vt 0.9212500 0.5900000
vt 0.9375000 0.5900000
vt 0.9537500 0.5900000
vt 0.9700000 0.5900000
vt 0.7750000 0.6625000
vt 0.7912500 0.6625000
vt 0.8075000 0.6625000
vt 0.8237500 0.6625000
vt 0.8400000 0.6625000
vt 0.8562500 0.6625000
vt 0.8725000 0.6625000
vt 0.8887500 0.6625000
vt 0.9050000 0.6625000
vt 0.9212500 0.6625000
vt 0.9375000 0.6625000
vt 0.9537500 0.6625000
vt 0.9700000 0.6625000
vt 0.7750000 0.7350000
vt 0.7912500 0.7350000
vt 0.8075000 0.7350000
vt 0.8237500 0.7350000
vt 0.8400000 0.7350000
vt 0.8562500 0.7350000
vt 0.8725000 0.7350000
vt 0.8887500 0.7350000
vt 0.9050000 0.7350000
vt 0.9212500 0.7350000
vt 0.9375000 0.7350000
vt 0.9537500 0.7350000
vt 0.9700000 0.7350000
vt 0.7750000 0.4050000
vt 0.7912500 0.4050000
vt 0.8075000 0.4050000
vt 0.8237500 0.4050000
vt 0.8400000 0.4050000
vt 0.8562500 0.4050000
vt 0.8725000 0.4050000
vt 0.8887500 0.4050000
vt 0.9050000 0.4050000
vt 0.9212500 0.4050000
vt 0.9375000 0.4050000
vt 0.9537500 0.4050000
vt 0.9700000 0.4050000
vt 0.7750000 0.4694000
vt 0.7912500 0.4694000
vt 0.8075000 0.4694000
vt 0.8237500 0.4694000
vt 0.8400000 0.4694000
vt 0.8562500 0.4694000
vt 0.8725000 0.4694000
vt 0.8887500 0.4694000
vt 0.9050000 0.4694000
vt 0.9212500 0.4694000
vt 0.9375000 0.4694000
vt 0.9537500 0.4694000
vt 0.9700000 0.4694000
vt 0.7750000 0.5450000
vt 0.7912500 0.5450000
vt 0.8075000 0.5450000
vt 0.8237500 0.5450000
vt 0.8400000 0.5450000
vt 0.8562500 0.5450000
vt 0.8725000 0.5450000
vt 0.8887500 0.5450000
vt 0.9050000 0.5450000
vt 0.9212500 0.5450000
vt 0.9375000 0.5450000
vt 0.9537500 0.5450000
vt 0.9700000 0.5450000
vt 0.8725000 0.5338000
vt 0.7750000 0.5900000
vt 0.7912500 0.5900000
vt 0.8075000 0.5900000
vt 0.8237500 0.5900000
vt 0.8400000 0.5900000
vt 0.8562500 0.5900000
vt 0.8725000 0.5900000
vt 0.8887500 0.5900000
vt 0.9050000 0.5900000
vt 0.9212500 0.5900000
vt 0.9375000 0.5900000
vt 0.9537500 0.5900000
vt 0.9700000 0.5900000
vt 0.7750000 0.6625000
vt 0.7912500 0.6625000
vt 0.8075000 0.6625000
vt 0.8237500 0.6625000
vt 0.8400000 0.6625000
vt 0.8562500 0.6625000
vt 0.8725000 0.6625000
vt 0.8887500 0.6625000
vt 0.9050000 0.6625000
vt 0.9212500 0.6625000
vt 0.9375000 0.6625000
vt 0.9537500 0.6625000
vt 0.9700000 0.6625000
vt 0.7750000 0.7350000
vt 0.7912500 0.7350000
vt 0.8075000 0.7350000
vt 0.8237500 0.7350000
vt 0.8400000 0.7350000
vt 0.8562500 0.7350000
vt 0.8725000 0.7350000
vt 0.8887500 0.7350000
vt 0.9050000 0.7350000
vt 0.9212500 0.7350000
vt 0.9375000 0.7350000
vt 0.9537500 0.7350000
vt 0.9700000 0.7350000
vt 0.7750000 0.4050000
vt 0.7912500 0.4050000
vt 0.8075000 0.4050000
vt 0.8237500 0.4050000
vt 0.8400000 0.4050000
vt 0.8562500 0.4050000
vt 0.8725000 0.4050000
vt 0.8887500 0.4050000
vt 0.9050000 0.4050000
vt 0.9212500 0.4050000
vt 0.9375000 0.4050000
vt 0.9537500 0.4050000
vt 0.9700000 0.4050000
vt 0.7750000 0.4694000
vt 0.7912500 0.4694000
vt 0.8075000 0.4694000
vt 0.8237500 0.4694000
vt 0.8400000 0.4694000
vt 0.8562500 0.4694000
vt 0.8725000 0.4694000
vt 0.8887500 0.4694000
vt 0.9050000 0.4694000
vt 0.9212500 0.4694000
vt 0.9375000 0.4694000
vt 0.9537500 0.4694000
vt 0.9700000 0.4694000
vt 0.7750000 0.5450000
vt 0.7912500 0.5450000
vt 0.8075000 0.5450000
vt 0.8237500 0.5450000
vt 0.8400000 0.5450000
vt 0.8562500 0.5450000
vt 0.8725000 0.5450000
vt 0.8887500 0.5450000
vt 0.9050000 0.5450000
vt 0.9212500 0.5450000
vt 0.9375000 0.5450000
vt 0.9537500 0.5450000
vt 0.9700000 0.5450000
vt 0.8725000 0.5338000
vt 0.7750000 0.5900000
vt 0.7912500 0.5900000
vt 0.8075000 0.5900000
vt 0.8237500 0.5900000
vt 0.8400000 0.5900000
vt 0.8562500 0.5900000
vt 0.8725000 0.5900000
vt 0.8887500 0.5900000
vt 0.9050000 0.5900000
vt 0.9212500 0.5900000
vt 0.9375000 0.5900000
vt 0.9537500 0.5900000
vt 0.9700000 0.5900000
vt 0.7750000 0.6625000
vt 0.7912500 0.6625000
vt 0.8075000 0.6625000
vt 0.8237500 0.6625000
vt 0.8400000 0.6625000
vt 0.8562500 0.6625000
vt 0.8725000 0.6625000
vt 0.8887500 0.6625000
vt 0.9050000 0.6625000
vt 0.9212500 0.6625000
vt 0.9375000 0.6625000
vt 0.9537500 0.6625000
vt 0.9700000 0.6625000
vt 0.7750000 0.7350000
vt 0.7912500 0.7350000
vt 0.8075000 0.7350000
vt 0.8237500 0.7350000
vt 0.8400000 0.7350000
vt 0.8562500 0.7350000
vt 0.8725000 0.7350000
vt 0.8887500 0.7350000
vt 0.9050000 0.7350000
vt 0.9212500 0.7350000
vt 0.9375000 0.7350000
vt 0.9537500 0.7350000
vt 0.9700000 0.7350000
vt 0.7750000 0.4050000
vt 0.7912500 0.4050000
vt 0.8075000 0.4050000
vt 0.8237500 0.4050000
vt 0.8400000 0.4050000
vt 0.8562500 0.4050000
vt 0.8725000 0.4050000
vt 0.8887500 0.4050000
vt 0.9050000 0.4050000
vt 0.9212500 0.4050000
vt 0.9375000 0.4050000
vt 0.9537500 0.4050000
vt 0.9700000 0.4050000
vt 0.7750000 0.4694000
vt 0.7912500 0.4694000
vt 0.8075000 0.4694000
vt 0.8237500 0.4694000
vt 0.8400000 0.4694000
vt 0.8562500 0.4694000
vt 0.8725000 0.4694000
vt 0.8887500 0.4694000
vt 0.9050000 0.4694000
vt 0.9212500 0.4694000
vt 0.9375000 0.4694000
vt 0.9537500 0.4694000
vt 0.9700000 0.4694000
vt 0.7750000 0.5450000
vt 0.7912500 0.5450000
vt 0.8075000 0.5450000
vt 0.8237500 0.5450000
vt 0.8400000 0.5450000
vt 0.8562500 0.5450000
vt 0.8725000 0.5450000
vt 0.8887500 0.5450000
vt 0.9050000 0.5450000
vt 0.9212500 0.5450000
vt 0.9375000 0.5450000
vt 0.9537500 0.5450000
vt 0.9700000 0.5450000
vt 0.8725000 0.5338000
vt 0.7750000 0.5900000
vt 0.7912500 0.5900000
vt 0.8075000 0.5900000
vt 0.8237500 0.5900000
vt 0.8400000 0.5900000
vt 0.8562500 0.5900000
vt 0.8725000 0.5900000
vt 0.8887500 0.5900000
vt 0.9050000 0.5900000
vt 0.9212500 0.5900000
vt 0.9375000 0.5900000
vt 0.9537500 0.5900000
vt 0.9700000 0.5900000
vt 0.7750000 0.6625000
vt 0.7912500 0.6625000
vt 0.8075000 0.6625000
vt 0.8237500 0.6625000
vt 0.8400000 0.6625000
vt 0.8562500 0.6625000
vt 0.8725000 0.6625000
vt 0.8887500 0.6625000
vt 0.9050000 0.6625000
vt 0.9212500 0.6625000
vt 0.9375000 0.6625000
vt 0.9537500 0.6625000
vt 0.9700000 0.6625000
vt 0.7750000 0.7350000
vt 0.7912500 0.7350000
vt 0.8075000 0.7350000
vt 0.8237500 0.7350000
vt 0.8400000 0.7350000
vt 0.8562500 0.7350000
vt 0.8725000 0.7350000
vt 0.8887500 0.7350000
vt 0.9050000 0.7350000
vt 0.9212500 0.7350000
vt 0.9375000 0.7350000
vt 0.9537500 0.7350000
vt 0.9700000 0.7350000
vt 0.7750000 0.4050000
vt 0.7912500 0.4050000
vt 0.8075000 0.4050000
vt 0.8237500 0.4050000
vt 0.8400000 0.4050000
vt 0.8562500 0.4050000
vt 0.8725000 0.4050000
vt 0.8887500 0.4050000
vt 0.9050000 0.4050000
vt 0.9212500 0.4050000
vt 0.9375000 0.4050000
vt 0.9537500 0.4050000
vt 0.9700000 0.4050000
vt 0.7750000 0.4694000
vt 0.7912500 0.4694000
vt 0.8075000 0.4694000
vt 0.8237500 0.4694000
vt 0.8400000 0.4694000
vt 0.8562500 0.4694000
vt 0.8725000 0.4694000
vt 0.8887500 0.4694000
vt 0.9050000 0.4694000
vt 0.9212500 0.4694000
vt 0.9375000 0.4694000
vt 0.9537500 0.4694000
vt 0.9700000 0.4694000
vt 0.7750000 0.5450000
vt 0.7912500 0.5450000
vt 0.8075000 0.5450000
vt 0.8237500 0.5450000
vt 0.8400000 0.5450000
vt 0.8562500 0.5450000
vt 0.8725000 0.5450000
vt 0.8887500 0.5450000
vt 0.9050000 0.5450000
vt 0.9212500 0.5450000
vt 0.9375000 0.5450000
vt 0.9537500 0.5450000
vt 0.9700000 0.5450000
vt 0.8725000 0.5338000
vt 0.7750000 0.5900000
vt 0.7912500 0.5900000
vt 0.8075000 0.5900000
vt 0.8237500 0.5900000
vt 0.8400000 0.5900000
vt 0.8562500 0.5900000
vt 0.8725000 0.5900000
vt 0.8887500 0.5900000
vt 0.9050000 0.5900000
vt 0.9212500 0.5900000
vt 0.9375000 0.5900000
vt 0.9537500 0.5900000
vt 0.9700000 0.5900000
vt 0.7750000 0.6625000
vt 0.7912500 0.6625000
vt 0.8075000 0.6625000
vt 0.8237500 0.6625000
vt 0.8400000 0.6625000
vt 0.8562500 0.6625000
vt 0.8725000 0.6625000
vt 0.8887500 0.6625000
vt 0.9050000 0.6625000
vt 0.9212500 0.6625000
vt 0.9375000 0.6625000
vt 0.9537500 0.6625000
vt 0.9700000 0.6625000
vt 0.7750000 0.7350000
vt 0.7912500 0.7350000
vt 0.8075000 0.7350000
vt 0.8237500 0.7350000
vt 0.8400000 0.7350000
vt 0.8562500 0.7350000
vt 0.8725000 0.7350000
vt 0.8887500 0.7350000
vt 0.9050000 0.7350000
vt 0.9212500 0.7350000
vt 0.9375000 0.7350000
vt 0.9537500 0.7350000
vt 0.9700000 0.7350000
vt 0.7750000 0.4050000
vt 0.7912500 0.4050000
vt 0.8075000 0.4050000
vt 0.8237500 0.4050000
vt 0.8400000 0.4050000
vt 0.8562500 0.4050000
vt 0.8725000 0.4050000
vt 0.8887500 0.4050000
vt 0.9050000 0.4050000
vt 0.9212500 0.4050000
vt 0.9375000 0.4050000
vt 0.9537500 0.4050000
vt 0.9700000 0.4050000
vt 0.7750000 0.4694000
vt 0.7912500 0.4694000
vt 0.8075000 0.4694000
vt 0.8237500 0.4694000
vt 0.8400000 0.4694000
vt 0.8562500 0.4694000
vt 0.8725000 0.4694000
vt 0.8887500 0.4694000
vt 0.9050000 0.4694000
vt 0.9212500 0.4694000
vt 0.9375000 0.4694000
vt 0.9537500 0.4694000
vt 0.9700000 0.4694000
vt 0.7750000 0.5450000
vt 0.7912500 0.5450000
vt 0.8075000 0.5450000
vt 0.8237500 0.5450000
vt 0.8400000 0.5450000
vt 0.8562500 0.5450000
vt 0.8725000 0.5450000
vt 0.8887500 0.5450000
vt 0.9050000 0.5450000
vt 0.9212500 0.5450000
vt 0.9375000 0.5450000
vt 0.9537500 0.5450000
vt 0.9700000 0.5450000
vt 0.8725000 0.5338000
vt 0.7750000 0.5900000
vt 0.7912500 0.5900000
vt 0.8075000 0.5900000
vt 0.8237500 0.5900000
vt 0.8400000 0.5900000
vt 0.8562500 0.5900000
vt 0.8725000 0.5900000
vt 0.8887500 0.5900000
vt 0.9050000 0.5900000
vt 0.9212500 0.5900000
vt 0.9375000 0.5900000
vt 0.9537500 0.5900000
vt 0.9700000 0.5900000
vt 0.7750000 0.6625000
vt 0.7912500 0.6625000
vt 0.8075000 0.6625000
vt 0.8237500 0.6625000
vt 0.8400000 0.6625000
vt 0.8562500 0.6625000
vt 0.8725000 0.6625000
vt 0.8887500 0.6625000
vt 0.9050000 0.6625000
vt 0.9212500 0.6625000
vt 0.9375000 0.6625000
vt 0.9537500 0.6625000
vt 0.9700000 0.6625000
vt 0.7750000 0.7350000
vt 0.7912500 0.7350000
vt 0.8075000 0.7350000
vt 0.8237500 0.7350000
vt 0.8400000 0.7350000
vt 0.8562500 0.7350000
vt 0.8725000 0.7350000
vt 0.8887500 0.7350000
vt 0.9050000 0.7350000
vt 0.9212500 0.7350000
vt 0.9375000 0.7350000
vt 0.9537500 0.7350000
vt 0.9700000 0.7350000
vt 0.7750000 0.4050000
vt 0.7912500 0.4050000
vt 0.8075000 0.4050000
vt 0.8237500 0.4050000
vt 0.8400000 0.4050000
vt 0.8562500 0.4050000
vt 0.8725000 0.4050000
vt 0.8887500 0.4050000
vt 0.9050000 0.4050000
vt 0.9212500 0.4050000
vt 0.9375000 0.4050000
vt 0.9537500 0.4050000
vt 0.9700000 0.4050000
vt 0.7750000 0.4694000
vt 0.7912500 0.4694000
vt 0.8075000 0.4694000
vt 0.8237500 0.4694000
vt 0.8400000 0.4694000
vt 0.8562500 0.4694000
vt 0.8725000 0.4694000
vt 0.8887500 0.4694000
vt 0.9050000 0.4694000
vt 0.9212500 0.4694000
vt 0.9375000 0.4694000
vt 0.9537500 0.4694000
vt 0.9700000 0.4694000
vt 0.7750000 0.5450000
vt 0.7912500 0.5450000
vt 0.8075000 0.5450000
vt 0.8237500 0.5450000
vt 0.8400000 0.5450000
vt 0.8562500 0.5450000
vt 0.8725000 0.5450000
vt 0.8887500 0.5450000
vt 0.9050000 0.5450000
vt 0.9212500 0.5450000
vt 0.9375000 0.5450000
vt 0.9537500 0.5450000
vt 0.9700000 0.5450000
vt 0.8725000 0.5338000
vt 0.7750000 0.5900000
vt 0.7912500 0.5900000
vt 0.8075000 0.5900000
vt 0.8237500 0.5900000
vt 0.8400000 0.5900000
vt 0.8562500 0.5900000
vt 0.8725000 0.5900000
vt 0.8887500 0.5900000
vt 0.9050000 0.5900000
vt 0.9212500 0.5900000
vt 0.9375000 0.5900000
vt 0.9537500 0.5900000
vt 0.9700000 0.5900000
vt 0.7750000 0.6625000
vt 0.7912500 0.6625000
vt 0.8075000 0.6625000
vt 0.8237500 0.6625000
vt 0.8400000 0.6625000
vt 0.8562500 0.6625000
vt 0.8725000 0.6625000
vt 0.8887500 0.6625000
vt 0.9050000 0.6625000
vt 0.9212500 0.6625000
vt 0.9375000 0.6625000
vt 0.9537500 0.6625000
vt 0.9700000 0.6625000
vt 0.7750000 0.7350000
vt 0.7912500 0.7350000
vt 0.8075000 0.7350000
vt 0.8237500 0.7350000
vt 0.8400000 0.7350000
vt 0.8562500 0.7350000
vt 0.8725000 0.7350000
vt 0.8887500 0.7350000
vt 0.9050000 0.7350000
vt 0.9212500 0.7350000
vt 0.9375000 0.7350000
vt 0.9537500 0.7350000
vt 0.9700000 0.7350000
vt 0.7750000 0.4050000
vt 0.7912500 0.4050000
vt 0.8075000 0.4050000
vt 0.8237500 0.4050000
vt 0.8400000 0.4050000
vt 0.8562500 0.4050000
vt 0.8725000 0.4050000
vt 0.8887500 0.4050000
vt 0.9050000 0.4050000
vt 0.9212500 0.4050000
vt 0.9375000 0.4050000
vt 0.9537500 0.4050000
vt 0.9700000 0.4050000
vt 0.7750000 0.4694000
vt 0.7912500 0.4694000
vt 0.8075000 0.4694000
vt 0.8237500 0.4694000
vt 0.8400000 0.4694000
vt 0.8562500 0.4694000
vt 0.8725000 0.4694000
vt 0.8887500 0.4694000
vt 0.9050000 0.4694000
vt 0.9212500 0.4694000
vt 0.9375000 0.4694000
vt 0.9537500 0.4694000
vt 0.9700000 0.4694000
vt 0.7750000 0.5450000
vt 0.7912500 0.5450000
vt 0.8075000 0.5450000
vt 0.8237500 0.5450000
vt 0.8400000 0.5450000
vt 0.8562500 0.5450000
vt 0.8725000 0.5450000
vt 0.8887500 0.5450000
vt 0.9050000 0.5450000
vt 0.9212500 0.5450000
vt 0.9375000 0.5450000
vt 0.9537500 0.5450000
vt 0.9700000 0.5450000
vt 0.8725000 0.5338000
vt 0.7750000 0.5900000
vt 0.7912500 0.5900000
vt 0.8075000 0.5900000
vt 0.8237500 0.5900000
vt 0.8400000 0.5900000
vt 0.8562500 0.5900000
vt 0.8725000 0.5900000
vt 0.8887500 0.5900000
vt 0.9050000 0.5900000
vt 0.9212500 0.5900000
vt 0.9375000 0.5900000
vt 0.9537500 0.5900000
vt 0.9700000 0.5900000
vt 0.7750000 0.6625000
vt 0.7912500 0.6625000
vt 0.8075000 0.6625000
vt 0.8237500 0.6625000
vt 0.8400000 0.6625000
vt 0.8562500 0.6625000
vt 0.8725000 0.6625000
vt 0.8887500 0.6625000
vt 0.9050000 0.6625000
vt 0.9212500 0.6625000
vt 0.9375000 0.6625000
vt 0.9537500 0.6625000
vt 0.9700000 0.6625000
vt 0.7750000 0.7350000
vt 0.7912500 0.7350000
vt 0.8075000 0.7350000
vt 0.8237500 0.7350000
vt 0.8400000 0.7350000
vt 0.8562500 0.7350000
vt 0.8725000 0.7350000
vt 0.8887500 0.7350000
vt 0.9050000 0.7350000
vt 0.9212500 0.7350000
vt 0.9375000 0.7350000
vt 0.9537500 0.7350000
vt 0.9700000 0.7350000
vt 0.7750000 0.4050000
vt 0.7912500 0.4050000
vt 0.8075000 0.4050000
vt 0.8237500 0.4050000
vt 0.8400000 0.4050000
vt 0.8562500 0.4050000
vt 0.8725000 0.4050000
vt 0.8887500 0.4050000
vt 0.9050000 0.4050000
vt 0.9212500 0.4050000
vt 0.9375000 0.4050000
vt 0.9537500 0.4050000
vt 0.9700000 0.4050000
vt 0.7750000 0.4694000
vt 0.7912500 0.4694000
vt 0.8075000 0.4694000
vt 0.8237500 0.4694000
vt 0.8400000 0.4694000
vt 0.8562500 0.4694000
vt 0.8725000 0.4694000
vt 0.8887500 0.4694000
vt 0.9050000 0.4694000
vt 0.9212500 0.4694000
vt 0.9375000 0.4694000
vt 0.9537500 0.4694000
vt 0.9700000 0.4694000
vt 0.7750000 0.5450000
vt 0.7912500 0.5450000
vt 0.8075000 0.5450000
vt 0.8237500 0.5450000
vt 0.8400000 0.5450000
vt 0.8562500 0.5450000
vt 0.8725000 0.5450000
vt 0.8887500 0.5450000
vt 0.9050000 0.5450000
vt 0.9212500 0.5450000
vt 0.9375000 0.5450000
vt 0.9537500 0.5450000
vt 0.9700000 0.5450000
vt 0.8725000 0.5338000
vt 0.7750000 0.5900000
vt 0.7912500 0.5900000
vt 0.8075000 0.5900000
vt 0.8237500 0.5900000
vt 0.8400000 0.5900000
vt 0.8562500 0.5900000
vt 0.8725000 0.5900000
vt 0.8887500 0.5900000
vt 0.9050000 0.5900000
vt 0.9212500 0.5900000
vt 0.9375000 0.5900000
vt 0.9537500 0.5900000
vt 0.9700000 0.5900000
vt 0.7750000 0.6625000
vt 0.7912500 0.6625000
vt 0.8075000 0.6625000
vt 0.8237500 0.6625000
vt 0.8400000 0.6625000
vt 0.8562500 0.6625000
vt 0.8725000 0.6625000
vt 0.8887500 0.6625000
vt 0.9050000 0.6625000
vt 0.9212500 0.6625000
vt 0.9375000 0.6625000
vt 0.9537500 0.6625000
vt 0.9700000 0.6625000
vt 0.7750000 0.7350000
vt 0.7912500 0.7350000
vt 0.8075000 0.7350000
vt 0.8237500 0.7350000
vt 0.8400000 0.7350000
vt 0.8562500 0.7350000
vt 0.8725000 0.7350000
vt 0.8887500 0.7350000
vt 0.9050000 0.7350000
vt 0.9212500 0.7350000
vt 0.9375000 0.7350000
vt 0.9537500 0.7350000
vt 0.9700000 0.7350000
vt 0.7750000 0.4050000
vt 0.7912500 0.4050000
vt 0.8075000 0.4050000
vt 0.8237500 0.4050000
vt 0.8400000 0.4050000
vt 0.8562500 0.4050000
vt 0.8725000 0.4050000
vt 0.8887500 0.4050000
vt 0.9050000 0.4050000
vt 0.9212500 0.4050000
vt 0.9375000 0.4050000
vt 0.9537500 0.4050000
vt 0.9700000 0.4050000
vt 0.7750000 0.4694000
vt 0.7912500 0.4694000
vt 0.8075000 0.4694000
vt 0.8237500 0.4694000
vt 0.8400000 0.4694000
vt 0.8562500 0.4694000
vt 0.8725000 0.4694000
vt 0.8887500 0.4694000
vt 0.9050000 0.4694000
vt 0.9212500 0.4694000
vt 0.9375000 0.4694000
vt 0.9537500 0.4694000
vt 0.9700000 0.4694000
vt 0.7750000 0.5450000
vt 0.7912500 0.5450000
vt 0.8075000 0.5450000
vt 0.8237500 0.5450000
vt 0.8400000 0.5450000
vt 0.8562500 0.5450000
vt 0.8725000 0.5450000
vt 0.8887500 0.5450000
vt 0.9050000 0.5450000
vt 0.9212500 0.5450000
vt 0.9375000 0.5450000
vt 0.9537500 0.5450000
vt 0.9700000 0.5450000
vt 0.8725000 0.5338000

vn -0.9989015 0.0000000 -0.0468583
vn -0.9506991 -0.3086687 -0.0299130
vn -0.8094357 -0.5871227 -0.0100396
vn -0.5889390 -0.8081051 0.0108166
vn -0.3107929 -0.9499845 0.0306139
vn -0.0022242 -0.9988728 0.0474146
vn 0.3065622 -0.9499845 0.0595740
vn 0.5853402 -0.8081051 0.0659018
vn 0.8068210 -0.5871227 0.0657788
vn 0.9493245 -0.3086687 0.0592168
vn 0.9989015 -0.0000000 0.0468583
vn 0.9506991 0.3086687 0.0299130
vn 0.8094357 0.5871227 0.0100396
vn 0.5889390 0.8081051 -0.0108166
vn 0.3107929 0.9499845 -0.0306139
vn 0.0022242 0.9988728 -0.0474146
vn -0.3065622 0.9499845 -0.0595740
vn -0.5853402 0.8081051 -0.0659018
vn -0.8068210 0.5871227 -0.0657788
vn -0.9493245 0.3086687 -0.0592168
vn -0.9989015 0.0000000 -0.0468583
vn -0.9996023 0.0008345 -0.0281891
vn -0.9512997 -0.3079534 -0.0139111
vn -0.8098774 -0.5865967 0.0017285
vn -0.5891786 -0.8078198 0.0171990
vn -0.3108069 -0.9499679 0.0309859
vn -0.0020112 -0.9991265 0.0417397
vn 0.3069813 -0.9504837 0.0484077
vn 0.5859244 -0.8088008 0.0503372
vn 0.8075131 -0.5879470 0.0473394
vn 0.9500567 -0.3095408 0.0397077
vn 0.9996023 -0.0008345 0.0281891
vn 0.9512997 0.3079534 0.0139111
vn 0.8098774 0.5865967 -0.0017285
vn 0.5891786 0.8078198 -0.0171990
vn 0.3108069 0.9499679 -0.0309859
vn 0.0020112 0.9991265 -0.0417397
vn -0.3069813 0.9504837 -0.0484077
vn -0.5859244 0.8088008 -0.0503372
vn -0.8075131 0.5879470 -0.0473394
vn -0.9500567 0.3095408 -0.0397077
vn -0.9996023 0.0008345 -0.0281891
vn -0.9999690 0.0021271 0.0075829
vn -0.9516127 -0.3068502 0.0166183
vn -0.8101060 -0.5857909 0.0240269
vn -0.5893004 -0.8073903 0.0290836
vn -0.3108100 -0.9499568 0.0312934
vn -0.0018954 -0.9995348 0.0304400
vn 0.3072048 -0.9512714 0.0266069
vn 0.5862336 -0.8098909 0.0201693
vn 0.8078778 -0.5892327 0.0117574
vn 0.9504413 -0.3108963 0.0021947
vn 0.9999690 -0.0021271 -0.0075829
vn 0.9516127 0.3068502 -0.0166183
vn 0.8101060 0.5857909 -0.0240269
vn 0.5893004 0.8073903 -0.0290836
vn 0.3108100 0.9499568 -0.0312934
vn 0.0018954 0.9995348 -0.0304400
vn -0.3072048 0.9512714 -0.0266069
vn -0.5862336 0.8098909 -0.0201693
vn -0.8078778 0.5892327 -0.0117574
vn -0.9504413 0.3108963 -0.0021947
vn -0.9999690 0.0021271 0.0075829
vn -0.9991798 0.0029400 0.0403878
vn -0.9509457 -0.3061632 0.0443445
vn -0.8096264 -0.5852970 0.0439604
vn -0.5890553 -0.8071378 0.0392732
vn -0.3108233 -0.9499704 0.0307417
vn -0.0021658 -0.9998133 0.0192009
vn 0.3067038 -0.9517875 0.0057807
vn 0.5855510 -0.8105941 -0.0082055
vn 0.8070804 -0.5900540 -0.0213884
vn 0.9496072 -0.3117554 -0.0324776
vn 0.9991798 -0.0029400 -0.0403878
vn 0.9509457 0.3061632 -0.0443445
vn 0.8096264 0.5852970 -0.0439604
vn 0.5890553 0.8071378 -0.0392732
vn 0.3108233 0.9499704 -0.0307417
vn 0.0021658 0.9998133 -0.0192009
vn -0.3067038 0.9517875 -0.0057807
vn -0.5855510 0.8105941 0.0082055
vn -0.8070804 0.5900540 0.0213884
vn -0.9496072 0.3117554 0.0324776
vn -0.9991798 0.0029400 0.0403878
vn -0.9975241 0.0033426 0.0702462
vn -0.9495624 -0.3058268 0.0692911
vn -0.8086509 -0.5850598 0.0615533
vn -0.5885830 -0.8070230 0.0477903
vn -0.3109005 -0.9499892 0.0293492
vn -0.0027849 -0.9999638 0.0080352
vn 0.3056033 -0.9520550 -0.0140653
vn 0.5840769 -0.8109525 -0.0347891
vn 0.8053770 -0.5904682 -0.0521074
vn 0.9478412 -0.3121848 -0.0643251
vn 0.9975241 -0.0033426 -0.0702462
vn 0.9495624 0.3058268 -0.0692911
vn 0.8086509 0.5850598 -0.0615533
vn 0.5885830 0.8070230 -0.0477903
vn 0.3109005 0.9499892 -0.0293492
vn 0.0027849 0.9999638 -0.0080352
vn -0.3056033 0.9520550 0.0140653
vn -0.5840769 0.8109525 0.0347891
vn -0.8053770 0.5904682 0.0521074
vn -0.9478412 0.3121848 0.0643251
vn -0.9975241 0.0033426 0.0702462
vn -0.9952576 0.0034024 0.0972148
vn -0.9476948 -0.3057776 0.0915130
vn -0.8073650 -0.5850259 0.0768532
vn -0.5880048 -0.8070078 0.0546705
vn -0.3110865 -0.9499941 0.0271363
vn -0.0037169 -0.9999884 -0.0030543
vn 0.3040165 -0.9520969 -0.0329458
vn 0.5819907 -0.8110075 -0.0596124
vn 0.8029956 -0.5905310 -0.0804437
vn 0.9453976 -0.3122493 -0.0934006
vn 0.9952576 -0.0034024 -0.0972148
vn 0.9476948 0.3057776 -0.0915130
vn 0.8073650 0.5850259 -0.0768532
vn 0.5880048 0.8070078 -0.0546705
vn 0.3110865 0.9499941 -0.0271363
vn 0.0037169 0.9999884 0.0030543
vn -0.3040165 0.9520969 0.0329458
vn -0.5819907 0.8110075 0.0596124
vn -0.8029956 0.5905310 0.0804437
vn -0.9453976 0.3122493 0.0934006
vn -0.9952576 0.0034024 0.0972148
vn -0.9926017 0.0031840 0.1213742
vn -0.9455432 -0.3059545 0.1110850
vn -0.8059284 -0.5851440 0.0899220
vn -0.5874236 -0.8070555 0.0599568
vn -0.3114178 -0.9499669 0.0241227
vn -0.0049282 -0.9998888 -0.0140728
vn 0.3020438 -0.9519347 -0.0508907
vn 0.5794497 -0.8107986 -0.0827271
vn 0.8001349 -0.5902958 -0.1064656
vn 0.9424974 -0.3120108 -0.1197824
vn 0.9926017 -0.0031840 -0.1213742
vn 0.9455432 0.3059545 -0.1110850
vn 0.8059284 0.5851440 -0.0899220
vn 0.5874236 0.8070555 -0.0599568
vn 0.3114178 0.9499669 -0.0241227
vn 0.0049282 0.9998888 0.0140728
vn -0.3020438 0.9519347 0.0508907
vn -0.5794497 0.8107986 0.0827271
vn -0.8001349 0.5902958 0.1064656
vn -0.9424974 0.3120108 0.1197824
vn -0.9926017 0.0031840 0.1213742
vn -0.9897451 0.0027484 0.1428184
vn -0.9432776 -0.3062999 0.1280929
vn -0.8044755 -0.5853655 0.1008288
vn -0.5869257 -0.8071315 0.0636948
vn -0.3119235 -0.9498898 0.0203260
vn -0.0063881 -0.9996662 -0.0250325
vn 0.2997726 -0.9515884 -0.0679407
vn 0.5765895 -0.8103625 -0.1041983
vn 0.7969657 -0.5898126 -0.1302563
vn 0.9393295 -0.3115278 -0.1435639
vn 0.9897451 -0.0027484 -0.1428184
vn 0.9432776 0.3062999 -0.1280929
vn 0.8044755 0.5853655 -0.1008288
vn 0.5869257 0.8071315 -0.0636948
vn 0.3119235 0.9498898 -0.0203260
vn 0.0063881 0.9996662 0.0250325
vn -0.2997726 0.9515884 0.0679407
vn -0.5765895 0.8103625 0.1041983
vn -0.7969657 0.5898126 0.1302563
vn -0.9393295 0.3115278 0.1435639
vn -0.9897451 0.0027484 0.1428184
vn -0.9868462 0.0021531 0.1616474
vn -0.9410400 -0.3067595 0.1426263
vn -0.8031183 -0.5856443 0.1096439
vn -0.5865817 -0.8072021 0.0659288
vn -0.3126265 -0.9497454 0.0157601
vn -0.0080692 -0.9993210 -0.0359512
vn 0.2972780 -0.9510761 -0.0841434
vn 0.5735256 -0.8097332 -0.1240991
vn 0.7936324 -0.5891280 -0.1519071
vn 0.9360530 -0.3108548 -0.1648453
vn 0.9868462 -0.0021531 -0.1616474
vn 0.9410400 0.3067595 -0.1426263
vn 0.8031183 0.5856443 -0.1096439
vn 0.5865817 0.8072021 -0.0659288
vn 0.3126265 0.9497454 -0.0157601
vn 0.0080692 0.9993210 0.0359512
vn -0.2972780 0.9510761 0.0841434
vn -0.5735256 0.8097332 0.1240991
vn -0.7936324 0.5891280 0.1519071
vn -0.9360530 0.3108548 0.1648453
vn -0.9868462 0.0021531 0.1616474
vn -0.9840366 0.0014517 0.1779604
vn -0.9389480 -0.3072817 0.1547725
vn -0.8019487 -0.5859362 0.1164345
vn -0.5864491 -0.8072352 0.0666991
vn -0.3135437 -0.9495164 0.0104346
vn -0.0099465 -0.9988524 -0.0468512
vn 0.2946243 -0.9504137 -0.0995509
vn 0.5703553 -0.8089418 -0.1425059
vn 0.7902559 -0.5882852 -0.1715114
vn 0.9328008 -0.3100430 -0.1837282
vn 0.9840366 -0.0014517 -0.1779604
vn 0.9389480 0.3072817 -0.1547725
vn 0.8019487 0.5859362 -0.1164345
vn 0.5864491 0.8072352 -0.0666991
vn 0.3135437 0.9495164 -0.0104346
vn 0.0099465 0.9988524 0.0468512
vn -0.2946243 0.9504137 0.0995509
vn -0.5703553 0.8089418 0.1425059
vn -0.7902559 0.5882852 0.1715114
vn -0.9328008 0.3100430 0.1837282
vn -0.9840366 0.0014517 0.1779604
vn -0.9814238 0.0006954 0.1918513
vn -0.9370971 -0.3078175 0.1646131
vn -0.8010408 -0.5861990 0.1212614
vn -0.5865731 -0.8071993 0.0660397
vn -0.3146875 -0.9491853 0.0043537
vn -0.0119981 -0.9982585 -0.0577585
vn 0.2918657 -0.9496151 -0.1142170
vn 0.5671597 -0.8080168 -0.1594950
vn 0.7869362 -0.5873242 -0.1891606
vn 0.9296818 -0.3091402 -0.2003098
vn 0.9814238 -0.0006954 -0.1918513
vn 0.9370971 0.3078175 -0.1646131
vn 0.8010408 0.5861990 -0.1212614
vn 0.5865731 0.8071993 -0.0660397
vn 0.3146875 0.9491853 -0.0043537
vn 0.0119981 0.9982585 0.0577585
vn -0.2918657 0.9496151 0.1142170
vn -0.5671597 0.8080168 0.1594950
vn -0.7869362 0.5873242 0.1891606
vn -0.9296818 0.3091402 0.2003098
vn -0.9814238 0.0006954 0.1918513
vn -0.9790946 -0.0000673 0.2034055
vn -0.9355636 -0.3083196 0.1722199
vn -0.8004532 -0.5863914 0.1241762
vn -0.5869889 -0.8070632 0.0639773
vn -0.3160659 -0.9487340 -0.0024842
vn -0.0142043 -0.9975361 -0.0687025
vn 0.2890478 -0.9486924 -0.1281957
vn 0.5640058 -0.8069841 -0.1751402
vn 0.7837551 -0.5862825 -0.2049408
vn 0.9267849 -0.3081916 -0.2146804
vn 0.9790946 0.0000673 -0.2034055
vn 0.9355636 0.3083196 -0.1722199
vn 0.8004532 0.5863914 -0.1241762
vn 0.5869889 0.8070632 -0.0639773
vn 0.3160659 0.9487340 0.0024842
vn 0.0142043 0.9975361 0.0687025
vn -0.2890478 0.9486924 0.1281957
vn -0.5640058 0.8069841 0.1751402
vn -0.7837551 0.5862825 0.2049408
vn -0.9267849 0.3081916 0.2146804
vn -0.9790946 -0.0000673 0.2034055
vn -0.9771179 -0.0007893 0.2126970
vn -0.9344077 -0.3087418 0.1776536
vn -0.8002311 -0.5864726 0.1252203
vn -0.5877223 -0.8067953 0.0605295
vn -0.3176832 -0.9481433 -0.0100863
vn -0.0165471 -0.9966804 -0.0797148
vn 0.2862088 -0.9476554 -0.1415403
vn 0.5609486 -0.8058674 -0.1895108
vn 0.7807788 -0.5851955 -0.2189307
vn 0.9241810 -0.3072405 -0.2269201
vn 0.9771179 0.0007893 -0.2126970
vn 0.9344077 0.3087418 -0.1776536
vn 0.8002311 0.5864726 -0.1252203
vn 0.5877223 0.8067953 -0.0605295
vn 0.3176832 0.9481433 0.0100863
vn 0.0165471 0.9966804 0.0797148
vn -0.2862088 0.9476554 0.1415403
vn -0.5609486 0.8058674 0.1895108
vn -0.7807788 0.5851955 0.2189307
vn -0.9241810 0.3072405 0.2269201
vn -0.9771179 -0.0007893 0.2126970
vn -0.9755469 -0.0014242 0.2197868
vn -0.9336746 -0.3090381 0.1809618
vn -0.8004078 -0.5864011 0.1244229
vn -0.5887915 -0.8063632 0.0557046
vn -0.3195401 -0.9473928 -0.0184664
vn -0.0190100 -0.9956850 -0.0908298
vn 0.2833810 -0.9465126 -0.1543021
vn 0.5580327 -0.8046889 -0.2026703
vn 0.7780602 -0.5840967 -0.2311997
vn 0.9219258 -0.3063291 -0.2370977
vn 0.9755469 0.0014242 -0.2197868
vn 0.9336746 0.3090381 -0.1809618
vn 0.8004078 0.5864011 -0.1244229
vn 0.5887915 0.8063632 -0.0557046
vn 0.3195401 0.9473928 0.0184664
vn 0.0190100 0.9956850 0.0908298
vn -0.2833810 0.9465126 0.1543021
vn -0.5580327 0.8046889 0.2026703
vn -0.7780602 0.5840967 0.2311997
vn -0.9219258 0.3063291 0.2370977
vn -0.9755469 -0.0014242 0.2197868
vn -0.9744210 -0.0019255 0.2247222
vn -0.9333972 -0.3091616 0.1821779
vn -0.8010060 -0.5861348 0.1218008
vn -0.5902067 -0.8057330 0.0495010
vn -0.3216339 -0.9464605 -0.0276443
vn -0.0215773 -0.9945418 -0.1020836
vn 0.2805914 -0.9452704 -0.1665302
vn 0.5552938 -0.8034694 -0.2146757
vn 0.7756403 -0.5830192 -0.2418073
vn 0.9200617 -0.3054990 -0.2452690
vn 0.9744210 0.0019255 -0.2247222
vn 0.9333972 0.3091616 -0.1821779
vn 0.8010060 0.5861348 -0.1218008
vn 0.5902067 0.8057330 -0.0495010
vn 0.3216339 0.9464605 0.0276443
vn 0.0215773 0.9945418 0.1020836
vn -0.2805914 0.9452704 0.1665302
vn -0.5552938 0.8034694 0.2146757
vn -0.7756403 0.5830192 0.2418073
vn -0.9200617 0.3054990 0.2452690
vn -0.9744210 -0.0019255 0.2247222
vn -0.9737673 -0.0022457 0.2275352
vn -0.9335963 -0.3090641 0.1813210
vn -0.8020385 -0.5856291 0.1173578
vn -0.5919715 -0.8048687 0.0419068
vn -0.3239582 -0.9453221 -0.0376463
vn -0.0242337 -0.9932408 -0.1135144
vn 0.2778630 -0.9439341 -0.1782708
vn 0.5527606 -0.8022287 -0.2255769
vn 0.7735501 -0.5819954 -0.2508019
vn 0.9186191 -0.3047925 -0.2514767
vn 0.9737673 0.0022457 -0.2275352
vn 0.9335963 0.3090641 -0.1813210
vn 0.8020385 0.5856291 -0.1173578
vn 0.5919715 0.8048687 -0.0419068
vn 0.3239582 0.9453221 0.0376463
vn 0.0242337 0.9932408 0.1135144
vn -0.2778630 0.9439341 0.1782708
vn -0.5527606 0.8022287 0.2255769
vn -0.7735501 0.5819954 0.2508019
vn -0.9186191 0.3047925 0.2514767
vn -0.9737673 -0.0022457 0.2275352
vn -0.9736014 -0.0023351 0.2282431
vn -0.9342820 -0.3086946 0.1783949
vn -0.8035087 -0.5848368 0.1110841
vn -0.5940823 -0.8037312 0.0328996
vn -0.3265030 -0.9439508 -0.0485053
vn -0.0269633 -0.9917698 -0.1251622
vn 0.2752157 -0.9425076 -0.1895673
vn 0.5504548 -0.8009861 -0.2354163
vn 0.7718114 -0.5810585 -0.2582210
vn 0.9176178 -0.3042529 -0.2557494
vn 0.9736014 0.0023351 -0.2282431
vn 0.9342820 0.3086946 -0.1783949
vn 0.8035087 0.5848368 -0.1110841
vn 0.5940823 0.8037312 -0.0328996
vn 0.3265030 0.9439508 0.0485053
vn 0.0269633 0.9917698 0.1251622
vn -0.2752157 0.9425076 0.1895673
vn -0.5504548 0.8009861 0.2354163
vn -0.7718114 0.5810585 0.2582210
vn -0.9176178 0.3042529 0.2557494
vn -0.9736014 -0.0023351 0.2282431
vn -0.9739279 -0.0021411 0.2268476
vn -0.9354535 -0.3079986 0.1733883
vn -0.8054105 -0.5837070 0.1029566
vn -0.5965282 -0.8022782 0.0224468
vn -0.3292536 -0.9423167 -0.0602603
vn -0.0297494 -0.9901147 -0.1370686
vn 0.2726670 -0.9409934 -0.2004598
vn 0.5483927 -0.7997611 -0.2442285
vn 0.7704380 -0.5802426 -0.2640905
vn 0.9170674 -0.3039259 -0.2581014
vn 0.9739279 0.0021411 -0.2268476
vn 0.9354535 0.3079986 -0.1733883
vn 0.8054105 0.5837070 -0.1029566
vn 0.5965282 0.8022782 -0.0224468
vn 0.3292536 0.9423167 0.0602603
vn 0.0297494 0.9901147 0.1370686
vn -0.2726670 0.9409934 0.2004598
vn -0.5483927 0.7997611 0.2442285
vn -0.7704380 0.5802426 0.2640905
vn -0.9170674 0.3039259 0.2581014
vn -0.9739279 -0.0021411 0.2268476
vn -0.9747404 -0.0016071 0.2233350
vn -0.9370990 -0.3069172 0.1662750
vn -0.8077277 -0.5821841 0.0929389
vn -0.5992904 -0.8004628 0.0105053
vn -0.3321904 -0.9403865 -0.0729566
vn -0.0325733 -0.9882587 -0.1492771
vn 0.2702323 -0.9393933 -0.2109852
vn 0.5465857 -0.7985735 -0.2520407
vn 0.7694355 -0.5795837 -0.2684246
vn 0.9169675 -0.3038603 -0.2585333
vn 0.9747404 0.0016071 -0.2233350
vn 0.9370990 0.3069172 -0.1662750
vn 0.8077277 0.5821841 -0.0929389
vn 0.5992904 0.8004628 -0.0105053
vn 0.3321904 0.9403865 0.0729566
vn 0.0325733 0.9882587 0.1492771
vn -0.2702323 0.9393933 0.2109852
vn -0.5465857 0.7985735 0.2520407
vn -0.7694355 0.5795837 0.2684246
vn -0.9169675 0.3038603 0.2585333
vn -0.9747404 -0.0016071 0.2233350
vn -0.9760207 -0.0006714 0.2176766
vn -0.9391944 -0.3053858 0.1570138
vn -0.8104333 -0.5802068 0.0809814
vn -0.6023412 -0.7982332 -0.0029780
vn -0.3352878 -0.9381229 -0.0866459
vn -0.0354141 -0.9861826 -0.1618323
vn 0.2679262 -0.9377079 -0.2211774
vn 0.5450400 -0.7974438 -0.2588721
vn 0.7688015 -0.5791204 -0.2712267
vn 0.9173073 -0.3041086 -0.2570316
vn 0.9760207 0.0006714 -0.2176766
vn 0.9391944 0.3053858 -0.1570138
vn 0.8104333 0.5802068 -0.0809814
vn 0.6023412 0.7982332 0.0029780
vn 0.3352878 0.9381229 0.0866459
vn 0.0354141 0.9861826 0.1618323
vn -0.2679262 0.9377079 0.2211774
vn -0.5450400 0.7974438 0.2588721
vn -0.7688015 0.5791204 0.2712267
vn -0.9173073 0.3041086 0.2570316
vn -0.9760207 -0.0006714 0.2176766
vn -0.9777378 0.0007336 0.2098292
vn -0.9417029 -0.3033331 0.1455494
vn -0.8134876 -0.5777075 0.0670222
vn -0.6056425 -0.7955318 -0.0180656
vn -0.3385128 -0.9354839 -0.1013849
vn -0.0382472 -0.9838644 -0.1747801
vn 0.2657624 -0.9359373 -0.2310665
vn 0.5437572 -0.7963942 -0.2647345
vn 0.7685254 -0.5788945 -0.2724885
vn 0.9180649 -0.3047285 -0.2535694
vn 0.9777378 -0.0007336 -0.2098292
vn 0.9417029 0.3033331 -0.1455494
vn 0.8134876 0.5777075 -0.0670222
vn 0.6056425 0.7955318 0.0180656
vn 0.3385128 0.9354839 0.1013849
vn 0.0382472 0.9838644 0.1747801
vn -0.2657624 0.9359373 0.2310665
vn -0.5437572 0.7963942 0.2647345
vn -0.7685254 0.5788945 0.2724885
vn -0.9180649 0.3047285 0.2535694
vn -0.9777378 0.0007336 0.2098292
vn -0.9798461 0.0026828 0.1997359
vn -0.9445722 -0.3006804 0.1318133
vn -0.8168369 -0.5746109 0.0509879
vn -0.6091440 -0.7922945 -0.0348286
vn -0.3418238 -0.9324228 -0.1172358
vn -0.0410435 -0.9812790 -0.1881672
vn 0.2637544 -0.9340809 -0.2406794
vn 0.5427342 -0.7954483 -0.2696323
vn 0.7685874 -0.5789518 -0.2721916
vn 0.9192059 -0.3057834 -0.2481070
vn 0.9798461 -0.0026828 -0.1997359
vn 0.9445722 0.3006804 -0.1318133
vn 0.8168369 0.5746109 -0.0509879
vn 0.6091440 0.7922945 0.0348286
vn 0.3418238 0.9324228 0.1172358
vn 0.0410435 0.9812790 0.1881672
vn -0.2637544 0.9340809 0.2406794
vn -0.5427342 0.7954483 0.2696323
vn -0.7685874 0.5789518 0.2721916
vn -0.9192059 0.3057834 0.2481070
vn -0.9798461 0.0026828 0.1997359
vn -0.9822834 0.0052590 0.1873278
vn -0.9477322 -0.2973403 0.1157255
vn -0.8204105 -0.5708337 0.0327951
vn -0.6127812 -0.7884500 -0.0533455
vn -0.3451686 -0.9288874 -0.1342642
vn -0.0437686 -0.9783987 -0.2020403
vn 0.2619159 -0.9321376 -0.2500392
vn 0.5419622 -0.7946323 -0.2735626
vn 0.7689574 -0.5793429 -0.2703077
vn 0.9206818 -0.3073434 -0.2405932
vn 0.9822834 -0.0052590 -0.1873278
vn 0.9477322 0.2973403 -0.1157255
vn 0.8204105 0.5708337 -0.0327951
vn 0.6127812 0.7884500 0.0533455
vn 0.3451686 0.9288874 0.1342642
vn 0.0437686 0.9783987 0.2020403
vn -0.2619159 0.9321376 0.2500392
vn -0.5419622 0.7946323 0.2735626
vn -0.7689574 0.5793429 0.2703077
vn -0.9206818 0.3073434 0.2405932
vn -0.9822834 0.0052590 0.1873278
vn -0.9849679 0.0085537 0.1725257
vn -0.9510926 -0.2932160 0.0971965
vn -0.8241178 -0.5662837 0.0123529
vn -0.6164726 -0.7839195 -0.0736998
vn -0.3484828 -0.9248199 -0.1525383
vn -0.0463811 -0.9751924 -0.2164453
vn 0.2602608 -0.9301063 -0.2591651
vn 0.5414265 -0.7939749 -0.2765160
vn 0.7695936 -0.5801238 -0.2667996
vn 0.9224276 -0.3094860 -0.2309670
vn 0.9849679 -0.0085537 -0.1725257
vn 0.9510926 0.2932160 -0.0971965
vn 0.8241178 0.5662837 -0.0123529
vn 0.6164726 0.7839195 0.0736998
vn 0.3484828 0.9248199 0.1525383
vn 0.0463811 0.9751924 0.2164453
vn -0.2602608 0.9301063 0.2591651
vn -0.5414265 0.7939749 0.2765160
vn -0.7695936 0.5801238 0.2667996
vn -0.9224276 0.3094860 0.2309670
vn -0.9849679 0.0085537 0.1725257
vn -0.9877950 0.0126678 0.1552433
vn -0.9545387 -0.2882012 0.0761306
vn -0.8278455 -0.5608591 -0.0104343
vn -0.6201170 -0.7786162 -0.0959778
vn -0.3516872 -0.9201569 -0.1721264
vn -0.0488317 -0.9716262 -0.2314260
vn 0.2588037 -0.9279860 -0.2680721
vn 0.5411057 -0.7935080 -0.2784773
vn 0.7704404 -0.5813560 -0.2616233
vn 0.9243591 -0.3122968 -0.2191598
vn 0.9877950 -0.0126678 -0.1552433
vn 0.9545387 0.2882012 -0.0761306
vn 0.8278455 0.5608591 0.0104343
vn 0.6201170 0.7786162 0.0959778
vn 0.3516872 0.9201569 0.1721264
vn 0.0488317 0.9716262 0.2314260
vn -0.2588037 0.9279860 0.2680721
vn -0.5411057 0.7935080 0.2784773
vn -0.7704404 0.5813560 0.2616233
vn -0.9243591 0.3122968 0.2191598
vn -0.9877950 0.0126678 0.1552433
vn -0.9906339 0.0177117 0.1353915
vn -0.9579278 -0.2821796 0.0524309
vn -0.8314531 -0.5544492 -0.0356620
vn -0.6235900 -0.7724455 -0.1202641
vn -0.3546855 -0.9148295 -0.1930939
vn -0.0510620 -0.9676635 -0.2470223
vn 0.2575599 -0.9257759 -0.2767704
vn 0.5409700 -0.7932669 -0.2794263
vn 0.7714262 -0.5831074 -0.2547301
vn 0.9263698 -0.3158693 -0.2050990
vn 0.9906339 -0.0177117 -0.1353915
vn 0.9579278 0.2821796 -0.0524309
vn 0.8314531 0.5544492 0.0356620
vn 0.6235900 0.7724455 0.1202641
vn 0.3546855 0.9148295 0.1930939
vn 0.0510620 0.9676635 0.2470223
vn -0.2575599 0.9257759 0.2767704
vn -0.5409700 0.7932669 0.2794263
vn -0.7714262 0.5831074 0.2547301
vn -0.9263698 0.3158693 0.2050990
vn -0.9906339 0.0177117 0.1353915
vn -0.9933230 0.0238048 0.1128837
vn -0.9610851 -0.2750258 0.0260047
vn -0.8347695 -0.5469349 -0.0634199
vn -0.6267409 -0.7653062 -0.1466365
vn -0.3573624 -0.9087641 -0.2154993
vn -0.0530029 -0.9632657 -0.2632676
vn 0.2565449 -0.9234763 -0.2852653
vn 0.5409804 -0.7932905 -0.2793393
vn 0.7724609 -0.5854519 -0.2460697
vn 0.9283275 -0.3203052 -0.1887130
vn 0.9933230 -0.0238048 -0.1128837
vn 0.9610851 0.2750258 -0.0260047
vn 0.8347695 0.5469349 0.0634199
vn 0.6267409 0.7653062 0.1466365
vn 0.3573624 0.9087641 0.2154993
vn 0.0530029 0.9632657 0.2632676
vn -0.2565449 0.9234763 0.2852653
vn -0.5409804 0.7932905 0.2793393
vn -0.7724609 0.5854519 0.2460697
vn -0.9283275 0.3203052 0.1887130
vn -0.9933230 0.0238048 0.1128837
vn -0.9956671 0.0310739 0.0876440
vn -0.9638000 -0.2666067 -0.0032279
vn -0.8375895 -0.5381900 -0.0937838
vn -0.6293899 -0.7570915 -0.1751595
vn -0.3595812 -0.9018836 -0.2393894
vn -0.0545742 -0.9583931 -0.2801862
vn 0.2557749 -0.9210884 -0.2935564
vn 0.5410870 -0.7936211 -0.2781913
vn 0.7734337 -0.5884687 -0.2355948
vn 0.9300713 -0.3257128 -0.1699367
vn 0.9956671 -0.0310739 -0.0876440
vn 0.9638000 0.2666067 0.0032279
vn 0.8375895 0.5381900 0.0937838
vn 0.6293899 0.7570915 0.1751595
vn 0.3595812 0.9018836 0.2393894
vn 0.0545742 0.9583931 0.2801862
vn -0.2557749 0.9210884 0.2935564
vn -0.5410870 0.7936211 0.2781913
vn -0.7734337 0.5884687 0.2355948
vn -0.9300713 0.3257128 0.1699367
vn -0.9956671 0.0310739 0.0876440
vn -0.9974336 0.0396510 0.0596162
vn -0.9658229 -0.2567848 -0.0353236
vn -0.8396707 -0.5280846 -0.1268057
vn -0.6313257 -0.7476919 -0.2058752
vn -0.3611822 -0.8941099 -0.2647922
vn -0.0556836 -0.9530062 -0.2977895
vn 0.2552656 -0.9186156 -0.3016370
vn 0.5412277 -0.7943045 -0.2759583
vn 0.7742107 -0.5922413 -0.2232668
vn 0.9314085 -0.3322054 -0.1487204
vn 0.9974336 -0.0396510 -0.0596162
vn 0.9658229 0.2567848 0.0353236
vn 0.8396707 0.5280846 0.1268057
vn 0.6313257 0.7476919 0.2058752
vn 0.3611822 0.8941099 0.2647922
vn 0.0556836 0.9530062 0.2977895
vn -0.2552656 0.9186156 0.3016370
vn -0.5412277 0.7943045 0.2759583
vn -0.7742107 0.5922413 0.2232668
vn -0.9314085 0.3322054 0.1487204
vn -0.9974336 0.0396510 0.0596162
vn -0.9983511 0.0496687 0.0287759
vn -0.9668636 -0.2454223 -0.0703039
vn -0.8407328 -0.5164897 -0.1625018
vn -0.6323051 -0.7369994 -0.2387930
vn -0.3619831 -0.8853665 -0.2917094
vn -0.0562276 -0.9470678 -0.3160713
vn 0.2550319 -0.9160634 -0.3094939
vn 0.5413270 -0.7953884 -0.2726211
vn 0.7746333 -0.5968553 -0.2090623
vn 0.9321131 -0.3398978 -0.1250389
vn 0.9983511 -0.0496687 -0.0287759
vn 0.9668636 0.2454223 0.0703039
vn 0.8407328 0.5164897 0.1625018
vn 0.6323051 0.7369994 0.2387930
vn 0.3619831 0.8853665 0.2917094
vn 0.0562276 0.9470678 0.3160713
vn -0.2550319 0.9160634 0.3094939
vn -0.5413270 0.7953884 0.2726211
vn -0.7746333 0.5968553 0.2090623
vn -0.9321131 0.3398978 0.1250389
vn -0.9983511 0.0496687 0.0287759
vn -0.9981104 0.0612545 -0.0048555
vn -0.9665928 -0.2323881 -0.1081396
vn -0.8404583 -0.5032830 -0.2008383
vn -0.6320540 -0.7249130 -0.2738776
vn -0.3617798 -0.8755835 -0.3201077
vn -0.0560920 -0.9405457 -0.3350035
vn 0.2550864 -0.9134408 -0.3171069
vn 0.5412951 -0.7969220 -0.2681696
vn 0.7745182 -0.6023948 -0.1929820
vn 0.9319260 -0.3489011 -0.0989039
vn 0.9981104 -0.0612545 0.0048555
vn 0.9665928 0.2323881 0.1081396
vn 0.8404583 0.5032830 0.2008383
vn 0.6320540 0.7249130 0.2738776
vn 0.3617798 0.8755835 0.3201077
vn 0.0560920 0.9405457 0.3350035
vn -0.2550864 0.9134408 0.3171069
vn -0.5412951 0.7969220 0.2681696
vn -0.7745182 0.6023948 0.1929820
vn -0.9319260 0.3489011 0.0989039
vn -0.9981104 0.0612545 -0.0048555
vn -0.9963681 0.0745226 -0.0411956
vn -0.9646464 -0.2175663 -0.1487353
vn -0.8384985 -0.4883583 -0.2417158
vn -0.6302724 -0.7113463 -0.3110355
vn -0.3603510 -0.8647028 -0.3499089
vn -0.0551558 -0.9334162 -0.3545307
vn 0.2554384 -0.9107603 -0.3244486
vn 0.5410285 -0.7989528 -0.2626072
vn 0.7736589 -0.6089383 -0.1750600
vn 0.9305583 -0.3593166 -0.0703767
vn 0.9963681 -0.0745226 0.0411956
vn 0.9646464 0.2175663 0.1487353
vn 0.8384985 0.4883583 0.2417158
vn 0.6302724 0.7113463 0.3110355
vn 0.3603510 0.8647028 0.3499089
vn 0.0551558 0.9334162 0.3545307
vn -0.2554384 0.9107603 0.3244486
vn -0.5410285 0.7989528 0.2626072
vn -0.7736589 0.6089383 0.1750600
vn -0.9305583 0.3593166 0.0703767
vn -0.9963681 0.0745226 -0.0411956
vn -0.9927562 0.0895634 -0.0800847
vn -0.9606363 -0.2008671 -0.1919122
vn -0.8344827 -0.4716354 -0.2849540
vn -0.6266440 -0.6962367 -0.3501024
vn -0.3574651 -0.8526855 -0.3809804
vn -0.0532951 -0.9256675 -0.3745654
vn 0.2560919 -0.9080388 -0.3314854
vn 0.5404108 -0.8015248 -0.2559572
vn 0.7718306 -0.6165521 -0.1553741
vn 0.9276982 -0.3712269 -0.0395820
vn 0.9927562 -0.0895634 0.0800847
vn 0.9606363 0.2008671 0.1919122
vn 0.8344827 0.4716354 0.2849540
vn 0.6266440 0.6962367 0.3501024
vn 0.3574651 0.8526855 0.3809804
vn 0.0532951 0.9256675 0.3745654
vn -0.2560919 0.9080388 0.3314854
vn -0.5404108 0.8015248 0.2559572
vn -0.7718306 0.6165521 0.1553741
vn -0.9276982 0.3712269 0.0395820
vn -0.9927562 0.0895634 -0.0800847
vn -0.9868968 0.1064321 -0.1212724
vn -0.9541660 -0.1822398 -0.2373939
vn -0.8280348 -0.4530727 -0.3302778
vn -0.6208498 -0.6795558 -0.3908317
vn -0.3528917 -0.8395192 -0.4131283
vn -0.0503901 -0.9173046 -0.3949850
vn 0.2570440 -0.9052978 -0.3381778
vn 0.5393169 -0.8046742 -0.2482675
vn 0.7687977 -0.6252835 -0.1340550
vn 0.9230232 -0.3846856 -0.0067202
vn 0.9868968 -0.1064321 0.1212724
vn 0.9541660 0.1822398 0.2373939
vn 0.8280348 0.4530727 0.3302778
vn 0.6208498 0.6795558 0.3908317
vn 0.3528917 0.8395192 0.4131283
vn 0.0503901 0.9173046 0.3949850
vn -0.2570440 0.9052978 0.3381778
vn -0.5393169 0.8046742 0.2482675
vn -0.7687977 0.6252835 0.1340550
vn -0.9230232 0.3846856 0.0067202
vn -0.9868968 0.1064321 -0.1212724
vn -0.9784231 0.1251352 -0.1644063
vn -0.9448538 -0.1616859 -0.2847964
vn -0.8187956 -0.4326800 -0.3773086
vn -0.6125880 -0.6613203 -0.4328872
vn -0.3464160 -0.8252260 -0.4460918
vn -0.0463345 -0.9083529 -0.4156299
vn 0.2582827 -0.9025638 -0.3444832
vn 0.5376173 -0.8084255 -0.2396160
vn 0.7643262 -0.6351529 -0.1112936
vn 0.9162175 -0.3997071 0.0279230
vn 0.9784231 -0.1251352 0.1644063
vn 0.9448538 0.1616859 0.2847964
vn 0.8187956 0.4326800 0.3773086
vn 0.6125880 0.6613203 0.4328872
vn 0.3464160 0.8252260 0.4460918
vn 0.0463345 0.9083529 0.4156299
vn -0.2582827 0.9025638 0.3444832
vn -0.5376173 0.8084255 0.2396160
vn -0.7643262 0.6351529 0.1112936
vn -0.9162175 0.3997071 -0.0279230
vn -0.9784231 0.1251352 -0.1644063
vn -0.9670064 0.1456192 -0.2090302
vn -0.9323613 -0.1392715 -0.3336253
vn -0.8064501 -0.4105294 -0.4255629
vn -0.6015980 -0.6416018 -0.4758434
vn -0.3378573 -0.8098697 -0.4795451
vn -0.0410447 -0.8988620 -0.4363055
vn 0.2597855 -0.8998673 -0.3503573
vn 0.5351862 -0.8127874 -0.2301137
vn 0.7581991 -0.6461462 -0.0873450
vn 0.9069942 -0.4162557 0.0639737
vn 0.9670064 -0.1456192 0.2090302
vn 0.9323613 0.1392715 0.3336253
vn 0.8064501 0.4105294 0.4255629
vn 0.6015980 0.6416018 0.4758434
vn 0.3378573 0.8098697 0.4795451
vn 0.0410447 0.8988620 0.4363055
vn -0.2597855 0.8998673 0.3503573
vn -0.5351862 0.8127874 0.2301137
vn -0.7581991 0.6461462 0.0873450
vn -0.9069942 0.4162557 -0.0639737
vn -0.9670064 0.1456192 -0.2090302
vn -0.9602033 0.1563533 -0.2314373
vn -0.9249319 -0.1275493 -0.3580951
vn -0.7991218 -0.3989665 -0.4497000
vn -0.5950880 -0.6313301 -0.4972852
vn -0.3328029 -0.8018947 -0.4961926
vn -0.0379407 -0.8939643 -0.4465293
vn 0.2606354 -0.8985264 -0.3531565
vn 0.5336987 -0.8151345 -0.2252144
vn 0.7545198 -0.6519515 -0.0752266
vn 0.9014833 -0.4249510 0.0821248
vn 0.9602033 -0.1563533 0.2314373
vn 0.9249319 0.1275493 0.3580951
vn 0.7991218 0.3989665 0.4497000
vn 0.5950880 0.6313301 0.4972852
vn 0.3328029 0.8018947 0.4961926
vn 0.0379407 0.8939643 0.4465293
vn -0.2606354 0.8985264 0.3531565
vn -0.5336987 0.8151345 0.2252144
vn -0.7545198 0.6519515 0.0752266
vn -0.9014833 0.4249510 -0.0821248
vn -0.9602033 0.1563533 -0.2314373
vn 0.0468055 -0.0474667 -0.9977756
vn -0.2767130 -0.4199780 0.8643196
vn -0.8432928 0.5374208 -0.0060093
vn -0.7276451 0.4719217 -0.4978178
vn -0.3990156 0.3238608 -0.8578466
vn 0.0545396 0.1329109 -0.9896263
vn 0.5114908 -0.0497632 -0.8578466
vn 0.8493983 -0.1752140 -0.4978178
vn 0.9777200 -0.2098272 -0.0060093
vn 0.8620723 -0.1443281 0.4857991
vn 0.5334428 0.0037329 0.8458279
vn 0.0798876 0.1946828 0.9776076
vn -0.3770636 0.3773569 0.8458279
vn -0.7149711 0.5028077 0.4857991
vn -0.8432928 0.5374208 -0.0060093
vn -0.9637540 0.2667618 0.0040416
vn -0.8470847 0.2006842 -0.4921111
vn -0.5155524 0.0513154 -0.8553201
vn -0.0579908 -0.1413212 -0.9882638
vn 0.4029967 -0.3256089 -0.8553201
vn 0.7438890 -0.4521679 -0.4921111
vn 0.8733442 -0.4870868 0.0040416
vn 0.7566749 -0.4210091 0.5001943
vn 0.4251426 -0.2716403 0.8634033
vn -0.0324190 -0.0790037 0.9963470
vn -0.4934065 0.1052840 0.8634033
vn -0.8342988 0.2318430 0.5001943
vn -0.9637540 0.2667618 0.0040416
vn -0.9906310 -0.1355014 0.0170192
vn -0.8889844 -0.1930707 -0.4152475
vn -0.6001411 -0.3232064 -0.7316887
vn -0.2014964 -0.4910386 -0.8475142
vn 0.2001331 -0.6515968 -0.7316887
vn 0.4971311 -0.7618597 -0.4152475
vn 0.6099173 -0.7922823 0.0170192
vn 0.5082707 -0.7347130 0.4492858
vn 0.2194274 -0.6045774 0.7657270
vn -0.1792173 -0.4367452 0.8815525
vn -0.5808468 -0.2761869 0.7657270
vn -0.8778448 -0.1659240 0.4492858
vn -0.9906310 -0.1355014 0.0170192
vn -0.9559563 -0.2927197 0.0215091
vn -0.8650925 -0.3441820 -0.3649023
vn -0.6068900 -0.4605127 -0.6477751
vn -0.2505340 -0.6105411 -0.7513137
vn 0.1084902 -0.7540672 -0.6477751
vn 0.3739824 -0.8526333 -0.3649023
vn 0.4748041 -0.8798286 0.0215091
vn 0.3839403 -0.8283663 0.4079205
vn 0.1257378 -0.7120356 0.6907932
vn -0.2306182 -0.5620072 0.7943319
vn -0.5896425 -0.4184812 0.6907932
vn -0.8551346 -0.3199151 0.4079205
vn -0.9559563 -0.2927197 0.0215091
vn -0.9301371 -0.3664603 0.0234919
vn -0.8453695 -0.4144699 -0.3369942
vn -0.6044905 -0.5229957 -0.6008883
vn -0.2720433 -0.6629583 -0.6974803
vn 0.0628931 -0.7968549 -0.6008883
vn 0.3105727 -0.8888079 -0.3369942
vn 0.4046301 -0.9141787 0.0234919
vn 0.3198625 -0.8661691 0.3839780
vn 0.0789835 -0.7576433 0.6478721
vn -0.2534637 -0.6176807 0.7444640
vn -0.5884001 -0.4837841 0.6478721
vn -0.8360797 -0.3918311 0.3839780
vn -0.9301371 -0.3664603 0.0234919
vn -0.9451632 -0.3258287 0.0224096
vn -0.8569496 -0.3757900 -0.3527311
vn -0.6062782 -0.4887276 -0.6273532
vn -0.2603163 -0.6343801 -0.7278718
vn 0.0882361 -0.7737198 -0.6273532
vn 0.3459846 -0.8694110 -0.3527311
vn 0.4438656 -0.8958131 0.0224096
vn 0.3556520 -0.8458518 0.3975504
vn 0.1049806 -0.7329142 0.6721725
vn -0.2409814 -0.5872618 0.7726911
vn -0.5895338 -0.4479220 0.6721725
vn -0.8472822 -0.3522308 0.3975504
vn -0.9451632 -0.3258287 0.0224096
vn -0.3794100 -0.9246066 0.0339217
vn -0.8459770 0.5331922 -0.0053881
vn -0.7293543 0.4698751 -0.4972521
vn -0.3995108 0.3246395 -0.8573216
vn 0.0551722 0.1364012 -0.9891161
vn 0.5128628 -0.0444014 -0.8573216
vn 0.8509231 -0.1693226 -0.4972521
vn 0.9787702 -0.2048897 -0.0053881
vn 0.8621476 -0.1415725 0.4864759
vn 0.5323041 0.0036630 0.8465453
vn 0.0776211 0.1919013 0.9783398
vn -0.3800695 0.3727040 0.8465453
vn -0.7181299 0.4976251 0.4864759
vn -0.8459770 0.5331922 -0.0053881
vn -0.9650882 0.2618999 0.0036238
vn -0.8474354 0.1980235 -0.4925849
vn -0.5146784 0.0515050 -0.8558349
vn -0.0559790 -0.1383960 -0.9887937
vn 0.4057545 -0.3207957 -0.8558349
vn 0.7468010 -0.4468203 -0.4925849
vn 0.8757774 -0.4827016 0.0036238
vn 0.7581246 -0.4188252 0.4998326
vn 0.4253675 -0.2723067 0.8630826
vn -0.0333318 -0.0824057 0.9960413
vn -0.4950653 0.0999940 0.8630826
vn -0.8361118 0.2260186 0.4998326
vn -0.9650882 0.2618999 0.0036238
vn -0.9899583 -0.1405334 0.0152599
vn -0.8874548 -0.1961849 -0.4170556
vn -0.5975445 -0.3238373 -0.7335325
vn -0.1979086 -0.4892861 -0.8493711
vn 0.2043708 -0.6481995 -0.7335325
vn 0.5015032 -0.7579968 -0.4170556
vn 0.6138722 -0.7892579 0.0152599
vn 0.5113687 -0.7336064 0.4475753
vn 0.2214584 -0.6059541 0.7640523
vn -0.1781775 -0.4405053 0.8798908
vn -0.5804569 -0.2815918 0.7640523
vn -0.8775893 -0.1717945 0.4475753
vn -0.9899583 -0.1405334 0.0152599
vn -0.9544992 -0.2975892 0.0192857
vn -0.8628694 -0.3473372 -0.3671694
vn -0.6037130 -0.4614480 -0.6500741
vn -0.2464709 -0.6093459 -0.7536244
vn 0.1131342 -0.7514016 -0.6500741
vn 0.3787465 -0.8495515 -0.3671694
vn 0.4791953 -0.8774964 0.0192857
vn 0.3875655 -0.8277484 0.4057407
vn 0.1284092 -0.7136376 0.6886454
vn -0.2288329 -0.5657398 0.7921957
vn -0.5884381 -0.4236840 0.6886454
vn -0.8540504 -0.3255341 0.4057407
vn -0.9544992 -0.2975892 0.0192857
vn -0.9283119 -0.3712052 0.0210635
vn -0.8428298 -0.4176155 -0.3394633
vn -0.6010609 -0.5240703 -0.6033872
vn -0.2677870 -0.6620453 -0.6999901
vn 0.0676913 -0.7945702 -0.6033872
vn 0.3154830 -0.8861349 -0.3394633
vn 0.4091925 -0.9122049 0.0210635
vn 0.3237103 -0.8657947 0.3815903
vn 0.0819414 -0.7593399 0.6455142
vn -0.2513324 -0.6213649 0.7421171
vn -0.5868108 -0.4888400 0.6455142
vn -0.8346025 -0.3972752 0.3815903
vn -0.9283119 -0.3712052 0.0210635
vn -0.9435408 -0.3306463 0.0200931
vn -0.8545836 -0.3789432 -0.3550900
vn -0.6029862 -0.4897257 -0.6297431
vn -0.2561639 -0.6333098 -0.7302731
vn 0.0929524 -0.7712221 -0.6297431
vn 0.3508175 -0.8665092 -0.3550900
vn 0.4483365 -0.8936390 0.0200931
vn 0.3593792 -0.8453421 0.3952762
vn 0.1077818 -0.7345596 0.6699293
vn -0.2390404 -0.5909756 0.7704593
vn -0.5881568 -0.4530632 0.6699293
vn -0.8460218 -0.3577761 0.3952762
vn -0.9435408 -0.3306463 0.0200931
vn -0.3747983 -0.9266074 0.0304152
vn -0.8469881 0.5315968 -0.0039868
vn -0.7287912 0.4721157 -0.4959539
vn -0.3976053 0.3301591 -0.8560987
vn 0.0578286 0.1437643 -0.9879209
vn 0.5154772 -0.0371245 -0.8560987
vn 0.8527140 -0.1640382 -0.4959539
vn 0.9791768 -0.2029704 -0.0039868
vn 0.8609798 -0.1434893 0.4879802
vn 0.5297939 -0.0015327 0.8481251
vn 0.0743600 0.1848622 0.9799472
vn -0.3832886 0.3657509 0.8481251
vn -0.7205254 0.4926646 0.4879802
vn -0.8469881 0.5315968 -0.0039868
vn -0.9656000 0.2600182 0.0026814
vn -0.8463590 0.2000116 -0.4936313
vn -0.5122476 0.0568011 -0.8569574
vn -0.0527908 -0.1312402 -0.9899440
vn 0.4089003 -0.3137268 -0.8569574
vn 0.7491160 -0.4417616 -0.4936313
vn 0.8766958 -0.4810377 0.0026814
vn 0.7574548 -0.4210311 0.4989941
vn 0.4233434 -0.2778206 0.8623202
vn -0.0361133 -0.0897793 0.9953067
vn -0.4978045 0.0927073 0.8623202
vn -0.8380202 0.2207421 0.4989941
vn -0.9656000 0.2600182 0.0026814
vn -0.9897251 -0.1425366 0.0112912
vn -0.8858379 -0.1948166 -0.4211149
vn -0.5947477 -0.3195869 -0.7376581
vn -0.1944519 -0.4834155 -0.8535209
vn 0.2077906 -0.6424046 -0.7376581
vn 0.5041992 -0.7539532 -0.4211149
vn 0.6153514 -0.7881720 0.0112912
vn 0.5114642 -0.7358921 0.4436972
vn 0.2203740 -0.6111217 0.7602404
vn -0.1799218 -0.4472932 0.8761033
vn -0.5821643 -0.2883040 0.7602404
vn -0.8785729 -0.1767554 0.4436972
vn -0.9897251 -0.1425366 0.0112912
vn -0.9539740 -0.2995496 0.0142700
vn -0.8611072 -0.3462836 -0.3722660
vn -0.6008962 -0.4578182 -0.6552300
vn -0.2430642 -0.6042677 -0.7588020
vn 0.1165080 -0.7463910 -0.6552300
vn 0.3814733 -0.8461065 -0.3722660
vn 0.4808344 -0.8766953 0.0142700
vn 0.3879676 -0.8299613 0.4008060
vn 0.1277566 -0.7184267 0.6837699
vn -0.2300755 -0.5719772 0.7873419
vn -0.5896476 -0.4298539 0.6837699
vn -0.8546129 -0.3301384 0.4008060
vn -0.9539740 -0.2995496 0.0142700
vn -0.9276496 -0.3731264 0.0155855
vn -0.8410135 -0.4167249 -0.3450168
vn -0.5982607 -0.5207763 -0.6089961
vn -0.2644365 -0.6574001 -0.7056192
vn 0.0710111 -0.7899881 -0.6089961
vn 0.3181992 -0.8830134 -0.3450168
vn 0.4108939 -0.9115499 0.0155855
vn 0.3242578 -0.8679514 0.3761878
vn 0.0815049 -0.7639000 0.6401670
vn -0.2523192 -0.6272762 0.7367901
vn -0.5877668 -0.4946882 0.6401670
vn -0.8349549 -0.4016629 0.3761878
vn -0.9276496 -0.3731264 0.0155855
vn -0.9429541 -0.3325907 0.0148675
vn -0.8527960 -0.3779616 -0.3603942
vn -0.6001746 -0.4862430 -0.6351049
vn -0.2527797 -0.6284209 -0.7356559
vn 0.0963047 -0.7663989 -0.6351049
vn 0.3535416 -0.8632059 -0.3603942
vn 0.4500046 -0.8929025 0.0148675
vn 0.3598465 -0.8475316 0.3901291
vn 0.1072251 -0.7392502 0.6648398
vn -0.2401698 -0.5970723 0.7653908
vn -0.5892542 -0.4590943 0.6648398
vn -0.8464911 -0.3622873 0.3901291
vn -0.9429541 -0.3325907 0.0148675
vn -0.3730917 -0.9275215 0.0225050
vn -0.8465365 0.5323275 -0.0018636
vn -0.7261830 0.4782190 -0.4939280
vn -0.3934997 0.3399937 -0.8541442
vn 0.0623713 0.1546891 -0.9859924
vn 0.5192796 -0.0280426 -0.8541442
vn 0.8547972 -0.1592386 -0.4939280
vn 0.9790222 -0.2037451 -0.0018636
vn 0.8586687 -0.1496366 0.4902009
vn 0.5259854 -0.0114113 0.8504170
vn 0.0701145 0.1738932 0.9822653
vn -0.3867939 0.3566250 0.8504170
vn -0.7223114 0.4878210 0.4902009
vn -0.8465365 0.5323275 -0.0018636
vn -0.9653941 0.2607923 0.0012534
vn -0.8439776 0.2062058 -0.4951576
vn -0.5083556 0.0667596 -0.8585556
vn -0.0484578 -0.1201818 -0.9915685
vn 0.4124865 -0.3045276 -0.8585556
vn 0.7509678 -0.4368826 -0.4951576
vn 0.8762901 -0.4817822 0.0012534
vn 0.7548735 -0.4271957 0.4976643
vn 0.4192516 -0.2877495 0.8610623
vn -0.0406462 -0.1008081 0.9940753
vn -0.5015906 0.0835378 0.8610623
vn -0.8400718 0.2158927 0.4976643
vn -0.9653941 0.2607923 0.0012534
vn -0.9898794 -0.1418127 0.0052779
vn -0.8840968 -0.1893705 -0.4272138
vn -0.5916905 -0.3108612 -0.7438197
vn -0.1910104 -0.4737315 -0.8597055
vn 0.2105814 -0.6343404 -0.7438197
vn 0.5054788 -0.7496530 -0.4272138
vn 0.6146643 -0.7887712 0.0052779
vn 0.5088817 -0.7412134 0.4377695
vn 0.2164753 -0.6197227 0.7543754
vn -0.1842047 -0.4568524 0.8702612
vn -0.5857965 -0.2962434 0.7543754
vn -0.8806940 -0.1809309 0.4377695
vn -0.9898794 -0.1418127 0.0052779
vn -0.9542676 -0.2988794 0.0066702
vn -0.8597065 -0.3413922 -0.3799423
vn -0.5983189 -0.4499950 -0.6629623
vn -0.2401434 -0.5955879 -0.7665548
vn 0.1188471 -0.7391593 -0.6629623
vn 0.3824615 -0.8422393 -0.3799423
vn 0.4800645 -0.8772078 0.0066702
vn 0.3855034 -0.8346950 0.3932827
vn 0.1241158 -0.7260922 0.6763027
vn -0.2340597 -0.5804993 0.7798952
vn -0.5930502 -0.4369280 0.6763027
vn -0.8566646 -0.3338479 0.3932827
vn -0.9542676 -0.2988794 0.0066702
vn -0.9280082 -0.3724886 0.0072851
vn -0.8397914 -0.4121491 -0.3533886
vn -0.5959410 -0.5134655 -0.6174200
vn -0.2617964 -0.6492902 -0.7140623
vn 0.0731086 -0.7832290 -0.6174200
vn 0.3190364 -0.8793931 -0.3533886
vn 0.4100910 -0.9120155 0.0072851
vn 0.3218742 -0.8723550 0.3679588
vn 0.0780238 -0.7710386 0.6319903
vn -0.2561208 -0.6352139 0.7286325
vn -0.5910258 -0.5012751 0.6319903
vn -0.8369536 -0.4051110 0.3679588
vn -0.9280082 -0.3724886 0.0072851
vn -0.9432769 -0.3319344 0.0069495
vn -0.8514739 -0.3732072 -0.3683865
vn -0.5977103 -0.4786424 -0.6431515
vn -0.2499819 -0.6199887 -0.7437225
vn 0.0985378 -0.7593724 -0.6431515
vn 0.3544632 -0.8594459 -0.3683865
vn 0.4492193 -0.8933945 0.0069495
vn 0.3574164 -0.8521217 0.3822855
vn 0.1036528 -0.7466865 0.6570505
vn -0.2440756 -0.6053402 0.7576215
vn -0.5925953 -0.4659564 0.6570505
vn -0.8485207 -0.3658830 0.3822855
vn -0.9432769 -0.3319344 0.0069495
vn -0.3739303 -0.9273972 0.0105196
vn -0.8448473 0.5350066 0.0009640
vn -0.7217053 0.4877933 -0.4911203
vn -0.3872934 0.3538434 -0.8513511
vn 0.0687829 0.1690485 -0.9832047
vn 0.5243184 -0.0170755 -0.8513511
vn 0.8572526 -0.1546571 -0.4911203
vn 0.9783762 -0.2068312 0.0009640
vn 0.8552341 -0.1596180 0.4930484
vn 0.5208222 -0.0256680 0.8532792
vn 0.0647459 0.1591268 0.9851328
vn -0.3907895 0.3452509 0.8532792
vn -0.7237238 0.4828325 0.4930484
vn -0.8448473 0.5350066 0.0009640
vn -0.9645670 0.2638373 -0.0006484
vn -0.8403372 0.2162069 -0.4970794
vn -0.5029714 0.0810738 -0.8604922
vn -0.0428665 -0.1053534 -0.9935105
vn 0.4166928 -0.2931216 -0.8604922
vn 0.7525680 -0.4319184 -0.4970794
vn 0.8747614 -0.4845534 -0.0006484
vn 0.7505316 -0.4369231 0.4957827
vn 0.4131658 -0.3017899 0.8591955
vn -0.0469391 -0.1153628 0.9922138
vn -0.5064984 0.0724054 0.8591955
vn -0.8423735 0.2112023 0.4957827
vn -0.9645670 0.2638373 -0.0006484
vn -0.9903303 -0.1387027 -0.0027303
vn -0.8820967 -0.1802000 -0.4352395
vn -0.5881711 -0.2979330 -0.7518582
vn -0.1873106 -0.4603553 -0.8677487
vn 0.2130746 -0.6239459 -0.7518582
vn 0.5057015 -0.7448709 -0.4352395
vn 0.6121610 -0.7907285 -0.0027303
vn 0.5039273 -0.7492312 0.4297789
vn 0.2100017 -0.6314981 0.7463976
vn -0.1908588 -0.4690759 0.8622881
vn -0.5912439 -0.3054852 0.7463976
vn -0.8838708 -0.1845603 0.4297789
vn -0.9903303 -0.1387027 -0.0027303
vn -0.9552170 -0.2958861 -0.0034506
vn -0.8584649 -0.3329813 -0.3900787
vn -0.5957192 -0.4382251 -0.6731102
vn -0.2373824 -0.5834175 -0.7767069
vn 0.1205295 -0.7296542 -0.6731102
vn 0.3821142 -0.8377514 -0.3900787
vn 0.4772803 -0.8787443 -0.0034506
vn 0.3805283 -0.8416491 0.3831776
vn 0.1177826 -0.7364053 0.6662091
vn -0.2405542 -0.5912129 0.7698058
vn -0.5984661 -0.4449762 0.6662091
vn -0.8600508 -0.3368791 0.3831776
vn -0.9552170 -0.2958861 -0.0034506
vn -0.9291912 -0.3695801 -0.0037687
vn -0.8389305 -0.4041865 -0.3644570
vn -0.5938131 -0.5023693 -0.6284992
vn -0.2595180 -0.6378203 -0.7251453
vn 0.0743807 -0.7742456 -0.6284992
vn 0.3184151 -0.8750903 -0.3644570
vn 0.4071963 -0.9133329 -0.0037687
vn 0.3169355 -0.8787265 0.3569197
vn 0.0718181 -0.7805438 0.6209618
vn -0.2624770 -0.6450927 0.7176080
vn -0.5963756 -0.5086674 0.6209618
vn -0.8404100 -0.4078228 0.3569197
vn -0.9291912 -0.3695801 -0.0037687
vn -0.9443312 -0.3289767 -0.0035950
vn -0.8504011 -0.3649900 -0.3789462
vn -0.5953191 -0.4671640 -0.6537224
vn -0.2474340 -0.6081215 -0.7542974
vn 0.1000384 -0.7500929 -0.6537224
vn 0.3539934 -0.8550371 -0.3789462
vn 0.4463838 -0.8948344 -0.0035950
vn 0.3524537 -0.8588211 0.3717562
vn 0.0973717 -0.7566470 0.6465323
vn -0.2505134 -0.6156896 0.7471074
vn -0.5979858 -0.4737182 0.6465323
vn -0.8519408 -0.3687740 0.3717562
vn -0.9443312 -0.3289767 -0.0035950
vn -0.3768743 -0.9262484 -0.0054419
vn -0.8421469 0.5392293 0.0045188
vn -0.7154779 0.5005198 -0.4874128
vn -0.3789909 0.3715588 -0.8475317
vn 0.0771529 0.1869013 -0.9793443
vn 0.5307299 -0.0039740 -0.8475317
vn 0.8602047 -0.1499221 -0.4874128
vn 0.9772947 -0.2118364 0.0045188
vn 0.8506258 -0.1731269 0.4964503
vn 0.5141387 -0.0441659 0.8565692
vn 0.0579950 0.1404917 0.9883818
vn -0.3955821 0.3313669 0.8565692
vn -0.7250569 0.4773150 0.4964503
vn -0.8421469 0.5392293 0.0045188
vn -0.9632038 0.2687550 -0.0030391
vn -0.8354159 0.2297037 -0.4993160
vn -0.4959566 0.0996035 -0.8626159
vn -0.0357836 -0.0866852 -0.9955929
vn 0.4218000 -0.2792465 -0.8626159
vn 0.7541851 -0.4264838 -0.4993160
vn 0.8723093 -0.4889450 -0.0030391
vn 0.7445215 -0.4498936 0.4932378
vn 0.4050622 -0.3197934 0.8565377
vn -0.0551108 -0.1335047 0.9895147
vn -0.5126944 0.0590566 0.8565377
vn -0.8450795 0.2062939 0.4932378
vn -0.9632038 0.2687550 -0.0030391
vn -0.9909609 -0.1335394 -0.0127976
vn -0.8796274 -0.1675624 -0.4451725
vn -0.5838778 -0.2809105 -0.7616929
vn -0.1829580 -0.4432121 -0.8775474
vn 0.2157058 -0.6109787 -0.7616929
vn 0.5052921 -0.7392573 -0.4451725
vn 0.6082063 -0.7936758 -0.0127976
vn 0.4968728 -0.7596528 0.4195772
vn 0.2011233 -0.6463047 0.7360976
vn -0.1997965 -0.4840031 0.8519521
vn -0.5984604 -0.3162365 0.7360976
vn -0.8880466 -0.1879579 0.4195772
vn -0.9909609 -0.1335394 -0.0127976
vn -0.9566287 -0.2908607 -0.0161739
vn -0.8571056 -0.3212745 -0.4026820
vn -0.5927294 -0.4225985 -0.6856255
vn -0.2343396 -0.5676830 -0.7891901
vn 0.1220336 -0.7176527 -0.6856255
vn 0.3809002 -0.8323234 -0.4026820
vn 0.4728972 -0.8809691 -0.0161739
vn 0.3733741 -0.8505553 0.3703342
vn 0.1089979 -0.7492313 0.6532778
vn -0.2493919 -0.6041468 0.7568423
vn -0.6057650 -0.4541771 0.6532778
vn -0.8646317 -0.3395064 0.3703342
vn -0.9566287 -0.2908607 -0.0161739
vn -0.9309697 -0.3646688 -0.0176648
vn -0.8381238 -0.3930421 -0.3782411
vn -0.5914853 -0.4875680 -0.6422013
vn -0.2571408 -0.6229185 -0.7388174
vn 0.0753224 -0.7628263 -0.6422013
vn 0.3168210 -0.8698035 -0.3782411
vn 0.4026457 -0.9151854 -0.0176648
vn 0.3097999 -0.8868121 0.3429115
vn 0.0631614 -0.7922862 0.6068716
vn -0.2711832 -0.6569358 0.7034878
vn -0.6036464 -0.5170279 0.6068716
vn -0.8451450 -0.4100508 0.3429115
vn -0.9309697 -0.3646688 -0.0176648
vn -0.9459075 -0.3239984 -0.0168510
vn -0.8492872 -0.3535251 -0.3920857
vn -0.5926223 -0.4518937 -0.6667765
vn -0.2446858 -0.5927465 -0.7673203
vn 0.1012928 -0.7383420 -0.6667765
vn 0.3526090 -0.8496680 -0.3920857
vn 0.4419227 -0.8968949 -0.0168510
vn 0.3453024 -0.8673681 0.3583836
vn 0.0886374 -0.7689995 0.6330744
vn -0.2592990 -0.6281467 0.7336182
vn -0.6052777 -0.4825513 0.6330744
vn -0.8565939 -0.3712252 0.3583836
vn -0.9459075 -0.3239984 -0.0168510
vn -0.3814438 -0.9240400 -0.0255076
vn -0.8386734 0.5445625 0.0088694
vn -0.7075756 0.5161677 -0.4826051
vn -0.3685084 0.3931687 -0.8423894
vn 0.0876756 0.2085232 -0.9740796
vn 0.5387421 0.0117066 -0.8423894
vn 0.8638283 -0.1445442 -0.4826051
vn 0.9758276 -0.2183619 0.0088694
vn 0.8447298 -0.1899671 0.5003440
vn 0.5056625 -0.0669682 0.8601283
vn 0.0494786 0.1176774 0.9918185
vn -0.4015879 0.3144940 0.8601283
vn -0.7266741 0.4707448 0.5003440
vn -0.8386734 0.5445625 0.0088694
vn -0.9613863 0.2751377 -0.0059652
vn -0.8291305 0.2464921 -0.5017810
vn -0.4870682 0.1224067 -0.8647434
vn -0.0268547 -0.0638699 -0.9975968
vn 0.4281962 -0.2624250 -0.8647434
vn 0.7561539 -0.4200560 -0.5017810
vn 0.8691425 -0.4945257 -0.0059652
vn 0.7368868 -0.4658801 0.4898506
vn 0.3948244 -0.3417947 0.8528130
vn -0.0653891 -0.1555181 0.9856665
vn -0.5204400 0.0430370 0.8528130
vn -0.8483977 0.2006680 0.4898506
vn -0.9613863 0.2751377 -0.0059652
vn -0.9916307 -0.1266395 -0.0251193
vn -0.8764046 -0.1515966 -0.4570924
vn -0.5783872 -0.2597044 -0.7733188
vn -0.1774321 -0.4219955 -0.8890656
vn 0.2190252 -0.5949841 -0.7733188
vn 0.5047542 -0.7323180 -0.4570924
vn 0.6031940 -0.7971988 -0.0251193
vn 0.4879679 -0.7722417 0.4068539
vn 0.1899505 -0.6641339 0.7230802
vn -0.2110046 -0.5018428 0.8388271
vn -0.6074619 -0.3288542 0.7230802
vn -0.8931909 -0.1915203 0.4068539
vn -0.9916307 -0.1266395 -0.0251193
vn -0.9582784 -0.2840682 -0.0317462
vn -0.8552755 -0.3063778 -0.4178952
vn -0.5888721 -0.4030174 -0.7005759
vn -0.2304508 -0.5480925 -0.8040442
vn 0.1239499 -0.7027303 -0.7005759
vn 0.3793685 -0.8254957 -0.4178952
vn 0.4673657 -0.8834939 -0.0317462
vn 0.3643629 -0.8611843 0.3544029
vn 0.0979595 -0.7645446 0.6370835
vn -0.2604619 -0.6194696 0.7405519
vn -0.6148626 -0.4648318 0.6370835
vn -0.8702811 -0.3420663 0.3544029
vn -0.9582784 -0.2840682 -0.0317462
vn -0.9330806 -0.3579921 -0.0346727
vn -0.8369885 -0.3788050 -0.3949140
vn -0.5884588 -0.4689608 -0.6586289
vn -0.2540848 -0.6043024 -0.7551553
vn 0.0765383 -0.7485652 -0.6586289
vn 0.3148202 -0.8630940 -0.3949140
vn 0.3969135 -0.9172009 -0.0346727
vn 0.3008213 -0.8963881 0.3255687
vn 0.0522916 -0.8062322 0.5892836
vn -0.2820824 -0.6708906 0.6858100
vn -0.6127054 -0.5266279 0.5892836
vn -0.8509873 -0.4120991 0.3255687
vn -0.9330806 -0.3579921 -0.0346727
vn -0.9477642 -0.3172524 -0.0330753
vn -0.8477657 -0.3389113 -0.4079614
vn -0.5891326 -0.4327322 -0.6823970
vn -0.2411655 -0.5735758 -0.7828474
vn 0.1028982 -0.7237032 -0.6823970
vn 0.3508669 -0.8428879 -0.4079614
vn 0.4362975 -0.8991944 -0.0330753
vn 0.3362990 -0.8775355 0.3418107
vn 0.0776659 -0.7837146 0.6162463
vn -0.2703013 -0.6428710 0.7166967
vn -0.6143649 -0.4927436 0.6162463
vn -0.8623336 -0.3735589 0.3418107
vn -0.9477642 -0.3172524 -0.0330753
vn -0.3871065 -0.9206747 -0.0500665
vn -0.8347280 0.5504816 0.0141161
vn -0.6980966 0.5345034 -0.4764108
vn -0.3557467 0.4187860 -0.8355014
vn 0.1005895 0.2343357 -0.9669377
vn 0.5486369 0.0305758 -0.8355014
vn 0.8683417 -0.1378963 -0.4764108
vn 0.9740392 -0.2259387 0.0141161
vn 0.8374079 -0.2099606 0.5046431
vn 0.4950579 -0.0942431 0.8637337
vn 0.0387218 0.0902071 0.9951700
vn -0.4093257 0.2939670 0.8637337
vn -0.7290305 0.4624391 0.5046431
vn -0.8347280 0.5504816 0.0141161
vn -0.9592195 0.2825028 -0.0094939
vn -0.8213812 0.2663835 -0.5043537
vn -0.4760072 0.1496439 -0.8666163
vn -0.0156402 -0.0364357 -0.9992136
vn 0.4363650 -0.2419954 -0.8666163
vn 0.7588938 -0.4119557 -0.5043537
vn 0.8655250 -0.5007758 -0.0094939
vn 0.7276867 -0.4846565 0.4853660
vn 0.3823127 -0.3679169 0.8476285
vn -0.0780544 -0.1818374 0.9802258
vn -0.5300595 0.0237223 0.8476285
vn -0.8525884 0.1936826 0.4853660
vn -0.9592195 0.2825028 -0.0094939
vn -0.9921655 -0.1183610 -0.0399786
vn -0.8720757 -0.1324047 -0.4711188
vn -0.5711730 -0.2341126 -0.7867355
vn -0.1700841 -0.3962320 -0.9022591
vn 0.2237196 -0.5753233 -0.7867355
vn 0.5047186 -0.7233990 -0.4711188
vn 0.5976197 -0.8007824 -0.0399786
vn 0.4775298 -0.7867387 0.3911617
vn 0.1766272 -0.6850308 0.7067783
vn -0.2244617 -0.5229114 0.8223020
vn -0.6182654 -0.3438201 0.7067783
vn -0.8992645 -0.1957444 0.3911617
vn -0.9921655 -0.1183610 -0.0399786
vn -0.9598863 -0.2757996 -0.0505256
vn -0.8525358 -0.2883535 -0.4359300
vn -0.5835532 -0.3792721 -0.7180657
vn -0.2250122 -0.5241938 -0.8213345
vn 0.1270164 -0.6842868 -0.7180657
vn 0.3782068 -0.8166545 -0.4359300
vn 0.4612528 -0.8858290 -0.0505256
vn 0.3539022 -0.8732751 0.3348789
vn 0.0849196 -0.7823565 0.6170146
vn -0.2736213 -0.6374348 0.7202834
vn -0.6256499 -0.4773418 0.6170146
vn -0.8768403 -0.3449741 0.3348789
vn -0.9598863 -0.2757996 -0.0505256
vn -0.9351956 -0.3498058 -0.0551832
vn -0.8350474 -0.3615175 -0.4147300
vn -0.5841115 -0.4463361 -0.6779364
vn -0.2496260 -0.5815346 -0.7742767
vn 0.0787841 -0.7308866 -0.6779364
vn 0.3131216 -0.8543734 -0.4147300
vn 0.3905958 -0.9189068 -0.0551832
vn 0.2904476 -0.9071951 0.3043635
vn 0.0395118 -0.8223765 0.5675700
vn -0.2949738 -0.6871780 0.6639103
vn -0.6233839 -0.5378260 0.5675700
vn -0.8577213 -0.4143392 0.3043635
vn -0.9351956 -0.3498058 -0.0551832
vn -0.9495995 -0.3090142 -0.0526410
vn -0.8453800 -0.3212020 -0.4268042
vn -0.5842430 -0.4094687 -0.7007107
vn -0.2361597 -0.5501634 -0.8009674
vn 0.1056010 -0.7055869 -0.7007107
vn 0.3494649 -0.8340938 -0.4268042
vn 0.4300886 -0.9012506 -0.0526410
vn 0.3258692 -0.8890628 0.3215222
vn 0.0647321 -0.8007961 0.5954287
vn -0.2833511 -0.6601015 0.6956854
vn -0.6251119 -0.5046779 0.5954287
vn -0.8689757 -0.3761711 0.3215222
vn -0.9495995 -0.3090142 -0.0526410
vn -0.3931948 -0.9159959 -0.0796833
vn -0.8307337 0.5562967 0.0203820
vn -0.6872410 0.5552136 -0.4684418
vn -0.3406719 0.4485473 -0.8262857
vn 0.1161107 0.2648789 -0.9572656
vn 0.5607121 0.0534223 -0.8262857
vn 0.8740018 -0.1291630 -0.4684418
vn 0.9720342 -0.2339534 0.0203820
vn 0.8285414 -0.2328703 0.5092059
vn 0.4819723 -0.1262040 0.8670498
vn 0.0251897 0.0574644 0.9980297
vn -0.4194117 0.2689211 0.8670498
vn -0.7327014 0.4515064 0.5092059
vn -0.8307337 0.5562967 0.0203820
vn -0.9568623 0.2902184 -0.0137081
vn -0.8121020 0.2891257 -0.5068498
vn -0.4624715 0.1815172 -0.8678546
vn -0.0016542 -0.0037736 -0.9999915
vn 0.4468745 -0.2170981 -0.8678546
vn 0.7629316 -0.4012962 -0.5068498
vn 0.8618299 -0.5070122 -0.0137081
vn 0.7170696 -0.5059195 0.4794337
vn 0.3674392 -0.3983110 0.8404385
vn -0.0933782 -0.2130202 0.9725754
vn -0.5419069 0.0003043 0.8404385
vn -0.8579640 0.1845024 0.4794337
vn -0.9568623 0.2902184 -0.0137081
vn -0.9923458 -0.1091686 -0.0577244
vn -0.8662252 -0.1101206 -0.4873677
vn -0.5616142 -0.2038732 -0.8018885
vn -0.1601330 -0.3653054 -0.9170111
vn 0.2306419 -0.5511616 -0.8018885
vn 0.5060026 -0.7116418 -0.4873677
vn 0.5921664 -0.8037455 -0.0577244
vn 0.4660459 -0.8027935 0.3719190
vn 0.1614348 -0.7090410 0.6864398
vn -0.2400464 -0.5476088 0.8015624
vn -0.6308212 -0.3617526 0.6864398
vn -0.9061819 -0.2012723 0.3719190
vn -0.9923458 -0.1091686 -0.0577244
vn -0.9610894 -0.2664303 -0.0729530
vn -0.8483478 -0.2672812 -0.4570194
vn -0.5760503 -0.3510884 -0.7381755
vn -0.2171586 -0.4953957 -0.8410857
vn 0.1321625 -0.6615361 -0.7381755
vn 0.3783126 -0.8049925 -0.4570194
vn 0.4553361 -0.8873257 -0.0729530
vn 0.3425946 -0.8864747 0.3111134
vn 0.0702970 -0.8026675 0.5922695
vn -0.2885947 -0.6583602 0.6951798
vn -0.6379157 -0.4922198 0.5922695
vn -0.8840659 -0.3487635 0.3111134
vn -0.9610894 -0.2664303 -0.0729530
vn -0.9368849 -0.3404381 -0.0796781
vn -0.8317075 -0.3412320 -0.4379765
vn -0.5776790 -0.4194163 -0.7002692
vn -0.2428663 -0.5540417 -0.7962749
vn 0.0830180 -0.7090353 -0.7002692
vn 0.3126533 -0.8428668 -0.4379765
vn 0.3845091 -0.9196761 -0.0796781
vn 0.2793316 -0.9188822 0.2786203
vn 0.0253032 -0.8406979 0.5409129
vn -0.3095095 -0.7060725 0.6369187
vn -0.6353938 -0.5510789 0.5409129
vn -0.8650291 -0.4172474 0.2786203
vn -0.9368849 -0.3404381 -0.0796781
vn -0.9510203 -0.2996386 -0.0760075
vn -0.8415671 -0.3004647 -0.4488716
vn -0.5772118 -0.3818275 -0.7218271
vn -0.2287881 -0.5219257 -0.8217357
vn 0.1103442 -0.6832202 -0.7218271
vn 0.3493147 -0.8224923 -0.4488716
vn 0.4240916 -0.9024240 -0.0760075
vn 0.3146385 -0.9015979 0.2968567
vn 0.0502831 -0.8202352 0.5698122
vn -0.2981406 -0.6801369 0.6697208
vn -0.6372728 -0.5188424 0.5698122
vn -0.8762434 -0.3795703 0.2968567
vn -0.9510203 -0.2996386 -0.0760075
vn -0.3988090 -0.9097880 -0.1150534
vn -0.8273172 0.5610468 0.0277991
vn -0.6754345 0.5777928 -0.4581961
vn -0.3234548 0.4825256 -0.8139693
vn 0.1343092 0.3007720 -0.9441913
vn 0.5752002 0.0812327 -0.8139693
vn 0.8810816 -0.1172669 -0.4581961
vn 0.9699929 -0.2415390 0.0277991
vn 0.8181102 -0.2582850 0.5137943
vn 0.4661305 -0.1630178 0.8695674
vn 0.0083664 0.0187358 0.9997895
vn -0.4325245 0.2382751 0.8695674
vn -0.7384059 0.4367747 0.5137943
vn -0.8273172 0.5610468 0.0277991
vn -0.9545717 0.2973942 -0.0186964
vn -0.8013474 0.3142882 -0.5089845
vn -0.4462586 0.2181795 -0.8679003
vn 0.0155490 0.0348204 -0.9992726
vn 0.4603344 -0.1866581 -0.8679003
vn 0.7689178 -0.3869111 -0.5089845
vn 0.8586144 -0.5122810 -0.0186964
vn 0.7053901 -0.5291749 0.4715917
vn 0.3503013 -0.4330662 0.8305075
vn -0.1115063 -0.2497071 0.9618798
vn -0.5562917 -0.0282286 0.8305075
vn -0.8648751 0.1720244 0.4715917
vn -0.9545717 0.2973942 -0.0186964
vn -0.9918947 -0.0997322 -0.0787303
vn -0.8584000 -0.0850136 -0.5058875
vn -0.5490334 -0.1687471 -0.8185882
vn -0.1466895 -0.3284963 -0.9330447
vn 0.2408241 -0.5214567 -0.8185882
vn 0.5096734 -0.6959245 -0.5058875
vn 0.5878204 -0.8051514 -0.0787303
vn 0.4543257 -0.8198700 0.3484269
vn 0.1449592 -0.7361365 0.6611277
vn -0.2573848 -0.5763873 0.7755842
vn -0.6448984 -0.3834270 0.6611277
vn -0.9137476 -0.2089591 0.3484269
vn -0.9918947 -0.0997322 -0.0787303
vn -0.9614065 -0.2565096 -0.0995006
vn -0.8420731 -0.2433524 -0.4813445
vn -0.5655244 -0.3182033 -0.7608737
vn -0.2058615 -0.4610062 -0.8631885
vn 0.1405442 -0.6334971 -0.7608737
vn 0.3808737 -0.7894572 -0.4813445
vn 0.4507308 -0.8870972 -0.0995006
vn 0.3313974 -0.9002544 0.2823433
vn 0.0548487 -0.8254035 0.5618725
vn -0.3048142 -0.6826006 0.6641873
vn -0.6512199 -0.5101097 0.5618725
vn -0.8915494 -0.3541496 0.2823433
vn -0.9614065 -0.2565096 -0.0995006
vn -0.9375727 -0.3303748 -0.1086730
vn -0.8262457 -0.3181003 -0.4648981
vn -0.5682514 -0.3879293 -0.7256729
vn -0.2327192 -0.5211512 -0.8211231
vn 0.0904453 -0.6820693 -0.7256729
vn 0.3146505 -0.8275656 -0.4648981
vn 0.3798207 -0.9186547 -0.1086730
vn 0.2684937 -0.9309292 0.2475521
vn 0.0104994 -0.8611002 0.5083269
vn -0.3250328 -0.7278783 0.6037771
vn -0.6481974 -0.5669603 0.5083269
vn -0.8724025 -0.4214639 0.2475521
vn -0.9375727 -0.3303748 -0.1086730
vn -0.9515030 -0.2896468 -0.1036666
vn -0.8356502 -0.2768733 -0.4743731
vn -0.5671678 -0.3495411 -0.7457491
vn -0.2179954 -0.4881787 -0.8450796
vn 0.1183066 -0.6556385 -0.7457491
vn 0.3516262 -0.8070497 -0.4743731
vn 0.4194458 -0.9018417 -0.1036666
vn 0.3035930 -0.9146152 0.2670399
vn 0.0351106 -0.8419475 0.5384159
vn -0.3140618 -0.7033098 0.6377464
vn -0.6503638 -0.5358500 0.5384159
vn -0.8836834 -0.3844389 0.2670399
vn -0.9515030 -0.2896468 -0.1036666
vn -0.4026905 -0.9017849 -0.1569213
vn -0.8254102 0.5633535 0.0364809
vn -0.6635192 0.6013822 -0.4450637
vn -0.3047058 0.5205981 -0.7975788
vn 0.1548865 0.3426473 -0.9266083
vn 0.5921100 0.1152116 -0.7975788
vn 0.8898113 -0.1007679 -0.4450637
vn 0.9682214 -0.2474196 0.0364809
vn 0.8063305 -0.2854483 0.5180256
vn 0.4475170 -0.2046642 0.8705407
vn -0.0120752 -0.0267134 0.9995702
vn -0.4492988 0.2007224 0.8705407
vn -0.7470001 0.4167019 0.5180256
vn -0.8254102 0.5633535 0.0364809
vn -0.9527618 0.3027259 -0.0245355
vn -0.7894408 0.3410905 -0.5103337
vn -0.4274579 0.2595928 -0.8659627
vn 0.0361940 0.0800701 -0.9961319
vn 0.4772797 -0.1493746 -0.8659627
vn 0.7776106 -0.3672619 -0.5103337
vn 0.8567133 -0.5152090 -0.0245355
vn 0.6933924 -0.5535736 0.4612628
vn 0.3314094 -0.4720759 0.8168918
vn -0.1322425 -0.2925532 0.9470610
vn -0.5733282 -0.0631085 0.8168918
vn -0.8736591 0.1547788 0.4612628
vn -0.9527618 0.3027259 -0.0245355
vn -0.9904701 -0.0910734 -0.1033183
vn -0.8481788 -0.0576487 -0.5265637
vn -0.5328058 -0.1286525 -0.8364009
vn -0.1288550 -0.2850594 -0.9498092
vn 0.2554352 -0.4849601 -0.8364009
vn 0.5170946 -0.6747916 -0.5265637
vn 0.5860119 -0.8036886 -0.1033183
vn 0.4437206 -0.8371133 0.3199272
vn 0.1283476 -0.7661095 0.6297644
vn -0.2756032 -0.6097027 0.7431726
vn -0.6598934 -0.4098019 0.6297644
vn -0.9215528 -0.2199704 0.3199272
vn -0.9904701 -0.0910734 -0.1033183
vn -0.9602040 -0.2468973 -0.1305754
vn -0.8330071 -0.2170184 -0.5089225
vn -0.5510892 -0.2804901 -0.7858918
vn -0.1899900 -0.4203051 -0.8872696
vn 0.1535343 -0.5990002 -0.7858918
vn 0.3874367 -0.7686942 -0.5089225
vn 0.4490431 -0.8839176 -0.1305754
vn 0.3218462 -0.9137966 0.2477718
vn 0.0399283 -0.8503249 0.5247411
vn -0.3211709 -0.7105099 0.6261189
vn -0.6646953 -0.5318148 0.5247411
vn -0.8985976 -0.3621208 0.2477718
vn -0.9602040 -0.2468973 -0.1305754
vn -0.9364896 -0.3203887 -0.1426124
vn -0.8178267 -0.2925145 -0.4955753
vn -0.5548233 -0.3517276 -0.7539620
vn -0.2179512 -0.4821621 -0.8485381
vn 0.1025253 -0.6488681 -0.7539620
vn 0.3207345 -0.8071769 -0.4955753
vn 0.3782076 -0.9146697 -0.1426124
vn 0.2595447 -0.9425440 0.2103505
vn -0.0034586 -0.8833308 0.4687373
vn -0.3403308 -0.7528963 0.5633134
vn -0.6608072 -0.5861903 0.4687373
vn -0.8790165 -0.4278816 0.2103505
vn -0.9364896 -0.3203887 -0.1426124
vn -0.9503528 -0.2798606 -0.1360424
vn -0.8268660 -0.2508531 -0.5033541
vn -0.5531709 -0.3124735 -0.7722450
vn -0.2026040 -0.4482104 -0.8706658
vn 0.1309006 -0.6216935 -0.7722450
vn 0.3579806 -0.7864379 -0.5033541
vn 0.4177901 -0.8983006 -0.1360424
vn 0.2943032 -0.9273080 0.2312693
vn 0.0206082 -0.8656877 0.5001601
vn -0.3299587 -0.7299507 0.5985810
vn -0.6634633 -0.5564677 0.5001601
vn -0.8905433 -0.3917232 0.2312693
vn -0.9503528 -0.2798606 -0.1360424
vn -0.4030732 -0.8916980 -0.2059290
vn -0.8263789 0.5611903 0.0465112
vn -0.6530086 0.6245991 -0.4283173
vn -0.2857968 0.5623830 -0.7759159
vn 0.1768622 0.3912126 -0.9031459
vn 0.6109993 0.1569530 -0.7759159
vn 0.9002880 -0.0776261 -0.4283173
vn 0.9672134 -0.2496695 0.0465112
vn 0.7938431 -0.3130783 0.5213397
vn 0.4266314 -0.2508622 0.8689383
vn -0.0360276 -0.0796918 0.9961683
vn -0.4701648 0.1545678 0.8689383
vn -0.7594535 0.3891469 0.5213397
vn -0.8263789 0.5611903 0.0465112
vn -0.9520773 0.3042537 -0.0312814
vn -0.7771755 0.3682226 -0.5103042
vn -0.4067201 0.3054568 -0.8609732
vn 0.0600256 0.1327745 -0.9893270
vn 0.4979976 -0.1035543 -0.8609732
vn 0.7898416 -0.3402056 -0.5103042
vn 0.8573583 -0.5137687 -0.0312814
vn 0.6824565 -0.5777376 0.4477414
vn 0.3120011 -0.5149719 0.7984105
vn -0.1547447 -0.3422895 0.9267642
vn -0.5927167 -0.1059607 0.7984105
vn -0.8845607 0.1306906 0.4477414
vn -0.9520773 0.3042537 -0.0312814
vn -0.9876537 -0.0847860 -0.1317252
vn -0.8352728 -0.0290539 -0.5490676
vn -0.5125183 -0.0837378 -0.8545835
vn -0.1058720 -0.2341850 -0.9664101
vn 0.2757055 -0.4400835 -0.8545835
vn 0.5299708 -0.6462628 -0.5490676
vn 0.5887938 -0.7974775 -0.1317252
vn 0.4364129 -0.8532096 0.2856173
vn 0.1136584 -0.7985257 0.5911332
vn -0.2929879 -0.6480785 0.7029597
vn -0.6745654 -0.4421800 0.5911332
vn -0.9288307 -0.2360006 0.2856173
vn -0.9876537 -0.0847860 -0.1317252
vn -0.9566510 -0.2389654 -0.1664764
vn -0.8204348 -0.1891454 -0.5395468
vn -0.5319184 -0.2380283 -0.8126532
vn -0.1684096 -0.3725160 -0.9126171
vn 0.1726897 -0.5565725 -0.8126532
vn 0.3999823 -0.7408802 -0.5395468
vn 0.4525653 -0.8760538 -0.1664764
vn 0.3163491 -0.9258738 0.2065939
vn 0.0278327 -0.8769908 0.4797003
vn -0.3356761 -0.7425032 0.5796642
vn -0.6767754 -0.5584466 0.4797003
vn -0.9040680 -0.3741390 0.2065939
vn -0.9566510 -0.2389654 -0.1664764
vn -0.9326115 -0.3117310 -0.1818230
vn -0.8055344 -0.2652535 -0.5298631
vn -0.5363753 -0.3108568 -0.7846462
vn -0.1972552 -0.4363213 -0.8779032
vn 0.1209589 -0.6080291 -0.7846462
vn 0.3330019 -0.7799710 -0.5298631
vn 0.3820570 -0.9060755 -0.1818230
vn 0.2549799 -0.9525530 0.1662171
vn -0.0141792 -0.9069497 0.4210002
vn -0.3532993 -0.7814852 0.5142573
vn -0.6715135 -0.6097774 0.4210002
vn -0.8835564 -0.4378355 0.1662171
vn -0.9326115 -0.3117310 -0.1818230
vn -0.9466522 -0.2715989 -0.1734467
vn -0.8144090 -0.2232320 -0.5356355
vn -0.5343080 -0.2706892 -0.8007761
vn -0.1814018 -0.4012542 -0.8978243
vn 0.1497485 -0.5799422 -0.8007761
vn 0.3704116 -0.7588741 -0.5356355
vn 0.4214609 -0.8901050 -0.1734467
vn 0.2892178 -0.9384719 0.1887422
vn 0.0091167 -0.8910148 0.4538828
vn -0.3437895 -0.7604498 0.5509310
vn -0.6749398 -0.5817617 0.4538828
vn -0.8956029 -0.4028298 0.1887422
vn -0.9466522 -0.2715989 -0.1734467
vn -0.3974940 -0.8792423 -0.2625482
vn -0.8320188 0.5517347 0.0577375
vn -0.6465051 0.6449708 -0.4074848
vn -0.2695855 0.6064183 -0.7480511
vn 0.1977446 0.4464072 -0.8727071
vn 0.6302646 0.2078125 -0.7480511
vn 0.9120811 -0.0454347 -0.4074848
vn 0.9676815 -0.2454769 0.0577375
vn 0.7821678 -0.3387130 0.5229599
vn 0.4052483 -0.3001604 0.8635262
vn -0.0620818 -0.1401494 0.9881822
vn -0.4946018 0.0984453 0.8635262
vn -0.7764183 0.3516925 0.5229599
vn -0.8320188 0.5517347 0.0577375
vn -0.9534191 0.2991391 -0.0388317
vn -0.7662667 0.3931987 -0.5081634
vn -0.3860178 0.3543057 -0.8517381
vn 0.0854404 0.1928812 -0.9774952
vn 0.5217809 -0.0478211 -0.8517381
vn 0.8060868 -0.3033052 -0.5081634
vn 0.8621783 -0.5051144 -0.0388317
vn 0.6750260 -0.5991741 0.4305000
vn 0.2947770 -0.5602810 0.7740747
vn -0.1766811 -0.3988566 0.8998318
vn -0.6130217 -0.1581543 0.7740747
vn -0.8973275 0.0973298 0.4305000
vn -0.9534191 0.2991391 -0.0388317
vn -0.9830144 -0.0833313 -0.1635195
vn -0.8199603 -0.0013830 -0.5724187
vn -0.4886733 -0.0352681 -0.8717537
vn -0.0779214 -0.1759071 -0.9813180
vn 0.3022347 -0.3856159 -0.8717537
vn 0.5499325 -0.6082032 -0.5724187
vn 0.5988015 -0.7840268 -0.1635195
vn 0.4357475 -0.8659751 0.2453798
vn 0.1044604 -0.8320900 0.5447148
vn -0.3062914 -0.6914511 0.6542790
vn -0.6864475 -0.4817423 0.5447148
vn -0.9341453 -0.2591550 0.2453798
vn -0.9830144 -0.0833313 -0.1635195
vn -0.9497949 -0.2349083 -0.2066586
vn -0.8040378 -0.1616531 -0.5721814
vn -0.5078940 -0.1919437 -0.8397627
vn -0.1407151 -0.3176635 -0.9377042
vn 0.1991136 -0.5051262 -0.8397627
vn 0.4205354 -0.7041011 -0.5721814
vn 0.4642204 -0.8612733 -0.2066586
vn 0.3184632 -0.9345284 0.1588642
vn 0.0223195 -0.9042379 0.4264454
vn -0.3448594 -0.7785180 0.5243870
vn -0.6846881 -0.5910554 0.4264454
vn -0.9061099 -0.3920804 0.1588642
vn -0.9497949 -0.2349083 -0.2066586
vn -0.9247412 -0.3064459 -0.2257093
vn -0.7887632 -0.2381056 -0.5667083
vn -0.5124885 -0.2663639 -0.8163368
vn -0.1699446 -0.3836489 -0.9077072
vn 0.1470842 -0.5585342 -0.8163368
vn 0.3536502 -0.7441594 -0.5667083
vn 0.3944043 -0.8907865 -0.2257093
vn 0.2584263 -0.9591268 0.1152896
vn -0.0178484 -0.9308685 0.3649182
vn -0.3603923 -0.8135835 0.4562886
vn -0.6774211 -0.6386982 0.3649182
vn -0.8839871 -0.4530729 0.1152896
vn -0.9247412 -0.3064459 -0.2257093
vn -0.9393385 -0.2669910 -0.2153112
vn -0.7978328 -0.1958726 -0.5701726
vn -0.5103268 -0.2252796 -0.8299492
vn -0.1538576 -0.3473325 -0.9250340
vn 0.1760592 -0.5293274 -0.8299492
vn 0.3910227 -0.7224988 -0.5701726
vn 0.4334335 -0.8750866 -0.2153112
vn 0.2919277 -0.9462050 0.1395502
vn 0.0044217 -0.9167980 0.3993268
vn -0.3520475 -0.7947451 0.4944116
vn -0.6819643 -0.6127502 0.3993268
vn -0.8969277 -0.4195788 0.1395502
vn -0.9393385 -0.2669910 -0.2153112
vn -0.3828971 -0.8643880 -0.3259191
vn -0.8443566 0.5312183 0.0697790
vn -0.6477332 0.6588719 -0.3825305
vn -0.2606559 0.6502082 -0.7136440
vn 0.2131583 0.5075487 -0.8348400
vn 0.6467513 0.2691189 -0.7136440
vn 0.9239421 -0.0011942 -0.3825305
vn 0.9704577 -0.2309604 0.0697790
vn 0.7738343 -0.3586140 0.5220885
vn 0.3867570 -0.3499503 0.8532021
vn -0.0870572 -0.2072908 0.9743980
vn -0.5206501 0.0311390 0.8532021
vn -0.7978410 0.3014521 0.5220885
vn -0.8443566 0.5312183 0.0697790
vn -0.9578275 0.2834855 -0.0469303
vn -0.7594673 0.4122667 -0.5032351
vn -0.3689708 0.4035265 -0.8372735
vn 0.1090287 0.2596069 -0.9595400
vn 0.5464517 0.0190710 -0.8372735
vn 0.8260910 -0.2536299 -0.5032351
vn 0.8730175 -0.4854256 -0.0469303
vn 0.6746573 -0.6142068 0.4093746
vn 0.2841608 -0.6054666 0.7434129
vn -0.1938387 -0.4615470 0.8656795
vn -0.6312617 -0.2210110 0.7434129
vn -0.9109010 0.0516898 0.4093746
vn -0.9578275 0.2834855 -0.0469303
vn -0.9761167 -0.0902308 -0.1976224
vn -0.8032979 0.0219682 -0.5951721
vn -0.4630829 0.0143534 -0.8861988
vn -0.0466319 -0.1110347 -0.9927219
vn 0.3344672 -0.3205986 -0.8861988
vn 0.5780993 -0.5581857 -0.5951721
vn 0.6189835 -0.7601348 -0.1976224
vn 0.4461647 -0.8723337 0.1999274
vn 0.1059496 -0.8647190 0.4909540
vn -0.3105013 -0.7393308 0.5974771
vn -0.6916004 -0.5297670 0.4909540
vn -0.9352326 -0.2921799 0.1999274
vn -0.9761167 -0.0902308 -0.1976224
vn -0.9386206 -0.2379331 -0.2497584
vn -0.7841346 -0.1376363 -0.6051357
vn -0.4800099 -0.1444433 -0.8652899
vn -0.1077365 -0.2565301 -0.9605130
vn 0.2329352 -0.4438632 -0.8652899
vn 0.4507226 -0.6562468 -0.6051357
vn 0.4872697 -0.8367729 -0.2497584
vn 0.3327837 -0.9370697 0.1056188
vn 0.0286590 -0.9302627 0.3657730
vn -0.3436143 -0.8181759 0.4609961
vn -0.6842861 -0.6308428 0.3657730
vn -0.9020735 -0.4184592 0.1056188
vn -0.9386206 -0.2379331 -0.2497584
vn -0.9115911 -0.3075575 -0.2727823
vn -0.7674699 -0.2139898 -0.6043164
vn -0.4837497 -0.2203401 -0.8470162
vn -0.1364531 -0.3249068 -0.9358505
vn 0.1813621 -0.4996712 -0.8470162
vn 0.3845376 -0.6978055 -0.6043164
vn 0.4186327 -0.8662197 -0.2727823
vn 0.2745115 -0.9597873 0.0587519
vn -0.0092086 -0.9534370 0.3014517
vn -0.3565053 -0.8488703 0.3902860
vn -0.6743205 -0.6741059 0.3014517
vn -0.8774960 -0.4759716 0.0587519
vn -0.9115911 -0.3075575 -0.2727823
vn -0.9272746 -0.2691648 -0.2602156
vn -0.7772946 -0.1717935 -0.6052274
vn -0.4820404 -0.1784019 -0.8577936
vn -0.1206253 -0.2872195 -0.9502392
vn 0.2101099 -0.4690885 -0.8577936
vn 0.4215450 -0.6752775 -0.6052274
vn 0.4570261 -0.8505381 -0.2602156
vn 0.3070461 -0.9479094 0.0847962
vn 0.0117919 -0.9413010 0.3373624
vn -0.3496232 -0.8324834 0.4298080
vn -0.6803584 -0.6506144 0.3373624
vn -0.8917935 -0.4444255 0.0847962
vn -0.9272746 -0.2691648 -0.2602156
vn -0.3559103 -0.8474536 -0.3938913
vn -0.9727308 -0.2317160 0.0101227
vn -0.8631420 -0.1531868 -0.4811650
vn -0.5412374 0.0098200 -0.8408125
vn -0.0932712 0.2136268 -0.9724526
vn 0.3607245 0.4036239 -0.8408125
vn 0.6991019 0.5289015 -0.4811650
vn 0.8311931 0.5558918 0.0101227
vn 0.7216042 0.4773626 0.5014103
vn 0.3996997 0.3143558 0.8610579
vn -0.0482666 0.1105489 0.9926980
vn -0.5022623 -0.0794481 0.8610579
vn -0.8406397 -0.2047258 0.5014103
vn -0.9727308 -0.2317160 0.0101227
vn -0.8623332 -0.5062955 -0.0068081
vn -0.7517763 -0.4270727 -0.5024354
vn -0.4270283 -0.2626260 -0.8652597
vn 0.0248949 -0.0570189 -0.9980627
vn 0.4829009 0.1346564 -0.8652597
vn 0.8242672 0.2610407 -0.5024354
vn 0.9575252 0.2882693 -0.0068081
vn 0.8469683 0.2090465 0.4888192
vn 0.5222203 0.0445998 0.8516436
vn 0.0702971 -0.1610073 0.9844465
vn -0.3877089 -0.3526826 0.8516436
vn -0.7290752 -0.4790669 0.4888192
vn -0.8623332 -0.5062955 -0.0068081
vn -0.5923383 -0.8051791 -0.0286686
vn -0.4960171 -0.7361572 -0.4604776
vn -0.2130846 -0.5928852 -0.7765836
vn 0.1806477 -0.4137526 -0.8922865
vn 0.5796795 -0.2467580 -0.7765836
vn 0.8770906 -0.1366473 -0.4604776
vn 0.9931899 -0.1129247 -0.0286686
vn 0.8968686 -0.1819466 0.4031403
vn 0.6139361 -0.3252186 0.7192463
vn 0.2202038 -0.5043512 0.8349492
vn -0.1788280 -0.6713459 0.7192463
vn -0.4762391 -0.7814565 0.4031403
vn -0.5923383 -0.8051791 -0.0286686
vn -0.4553655 -0.8895671 -0.0362319
vn -0.3692621 -0.8278671 -0.4222341
vn -0.1163433 -0.6997935 -0.7048073
vn 0.2356214 -0.5396635 -0.8082363
vn 0.5923235 -0.3903838 -0.7048073
vn 0.8581849 -0.2919538 -0.4222341
vn 0.9619683 -0.2707477 -0.0362319
vn 0.8758649 -0.3324477 0.3497703
vn 0.6229461 -0.4605213 0.6323435
vn 0.2709814 -0.6206513 0.7357725
vn -0.0857207 -0.7699310 0.6323435
vn -0.3515821 -0.8683610 0.3497703
vn -0.4553655 -0.8895671 -0.0362319
vn -0.3844688 -0.9222894 -0.0395719
vn -0.3041423 -0.8647291 -0.3996763
vn -0.0681925 -0.7452482 -0.6632909
vn 0.2601581 -0.5958618 -0.7597806
vn 0.5929281 -0.4565976 -0.6632909
vn 0.8409522 -0.3647715 -0.3996763
vn 0.9377725 -0.3449882 -0.0395719
vn 0.8574460 -0.4025486 0.3205324
vn 0.6214962 -0.5220294 0.5841471
vn 0.2931456 -0.6714159 0.6806367
vn -0.0396245 -0.8106800 0.5841471
vn -0.2876485 -0.9025061 0.3205324
vn -0.3844688 -0.9222894 -0.0395719
vn -0.4240900 -0.9048330 -0.0377489
vn -0.3404980 -0.8449326 -0.4124924
vn -0.0949562 -0.7205946 -0.6868236
vn 0.2467426 -0.5651352 -0.7872358
vn 0.5930406 -0.4202096 -0.6868236
vn 0.8511475 -0.3246506 -0.4124924
vn 0.9519037 -0.3040630 -0.0377489
vn 0.8683118 -0.3639634 0.3369946
vn 0.6227700 -0.4883014 0.6113258
vn 0.2810712 -0.6437608 0.7117380
vn -0.0652268 -0.7886864 0.6113258
vn -0.3233337 -0.8842454 0.3369946
vn -0.4240900 -0.9048330 -0.0377489
vn 0.3994789 -0.9149599 -0.0571409
vn -0.9726264 -0.2317178 0.0174568
vn -0.8711370 -0.1345727 -0.4722399
vn -0.5551049 0.0419319 -0.8307227
vn -0.1092107 0.2505018 -0.9619365
vn 0.3470687 0.4352507 -0.8307227
vn 0.6914735 0.5466753 -0.4722399
vn 0.8317208 0.5549196 0.0174568
vn 0.7302314 0.4577745 0.5071534
vn 0.4141993 0.2812698 0.8656363
vn -0.0316949 0.0727000 0.9968501
vn -0.4879743 -0.1120489 0.8656363
vn -0.8323791 -0.2234735 0.5071534
vn -0.9726264 -0.2317178 0.0174568
vn -0.8627593 -0.5054786 -0.0117407
vn -0.7603734 -0.4074753 -0.5057629
vn -0.4415498 -0.2294116 -0.8674123
vn 0.0082831 -0.0189994 -0.9997852
vn 0.4685929 0.1673814 -0.8674123
vn 0.8160400 0.2797903 -0.5057629
vn 0.9575261 0.2881074 -0.0117407
vn 0.8551403 0.1901042 0.4822816
vn 0.5363166 0.0120405 0.8439310
vn 0.0864837 -0.1983717 0.9763039
vn -0.3738261 -0.3847525 0.8439310
vn -0.7212731 -0.4971615 0.4822816
vn -0.8627593 -0.5054786 -0.0117407
vn -0.5934195 -0.8033735 -0.0494397
vn -0.5042172 -0.7179894 -0.4798502
vn -0.2264462 -0.5628537 -0.7949326
vn 0.1654650 -0.3795348 -0.9102608
vn 0.5665040 -0.2171529 -0.7949326
vn 0.8692128 -0.1192181 -0.4798502
vn 0.9924807 -0.1119719 -0.0494397
vn 0.9032784 -0.1973560 0.3809709
vn 0.6255074 -0.3524917 0.6960533
vn 0.2335962 -0.5358106 0.8113814
vn -0.1674428 -0.6981925 0.6960533
vn -0.4701515 -0.7961273 0.3809709
vn -0.5934195 -0.8033735 -0.0494397
vn -0.4566631 -0.8874428 -0.0624827
vn -0.3769234 -0.8111164 -0.4472348
vn -0.1286186 -0.6724376 -0.7288930
vn 0.2217182 -0.5085653 -0.8319870
vn 0.5802145 -0.3634091 -0.7288930
vn 0.8508116 -0.2758633 -0.4472348
vn 0.9610032 -0.2693858 -0.0624827
vn 0.8812635 -0.3457122 0.3222695
vn 0.6329588 -0.4843910 0.6039276
vn 0.2826220 -0.6482632 0.7070216
vn -0.0758744 -0.7934195 0.6039276
vn -0.3464715 -0.8809653 0.3222695
vn -0.4566631 -0.8874428 -0.0624827
vn -0.3858596 -0.9200301 -0.0682426
vn -0.3114698 -0.8488246 -0.4271808
vn -0.0798244 -0.7194501 -0.6899418
vn 0.2470074 -0.5665725 -0.7861189
vn 0.5814513 -0.4311551 -0.6899418
vn 0.8338934 -0.3494830 -0.4271808
vn 0.9366920 -0.3434401 -0.0682426
vn 0.8623022 -0.4146456 0.2906956
vn 0.6306568 -0.5440200 0.5534565
vn 0.3038250 -0.6968977 0.6496337
vn -0.0306189 -0.8323150 0.5534565
vn -0.2830610 -0.9139872 0.2906956
vn -0.3858596 -0.9200301 -0.0682426
vn -0.4254301 -0.9026469 -0.0650988
vn -0.3480162 -0.8285467 -0.4386287
vn -0.1069539 -0.6939128 -0.7120715
vn 0.2331645 -0.5348203 -0.8121586
vn 0.5812044 -0.3938979 -0.7120715
vn 0.8439089 -0.3089056 -0.4386287
vn 0.9508865 -0.3026170 -0.0650988
vn 0.8734726 -0.3767172 0.3084311
vn 0.6324102 -0.5113511 0.5818740
vn 0.2922919 -0.6704436 0.6819610
vn -0.0557480 -0.8113660 0.5818740
vn -0.3184525 -0.8963583 0.3084311
vn -0.4254301 -0.9026469 -0.0650988
vn 0.3976947 -0.9122109 -0.0985408
vn -0.9730126 -0.2295182 0.0238317
vn -0.8782642 -0.1164210 -0.4637868
vn -0.5668552 0.0710437 -0.8207484
vn -0.1222276 0.2826450 -0.9514054
vn 0.3364812 0.4616844 -0.8207484
vn 0.6863604 0.5601885 -0.4637868
vn 0.8336602 0.5517632 0.0238317
vn 0.7389118 0.4386661 0.5114503
vn 0.4275029 0.2512013 0.8684119
vn -0.0171247 0.0396000 0.9990689
vn -0.4758335 -0.1394394 0.8684119
vn -0.8257127 -0.2379435 0.5114503
vn -0.9730126 -0.2295182 0.0238317
vn -0.8644547 -0.5024552 -0.0160282
vn -0.7688693 -0.3883590 -0.5079540
vn -0.4547097 -0.1992383 -0.8680687
vn -0.0061545 0.0142321 -0.9998798
vn 0.4566061 0.1948530 -0.8680687
vn 0.8095759 0.2942272 -0.5079540
vn 0.9581769 0.2857275 -0.0160282
vn 0.8625915 0.1716313 0.4758976
vn 0.5484319 -0.0174893 0.8360123
vn 0.0998767 -0.2309597 0.9678235
vn -0.3628839 -0.4115807 0.8360123
vn -0.7158537 -0.5109549 0.4758976
vn -0.8644547 -0.5024552 -0.0160282
vn -0.5966411 -0.7996649 -0.0674943
vn -0.5133636 -0.7002601 -0.4960783
vn -0.2396560 -0.5354911 -0.8098236
vn 0.1511419 -0.3495078 -0.9246623
vn 0.5543161 -0.1921441 -0.8098236
vn 0.8618365 -0.1055656 -0.4960783
vn 0.9913032 -0.1129709 -0.0674943
vn 0.9080257 -0.2123757 0.3610898
vn 0.6343182 -0.3771447 0.6748351
vn 0.2435203 -0.5631280 0.7896738
vn -0.1596540 -0.7204917 0.6748351
vn -0.4671744 -0.8070702 0.3610898
vn -0.5966411 -0.7996649 -0.0674943
vn -0.4603565 -0.8836265 -0.0853004
vn -0.3859132 -0.7947666 -0.4684198
vn -0.1412408 -0.6474765 -0.7488826
vn 0.2081009 -0.4812225 -0.8515392
vn 0.5685060 -0.3405521 -0.7488826
vn 0.8434043 -0.2631579 -0.4684198
vn 0.9591370 -0.2697777 -0.0853004
vn 0.8846937 -0.3586375 0.2978190
vn 0.6400213 -0.5059276 0.5782819
vn 0.2906797 -0.6721816 0.6809385
vn -0.0697255 -0.8128520 0.5782819
vn -0.3446238 -0.8902462 0.2978190
vn -0.4603565 -0.8836265 -0.0853004
vn -0.3897479 -0.9161971 -0.0931637
vn -0.3202992 -0.8332990 -0.4505787
vn -0.0920425 -0.6958910 -0.7122246
vn 0.2338610 -0.5407914 -0.8079937
vn 0.5700856 -0.4095589 -0.7122246
vn 0.8265403 -0.3373573 -0.4505787
vn 0.9345082 -0.3435329 -0.0931637
vn 0.8650595 -0.4264310 0.2642512
vn 0.6368028 -0.5638390 0.5258972
vn 0.3108993 -0.7189386 0.6216662
vn -0.0253253 -0.8501710 0.5258972
vn -0.2817800 -0.9223727 0.2642512
vn -0.3897479 -0.9161971 -0.0931637
vn -0.4292133 -0.8988202 -0.0888718
vn -0.3569412 -0.8125522 -0.4608166
vn -0.1194053 -0.6695582 -0.7330991
vn 0.2197469 -0.5081533 -0.8327614
vn 0.5696399 -0.3715860 -0.7330991
vn 0.8365201 -0.2964492 -0.4608166
vn 0.9488772 -0.3028758 -0.0888718
vn 0.8766052 -0.3891439 0.2830730
vn 0.6390693 -0.5321379 0.5553554
vn 0.2999171 -0.6935427 0.6550177
vn -0.0499759 -0.8301101 0.5553554
vn -0.3168562 -0.9052469 0.2830730
vn -0.4292133 -0.8988202 -0.0888718
vn 0.3933107 -0.9095105 -0.1345263
vn -0.9736357 -0.2262086 0.0293807
vn -0.8844721 -0.0993369 -0.4558961
vn -0.5767145 0.0971949 -0.8111433
vn -0.1328263 0.3107264 -0.9411728
vn 0.3282530 0.4840418 -0.8111433
vn 0.6829777 0.5707015 -0.4558961
vn 0.8362995 0.5474851 0.0293807
vn 0.7471359 0.4206134 0.5146574
vn 0.4393783 0.2240816 0.8699047
vn -0.0045099 0.0105502 0.9999342
vn -0.4655892 -0.1627653 0.8699047
vn -0.8203139 -0.2494250 0.5146574
vn -0.9736357 -0.2262086 0.0293807
vn -0.8667782 -0.4983021 -0.0197601
vn -0.7768271 -0.3703097 -0.5093234
vn -0.4663510 -0.1720419 -0.8677087
vn -0.0185418 0.0433757 -0.9988868
vn 0.4466103 0.2182221 -0.8677087
vn 0.8044684 0.3056473 -0.5093234
vn 0.9591445 0.2822258 -0.0197601
vn 0.8691933 0.1542335 0.4698032
vn 0.5587172 -0.0440344 0.8281884
vn 0.1109081 -0.2594520 0.9593665
vn -0.3542441 -0.4342984 0.8281884
vn -0.7121021 -0.5217236 0.4698032
vn -0.8667782 -0.4983021 -0.0197601
vn -0.6009297 -0.7949589 -0.0832095
vn -0.5225609 -0.6834472 -0.5097353
vn -0.2520626 -0.5107089 -0.8219738
vn 0.1380854 -0.3230291 -0.9362610
vn 0.5433432 -0.1706964 -0.8219738
vn 0.8551224 -0.0945283 -0.5097353
vn 0.9898820 -0.1149339 -0.0832095
vn 0.9115132 -0.2264457 0.3433162
vn 0.6410149 -0.3991840 0.6555548
vn 0.2508669 -0.5868638 0.7698420
vn -0.1543909 -0.7391965 0.6555548
vn -0.4661701 -0.8153646 0.3433162
vn -0.6009297 -0.7949589 -0.0832095
vn -0.4652462 -0.8789124 -0.1051616
vn -0.3951909 -0.7792300 -0.4864410
vn -0.1533873 -0.6248159 -0.7655569
vn 0.1953734 -0.4570453 -0.8677205
vn 0.5576411 -0.3208723 -0.7655569
vn 0.8363464 -0.2527842 -0.4864410
vn 0.9568105 -0.2710252 -0.1051616
vn 0.8867552 -0.3707076 0.2761179
vn 0.6449516 -0.5251217 0.5552338
vn 0.2961909 -0.6928922 0.6573974
vn -0.0660767 -0.8290653 0.5552338
vn -0.3447821 -0.8971534 0.2761179
vn -0.4652462 -0.8789124 -0.1051616
vn -0.3948843 -0.9115232 -0.1148558
vn -0.3295291 -0.8185287 -0.4705543
vn -0.1039488 -0.6744747 -0.7309436
vn 0.2214127 -0.5179603 -0.8262527
vn 0.5593749 -0.3909234 -0.7309436
vn 0.8193812 -0.3274035 -0.4705543
vn 0.9317631 -0.3444207 -0.1148558
vn 0.8664080 -0.4374152 0.2408427
vn 0.6408276 -0.5814692 0.5012320
vn 0.3154662 -0.7379836 0.5965411
vn -0.0224961 -0.8650205 0.5012320
vn -0.2825024 -0.9285404 0.2408427
vn -0.3948843 -0.9115232 -0.1148558
vn -0.4342167 -0.8941205 -0.1095646
vn -0.3662046 -0.7973456 -0.4797231
vn -0.1314539 -0.6474354 -0.7506979
vn 0.2071343 -0.4845583 -0.8498816
vn 0.5588356 -0.3523570 -0.7506979
vn 0.8294118 -0.2862549 -0.4797231
vn 0.9463623 -0.3039638 -0.1095646
vn 0.8783503 -0.4007388 0.2605939
vn 0.6435995 -0.5506490 0.5315688
vn 0.3050113 -0.7135261 0.6307524
vn -0.0466899 -0.8457273 0.5315688
vn -0.3172662 -0.9118295 0.2605939
vn -0.4342167 -0.8941205 -0.1095646
vn 0.3876204 -0.9067770 -0.1658491
vn -0.9743007 -0.2226366 0.0342212
vn -0.8897963 -0.0837802 -0.4486017
vn -0.5849852 0.1204323 -0.8020526
vn -0.1415413 0.3352822 -0.9314247
vn 0.3217149 0.5032008 -0.8020526
vn 0.6806544 0.5791944 -0.4486017
vn 0.8390995 0.5429005 0.0342212
vn 0.7545950 0.4040441 0.5170442
vn 0.4497839 0.1998317 0.8704951
vn 0.0063401 -0.0150183 0.9998671
vn -0.4569162 -0.1829369 0.8704951
vn -0.8158556 -0.2589305 0.5170442
vn -0.9743007 -0.2226366 0.0342212
vn -0.8692440 -0.4938473 -0.0230157
vn -0.7839931 -0.3537643 -0.5101035
vn -0.4764896 -0.1477480 -0.8666765
vn -0.0291286 0.0689998 -0.9971913
vn 0.4382196 0.2384016 -0.8666765
vn 0.8003296 0.3150665 -0.5101035
vn 0.9601743 0.2784520 -0.0230157
vn 0.8749235 0.1383691 0.4640721
vn 0.5674199 -0.0676473 0.8206452
vn 0.1200590 -0.2843950 0.9511600
vn -0.3472893 -0.4537969 0.8206452
vn -0.7093993 -0.5304617 0.4640721
vn -0.8692440 -0.4938473 -0.0230157
vn -0.6054757 -0.7899405 -0.0969185
vn -0.5312020 -0.6678950 -0.5212876
vn -0.2632935 -0.4884059 -0.8319472
vn 0.1264640 -0.2995672 -0.9456566
vn 0.5336352 -0.1519780 -0.8319472
vn 0.8491189 -0.0851848 -0.5212876
vn 0.9883815 -0.1170846 -0.0969185
vn 0.9141078 -0.2391301 0.3274505
vn 0.6461992 -0.4186192 0.6381101
vn 0.2564418 -0.6074579 0.7518195
vn -0.1507294 -0.7550471 0.6381101
vn -0.4662131 -0.8218403 0.3274505
vn -0.6054757 -0.7899405 -0.0969185
vn -0.4704283 -0.8738959 -0.1224873
vn -0.4040336 -0.7647972 -0.5018388
vn -0.1645451 -0.6043485 -0.7795433
vn 0.1838665 -0.4355420 -0.8811903
vn 0.5478445 -0.3036092 -0.7795433
vn 0.8298614 -0.2439014 -0.5018388
vn 0.9543509 -0.2724173 -0.1224873
vn 0.8879562 -0.3815161 0.2568643
vn 0.6484677 -0.5419648 0.5345688
vn 0.3000561 -0.7107713 0.6362158
vn -0.0639219 -0.8427041 0.5345688
vn -0.3459388 -0.9024118 0.2568643
vn -0.4704283 -0.8738959 -0.1224873
vn -0.4003272 -0.9065547 -0.1337787
vn -0.3383871 -0.8047756 -0.4876785
vn -0.1149665 -0.6550918 -0.7467512
vn 0.2100693 -0.4976110 -0.8415784
vn 0.5496271 -0.3745299 -0.7467512
vn 0.8127228 -0.3188281 -0.4876785
vn 0.9288600 -0.3454308 -0.1337787
vn 0.8669198 -0.4472098 0.2201212
vn 0.6434992 -0.5968936 0.4791939
vn 0.3184634 -0.7543745 0.5740211
vn -0.0210944 -0.8774556 0.4791939
vn -0.2841900 -0.9331574 0.2201212
vn -0.4003272 -0.9065547 -0.1337787
vn -0.4395190 -0.8891216 -0.1276157
vn -0.3750609 -0.7832050 -0.4959025
vn -0.1425576 -0.6274362 -0.7655071
vn 0.1956917 -0.4635534 -0.8641892
vn 0.5490534 -0.3354687 -0.7655071
vn 0.8228445 -0.2775025 -0.4959025
vn 0.9437030 -0.3051867 -0.1276157
vn 0.8792449 -0.4111033 0.2406711
vn 0.6467416 -0.5668721 0.5102757
vn 0.3084923 -0.7307549 0.6089579
vn -0.0448694 -0.8588396 0.5102757
vn -0.3186605 -0.9168058 0.2406711
vn -0.4395190 -0.8891216 -0.1276157
vn 0.3815945 -0.9039191 -0.1931733
vn -0.9748474 -0.2195302 0.0384581
vn -0.8943179 -0.0701545 -0.4418980
vn -0.5920055 0.1407793 -0.7935431
vn -0.1489147 0.3567517 -0.9222541
vn 0.3162288 0.5198930 -0.7935431
vn 0.6787902 0.5864896 -0.4418980
vn 0.8416213 0.5386971 0.0384581
vn 0.7610918 0.3893213 0.5188142
vn 0.4587795 0.1783875 0.8704592
vn 0.0156886 -0.0375849 0.9991703
vn -0.4494549 -0.2007261 0.8704592
vn -0.8120162 -0.2673228 0.5188142
vn -0.9748474 -0.2195302 0.0384581
vn -0.8714560 -0.4897911 -0.0258652
vn -0.7902152 -0.3390959 -0.5104644
vn -0.4852324 -0.1262989 -0.8652156
vn -0.0382277 0.0915812 -0.9950636
vn 0.4310246 0.2561636 -0.8652156
vn 0.7967885 0.3233484 -0.5104644
vn 0.9610580 0.2751337 -0.0258652
vn 0.8798171 0.1244385 0.4587340
vn 0.5748344 -0.0883585 0.8134852
vn 0.1278296 -0.3062386 0.9433332
vn -0.3414226 -0.4708209 0.8134852
vn -0.7071866 -0.5380058 0.4587340
vn -0.8714560 -0.4897911 -0.0258652
vn -0.6096212 -0.7851744 -0.1089178
vn -0.5388412 -0.6538832 -0.5311186
vn -0.2731289 -0.4684865 -0.8401911
vn 0.1163183 -0.2786612 -0.9533194
vn 0.5251483 -0.1352710 -0.8401911
vn 0.8438154 -0.0767370 -0.5311186
vn 0.9869331 -0.1187435 -0.1089178
vn 0.9161530 -0.2500347 0.3132830
vn 0.6504407 -0.4354314 0.6223555
vn 0.2609936 -0.6252567 0.7354838
vn -0.1478364 -0.7686469 0.6223555
vn -0.4665035 -0.8271809 0.3132830
vn -0.6096212 -0.7851744 -0.1089178
vn -0.4751686 -0.8690608 -0.1376521
vn -0.4118970 -0.7516971 -0.5150654
vn -0.1743717 -0.5859674 -0.7913512
vn 0.1737625 -0.4162791 -0.8924788
vn 0.5392234 -0.2880998 -0.7913512
vn 0.8240860 -0.2357752 -0.5150654
vn 0.9520216 -0.2733255 -0.1376521
vn 0.8887499 -0.3906893 0.2397612
vn 0.6512247 -0.5564189 0.5160469
vn 0.3030905 -0.7261073 0.6171745
vn -0.0623704 -0.8542865 0.5160469
vn -0.3472330 -0.9066112 0.2397612
vn -0.4751686 -0.8690608 -0.1376521
vn -0.4053125 -0.9017312 -0.1503415
vn -0.3462860 -0.7922417 -0.5024332
vn -0.1246968 -0.6376313 -0.7601822
vn 0.2000802 -0.4793277 -0.8545249
vn 0.5410214 -0.3597483 -0.7601822
vn 0.8067718 -0.3109343 -0.5024332
vn 0.9261239 -0.3459653 -0.1503415
vn 0.8670973 -0.4554548 0.2017502
vn 0.6455082 -0.6100652 0.4594993
vn 0.3207312 -0.7683688 0.5538420
vn -0.0202100 -0.8879482 0.4594993
vn -0.2859604 -0.9367622 0.2017502
vn -0.4053125 -0.9017312 -0.1503415
vn -0.4443721 -0.8842881 -0.1434155
vn -0.3829460 -0.7703475 -0.5098206
vn -0.1523487 -0.6094518 -0.7780478
vn 0.1856313 -0.4447128 -0.8762257
vn 0.5404326 -0.3202722 -0.7780478
vn 0.8169864 -0.2694738 -0.5098206
vn 0.9411905 -0.3059289 -0.1434155
vn 0.8797643 -0.4198694 0.2229897
vn 0.6491671 -0.5807651 0.4912168
vn 0.3111871 -0.7455041 0.5893948
vn -0.0436142 -0.8699447 0.4912168
vn -0.3201681 -0.9207432 0.2229897
vn -0.4443721 -0.8842881 -0.1434155
vn 0.3760198 -0.9008225 -0.2170896
vn -0.9751267 -0.2175995 0.0421701
vn -0.8981242 -0.0589235 -0.4357762
vn -0.5981102 0.1581363 -0.7856571
vn -0.1554730 0.3754190 -0.9137225
vn 0.3111829 0.5347037 -0.7856571
vn 0.6768175 0.5933104 -0.4357762
vn 0.8434593 0.5355353 0.0421701
vn 0.7664568 0.3768593 0.5201163
vn 0.4664428 0.1597995 0.8699973
vn 0.0238056 -0.0574832 0.9980626
vn -0.4428503 -0.2167679 0.8699973
vn -0.8084849 -0.2753746 0.5201163
vn -0.9751267 -0.2175995 0.0421701
vn -0.8730482 -0.4868084 -0.0283617
vn -0.7953655 -0.3267308 -0.5105298
vn -0.4927014 -0.1077536 -0.8635013
vn -0.0461543 0.1114483 -0.9926979
vn 0.4246237 0.2721401 -0.8635013
vn 0.7934880 0.3312644 -0.5105298
vn 0.9616018 0.2729790 -0.0283617
vn 0.8839192 0.1129013 0.4538064
vn 0.5812550 -0.1060758 0.8067779
vn 0.1347080 -0.3252778 0.9359744
vn -0.3360700 -0.4859695 0.8067779
vn -0.7049344 -0.5450939 0.4538064
vn -0.8730482 -0.4868084 -0.0283617
vn -0.6127589 -0.7811933 -0.1194306
vn -0.5450788 -0.6417277 -0.5395134
vn -0.2813866 -0.4509466 -0.8470353
vn 0.1076618 -0.2599698 -0.9595961
vn 0.5178211 -0.1199691 -0.8470353
vn 0.8391894 -0.0684578 -0.5395134
vn 0.9856564 -0.1192382 -0.1194306
vn 0.9179764 -0.2587038 0.3006521
vn 0.6542841 -0.4494849 0.6081740
vn 0.2652357 -0.6404617 0.7207349
vn -0.1449235 -0.7804624 0.6081740
vn -0.4662919 -0.8319737 0.3006521
vn -0.6127589 -0.7811933 -0.1194306
vn -0.4787898 -0.8648572 -0.1509384
vn -0.4182894 -0.7401862 -0.5264583
vn -0.1825698 -0.5696434 -0.8013580
vn 0.1652079 -0.3989256 -0.9019782
vn 0.5318570 -0.2737764 -0.8013580
vn 0.8191343 -0.2277294 -0.5264583
vn 0.9500639 -0.2731230 -0.1509384
vn 0.8895634 -0.3977939 0.2245816
vn 0.6538439 -0.5683367 0.4994812
vn 0.3060662 -0.7390546 0.6001015
vn -0.0605829 -0.8642038 0.4994812
vn -0.3478602 -0.9102507 0.2245816
vn -0.4787898 -0.8648572 -0.1509384
vn -0.4091351 -0.8974587 -0.1648525
vn -0.3526937 -0.7811523 -0.5151779
vn -0.1327892 -0.6220516 -0.7716339
vn 0.1916552 -0.4627876 -0.8655033
vn 0.5337049 -0.3460350 -0.7716339
vn 0.8017080 -0.3030775 -0.5151779
vn 0.9238533 -0.3454255 -0.1648525
vn 0.8674119 -0.4617319 0.1854728
vn 0.6475074 -0.6208326 0.4419288
vn 0.3230630 -0.7800965 0.5357982
vn -0.0189867 -0.8968492 0.4419288
vn -0.2869898 -0.9398067 0.1854728
vn -0.4091351 -0.8974587 -0.1648525
vn -0.4480859 -0.8800505 -0.1572580
vn -0.3893501 -0.7590159 -0.5218250
vn -0.1605059 -0.5934475 -0.7887065
vn 0.1771280 -0.4277090 -0.8863919
vn 0.5330829 -0.3062101 -0.7887065
vn 0.8119810 -0.2615062 -0.5218250
vn 0.9390918 -0.3055758 -0.1572580
vn 0.8803560 -0.4266104 0.2073089
vn 0.6515118 -0.5921789 0.4741905
vn 0.3138779 -0.7579173 0.5718759
vn -0.0420771 -0.8794162 0.4741905
vn -0.3209751 -0.9241201 0.2073089
vn -0.4480859 -0.8800505 -0.1572580
vn 0.3716206 -0.8973481 -0.2380433
vn -0.9749770 -0.2176188 0.0454080
vn -0.9012885 -0.0506891 -0.4302438
vn -0.6036235 0.1722268 -0.7784450
vn -0.1617411 0.3913989 -0.9058955
vn 0.3059567 0.5481002 -0.7784450
vn 0.6741505 0.6003427 -0.4302438
vn 0.8441832 0.5341281 0.0454080
vn 0.7704946 0.3671985 0.5210597
vn 0.4728296 0.1442826 0.8692610
vn 0.0309472 -0.0748896 0.9967115
vn -0.4367505 -0.2315909 0.8692610
vn -0.8049443 -0.2838334 0.5210597
vn -0.9749770 -0.2176188 0.0454080
vn -0.8736316 -0.4856287 -0.0305394
vn -0.7992921 -0.3172245 -0.5103927
vn -0.4989978 -0.0923395 -0.8616697
vn -0.0532121 0.1287686 -0.9902460
vn 0.4186169 0.2868541 -0.8616697
vn 0.7900630 0.3395581 -0.5103927
vn 0.9615977 0.2727586 -0.0305394
vn 0.8872582 0.1043544 0.4493139
vn 0.5869639 -0.1205306 0.8005909
vn 0.1411782 -0.3416387 0.9291672
vn -0.3306508 -0.4997242 0.8005909
vn -0.7020969 -0.5524282 0.4493139
vn -0.8736316 -0.4856287 -0.0305394
vn -0.6142482 -0.7785634 -0.1286007
vn -0.5494809 -0.6318434 -0.5466668
vn -0.2878533 -0.4359153 -0.8527123
vn 0.1005317 -0.2432777 -0.9647328
vn 0.5116066 -0.1055477 -0.8527123
vn 0.8352243 -0.0596301 -0.5466668
vn 0.9846717 -0.1178283 -0.1286007
vn 0.9199044 -0.2645482 0.2894653
vn 0.6582768 -0.4604764 0.5955108
vn 0.2698918 -0.6531140 0.7075313
vn -0.1411832 -0.7908439 0.5955108
vn -0.4648009 -0.8367616 0.2894653
vn -0.6142482 -0.7785634 -0.1286007
vn -0.4805788 -0.8617591 -0.1625277
vn -0.4226821 -0.7306034 -0.5362449
vn -0.1888082 -0.5554595 -0.8098248
vn 0.1583765 -0.3832570 -0.9099620
vn 0.5258442 -0.2601376 -0.8098248
vn 0.8151322 -0.2190910 -0.5362449
vn 0.9487261 -0.2711155 -0.1625277
vn 0.8908293 -0.4022712 0.2111894
vn 0.6569555 -0.5774151 0.4847693
vn 0.3097707 -0.7496175 0.5849065
vn -0.0576970 -0.8727369 0.4847693
vn -0.3469850 -0.9137836 0.2111894
vn -0.4805788 -0.8617591 -0.1625277
vn -0.4110530 -0.8941619 -0.1775103
vn -0.3570408 -0.7718057 -0.5261538
vn -0.1388581 -0.6084127 -0.7813786
vn 0.1850332 -0.4477637 -0.8747973
vn 0.5278465 -0.3329047 -0.7813786
vn 0.7977255 -0.2946120 -0.5261538
vn 0.9223562 -0.3431460 -0.1775103
vn 0.8683439 -0.4655022 0.1711333
vn 0.6501612 -0.6288952 0.4263580
vn 0.3262700 -0.7895442 0.5197768
vn -0.0165434 -0.9044032 0.4263580
vn -0.2864224 -0.9426959 0.1711333
vn -0.4110530 -0.8941619 -0.1775103
vn -0.4499337 -0.8768615 -0.1693326
vn -0.3937257 -0.7495312 -0.5321494
vn -0.1666734 -0.5794958 -0.7977497
vn 0.1703849 -0.4123161 -0.8949661
vn 0.5271345 -0.2927878 -0.7977497
vn 0.8079847 -0.2529384 -0.5321494
vn 0.9376819 -0.3034454 -0.1693326
vn 0.8814739 -0.4307757 0.1934841
vn 0.6544215 -0.6008111 0.4590844
vn 0.3173633 -0.7679908 0.5563009
vn -0.0393863 -0.8875191 0.4590844
vn -0.3202365 -0.9273686 0.1934841
vn -0.4499337 -0.8768615 -0.1693326
vn 0.3691550 -0.8933221 -0.2563207
vn -0.9742108 -0.2204322 0.0481963
vn -0.9038570 -0.0461918 -0.4253338
vn -0.6088516 0.1826028 -0.7719819
vn -0.1682410 0.4046464 -0.8988639
vn 0.2999135 0.5604426 -0.7719819
vn 0.6701702 0.6082459 -0.4253338
vn 0.8433192 0.5352474 0.0481963
vn 0.7729654 0.3610070 0.5217264
vn 0.4779600 0.1322124 0.8683744
vn 0.0373494 -0.0898312 0.9952564
vn -0.4308051 -0.2456274 0.8683744
vn -0.8010618 -0.2934307 0.5217264
vn -0.9742108 -0.2204322 0.0481963
vn -0.8727764 -0.4870427 -0.0324147
vn -0.8018012 -0.3112632 -0.5101275
vn -0.5041899 -0.0804476 -0.8598376
vn -0.0596873 0.1435574 -0.9878404
vn 0.4126025 0.3007298 -0.8598376
vn 0.7861298 0.3489553 -0.5101275
vn 0.9608083 0.2753120 -0.0324147
vn 0.8898330 0.0995325 0.4452982
vn 0.5922217 -0.1312831 0.7950083
vn 0.1477191 -0.3552881 0.9230111
vn -0.3245707 -0.5124605 0.7950083
vn -0.6980980 -0.5606860 0.4452982
vn -0.8727764 -0.4870427 -0.0324147
vn -0.6133934 -0.7778926 -0.1364975
vn -0.5515571 -0.6247470 -0.5526987
vn -0.2922671 -0.4236519 -0.8573792
vn 0.0950001 -0.2284904 -0.9688999
vn 0.5064765 -0.0915560 -0.8573792
vn 0.8319074 -0.0495401 -0.5526987
vn 0.9840938 -0.1137009 -0.1364975
vn 0.9222574 -0.2668465 0.2797037
vn 0.6629674 -0.4679417 0.5843841
vn 0.2757003 -0.6631032 0.6959049
vn -0.1357761 -0.8000376 0.5843841
vn -0.4612070 -0.8420534 0.2797037
vn -0.6133934 -0.7778926 -0.1364975
vn -0.4797634 -0.8602721 -0.1725078
vn -0.4244868 -0.7233724 -0.5445580
vn -0.1927025 -0.5436096 -0.8169176
vn 0.1534830 -0.3691510 -0.9166081
vn 0.5213095 -0.2467428 -0.8169176
vn 0.8122183 -0.2091840 -0.5445580
vn 0.9482606 -0.2665385 -0.1725078
vn 0.8929840 -0.4034383 0.1995423
vn 0.6611997 -0.5832011 0.4719019
vn 0.3150143 -0.7576596 0.5715925
vn -0.0528123 -0.8800679 0.4719019
vn -0.3437211 -0.9176266 0.1995423
vn -0.4797634 -0.8602721 -0.1725078
vn -0.4102645 -0.8922917 -0.1884104
vn -0.3586965 -0.7645769 -0.5354988
vn -0.1424632 -0.5968749 -0.7895851
vn 0.1804958 -0.4341212 -0.8825871
vn 0.5236440 -0.3199256 -0.7895851
vn 0.7950350 -0.2848868 -0.5354988
vn 0.9219499 -0.3383932 -0.1884104
vn 0.8703819 -0.4661080 0.1586780
vn 0.6541486 -0.6338101 0.4127643
vn 0.3311896 -0.7965638 0.5057664
vn -0.0119586 -0.9107594 0.4127643
vn -0.2833496 -0.9457982 0.1586780
vn -0.4102645 -0.8922917 -0.1884104
vn -0.4491297 -0.8752025 -0.1797306
vn -0.3954654 -0.7422958 -0.5409290
vn -0.1704417 -0.5677762 -0.8053445
vn 0.1656465 -0.3984062 -0.9021274
vn 0.5227444 -0.2795683 -0.8053445
vn 0.8051682 -0.2431050 -0.5409290
vn 0.9372425 -0.2987866 -0.1797306
vn 0.8835781 -0.4316934 0.1814678
vn 0.6585544 -0.6062129 0.4458834
vn 0.3224663 -0.7755829 0.5426662
vn -0.0346317 -0.8944209 0.4458834
vn -0.3170554 -0.9308841 0.1814678
vn -0.4491297 -0.8752025 -0.1797306
vn 0.3694309 -0.8885404 -0.2720602
vn -0.9725772 -0.2270368 0.0504767
vn -0.9057656 -0.0465325 -0.4212165
vn -0.6139814 0.1883454 -0.7665200
vn -0.1754079 0.4146615 -0.8929098
vn 0.2924395 0.5717747 -0.7665200
vn 0.6642014 0.6175866 -0.4212165
vn 0.8402645 0.5398219 0.0504767
vn 0.7734529 0.3593176 0.5221699
vn 0.4816687 0.1244397 0.8674733
vn 0.0430952 -0.1018765 0.9938632
vn -0.4247521 -0.2589896 0.8674733
vn -0.7965140 -0.3048015 0.5221699
vn -0.9725772 -0.2270368 0.0504767
vn -0.8699337 -0.4919989 -0.0339484
vn -0.8025319 -0.3099002 -0.5098082
vn -0.5081703 -0.0729476 -0.8581617
vn -0.0657228 0.1553677 -0.9856680
vn 0.4062572 0.3138687 -0.8581617
vn 0.7813029 0.3600852 -0.5098082
vn 0.9589213 0.2816336 -0.0339484
vn 0.8915195 0.0995349 0.4419114
vn 0.5971579 -0.1374178 0.7902650
vn 0.1547104 -0.3657330 0.9177712
vn -0.3172695 -0.5242340 0.7902650
vn -0.6923153 -0.5704505 0.4419114
vn -0.8699337 -0.4919989 -0.0339484
vn -0.6093207 -0.7799307 -0.1429559
vn -0.5505978 -0.6212795 -0.5575427
vn -0.2941390 -0.4148376 -0.8610412
vn 0.0913377 -0.2159209 -0.9721294
vn 0.5025442 -0.0778289 -0.8610412
vn 0.8292980 -0.0375634 -0.5575427
vn 0.9840457 -0.1059134 -0.1429559
vn 0.9253228 -0.2645645 0.2716308
vn 0.6688640 -0.4710065 0.5751294
vn 0.2833873 -0.6699232 0.6862176
vn -0.1278192 -0.8080151 0.5751294
vn -0.4545730 -0.8482807 0.2716308
vn -0.6093207 -0.7799307 -0.1429559
vn -0.4753784 -0.8610306 -0.1806700
vn -0.4228849 -0.7192093 -0.5512770
vn -0.1936315 -0.5346670 -0.8225801
vn 0.1509534 -0.3568515 -0.9218840
vn 0.5185387 -0.2334085 -0.8225801
vn 0.8106301 -0.1974144 -0.5512770
vn 0.9489621 -0.2585137 -0.1806700
vn 0.8964685 -0.4003350 0.1899369
vn 0.6672152 -0.5848774 0.4612400
vn 0.3226302 -0.7626928 0.5605439
vn -0.0449550 -0.8861358 0.4612400
vn -0.3370465 -0.9221300 0.1899369
vn -0.4753784 -0.8610306 -0.1806700
vn -0.4057686 -0.8924207 -0.1973250
vn -0.3567970 -0.7601145 -0.5430670
vn -0.1429248 -0.5879536 -0.7961677
vn 0.1785411 -0.4220683 -0.8888090
vn 0.5214641 -0.3069073 -0.7961677
vn 0.7939584 -0.2733281 -0.5430670
vn 0.9230093 -0.3303282 -0.1973250
vn 0.8740377 -0.4626343 0.1484170
vn 0.6601655 -0.6347953 0.4015177
vn 0.3386996 -0.8006806 0.4941590
vn -0.0042234 -0.9158415 0.4015177
vn -0.2767177 -0.9494207 0.1484170
vn -0.4057686 -0.8924207 -0.1973250
vn -0.4446919 -0.8756808 -0.1882345
vn -0.3937295 -0.7379961 -0.5480318
vn -0.1711629 -0.5588364 -0.8114217
vn 0.1633714 -0.3862074 -0.9078291
vn 0.5202351 -0.2663649 -0.8114217
vn 0.8038070 -0.2314206 -0.5480318
vn 0.9381041 -0.2907378 -0.1882345
vn 0.8871417 -0.4284225 0.1715628
vn 0.6645751 -0.6075822 0.4349526
vn 0.3300408 -0.7802112 0.5313600
vn -0.0268229 -0.9000537 0.4349526
vn -0.3103948 -0.9349980 0.1715628
vn -0.4446919 -0.8756808 -0.1882345
vn 0.3734418 -0.8828106 -0.2849328
vn -0.9697466 -0.2384915 0.0520887
vn -0.9067762 -0.0531377 -0.4182503
vn -0.6189839 0.1880363 -0.7625623
vn -0.1834834 0.4204081 -0.8885893
vn 0.2830332 0.5817138 -0.7625623
vn 0.6555633 0.6287317 -0.4182503
vn 0.8342876 0.5488633 0.0520887
vn 0.7713172 0.3635095 0.5224277
vn 0.4835248 0.1223355 0.8667397
vn 0.0480244 -0.1100363 0.9927667
vn -0.4184923 -0.2713420 0.8667397
vn -0.7910223 -0.3183599 0.5224277
vn -0.9697466 -0.2384915 0.0520887
vn -0.8644330 -0.5015260 -0.0350325
vn -0.8009063 -0.3145349 -0.5095261
vn -0.5105719 -0.0712305 -0.8568796
vn -0.0712245 0.1631938 -0.9840197
vn 0.3994130 0.3259244 -0.8568796
vn 0.7752337 0.3733576 -0.5095261
vn 0.9555367 0.2927838 -0.0350325
vn 0.8920100 0.1057926 0.4394611
vn 0.6016756 -0.1375117 0.7868145
vn 0.1623282 -0.3719361 0.9139546
vn -0.3083093 -0.5346666 0.7868145
vn -0.6841299 -0.5820998 0.4394611
vn -0.8644330 -0.5015260 -0.0350325
vn -0.6009946 -0.7855208 -0.1475213
vn -0.5456479 -0.6226072 -0.5609178
vn -0.2926977 -0.4106314 -0.8635450
vn 0.0900780 -0.2063922 -0.9743142
vn 0.5001149 -0.0646153 -0.8635450
vn 0.8275439 -0.0232897 -0.5609178
vn 0.9846306 -0.0934886 -0.1475213
vn 0.9292838 -0.2564022 0.2658751
vn 0.6763336 -0.4683780 0.5685023
vn 0.2935579 -0.6726172 0.6792716
vn -0.1164790 -0.8143941 0.5685023
vn -0.4439079 -0.8557197 0.2658751
vn -0.6009946 -0.7855208 -0.1475213
vn -0.4662875 -0.8647636 -0.1864399
vn -0.4168120 -0.7191320 -0.5559828
vn -0.1906950 -0.5296429 -0.8265070
vn 0.1514755 -0.3470696 -0.9255257
vn 0.5180152 -0.2203325 -0.8265070
vn 0.8107101 -0.1833908 -0.5559828
vn 0.9511329 -0.2461429 -0.1864399
vn 0.9016574 -0.3917745 0.1831030
vn 0.6755404 -0.5812637 0.4536272
vn 0.3333699 -0.7638370 0.5526460
vn -0.0331698 -0.8905740 0.4536272
vn -0.3258647 -0.9275157 0.1831030
vn -0.4662875 -0.8647636 -0.1864399
vn -0.3963908 -0.8952153 -0.2036267
vn -0.3502347 -0.7593545 -0.5483761
vn -0.1392885 -0.5825787 -0.8007502
vn 0.1799249 -0.4122547 -0.8931255
vn 0.5218726 -0.2940207 -0.8007502
vn 0.7949299 -0.2595575 -0.5483761
vn 0.9259314 -0.3180994 -0.2036267
vn 0.8797753 -0.4539602 0.1411226
vn 0.6688291 -0.6307361 0.3934967
vn 0.3496156 -0.8010601 0.4858720
vn 0.0076680 -0.9192941 0.3934967
vn -0.2653893 -0.9537573 0.1411226
vn -0.3963908 -0.8952153 -0.2036267
vn -0.4354662 -0.8789981 -0.1942459
vn -0.3874338 -0.7376142 -0.5530102
vn -0.1679121 -0.5536520 -0.8156439
vn 0.1642782 -0.3764039 -0.9117745
vn 0.5201269 -0.2533634 -0.8156439
vn 0.8042846 -0.2174992 -0.5530102
vn 0.9406116 -0.2784210 -0.1942459
vn 0.8925792 -0.4198049 0.1645183
vn 0.6730575 -0.6037671 0.4271520
vn 0.3408672 -0.7810152 0.5232826
vn -0.0149815 -0.9040557 0.4271520
vn -0.2991392 -0.9399199 0.1645183
vn -0.4354662 -0.8789981 -0.1942459
vn 0.3823222 -0.8759993 -0.2940323
vn -0.9653041 -0.2557548 0.0527015
vn -0.9063256 -0.0677698 -0.4171104
vn -0.6233564 0.1795828 -0.7610367
vn -0.1922179 0.4200250 -0.8869224
vn 0.2715667 0.5891305 -0.7610367
vn 0.6437268 0.6415877 -0.4171104
vn 0.8245422 0.5633406 0.0527015
vn 0.7655637 0.3753556 0.5225135
vn 0.4825946 0.1280030 0.8664397
vn 0.0514560 -0.1124391 0.9923254
vn -0.4123286 -0.2815447 0.8664397
vn -0.7844887 -0.3340018 0.5225135
vn -0.9653041 -0.2557548 0.0527015
vn -0.8554931 -0.5165996 -0.0354447
vn -0.7959937 -0.3269541 -0.5094066
vn -0.5105250 -0.0774166 -0.8563708
vn -0.0755781 0.1651495 -0.9833685
vn 0.3923033 0.3357487 -0.8563708
vn 0.7677507 0.3886693 -0.5094066
vn 0.9501633 0.3097311 -0.0354447
vn 0.8906639 0.1200855 0.4385172
vn 0.6051951 -0.1294519 0.7854814
vn 0.1702483 -0.3720180 0.9124791
vn -0.2976331 -0.5426173 0.7854814
vn -0.6730805 -0.5955378 0.4385172
vn -0.8554931 -0.5165996 -0.0354447
vn -0.5872504 -0.7955246 -0.1492569
vn -0.5354123 -0.6302983 -0.5621901
vn -0.2867013 -0.4128920 -0.8644782
vn 0.0922406 -0.2015594 -0.9751233
vn 0.4998762 -0.0529270 -0.8644782
vn 0.8269799 -0.0068207 -0.5621901
vn 0.9859046 -0.0755946 -0.1492569
vn 0.9340664 -0.2408208 0.2636763
vn 0.6853555 -0.4582271 0.5659644
vn 0.3064136 -0.6695597 0.6766096
vn -0.1012220 -0.8181921 0.5659644
vn -0.4283258 -0.8642985 0.2636763
vn -0.5872504 -0.7955246 -0.1492569
vn -0.4512237 -0.8722469 -0.1886333
vn -0.4048846 -0.7245480 -0.5577621
vn -0.1825572 -0.5302044 -0.8279832
vn 0.1561862 -0.3412902 -0.9268910
vn 0.5205794 -0.2084249 -0.8279832
vn 0.8129836 -0.1672095 -0.5577621
vn 0.9550494 -0.2286878 -0.1886333
vn 0.9087103 -0.3763867 0.1804955
vn 0.6863829 -0.5707303 0.4507166
vn 0.3476395 -0.7596445 0.5496244
vn -0.0167537 -0.8925099 0.4507166
vn -0.3091579 -0.9337252 0.1804955
vn -0.4512237 -0.8722469 -0.1886333
vn -0.3808261 -0.9014024 -0.2060223
vn -0.3375960 -0.7636130 -0.5503854
vn -0.1301850 -0.5823084 -0.8024767
vn 0.1858311 -0.4060689 -0.8947485
vn 0.5257763 -0.2821179 -0.8024767
vn 0.7985624 -0.2436678 -0.5503854
vn 0.9310966 -0.3010213 -0.2060223
vn 0.8878666 -0.4388107 0.1383407
vn 0.6804556 -0.6201153 0.3904320
vn 0.3644394 -0.7963548 0.4827038
vn 0.0244943 -0.9203059 0.3904320
vn -0.2482919 -0.9587560 0.1383407
vn -0.3808261 -0.9014024 -0.2060223
vn -0.4201676 -0.8859089 -0.1965312
vn -0.3751801 -0.7425181 -0.5548935
vn -0.1593374 -0.5538430 -0.8172329
vn 0.1695256 -0.3704389 -0.9132557
vn 0.5232904 -0.2414489 -0.8172329
vn 0.8071660 -0.2014357 -0.5548935
vn 0.9450880 -0.2611209 -0.1965312
vn 0.9001005 -0.4045117 0.1618311
vn 0.6842578 -0.5931869 0.4241705
vn 0.3553948 -0.7765909 0.5201934
vn 0.0016300 -0.9055809 0.4241705
vn -0.2822456 -0.9455941 0.1618311
vn -0.4201676 -0.8859089 -0.1965312
vn 0.3972890 -0.8681361 -0.2974915
vn -0.9589400 -0.2788312 0.0518390
vn -0.9034845 -0.0916260 -0.4187128
vn -0.6258239 0.1609341 -0.7631806
vn -0.2003571 0.4111758 -0.8892646
vn 0.2589125 0.5920470 -0.7631806
vn 0.6289239 0.6550835 -0.4187128
vn 0.8105328 0.5833946 0.0518390
vn 0.7550773 0.3961895 0.5223908
vn 0.4774167 0.1436294 0.8668586
vn 0.0519499 -0.1066123 0.9929426
vn -0.4073197 -0.2874835 0.8668586
vn -0.7773311 -0.3505200 0.5223908
vn -0.9589400 -0.2788312 0.0518390
vn -0.8426454 -0.5373389 -0.0348646
vn -0.7867001 -0.3484801 -0.5095729
vn -0.5065868 -0.0936891 -0.8570835
vn -0.0773618 0.1587630 -0.9842812
vn 0.3859646 0.3412319 -0.8570835
vn 0.7592444 0.4048252 -0.5095729
vn 0.9424575 0.3325031 -0.0348646
vn 0.8865122 0.1436443 0.4398437
vn 0.6063989 -0.1111467 0.7873543
vn 0.1771738 -0.3635988 0.9145520
vn -0.2861526 -0.5460677 0.7873543
vn -0.6594323 -0.6096610 0.4398437
vn -0.8426454 -0.5373389 -0.0348646
vn -0.5674707 -0.8101991 -0.1468141
vn -0.5187291 -0.6456583 -0.5603976
vn -0.2746840 -0.4236749 -0.8631618
vn 0.0992729 -0.2037293 -0.9739811
vn 0.5029400 -0.0447556 -0.8631618
vn 0.8281552 0.0106493 -0.5603976
vn 0.9877773 -0.0523604 -0.1468141
vn 0.9390357 -0.2169012 0.2667694
vn 0.6949906 -0.4388846 0.5695335
vn 0.3210337 -0.6588303 0.6803529
vn -0.0826334 -0.8178040 0.5695335
vn -0.4078486 -0.8732088 0.2667694
vn -0.5674707 -0.8101991 -0.1468141
vn -0.4295376 -0.8837817 -0.1855461
vn -0.3859666 -0.7366955 -0.5552563
vn -0.1678100 -0.5382604 -0.8259029
vn 0.1664771 -0.3416468 -0.9249664
vn 0.5273228 -0.1995372 -0.8259029
vn 0.8180388 -0.1500097 -0.5552563
vn 0.9607280 -0.2063353 -0.1855461
vn 0.9171570 -0.3534214 0.1841640
vn 0.6990004 -0.5518566 0.4548106
vn 0.3647133 -0.7484702 0.5538742
vn 0.0038676 -0.8905798 0.4548106
vn -0.2868484 -0.9401072 0.1841640
vn -0.4295376 -0.8837817 -0.1855461
vn -0.3584157 -0.9113018 -0.2026506
vn -0.3177679 -0.7740840 -0.5475559
vn -0.1142481 -0.5889624 -0.8000442
vn 0.1976109 -0.4055401 -0.8924613
vn 0.5342466 -0.2729650 -0.8000442
vn 0.8054578 -0.2267604 -0.5475559
vn 0.9385736 -0.2793070 -0.2026506
vn 0.8979258 -0.4165247 0.1422548
vn 0.6944059 -0.6016464 0.3947430
vn 0.3825470 -0.7850687 0.4871601
vn 0.0459113 -0.9176438 0.3947430
vn -0.2252999 -0.9638483 0.1422548
vn -0.3584157 -0.9113018 -0.2026506
vn -0.3981421 -0.8967231 -0.1933148
vn -0.3558419 -0.7539270 -0.5522414
vn -0.1440485 -0.5612797 -0.8149939
vn 0.1804883 -0.3704009 -0.9111680
vn 0.5308091 -0.2324362 -0.8149939
vn 0.8130457 -0.1843534 -0.5522414
vn 0.9515730 -0.2390361 -0.1933148
vn 0.9092728 -0.3818321 0.1656119
vn 0.6974793 -0.5744794 0.4283644
vn 0.3729425 -0.7653583 0.5245385
vn 0.0226217 -0.9033229 0.4283644
vn -0.2596148 -0.9514057 0.1656119
vn -0.3981421 -0.8967231 -0.1933148
vn 0.4188673 -0.8596058 -0.2926228

o Tentacle_Variant_01
g Tentacle_Variant_01
s 1
usemtl KrakenSkin
f 1/1/1 23/23/23 22/22/22
f 1/1/1 2/2/2 23/23/23
f 2/2/2 24/24/24 23/23/23
f 2/2/2 3/3/3 24/24/24
f 3/3/3 25/25/25 24/24/24
f 3/3/3 4/4/4 25/25/25
f 4/4/4 26/26/26 25/25/25
f 4/4/4 5/5/5 26/26/26
f 5/5/5 27/27/27 26/26/26
f 5/5/5 6/6/6 27/27/27
f 6/6/6 28/28/28 27/27/27
f 6/6/6 7/7/7 28/28/28
f 7/7/7 29/29/29 28/28/28
f 7/7/7 8/8/8 29/29/29
f 8/8/8 30/30/30 29/29/29
f 8/8/8 9/9/9 30/30/30
f 9/9/9 31/31/31 30/30/30
f 9/9/9 10/10/10 31/31/31
f 10/10/10 32/32/32 31/31/31
f 10/10/10 11/11/11 32/32/32
f 11/11/11 33/33/33 32/32/32
f 11/11/11 12/12/12 33/33/33
f 12/12/12 34/34/34 33/33/33
f 12/12/12 13/13/13 34/34/34
f 13/13/13 35/35/35 34/34/34
f 13/13/13 14/14/14 35/35/35
f 14/14/14 36/36/36 35/35/35
f 14/14/14 15/15/15 36/36/36
f 15/15/15 37/37/37 36/36/36
f 15/15/15 16/16/16 37/37/37
f 16/16/16 38/38/38 37/37/37
f 16/16/16 17/17/17 38/38/38
f 17/17/17 39/39/39 38/38/38
f 17/17/17 18/18/18 39/39/39
f 18/18/18 40/40/40 39/39/39
f 18/18/18 19/19/19 40/40/40
f 19/19/19 41/41/41 40/40/40
f 19/19/19 20/20/20 41/41/41
f 20/20/20 42/42/42 41/41/41
f 20/20/20 21/21/21 42/42/42
f 22/22/22 44/44/44 43/43/43
f 22/22/22 23/23/23 44/44/44
f 23/23/23 45/45/45 44/44/44
f 23/23/23 24/24/24 45/45/45
f 24/24/24 46/46/46 45/45/45
f 24/24/24 25/25/25 46/46/46
f 25/25/25 47/47/47 46/46/46
f 25/25/25 26/26/26 47/47/47
f 26/26/26 48/48/48 47/47/47
f 26/26/26 27/27/27 48/48/48
f 27/27/27 49/49/49 48/48/48
f 27/27/27 28/28/28 49/49/49
f 28/28/28 50/50/50 49/49/49
f 28/28/28 29/29/29 50/50/50
f 29/29/29 51/51/51 50/50/50
f 29/29/29 30/30/30 51/51/51
f 30/30/30 52/52/52 51/51/51
f 30/30/30 31/31/31 52/52/52
f 31/31/31 53/53/53 52/52/52
f 31/31/31 32/32/32 53/53/53
f 32/32/32 54/54/54 53/53/53
f 32/32/32 33/33/33 54/54/54
f 33/33/33 55/55/55 54/54/54
f 33/33/33 34/34/34 55/55/55
f 34/34/34 56/56/56 55/55/55
f 34/34/34 35/35/35 56/56/56
f 35/35/35 57/57/57 56/56/56
f 35/35/35 36/36/36 57/57/57
f 36/36/36 58/58/58 57/57/57
f 36/36/36 37/37/37 58/58/58
f 37/37/37 59/59/59 58/58/58
f 37/37/37 38/38/38 59/59/59
f 38/38/38 60/60/60 59/59/59
f 38/38/38 39/39/39 60/60/60
f 39/39/39 61/61/61 60/60/60
f 39/39/39 40/40/40 61/61/61
f 40/40/40 62/62/62 61/61/61
f 40/40/40 41/41/41 62/62/62
f 41/41/41 63/63/63 62/62/62
f 41/41/41 42/42/42 63/63/63
f 43/43/43 65/65/65 64/64/64
f 43/43/43 44/44/44 65/65/65
f 44/44/44 66/66/66 65/65/65
f 44/44/44 45/45/45 66/66/66
f 45/45/45 67/67/67 66/66/66
f 45/45/45 46/46/46 67/67/67
f 46/46/46 68/68/68 67/67/67
f 46/46/46 47/47/47 68/68/68
f 47/47/47 69/69/69 68/68/68
f 47/47/47 48/48/48 69/69/69
f 48/48/48 70/70/70 69/69/69
f 48/48/48 49/49/49 70/70/70
f 49/49/49 71/71/71 70/70/70
f 49/49/49 50/50/50 71/71/71
f 50/50/50 72/72/72 71/71/71
f 50/50/50 51/51/51 72/72/72
f 51/51/51 73/73/73 72/72/72
f 51/51/51 52/52/52 73/73/73
f 52/52/52 74/74/74 73/73/73
f 52/52/52 53/53/53 74/74/74
f 53/53/53 75/75/75 74/74/74
f 53/53/53 54/54/54 75/75/75
f 54/54/54 76/76/76 75/75/75
f 54/54/54 55/55/55 76/76/76
f 55/55/55 77/77/77 76/76/76
f 55/55/55 56/56/56 77/77/77
f 56/56/56 78/78/78 77/77/77
f 56/56/56 57/57/57 78/78/78
f 57/57/57 79/79/79 78/78/78
f 57/57/57 58/58/58 79/79/79
f 58/58/58 80/80/80 79/79/79
f 58/58/58 59/59/59 80/80/80
f 59/59/59 81/81/81 80/80/80
f 59/59/59 60/60/60 81/81/81
f 60/60/60 82/82/82 81/81/81
f 60/60/60 61/61/61 82/82/82
f 61/61/61 83/83/83 82/82/82
f 61/61/61 62/62/62 83/83/83
f 62/62/62 84/84/84 83/83/83
f 62/62/62 63/63/63 84/84/84
f 64/64/64 86/86/86 85/85/85
f 64/64/64 65/65/65 86/86/86
f 65/65/65 87/87/87 86/86/86
f 65/65/65 66/66/66 87/87/87
f 66/66/66 88/88/88 87/87/87
f 66/66/66 67/67/67 88/88/88
f 67/67/67 89/89/89 88/88/88
f 67/67/67 68/68/68 89/89/89
f 68/68/68 90/90/90 89/89/89
f 68/68/68 69/69/69 90/90/90
f 69/69/69 91/91/91 90/90/90
f 69/69/69 70/70/70 91/91/91
f 70/70/70 92/92/92 91/91/91
f 70/70/70 71/71/71 92/92/92
f 71/71/71 93/93/93 92/92/92
f 71/71/71 72/72/72 93/93/93
f 72/72/72 94/94/94 93/93/93
f 72/72/72 73/73/73 94/94/94
f 73/73/73 95/95/95 94/94/94
f 73/73/73 74/74/74 95/95/95
f 74/74/74 96/96/96 95/95/95
f 74/74/74 75/75/75 96/96/96
f 75/75/75 97/97/97 96/96/96
f 75/75/75 76/76/76 97/97/97
f 76/76/76 98/98/98 97/97/97
f 76/76/76 77/77/77 98/98/98
f 77/77/77 99/99/99 98/98/98
f 77/77/77 78/78/78 99/99/99
f 78/78/78 100/100/100 99/99/99
f 78/78/78 79/79/79 100/100/100
f 79/79/79 101/101/101 100/100/100
f 79/79/79 80/80/80 101/101/101
f 80/80/80 102/102/102 101/101/101
f 80/80/80 81/81/81 102/102/102
f 81/81/81 103/103/103 102/102/102
f 81/81/81 82/82/82 103/103/103
f 82/82/82 104/104/104 103/103/103
f 82/82/82 83/83/83 104/104/104
f 83/83/83 105/105/105 104/104/104
f 83/83/83 84/84/84 105/105/105
f 85/85/85 107/107/107 106/106/106
f 85/85/85 86/86/86 107/107/107
f 86/86/86 108/108/108 107/107/107
f 86/86/86 87/87/87 108/108/108
f 87/87/87 109/109/109 108/108/108
f 87/87/87 88/88/88 109/109/109
f 88/88/88 110/110/110 109/109/109
f 88/88/88 89/89/89 110/110/110
f 89/89/89 111/111/111 110/110/110
f 89/89/89 90/90/90 111/111/111
f 90/90/90 112/112/112 111/111/111
f 90/90/90 91/91/91 112/112/112
f 91/91/91 113/113/113 112/112/112
f 91/91/91 92/92/92 113/113/113
f 92/92/92 114/114/114 113/113/113
f 92/92/92 93/93/93 114/114/114
f 93/93/93 115/115/115 114/114/114
f 93/93/93 94/94/94 115/115/115
f 94/94/94 116/116/116 115/115/115
f 94/94/94 95/95/95 116/116/116
f 95/95/95 117/117/117 116/116/116
f 95/95/95 96/96/96 117/117/117
f 96/96/96 118/118/118 117/117/117
f 96/96/96 97/97/97 118/118/118
f 97/97/97 119/119/119 118/118/118
f 97/97/97 98/98/98 119/119/119
f 98/98/98 120/120/120 119/119/119
f 98/98/98 99/99/99 120/120/120
f 99/99/99 121/121/121 120/120/120
f 99/99/99 100/100/100 121/121/121
f 100/100/100 122/122/122 121/121/121
f 100/100/100 101/101/101 122/122/122
f 101/101/101 123/123/123 122/122/122
f 101/101/101 102/102/102 123/123/123
f 102/102/102 124/124/124 123/123/123
f 102/102/102 103/103/103 124/124/124
f 103/103/103 125/125/125 124/124/124
f 103/103/103 104/104/104 125/125/125
f 104/104/104 126/126/126 125/125/125
f 104/104/104 105/105/105 126/126/126
f 106/106/106 128/128/128 127/127/127
f 106/106/106 107/107/107 128/128/128
f 107/107/107 129/129/129 128/128/128
f 107/107/107 108/108/108 129/129/129
f 108/108/108 130/130/130 129/129/129
f 108/108/108 109/109/109 130/130/130
f 109/109/109 131/131/131 130/130/130
f 109/109/109 110/110/110 131/131/131
f 110/110/110 132/132/132 131/131/131
f 110/110/110 111/111/111 132/132/132
f 111/111/111 133/133/133 132/132/132
f 111/111/111 112/112/112 133/133/133
f 112/112/112 134/134/134 133/133/133
f 112/112/112 113/113/113 134/134/134
f 113/113/113 135/135/135 134/134/134
f 113/113/113 114/114/114 135/135/135
f 114/114/114 136/136/136 135/135/135
f 114/114/114 115/115/115 136/136/136
f 115/115/115 137/137/137 136/136/136
f 115/115/115 116/116/116 137/137/137
f 116/116/116 138/138/138 137/137/137
f 116/116/116 117/117/117 138/138/138
f 117/117/117 139/139/139 138/138/138
f 117/117/117 118/118/118 139/139/139
f 118/118/118 140/140/140 139/139/139
f 118/118/118 119/119/119 140/140/140
f 119/119/119 141/141/141 140/140/140
f 119/119/119 120/120/120 141/141/141
f 120/120/120 142/142/142 141/141/141
f 120/120/120 121/121/121 142/142/142
f 121/121/121 143/143/143 142/142/142
f 121/121/121 122/122/122 143/143/143
f 122/122/122 144/144/144 143/143/143
f 122/122/122 123/123/123 144/144/144
f 123/123/123 145/145/145 144/144/144
f 123/123/123 124/124/124 145/145/145
f 124/124/124 146/146/146 145/145/145
f 124/124/124 125/125/125 146/146/146
f 125/125/125 147/147/147 146/146/146
f 125/125/125 126/126/126 147/147/147
f 127/127/127 149/149/149 148/148/148
f 127/127/127 128/128/128 149/149/149
f 128/128/128 150/150/150 149/149/149
f 128/128/128 129/129/129 150/150/150
f 129/129/129 151/151/151 150/150/150
f 129/129/129 130/130/130 151/151/151
f 130/130/130 152/152/152 151/151/151
f 130/130/130 131/131/131 152/152/152
f 131/131/131 153/153/153 152/152/152
f 131/131/131 132/132/132 153/153/153
f 132/132/132 154/154/154 153/153/153
f 132/132/132 133/133/133 154/154/154
f 133/133/133 155/155/155 154/154/154
f 133/133/133 134/134/134 155/155/155
f 134/134/134 156/156/156 155/155/155
f 134/134/134 135/135/135 156/156/156
f 135/135/135 157/157/157 156/156/156
f 135/135/135 136/136/136 157/157/157
f 136/136/136 158/158/158 157/157/157
f 136/136/136 137/137/137 158/158/158
f 137/137/137 159/159/159 158/158/158
f 137/137/137 138/138/138 159/159/159
f 138/138/138 160/160/160 159/159/159
f 138/138/138 139/139/139 160/160/160
f 139/139/139 161/161/161 160/160/160
f 139/139/139 140/140/140 161/161/161
f 140/140/140 162/162/162 161/161/161
f 140/140/140 141/141/141 162/162/162
f 141/141/141 163/163/163 162/162/162
f 141/141/141 142/142/142 163/163/163
f 142/142/142 164/164/164 163/163/163
f 142/142/142 143/143/143 164/164/164
f 143/143/143 165/165/165 164/164/164
f 143/143/143 144/144/144 165/165/165
f 144/144/144 166/166/166 165/165/165
f 144/144/144 145/145/145 166/166/166
f 145/145/145 167/167/167 166/166/166
f 145/145/145 146/146/146 167/167/167
f 146/146/146 168/168/168 167/167/167
f 146/146/146 147/147/147 168/168/168
f 148/148/148 170/170/170 169/169/169
f 148/148/148 149/149/149 170/170/170
f 149/149/149 171/171/171 170/170/170
f 149/149/149 150/150/150 171/171/171
f 150/150/150 172/172/172 171/171/171
f 150/150/150 151/151/151 172/172/172
f 151/151/151 173/173/173 172/172/172
f 151/151/151 152/152/152 173/173/173
f 152/152/152 174/174/174 173/173/173
f 152/152/152 153/153/153 174/174/174
f 153/153/153 175/175/175 174/174/174
f 153/153/153 154/154/154 175/175/175
f 154/154/154 176/176/176 175/175/175
f 154/154/154 155/155/155 176/176/176
f 155/155/155 177/177/177 176/176/176
f 155/155/155 156/156/156 177/177/177
f 156/156/156 178/178/178 177/177/177
f 156/156/156 157/157/157 178/178/178
f 157/157/157 179/179/179 178/178/178
f 157/157/157 158/158/158 179/179/179
f 158/158/158 180/180/180 179/179/179
f 158/158/158 159/159/159 180/180/180
f 159/159/159 181/181/181 180/180/180
f 159/159/159 160/160/160 181/181/181
f 160/160/160 182/182/182 181/181/181
f 160/160/160 161/161/161 182/182/182
f 161/161/161 183/183/183 182/182/182
f 161/161/161 162/162/162 183/183/183
f 162/162/162 184/184/184 183/183/183
f 162/162/162 163/163/163 184/184/184
f 163/163/163 185/185/185 184/184/184
f 163/163/163 164/164/164 185/185/185
f 164/164/164 186/186/186 185/185/185
f 164/164/164 165/165/165 186/186/186
f 165/165/165 187/187/187 186/186/186
f 165/165/165 166/166/166 187/187/187
f 166/166/166 188/188/188 187/187/187
f 166/166/166 167/167/167 188/188/188
f 167/167/167 189/189/189 188/188/188
f 167/167/167 168/168/168 189/189/189
f 169/169/169 191/191/191 190/190/190
f 169/169/169 170/170/170 191/191/191
f 170/170/170 192/192/192 191/191/191
f 170/170/170 171/171/171 192/192/192
f 171/171/171 193/193/193 192/192/192
f 171/171/171 172/172/172 193/193/193
f 172/172/172 194/194/194 193/193/193
f 172/172/172 173/173/173 194/194/194
f 173/173/173 195/195/195 194/194/194
f 173/173/173 174/174/174 195/195/195
f 174/174/174 196/196/196 195/195/195
f 174/174/174 175/175/175 196/196/196
f 175/175/175 197/197/197 196/196/196
f 175/175/175 176/176/176 197/197/197
f 176/176/176 198/198/198 197/197/197
f 176/176/176 177/177/177 198/198/198
f 177/177/177 199/199/199 198/198/198
f 177/177/177 178/178/178 199/199/199
f 178/178/178 200/200/200 199/199/199
f 178/178/178 179/179/179 200/200/200
f 179/179/179 201/201/201 200/200/200
f 179/179/179 180/180/180 201/201/201
f 180/180/180 202/202/202 201/201/201
f 180/180/180 181/181/181 202/202/202
f 181/181/181 203/203/203 202/202/202
f 181/181/181 182/182/182 203/203/203
f 182/182/182 204/204/204 203/203/203
f 182/182/182 183/183/183 204/204/204
f 183/183/183 205/205/205 204/204/204
f 183/183/183 184/184/184 205/205/205
f 184/184/184 206/206/206 205/205/205
f 184/184/184 185/185/185 206/206/206
f 185/185/185 207/207/207 206/206/206
f 185/185/185 186/186/186 207/207/207
f 186/186/186 208/208/208 207/207/207
f 186/186/186 187/187/187 208/208/208
f 187/187/187 209/209/209 208/208/208
f 187/187/187 188/188/188 209/209/209
f 188/188/188 210/210/210 209/209/209
f 188/188/188 189/189/189 210/210/210
f 190/190/190 212/212/212 211/211/211
f 190/190/190 191/191/191 212/212/212
f 191/191/191 213/213/213 212/212/212
f 191/191/191 192/192/192 213/213/213
f 192/192/192 214/214/214 213/213/213
f 192/192/192 193/193/193 214/214/214
f 193/193/193 215/215/215 214/214/214
f 193/193/193 194/194/194 215/215/215
f 194/194/194 216/216/216 215/215/215
f 194/194/194 195/195/195 216/216/216
f 195/195/195 217/217/217 216/216/216
f 195/195/195 196/196/196 217/217/217
f 196/196/196 218/218/218 217/217/217
f 196/196/196 197/197/197 218/218/218
f 197/197/197 219/219/219 218/218/218
f 197/197/197 198/198/198 219/219/219
f 198/198/198 220/220/220 219/219/219
f 198/198/198 199/199/199 220/220/220
f 199/199/199 221/221/221 220/220/220
f 199/199/199 200/200/200 221/221/221
f 200/200/200 222/222/222 221/221/221
f 200/200/200 201/201/201 222/222/222
f 201/201/201 223/223/223 222/222/222
f 201/201/201 202/202/202 223/223/223
f 202/202/202 224/224/224 223/223/223
f 202/202/202 203/203/203 224/224/224
f 203/203/203 225/225/225 224/224/224
f 203/203/203 204/204/204 225/225/225
f 204/204/204 226/226/226 225/225/225
f 204/204/204 205/205/205 226/226/226
f 205/205/205 227/227/227 226/226/226
f 205/205/205 206/206/206 227/227/227
f 206/206/206 228/228/228 227/227/227
f 206/206/206 207/207/207 228/228/228
f 207/207/207 229/229/229 228/228/228
f 207/207/207 208/208/208 229/229/229
f 208/208/208 230/230/230 229/229/229
f 208/208/208 209/209/209 230/230/230
f 209/209/209 231/231/231 230/230/230
f 209/209/209 210/210/210 231/231/231
f 211/211/211 233/233/233 232/232/232
f 211/211/211 212/212/212 233/233/233
f 212/212/212 234/234/234 233/233/233
f 212/212/212 213/213/213 234/234/234
f 213/213/213 235/235/235 234/234/234
f 213/213/213 214/214/214 235/235/235
f 214/214/214 236/236/236 235/235/235
f 214/214/214 215/215/215 236/236/236
f 215/215/215 237/237/237 236/236/236
f 215/215/215 216/216/216 237/237/237
f 216/216/216 238/238/238 237/237/237
f 216/216/216 217/217/217 238/238/238
f 217/217/217 239/239/239 238/238/238
f 217/217/217 218/218/218 239/239/239
f 218/218/218 240/240/240 239/239/239
f 218/218/218 219/219/219 240/240/240
f 219/219/219 241/241/241 240/240/240
f 219/219/219 220/220/220 241/241/241
f 220/220/220 242/242/242 241/241/241
f 220/220/220 221/221/221 242/242/242
f 221/221/221 243/243/243 242/242/242
f 221/221/221 222/222/222 243/243/243
f 222/222/222 244/244/244 243/243/243
f 222/222/222 223/223/223 244/244/244
f 223/223/223 245/245/245 244/244/244
f 223/223/223 224/224/224 245/245/245
f 224/224/224 246/246/246 245/245/245
f 224/224/224 225/225/225 246/246/246
f 225/225/225 247/247/247 246/246/246
f 225/225/225 226/226/226 247/247/247
f 226/226/226 248/248/248 247/247/247
f 226/226/226 227/227/227 248/248/248
f 227/227/227 249/249/249 248/248/248
f 227/227/227 228/228/228 249/249/249
f 228/228/228 250/250/250 249/249/249
f 228/228/228 229/229/229 250/250/250
f 229/229/229 251/251/251 250/250/250
f 229/229/229 230/230/230 251/251/251
f 230/230/230 252/252/252 251/251/251
f 230/230/230 231/231/231 252/252/252
f 232/232/232 254/254/254 253/253/253
f 232/232/232 233/233/233 254/254/254
f 233/233/233 255/255/255 254/254/254
f 233/233/233 234/234/234 255/255/255
f 234/234/234 256/256/256 255/255/255
f 234/234/234 235/235/235 256/256/256
f 235/235/235 257/257/257 256/256/256
f 235/235/235 236/236/236 257/257/257
f 236/236/236 258/258/258 257/257/257
f 236/236/236 237/237/237 258/258/258
f 237/237/237 259/259/259 258/258/258
f 237/237/237 238/238/238 259/259/259
f 238/238/238 260/260/260 259/259/259
f 238/238/238 239/239/239 260/260/260
f 239/239/239 261/261/261 260/260/260
f 239/239/239 240/240/240 261/261/261
f 240/240/240 262/262/262 261/261/261
f 240/240/240 241/241/241 262/262/262
f 241/241/241 263/263/263 262/262/262
f 241/241/241 242/242/242 263/263/263
f 242/242/242 264/264/264 263/263/263
f 242/242/242 243/243/243 264/264/264
f 243/243/243 265/265/265 264/264/264
f 243/243/243 244/244/244 265/265/265
f 244/244/244 266/266/266 265/265/265
f 244/244/244 245/245/245 266/266/266
f 245/245/245 267/267/267 266/266/266
f 245/245/245 246/246/246 267/267/267
f 246/246/246 268/268/268 267/267/267
f 246/246/246 247/247/247 268/268/268
f 247/247/247 269/269/269 268/268/268
f 247/247/247 248/248/248 269/269/269
f 248/248/248 270/270/270 269/269/269
f 248/248/248 249/249/249 270/270/270
f 249/249/249 271/271/271 270/270/270
f 249/249/249 250/250/250 271/271/271
f 250/250/250 272/272/272 271/271/271
f 250/250/250 251/251/251 272/272/272
f 251/251/251 273/273/273 272/272/272
f 251/251/251 252/252/252 273/273/273
f 253/253/253 275/275/275 274/274/274
f 253/253/253 254/254/254 275/275/275
f 254/254/254 276/276/276 275/275/275
f 254/254/254 255/255/255 276/276/276
f 255/255/255 277/277/277 276/276/276
f 255/255/255 256/256/256 277/277/277
f 256/256/256 278/278/278 277/277/277
f 256/256/256 257/257/257 278/278/278
f 257/257/257 279/279/279 278/278/278
f 257/257/257 258/258/258 279/279/279
f 258/258/258 280/280/280 279/279/279
f 258/258/258 259/259/259 280/280/280
f 259/259/259 281/281/281 280/280/280
f 259/259/259 260/260/260 281/281/281
f 260/260/260 282/282/282 281/281/281
f 260/260/260 261/261/261 282/282/282
f 261/261/261 283/283/283 282/282/282
f 261/261/261 262/262/262 283/283/283
f 262/262/262 284/284/284 283/283/283
f 262/262/262 263/263/263 284/284/284
f 263/263/263 285/285/285 284/284/284
f 263/263/263 264/264/264 285/285/285
f 264/264/264 286/286/286 285/285/285
f 264/264/264 265/265/265 286/286/286
f 265/265/265 287/287/287 286/286/286
f 265/265/265 266/266/266 287/287/287
f 266/266/266 288/288/288 287/287/287
f 266/266/266 267/267/267 288/288/288
f 267/267/267 289/289/289 288/288/288
f 267/267/267 268/268/268 289/289/289
f 268/268/268 290/290/290 289/289/289
f 268/268/268 269/269/269 290/290/290
f 269/269/269 291/291/291 290/290/290
f 269/269/269 270/270/270 291/291/291
f 270/270/270 292/292/292 291/291/291
f 270/270/270 271/271/271 292/292/292
f 271/271/271 293/293/293 292/292/292
f 271/271/271 272/272/272 293/293/293
f 272/272/272 294/294/294 293/293/293
f 272/272/272 273/273/273 294/294/294
f 274/274/274 296/296/296 295/295/295
f 274/274/274 275/275/275 296/296/296
f 275/275/275 297/297/297 296/296/296
f 275/275/275 276/276/276 297/297/297
f 276/276/276 298/298/298 297/297/297
f 276/276/276 277/277/277 298/298/298
f 277/277/277 299/299/299 298/298/298
f 277/277/277 278/278/278 299/299/299
f 278/278/278 300/300/300 299/299/299
f 278/278/278 279/279/279 300/300/300
f 279/279/279 301/301/301 300/300/300
f 279/279/279 280/280/280 301/301/301
f 280/280/280 302/302/302 301/301/301
f 280/280/280 281/281/281 302/302/302
f 281/281/281 303/303/303 302/302/302
f 281/281/281 282/282/282 303/303/303
f 282/282/282 304/304/304 303/303/303
f 282/282/282 283/283/283 304/304/304
f 283/283/283 305/305/305 304/304/304
f 283/283/283 284/284/284 305/305/305
f 284/284/284 306/306/306 305/305/305
f 284/284/284 285/285/285 306/306/306
f 285/285/285 307/307/307 306/306/306
f 285/285/285 286/286/286 307/307/307
f 286/286/286 308/308/308 307/307/307
f 286/286/286 287/287/287 308/308/308
f 287/287/287 309/309/309 308/308/308
f 287/287/287 288/288/288 309/309/309
f 288/288/288 310/310/310 309/309/309
f 288/288/288 289/289/289 310/310/310
f 289/289/289 311/311/311 310/310/310
f 289/289/289 290/290/290 311/311/311
f 290/290/290 312/312/312 311/311/311
f 290/290/290 291/291/291 312/312/312
f 291/291/291 313/313/313 312/312/312
f 291/291/291 292/292/292 313/313/313
f 292/292/292 314/314/314 313/313/313
f 292/292/292 293/293/293 314/314/314
f 293/293/293 315/315/315 314/314/314
f 293/293/293 294/294/294 315/315/315
f 295/295/295 317/317/317 316/316/316
f 295/295/295 296/296/296 317/317/317
f 296/296/296 318/318/318 317/317/317
f 296/296/296 297/297/297 318/318/318
f 297/297/297 319/319/319 318/318/318
f 297/297/297 298/298/298 319/319/319
f 298/298/298 320/320/320 319/319/319
f 298/298/298 299/299/299 320/320/320
f 299/299/299 321/321/321 320/320/320
f 299/299/299 300/300/300 321/321/321
f 300/300/300 322/322/322 321/321/321
f 300/300/300 301/301/301 322/322/322
f 301/301/301 323/323/323 322/322/322
f 301/301/301 302/302/302 323/323/323
f 302/302/302 324/324/324 323/323/323
f 302/302/302 303/303/303 324/324/324
f 303/303/303 325/325/325 324/324/324
f 303/303/303 304/304/304 325/325/325
f 304/304/304 326/326/326 325/325/325
f 304/304/304 305/305/305 326/326/326
f 305/305/305 327/327/327 326/326/326
f 305/305/305 306/306/306 327/327/327
f 306/306/306 328/328/328 327/327/327
f 306/306/306 307/307/307 328/328/328
f 307/307/307 329/329/329 328/328/328
f 307/307/307 308/308/308 329/329/329
f 308/308/308 330/330/330 329/329/329
f 308/308/308 309/309/309 330/330/330
f 309/309/309 331/331/331 330/330/330
f 309/309/309 310/310/310 331/331/331
f 310/310/310 332/332/332 331/331/331
f 310/310/310 311/311/311 332/332/332
f 311/311/311 333/333/333 332/332/332
f 311/311/311 312/312/312 333/333/333
f 312/312/312 334/334/334 333/333/333
f 312/312/312 313/313/313 334/334/334
f 313/313/313 335/335/335 334/334/334
f 313/313/313 314/314/314 335/335/335
f 314/314/314 336/336/336 335/335/335
f 314/314/314 315/315/315 336/336/336
f 316/316/316 338/338/338 337/337/337
f 316/316/316 317/317/317 338/338/338
f 317/317/317 339/339/339 338/338/338
f 317/317/317 318/318/318 339/339/339
f 318/318/318 340/340/340 339/339/339
f 318/318/318 319/319/319 340/340/340
f 319/319/319 341/341/341 340/340/340
f 319/319/319 320/320/320 341/341/341
f 320/320/320 342/342/342 341/341/341
f 320/320/320 321/321/321 342/342/342
f 321/321/321 343/343/343 342/342/342
f 321/321/321 322/322/322 343/343/343
f 322/322/322 344/344/344 343/343/343
f 322/322/322 323/323/323 344/344/344
f 323/323/323 345/345/345 344/344/344
f 323/323/323 324/324/324 345/345/345
f 324/324/324 346/346/346 345/345/345
f 324/324/324 325/325/325 346/346/346
f 325/325/325 347/347/347 346/346/346
f 325/325/325 326/326/326 347/347/347
f 326/326/326 348/348/348 347/347/347
f 326/326/326 327/327/327 348/348/348
f 327/327/327 349/349/349 348/348/348
f 327/327/327 328/328/328 349/349/349
f 328/328/328 350/350/350 349/349/349
f 328/328/328 329/329/329 350/350/350
f 329/329/329 351/351/351 350/350/350
f 329/329/329 330/330/330 351/351/351
f 330/330/330 352/352/352 351/351/351
f 330/330/330 331/331/331 352/352/352
f 331/331/331 353/353/353 352/352/352
f 331/331/331 332/332/332 353/353/353
f 332/332/332 354/354/354 353/353/353
f 332/332/332 333/333/333 354/354/354
f 333/333/333 355/355/355 354/354/354
f 333/333/333 334/334/334 355/355/355
f 334/334/334 356/356/356 355/355/355
f 334/334/334 335/335/335 356/356/356
f 335/335/335 357/357/357 356/356/356
f 335/335/335 336/336/336 357/357/357
f 337/337/337 359/359/359 358/358/358
f 337/337/337 338/338/338 359/359/359
f 338/338/338 360/360/360 359/359/359
f 338/338/338 339/339/339 360/360/360
f 339/339/339 361/361/361 360/360/360
f 339/339/339 340/340/340 361/361/361
f 340/340/340 362/362/362 361/361/361
f 340/340/340 341/341/341 362/362/362
f 341/341/341 363/363/363 362/362/362
f 341/341/341 342/342/342 363/363/363
f 342/342/342 364/364/364 363/363/363
f 342/342/342 343/343/343 364/364/364
f 343/343/343 365/365/365 364/364/364
f 343/343/343 344/344/344 365/365/365
f 344/344/344 366/366/366 365/365/365
f 344/344/344 345/345/345 366/366/366
f 345/345/345 367/367/367 366/366/366
f 345/345/345 346/346/346 367/367/367
f 346/346/346 368/368/368 367/367/367
f 346/346/346 347/347/347 368/368/368
f 347/347/347 369/369/369 368/368/368
f 347/347/347 348/348/348 369/369/369
f 348/348/348 370/370/370 369/369/369
f 348/348/348 349/349/349 370/370/370
f 349/349/349 371/371/371 370/370/370
f 349/349/349 350/350/350 371/371/371
f 350/350/350 372/372/372 371/371/371
f 350/350/350 351/351/351 372/372/372
f 351/351/351 373/373/373 372/372/372
f 351/351/351 352/352/352 373/373/373
f 352/352/352 374/374/374 373/373/373
f 352/352/352 353/353/353 374/374/374
f 353/353/353 375/375/375 374/374/374
f 353/353/353 354/354/354 375/375/375
f 354/354/354 376/376/376 375/375/375
f 354/354/354 355/355/355 376/376/376
f 355/355/355 377/377/377 376/376/376
f 355/355/355 356/356/356 377/377/377
f 356/356/356 378/378/378 377/377/377
f 356/356/356 357/357/357 378/378/378
f 358/358/358 380/380/380 379/379/379
f 358/358/358 359/359/359 380/380/380
f 359/359/359 381/381/381 380/380/380
f 359/359/359 360/360/360 381/381/381
f 360/360/360 382/382/382 381/381/381
f 360/360/360 361/361/361 382/382/382
f 361/361/361 383/383/383 382/382/382
f 361/361/361 362/362/362 383/383/383
f 362/362/362 384/384/384 383/383/383
f 362/362/362 363/363/363 384/384/384
f 363/363/363 385/385/385 384/384/384
f 363/363/363 364/364/364 385/385/385
f 364/364/364 386/386/386 385/385/385
f 364/364/364 365/365/365 386/386/386
f 365/365/365 387/387/387 386/386/386
f 365/365/365 366/366/366 387/387/387
f 366/366/366 388/388/388 387/387/387
f 366/366/366 367/367/367 388/388/388
f 367/367/367 389/389/389 388/388/388
f 367/367/367 368/368/368 389/389/389
f 368/368/368 390/390/390 389/389/389
f 368/368/368 369/369/369 390/390/390
f 369/369/369 391/391/391 390/390/390
f 369/369/369 370/370/370 391/391/391
f 370/370/370 392/392/392 391/391/391
f 370/370/370 371/371/371 392/392/392
f 371/371/371 393/393/393 392/392/392
f 371/371/371 372/372/372 393/393/393
f 372/372/372 394/394/394 393/393/393
f 372/372/372 373/373/373 394/394/394
f 373/373/373 395/395/395 394/394/394
f 373/373/373 374/374/374 395/395/395
f 374/374/374 396/396/396 395/395/395
f 374/374/374 375/375/375 396/396/396
f 375/375/375 397/397/397 396/396/396
f 375/375/375 376/376/376 397/397/397
f 376/376/376 398/398/398 397/397/397
f 376/376/376 377/377/377 398/398/398
f 377/377/377 399/399/399 398/398/398
f 377/377/377 378/378/378 399/399/399
f 379/379/379 401/401/401 400/400/400
f 379/379/379 380/380/380 401/401/401
f 380/380/380 402/402/402 401/401/401
f 380/380/380 381/381/381 402/402/402
f 381/381/381 403/403/403 402/402/402
f 381/381/381 382/382/382 403/403/403
f 382/382/382 404/404/404 403/403/403
f 382/382/382 383/383/383 404/404/404
f 383/383/383 405/405/405 404/404/404
f 383/383/383 384/384/384 405/405/405
f 384/384/384 406/406/406 405/405/405
f 384/384/384 385/385/385 406/406/406
f 385/385/385 407/407/407 406/406/406
f 385/385/385 386/386/386 407/407/407
f 386/386/386 408/408/408 407/407/407
f 386/386/386 387/387/387 408/408/408
f 387/387/387 409/409/409 408/408/408
f 387/387/387 388/388/388 409/409/409
f 388/388/388 410/410/410 409/409/409
f 388/388/388 389/389/389 410/410/410
f 389/389/389 411/411/411 410/410/410
f 389/389/389 390/390/390 411/411/411
f 390/390/390 412/412/412 411/411/411
f 390/390/390 391/391/391 412/412/412
f 391/391/391 413/413/413 412/412/412
f 391/391/391 392/392/392 413/413/413
f 392/392/392 414/414/414 413/413/413
f 392/392/392 393/393/393 414/414/414
f 393/393/393 415/415/415 414/414/414
f 393/393/393 394/394/394 415/415/415
f 394/394/394 416/416/416 415/415/415
f 394/394/394 395/395/395 416/416/416
f 395/395/395 417/417/417 416/416/416
f 395/395/395 396/396/396 417/417/417
f 396/396/396 418/418/418 417/417/417
f 396/396/396 397/397/397 418/418/418
f 397/397/397 419/419/419 418/418/418
f 397/397/397 398/398/398 419/419/419
f 398/398/398 420/420/420 419/419/419
f 398/398/398 399/399/399 420/420/420
f 400/400/400 422/422/422 421/421/421
f 400/400/400 401/401/401 422/422/422
f 401/401/401 423/423/423 422/422/422
f 401/401/401 402/402/402 423/423/423
f 402/402/402 424/424/424 423/423/423
f 402/402/402 403/403/403 424/424/424
f 403/403/403 425/425/425 424/424/424
f 403/403/403 404/404/404 425/425/425
f 404/404/404 426/426/426 425/425/425
f 404/404/404 405/405/405 426/426/426
f 405/405/405 427/427/427 426/426/426
f 405/405/405 406/406/406 427/427/427
f 406/406/406 428/428/428 427/427/427
f 406/406/406 407/407/407 428/428/428
f 407/407/407 429/429/429 428/428/428
f 407/407/407 408/408/408 429/429/429
f 408/408/408 430/430/430 429/429/429
f 408/408/408 409/409/409 430/430/430
f 409/409/409 431/431/431 430/430/430
f 409/409/409 410/410/410 431/431/431
f 410/410/410 432/432/432 431/431/431
f 410/410/410 411/411/411 432/432/432
f 411/411/411 433/433/433 432/432/432
f 411/411/411 412/412/412 433/433/433
f 412/412/412 434/434/434 433/433/433
f 412/412/412 413/413/413 434/434/434
f 413/413/413 435/435/435 434/434/434
f 413/413/413 414/414/414 435/435/435
f 414/414/414 436/436/436 435/435/435
f 414/414/414 415/415/415 436/436/436
f 415/415/415 437/437/437 436/436/436
f 415/415/415 416/416/416 437/437/437
f 416/416/416 438/438/438 437/437/437
f 416/416/416 417/417/417 438/438/438
f 417/417/417 439/439/439 438/438/438
f 417/417/417 418/418/418 439/439/439
f 418/418/418 440/440/440 439/439/439
f 418/418/418 419/419/419 440/440/440
f 419/419/419 441/441/441 440/440/440
f 419/419/419 420/420/420 441/441/441
f 421/421/421 443/443/443 442/442/442
f 421/421/421 422/422/422 443/443/443
f 422/422/422 444/444/444 443/443/443
f 422/422/422 423/423/423 444/444/444
f 423/423/423 445/445/445 444/444/444
f 423/423/423 424/424/424 445/445/445
f 424/424/424 446/446/446 445/445/445
f 424/424/424 425/425/425 446/446/446
f 425/425/425 447/447/447 446/446/446
f 425/425/425 426/426/426 447/447/447
f 426/426/426 448/448/448 447/447/447
f 426/426/426 427/427/427 448/448/448
f 427/427/427 449/449/449 448/448/448
f 427/427/427 428/428/428 449/449/449
f 428/428/428 450/450/450 449/449/449
f 428/428/428 429/429/429 450/450/450
f 429/429/429 451/451/451 450/450/450
f 429/429/429 430/430/430 451/451/451
f 430/430/430 452/452/452 451/451/451
f 430/430/430 431/431/431 452/452/452
f 431/431/431 453/453/453 452/452/452
f 431/431/431 432/432/432 453/453/453
f 432/432/432 454/454/454 453/453/453
f 432/432/432 433/433/433 454/454/454
f 433/433/433 455/455/455 454/454/454
f 433/433/433 434/434/434 455/455/455
f 434/434/434 456/456/456 455/455/455
f 434/434/434 435/435/435 456/456/456
f 435/435/435 457/457/457 456/456/456
f 435/435/435 436/436/436 457/457/457
f 436/436/436 458/458/458 457/457/457
f 436/436/436 437/437/437 458/458/458
f 437/437/437 459/459/459 458/458/458
f 437/437/437 438/438/438 459/459/459
f 438/438/438 460/460/460 459/459/459
f 438/438/438 439/439/439 460/460/460
f 439/439/439 461/461/461 460/460/460
f 439/439/439 440/440/440 461/461/461
f 440/440/440 462/462/462 461/461/461
f 440/440/440 441/441/441 462/462/462
f 442/442/442 464/464/464 463/463/463
f 442/442/442 443/443/443 464/464/464
f 443/443/443 465/465/465 464/464/464
f 443/443/443 444/444/444 465/465/465
f 444/444/444 466/466/466 465/465/465
f 444/444/444 445/445/445 466/466/466
f 445/445/445 467/467/467 466/466/466
f 445/445/445 446/446/446 467/467/467
f 446/446/446 468/468/468 467/467/467
f 446/446/446 447/447/447 468/468/468
f 447/447/447 469/469/469 468/468/468
f 447/447/447 448/448/448 469/469/469
f 448/448/448 470/470/470 469/469/469
f 448/448/448 449/449/449 470/470/470
f 449/449/449 471/471/471 470/470/470
f 449/449/449 450/450/450 471/471/471
f 450/450/450 472/472/472 471/471/471
f 450/450/450 451/451/451 472/472/472
f 451/451/451 473/473/473 472/472/472
f 451/451/451 452/452/452 473/473/473
f 452/452/452 474/474/474 473/473/473
f 452/452/452 453/453/453 474/474/474
f 453/453/453 475/475/475 474/474/474
f 453/453/453 454/454/454 475/475/475
f 454/454/454 476/476/476 475/475/475
f 454/454/454 455/455/455 476/476/476
f 455/455/455 477/477/477 476/476/476
f 455/455/455 456/456/456 477/477/477
f 456/456/456 478/478/478 477/477/477
f 456/456/456 457/457/457 478/478/478
f 457/457/457 479/479/479 478/478/478
f 457/457/457 458/458/458 479/479/479
f 458/458/458 480/480/480 479/479/479
f 458/458/458 459/459/459 480/480/480
f 459/459/459 481/481/481 480/480/480
f 459/459/459 460/460/460 481/481/481
f 460/460/460 482/482/482 481/481/481
f 460/460/460 461/461/461 482/482/482
f 461/461/461 483/483/483 482/482/482
f 461/461/461 462/462/462 483/483/483
f 463/463/463 485/485/485 484/484/484
f 463/463/463 464/464/464 485/485/485
f 464/464/464 486/486/486 485/485/485
f 464/464/464 465/465/465 486/486/486
f 465/465/465 487/487/487 486/486/486
f 465/465/465 466/466/466 487/487/487
f 466/466/466 488/488/488 487/487/487
f 466/466/466 467/467/467 488/488/488
f 467/467/467 489/489/489 488/488/488
f 467/467/467 468/468/468 489/489/489
f 468/468/468 490/490/490 489/489/489
f 468/468/468 469/469/469 490/490/490
f 469/469/469 491/491/491 490/490/490
f 469/469/469 470/470/470 491/491/491
f 470/470/470 492/492/492 491/491/491
f 470/470/470 471/471/471 492/492/492
f 471/471/471 493/493/493 492/492/492
f 471/471/471 472/472/472 493/493/493
f 472/472/472 494/494/494 493/493/493
f 472/472/472 473/473/473 494/494/494
f 473/473/473 495/495/495 494/494/494
f 473/473/473 474/474/474 495/495/495
f 474/474/474 496/496/496 495/495/495
f 474/474/474 475/475/475 496/496/496
f 475/475/475 497/497/497 496/496/496
f 475/475/475 476/476/476 497/497/497
f 476/476/476 498/498/498 497/497/497
f 476/476/476 477/477/477 498/498/498
f 477/477/477 499/499/499 498/498/498
f 477/477/477 478/478/478 499/499/499
f 478/478/478 500/500/500 499/499/499
f 478/478/478 479/479/479 500/500/500
f 479/479/479 501/501/501 500/500/500
f 479/479/479 480/480/480 501/501/501
f 480/480/480 502/502/502 501/501/501
f 480/480/480 481/481/481 502/502/502
f 481/481/481 503/503/503 502/502/502
f 481/481/481 482/482/482 503/503/503
f 482/482/482 504/504/504 503/503/503
f 482/482/482 483/483/483 504/504/504
f 484/484/484 506/506/506 505/505/505
f 484/484/484 485/485/485 506/506/506
f 485/485/485 507/507/507 506/506/506
f 485/485/485 486/486/486 507/507/507
f 486/486/486 508/508/508 507/507/507
f 486/486/486 487/487/487 508/508/508
f 487/487/487 509/509/509 508/508/508
f 487/487/487 488/488/488 509/509/509
f 488/488/488 510/510/510 509/509/509
f 488/488/488 489/489/489 510/510/510
f 489/489/489 511/511/511 510/510/510
f 489/489/489 490/490/490 511/511/511
f 490/490/490 512/512/512 511/511/511
f 490/490/490 491/491/491 512/512/512
f 491/491/491 513/513/513 512/512/512
f 491/491/491 492/492/492 513/513/513
f 492/492/492 514/514/514 513/513/513
f 492/492/492 493/493/493 514/514/514
f 493/493/493 515/515/515 514/514/514
f 493/493/493 494/494/494 515/515/515
f 494/494/494 516/516/516 515/515/515
f 494/494/494 495/495/495 516/516/516
f 495/495/495 517/517/517 516/516/516
f 495/495/495 496/496/496 517/517/517
f 496/496/496 518/518/518 517/517/517
f 496/496/496 497/497/497 518/518/518
f 497/497/497 519/519/519 518/518/518
f 497/497/497 498/498/498 519/519/519
f 498/498/498 520/520/520 519/519/519
f 498/498/498 499/499/499 520/520/520
f 499/499/499 521/521/521 520/520/520
f 499/499/499 500/500/500 521/521/521
f 500/500/500 522/522/522 521/521/521
f 500/500/500 501/501/501 522/522/522
f 501/501/501 523/523/523 522/522/522
f 501/501/501 502/502/502 523/523/523
f 502/502/502 524/524/524 523/523/523
f 502/502/502 503/503/503 524/524/524
f 503/503/503 525/525/525 524/524/524
f 503/503/503 504/504/504 525/525/525
f 505/505/505 527/527/527 526/526/526
f 505/505/505 506/506/506 527/527/527
f 506/506/506 528/528/528 527/527/527
f 506/506/506 507/507/507 528/528/528
f 507/507/507 529/529/529 528/528/528
f 507/507/507 508/508/508 529/529/529
f 508/508/508 530/530/530 529/529/529
f 508/508/508 509/509/509 530/530/530
f 509/509/509 531/531/531 530/530/530
f 509/509/509 510/510/510 531/531/531
f 510/510/510 532/532/532 531/531/531
f 510/510/510 511/511/511 532/532/532
f 511/511/511 533/533/533 532/532/532
f 511/511/511 512/512/512 533/533/533
f 512/512/512 534/534/534 533/533/533
f 512/512/512 513/513/513 534/534/534
f 513/513/513 535/535/535 534/534/534
f 513/513/513 514/514/514 535/535/535
f 514/514/514 536/536/536 535/535/535
f 514/514/514 515/515/515 536/536/536
f 515/515/515 537/537/537 536/536/536
f 515/515/515 516/516/516 537/537/537
f 516/516/516 538/538/538 537/537/537
f 516/516/516 517/517/517 538/538/538
f 517/517/517 539/539/539 538/538/538
f 517/517/517 518/518/518 539/539/539
f 518/518/518 540/540/540 539/539/539
f 518/518/518 519/519/519 540/540/540
f 519/519/519 541/541/541 540/540/540
f 519/519/519 520/520/520 541/541/541
f 520/520/520 542/542/542 541/541/541
f 520/520/520 521/521/521 542/542/542
f 521/521/521 543/543/543 542/542/542
f 521/521/521 522/522/522 543/543/543
f 522/522/522 544/544/544 543/543/543
f 522/522/522 523/523/523 544/544/544
f 523/523/523 545/545/545 544/544/544
f 523/523/523 524/524/524 545/545/545
f 524/524/524 546/546/546 545/545/545
f 524/524/524 525/525/525 546/546/546
f 526/526/526 548/548/548 547/547/547
f 526/526/526 527/527/527 548/548/548
f 527/527/527 549/549/549 548/548/548
f 527/527/527 528/528/528 549/549/549
f 528/528/528 550/550/550 549/549/549
f 528/528/528 529/529/529 550/550/550
f 529/529/529 551/551/551 550/550/550
f 529/529/529 530/530/530 551/551/551
f 530/530/530 552/552/552 551/551/551
f 530/530/530 531/531/531 552/552/552
f 531/531/531 553/553/553 552/552/552
f 531/531/531 532/532/532 553/553/553
f 532/532/532 554/554/554 553/553/553
f 532/532/532 533/533/533 554/554/554
f 533/533/533 555/555/555 554/554/554
f 533/533/533 534/534/534 555/555/555
f 534/534/534 556/556/556 555/555/555
f 534/534/534 535/535/535 556/556/556
f 535/535/535 557/557/557 556/556/556
f 535/535/535 536/536/536 557/557/557
f 536/536/536 558/558/558 557/557/557
f 536/536/536 537/537/537 558/558/558
f 537/537/537 559/559/559 558/558/558
f 537/537/537 538/538/538 559/559/559
f 538/538/538 560/560/560 559/559/559
f 538/538/538 539/539/539 560/560/560
f 539/539/539 561/561/561 560/560/560
f 539/539/539 540/540/540 561/561/561
f 540/540/540 562/562/562 561/561/561
f 540/540/540 541/541/541 562/562/562
f 541/541/541 563/563/563 562/562/562
f 541/541/541 542/542/542 563/563/563
f 542/542/542 564/564/564 563/563/563
f 542/542/542 543/543/543 564/564/564
f 543/543/543 565/565/565 564/564/564
f 543/543/543 544/544/544 565/565/565
f 544/544/544 566/566/566 565/565/565
f 544/544/544 545/545/545 566/566/566
f 545/545/545 567/567/567 566/566/566
f 545/545/545 546/546/546 567/567/567
f 547/547/547 569/569/569 568/568/568
f 547/547/547 548/548/548 569/569/569
f 548/548/548 570/570/570 569/569/569
f 548/548/548 549/549/549 570/570/570
f 549/549/549 571/571/571 570/570/570
f 549/549/549 550/550/550 571/571/571
f 550/550/550 572/572/572 571/571/571
f 550/550/550 551/551/551 572/572/572
f 551/551/551 573/573/573 572/572/572
f 551/551/551 552/552/552 573/573/573
f 552/552/552 574/574/574 573/573/573
f 552/552/552 553/553/553 574/574/574
f 553/553/553 575/575/575 574/574/574
f 553/553/553 554/554/554 575/575/575
f 554/554/554 576/576/576 575/575/575
f 554/554/554 555/555/555 576/576/576
f 555/555/555 577/577/577 576/576/576
f 555/555/555 556/556/556 577/577/577
f 556/556/556 578/578/578 577/577/577
f 556/556/556 557/557/557 578/578/578
f 557/557/557 579/579/579 578/578/578
f 557/557/557 558/558/558 579/579/579
f 558/558/558 580/580/580 579/579/579
f 558/558/558 559/559/559 580/580/580
f 559/559/559 581/581/581 580/580/580
f 559/559/559 560/560/560 581/581/581
f 560/560/560 582/582/582 581/581/581
f 560/560/560 561/561/561 582/582/582
f 561/561/561 583/583/583 582/582/582
f 561/561/561 562/562/562 583/583/583
f 562/562/562 584/584/584 583/583/583
f 562/562/562 563/563/563 584/584/584
f 563/563/563 585/585/585 584/584/584
f 563/563/563 564/564/564 585/585/585
f 564/564/564 586/586/586 585/585/585
f 564/564/564 565/565/565 586/586/586
f 565/565/565 587/587/587 586/586/586
f 565/565/565 566/566/566 587/587/587
f 566/566/566 588/588/588 587/587/587
f 566/566/566 567/567/567 588/588/588
f 568/568/568 590/590/590 589/589/589
f 568/568/568 569/569/569 590/590/590
f 569/569/569 591/591/591 590/590/590
f 569/569/569 570/570/570 591/591/591
f 570/570/570 592/592/592 591/591/591
f 570/570/570 571/571/571 592/592/592
f 571/571/571 593/593/593 592/592/592
f 571/571/571 572/572/572 593/593/593
f 572/572/572 594/594/594 593/593/593
f 572/572/572 573/573/573 594/594/594
f 573/573/573 595/595/595 594/594/594
f 573/573/573 574/574/574 595/595/595
f 574/574/574 596/596/596 595/595/595
f 574/574/574 575/575/575 596/596/596
f 575/575/575 597/597/597 596/596/596
f 575/575/575 576/576/576 597/597/597
f 576/576/576 598/598/598 597/597/597
f 576/576/576 577/577/577 598/598/598
f 577/577/577 599/599/599 598/598/598
f 577/577/577 578/578/578 599/599/599
f 578/578/578 600/600/600 599/599/599
f 578/578/578 579/579/579 600/600/600
f 579/579/579 601/601/601 600/600/600
f 579/579/579 580/580/580 601/601/601
f 580/580/580 602/602/602 601/601/601
f 580/580/580 581/581/581 602/602/602
f 581/581/581 603/603/603 602/602/602
f 581/581/581 582/582/582 603/603/603
f 582/582/582 604/604/604 603/603/603
f 582/582/582 583/583/583 604/604/604
f 583/583/583 605/605/605 604/604/604
f 583/583/583 584/584/584 605/605/605
f 584/584/584 606/606/606 605/605/605
f 584/584/584 585/585/585 606/606/606
f 585/585/585 607/607/607 606/606/606
f 585/585/585 586/586/586 607/607/607
f 586/586/586 608/608/608 607/607/607
f 586/586/586 587/587/587 608/608/608
f 587/587/587 609/609/609 608/608/608
f 587/587/587 588/588/588 609/609/609
f 589/589/589 611/611/611 610/610/610
f 589/589/589 590/590/590 611/611/611
f 590/590/590 612/612/612 611/611/611
f 590/590/590 591/591/591 612/612/612
f 591/591/591 613/613/613 612/612/612
f 591/591/591 592/592/592 613/613/613
f 592/592/592 614/614/614 613/613/613
f 592/592/592 593/593/593 614/614/614
f 593/593/593 615/615/615 614/614/614
f 593/593/593 594/594/594 615/615/615
f 594/594/594 616/616/616 615/615/615
f 594/594/594 595/595/595 616/616/616
f 595/595/595 617/617/617 616/616/616
f 595/595/595 596/596/596 617/617/617
f 596/596/596 618/618/618 617/617/617
f 596/596/596 597/597/597 618/618/618
f 597/597/597 619/619/619 618/618/618
f 597/597/597 598/598/598 619/619/619
f 598/598/598 620/620/620 619/619/619
f 598/598/598 599/599/599 620/620/620
f 599/599/599 621/621/621 620/620/620
f 599/599/599 600/600/600 621/621/621
f 600/600/600 622/622/622 621/621/621
f 600/600/600 601/601/601 622/622/622
f 601/601/601 623/623/623 622/622/622
f 601/601/601 602/602/602 623/623/623
f 602/602/602 624/624/624 623/623/623
f 602/602/602 603/603/603 624/624/624
f 603/603/603 625/625/625 624/624/624
f 603/603/603 604/604/604 625/625/625
f 604/604/604 626/626/626 625/625/625
f 604/604/604 605/605/605 626/626/626
f 605/605/605 627/627/627 626/626/626
f 605/605/605 606/606/606 627/627/627
f 606/606/606 628/628/628 627/627/627
f 606/606/606 607/607/607 628/628/628
f 607/607/607 629/629/629 628/628/628
f 607/607/607 608/608/608 629/629/629
f 608/608/608 630/630/630 629/629/629
f 608/608/608 609/609/609 630/630/630
f 610/610/610 632/632/632 631/631/631
f 610/610/610 611/611/611 632/632/632
f 611/611/611 633/633/633 632/632/632
f 611/611/611 612/612/612 633/633/633
f 612/612/612 634/634/634 633/633/633
f 612/612/612 613/613/613 634/634/634
f 613/613/613 635/635/635 634/634/634
f 613/613/613 614/614/614 635/635/635
f 614/614/614 636/636/636 635/635/635
f 614/614/614 615/615/615 636/636/636
f 615/615/615 637/637/637 636/636/636
f 615/615/615 616/616/616 637/637/637
f 616/616/616 638/638/638 637/637/637
f 616/616/616 617/617/617 638/638/638
f 617/617/617 639/639/639 638/638/638
f 617/617/617 618/618/618 639/639/639
f 618/618/618 640/640/640 639/639/639
f 618/618/618 619/619/619 640/640/640
f 619/619/619 641/641/641 640/640/640
f 619/619/619 620/620/620 641/641/641
f 620/620/620 642/642/642 641/641/641
f 620/620/620 621/621/621 642/642/642
f 621/621/621 643/643/643 642/642/642
f 621/621/621 622/622/622 643/643/643
f 622/622/622 644/644/644 643/643/643
f 622/622/622 623/623/623 644/644/644
f 623/623/623 645/645/645 644/644/644
f 623/623/623 624/624/624 645/645/645
f 624/624/624 646/646/646 645/645/645
f 624/624/624 625/625/625 646/646/646
f 625/625/625 647/647/647 646/646/646
f 625/625/625 626/626/626 647/647/647
f 626/626/626 648/648/648 647/647/647
f 626/626/626 627/627/627 648/648/648
f 627/627/627 649/649/649 648/648/648
f 627/627/627 628/628/628 649/649/649
f 628/628/628 650/650/650 649/649/649
f 628/628/628 629/629/629 650/650/650
f 629/629/629 651/651/651 650/650/650
f 629/629/629 630/630/630 651/651/651
f 631/631/631 653/653/653 652/652/652
f 631/631/631 632/632/632 653/653/653
f 632/632/632 654/654/654 653/653/653
f 632/632/632 633/633/633 654/654/654
f 633/633/633 655/655/655 654/654/654
f 633/633/633 634/634/634 655/655/655
f 634/634/634 656/656/656 655/655/655
f 634/634/634 635/635/635 656/656/656
f 635/635/635 657/657/657 656/656/656
f 635/635/635 636/636/636 657/657/657
f 636/636/636 658/658/658 657/657/657
f 636/636/636 637/637/637 658/658/658
f 637/637/637 659/659/659 658/658/658
f 637/637/637 638/638/638 659/659/659
f 638/638/638 660/660/660 659/659/659
f 638/638/638 639/639/639 660/660/660
f 639/639/639 661/661/661 660/660/660
f 639/639/639 640/640/640 661/661/661
f 640/640/640 662/662/662 661/661/661
f 640/640/640 641/641/641 662/662/662
f 641/641/641 663/663/663 662/662/662
f 641/641/641 642/642/642 663/663/663
f 642/642/642 664/664/664 663/663/663
f 642/642/642 643/643/643 664/664/664
f 643/643/643 665/665/665 664/664/664
f 643/643/643 644/644/644 665/665/665
f 644/644/644 666/666/666 665/665/665
f 644/644/644 645/645/645 666/666/666
f 645/645/645 667/667/667 666/666/666
f 645/645/645 646/646/646 667/667/667
f 646/646/646 668/668/668 667/667/667
f 646/646/646 647/647/647 668/668/668
f 647/647/647 669/669/669 668/668/668
f 647/647/647 648/648/648 669/669/669
f 648/648/648 670/670/670 669/669/669
f 648/648/648 649/649/649 670/670/670
f 649/649/649 671/671/671 670/670/670
f 649/649/649 650/650/650 671/671/671
f 650/650/650 672/672/672 671/671/671
f 650/650/650 651/651/651 672/672/672
f 652/652/652 674/674/674 673/673/673
f 652/652/652 653/653/653 674/674/674
f 653/653/653 675/675/675 674/674/674
f 653/653/653 654/654/654 675/675/675
f 654/654/654 676/676/676 675/675/675
f 654/654/654 655/655/655 676/676/676
f 655/655/655 677/677/677 676/676/676
f 655/655/655 656/656/656 677/677/677
f 656/656/656 678/678/678 677/677/677
f 656/656/656 657/657/657 678/678/678
f 657/657/657 679/679/679 678/678/678
f 657/657/657 658/658/658 679/679/679
f 658/658/658 680/680/680 679/679/679
f 658/658/658 659/659/659 680/680/680
f 659/659/659 681/681/681 680/680/680
f 659/659/659 660/660/660 681/681/681
f 660/660/660 682/682/682 681/681/681
f 660/660/660 661/661/661 682/682/682
f 661/661/661 683/683/683 682/682/682
f 661/661/661 662/662/662 683/683/683
f 662/662/662 684/684/684 683/683/683
f 662/662/662 663/663/663 684/684/684
f 663/663/663 685/685/685 684/684/684
f 663/663/663 664/664/664 685/685/685
f 664/664/664 686/686/686 685/685/685
f 664/664/664 665/665/665 686/686/686
f 665/665/665 687/687/687 686/686/686
f 665/665/665 666/666/666 687/687/687
f 666/666/666 688/688/688 687/687/687
f 666/666/666 667/667/667 688/688/688
f 667/667/667 689/689/689 688/688/688
f 667/667/667 668/668/668 689/689/689
f 668/668/668 690/690/690 689/689/689
f 668/668/668 669/669/669 690/690/690
f 669/669/669 691/691/691 690/690/690
f 669/669/669 670/670/670 691/691/691
f 670/670/670 692/692/692 691/691/691
f 670/670/670 671/671/671 692/692/692
f 671/671/671 693/693/693 692/692/692
f 671/671/671 672/672/672 693/693/693
f 673/673/673 695/695/695 694/694/694
f 673/673/673 674/674/674 695/695/695
f 674/674/674 696/696/696 695/695/695
f 674/674/674 675/675/675 696/696/696
f 675/675/675 697/697/697 696/696/696
f 675/675/675 676/676/676 697/697/697
f 676/676/676 698/698/698 697/697/697
f 676/676/676 677/677/677 698/698/698
f 677/677/677 699/699/699 698/698/698
f 677/677/677 678/678/678 699/699/699
f 678/678/678 700/700/700 699/699/699
f 678/678/678 679/679/679 700/700/700
f 679/679/679 701/701/701 700/700/700
f 679/679/679 680/680/680 701/701/701
f 680/680/680 702/702/702 701/701/701
f 680/680/680 681/681/681 702/702/702
f 681/681/681 703/703/703 702/702/702
f 681/681/681 682/682/682 703/703/703
f 682/682/682 704/704/704 703/703/703
f 682/682/682 683/683/683 704/704/704
f 683/683/683 705/705/705 704/704/704
f 683/683/683 684/684/684 705/705/705
f 684/684/684 706/706/706 705/705/705
f 684/684/684 685/685/685 706/706/706
f 685/685/685 707/707/707 706/706/706
f 685/685/685 686/686/686 707/707/707
f 686/686/686 708/708/708 707/707/707
f 686/686/686 687/687/687 708/708/708
f 687/687/687 709/709/709 708/708/708
f 687/687/687 688/688/688 709/709/709
f 688/688/688 710/710/710 709/709/709
f 688/688/688 689/689/689 710/710/710
f 689/689/689 711/711/711 710/710/710
f 689/689/689 690/690/690 711/711/711
f 690/690/690 712/712/712 711/711/711
f 690/690/690 691/691/691 712/712/712
f 691/691/691 713/713/713 712/712/712
f 691/691/691 692/692/692 713/713/713
f 692/692/692 714/714/714 713/713/713
f 692/692/692 693/693/693 714/714/714
f 694/694/694 716/716/716 715/715/715
f 694/694/694 695/695/695 716/716/716
f 695/695/695 717/717/717 716/716/716
f 695/695/695 696/696/696 717/717/717
f 696/696/696 718/718/718 717/717/717
f 696/696/696 697/697/697 718/718/718
f 697/697/697 719/719/719 718/718/718
f 697/697/697 698/698/698 719/719/719
f 698/698/698 720/720/720 719/719/719
f 698/698/698 699/699/699 720/720/720
f 699/699/699 721/721/721 720/720/720
f 699/699/699 700/700/700 721/721/721
f 700/700/700 722/722/722 721/721/721
f 700/700/700 701/701/701 722/722/722
f 701/701/701 723/723/723 722/722/722
f 701/701/701 702/702/702 723/723/723
f 702/702/702 724/724/724 723/723/723
f 702/702/702 703/703/703 724/724/724
f 703/703/703 725/725/725 724/724/724
f 703/703/703 704/704/704 725/725/725
f 704/704/704 726/726/726 725/725/725
f 704/704/704 705/705/705 726/726/726
f 705/705/705 727/727/727 726/726/726
f 705/705/705 706/706/706 727/727/727
f 706/706/706 728/728/728 727/727/727
f 706/706/706 707/707/707 728/728/728
f 707/707/707 729/729/729 728/728/728
f 707/707/707 708/708/708 729/729/729
f 708/708/708 730/730/730 729/729/729
f 708/708/708 709/709/709 730/730/730
f 709/709/709 731/731/731 730/730/730
f 709/709/709 710/710/710 731/731/731
f 710/710/710 732/732/732 731/731/731
f 710/710/710 711/711/711 732/732/732
f 711/711/711 733/733/733 732/732/732
f 711/711/711 712/712/712 733/733/733
f 712/712/712 734/734/734 733/733/733
f 712/712/712 713/713/713 734/734/734
f 713/713/713 735/735/735 734/734/734
f 713/713/713 714/714/714 735/735/735
f 715/715/715 737/737/737 736/736/736
f 715/715/715 716/716/716 737/737/737
f 716/716/716 738/738/738 737/737/737
f 716/716/716 717/717/717 738/738/738
f 717/717/717 739/739/739 738/738/738
f 717/717/717 718/718/718 739/739/739
f 718/718/718 740/740/740 739/739/739
f 718/718/718 719/719/719 740/740/740
f 719/719/719 741/741/741 740/740/740
f 719/719/719 720/720/720 741/741/741
f 720/720/720 742/742/742 741/741/741
f 720/720/720 721/721/721 742/742/742
f 721/721/721 743/743/743 742/742/742
f 721/721/721 722/722/722 743/743/743
f 722/722/722 744/744/744 743/743/743
f 722/722/722 723/723/723 744/744/744
f 723/723/723 745/745/745 744/744/744
f 723/723/723 724/724/724 745/745/745
f 724/724/724 746/746/746 745/745/745
f 724/724/724 725/725/725 746/746/746
f 725/725/725 747/747/747 746/746/746
f 725/725/725 726/726/726 747/747/747
f 726/726/726 748/748/748 747/747/747
f 726/726/726 727/727/727 748/748/748
f 727/727/727 749/749/749 748/748/748
f 727/727/727 728/728/728 749/749/749
f 728/728/728 750/750/750 749/749/749
f 728/728/728 729/729/729 750/750/750
f 729/729/729 751/751/751 750/750/750
f 729/729/729 730/730/730 751/751/751
f 730/730/730 752/752/752 751/751/751
f 730/730/730 731/731/731 752/752/752
f 731/731/731 753/753/753 752/752/752
f 731/731/731 732/732/732 753/753/753
f 732/732/732 754/754/754 753/753/753
f 732/732/732 733/733/733 754/754/754
f 733/733/733 755/755/755 754/754/754
f 733/733/733 734/734/734 755/755/755
f 734/734/734 756/756/756 755/755/755
f 734/734/734 735/735/735 756/756/756
f 736/736/736 758/758/758 757/757/757
f 736/736/736 737/737/737 758/758/758
f 737/737/737 759/759/759 758/758/758
f 737/737/737 738/738/738 759/759/759
f 738/738/738 760/760/760 759/759/759
f 738/738/738 739/739/739 760/760/760
f 739/739/739 761/761/761 760/760/760
f 739/739/739 740/740/740 761/761/761
f 740/740/740 762/762/762 761/761/761
f 740/740/740 741/741/741 762/762/762
f 741/741/741 763/763/763 762/762/762
f 741/741/741 742/742/742 763/763/763
f 742/742/742 764/764/764 763/763/763
f 742/742/742 743/743/743 764/764/764
f 743/743/743 765/765/765 764/764/764
f 743/743/743 744/744/744 765/765/765
f 744/744/744 766/766/766 765/765/765
f 744/744/744 745/745/745 766/766/766
f 745/745/745 767/767/767 766/766/766
f 745/745/745 746/746/746 767/767/767
f 746/746/746 768/768/768 767/767/767
f 746/746/746 747/747/747 768/768/768
f 747/747/747 769/769/769 768/768/768
f 747/747/747 748/748/748 769/769/769
f 748/748/748 770/770/770 769/769/769
f 748/748/748 749/749/749 770/770/770
f 749/749/749 771/771/771 770/770/770
f 749/749/749 750/750/750 771/771/771
f 750/750/750 772/772/772 771/771/771
f 750/750/750 751/751/751 772/772/772
f 751/751/751 773/773/773 772/772/772
f 751/751/751 752/752/752 773/773/773
f 752/752/752 774/774/774 773/773/773
f 752/752/752 753/753/753 774/774/774
f 753/753/753 775/775/775 774/774/774
f 753/753/753 754/754/754 775/775/775
f 754/754/754 776/776/776 775/775/775
f 754/754/754 755/755/755 776/776/776
f 755/755/755 777/777/777 776/776/776
f 755/755/755 756/756/756 777/777/777
f 778/778/778 2/2/2 1/1/1
f 779/779/779 757/757/757 758/758/758
f 778/778/778 3/3/3 2/2/2
f 779/779/779 758/758/758 759/759/759
f 778/778/778 4/4/4 3/3/3
f 779/779/779 759/759/759 760/760/760
f 778/778/778 5/5/5 4/4/4
f 779/779/779 760/760/760 761/761/761
f 778/778/778 6/6/6 5/5/5
f 779/779/779 761/761/761 762/762/762
f 778/778/778 7/7/7 6/6/6
f 779/779/779 762/762/762 763/763/763
f 778/778/778 8/8/8 7/7/7
f 779/779/779 763/763/763 764/764/764
f 778/778/778 9/9/9 8/8/8
f 779/779/779 764/764/764 765/765/765
f 778/778/778 10/10/10 9/9/9
f 779/779/779 765/765/765 766/766/766
f 778/778/778 11/11/11 10/10/10
f 779/779/779 766/766/766 767/767/767
f 778/778/778 12/12/12 11/11/11
f 779/779/779 767/767/767 768/768/768
f 778/778/778 13/13/13 12/12/12
f 779/779/779 768/768/768 769/769/769
f 778/778/778 14/14/14 13/13/13
f 779/779/779 769/769/769 770/770/770
f 778/778/778 15/15/15 14/14/14
f 779/779/779 770/770/770 771/771/771
f 778/778/778 16/16/16 15/15/15
f 779/779/779 771/771/771 772/772/772
f 778/778/778 17/17/17 16/16/16
f 779/779/779 772/772/772 773/773/773
f 778/778/778 18/18/18 17/17/17
f 779/779/779 773/773/773 774/774/774
f 778/778/778 19/19/19 18/18/18
f 779/779/779 774/774/774 775/775/775
f 778/778/778 20/20/20 19/19/19
f 779/779/779 775/775/775 776/776/776
f 778/778/778 21/21/21 20/20/20
f 779/779/779 776/776/776 777/777/777
usemtl KrakenSucker
f 780/780/780 793/793/793 794/794/794
f 780/780/780 794/794/794 781/781/781
f 781/781/781 794/794/794 795/795/795
f 781/781/781 795/795/795 782/782/782
f 782/782/782 795/795/795 796/796/796
f 782/782/782 796/796/796 783/783/783
f 783/783/783 796/796/796 797/797/797
f 783/783/783 797/797/797 784/784/784
f 784/784/784 797/797/797 798/798/798
f 784/784/784 798/798/798 785/785/785
f 785/785/785 798/798/798 799/799/799
f 785/785/785 799/799/799 786/786/786
f 786/786/786 799/799/799 800/800/800
f 786/786/786 800/800/800 787/787/787
f 787/787/787 800/800/800 801/801/801
f 787/787/787 801/801/801 788/788/788
f 788/788/788 801/801/801 802/802/802
f 788/788/788 802/802/802 789/789/789
f 789/789/789 802/802/802 803/803/803
f 789/789/789 803/803/803 790/790/790
f 790/790/790 803/803/803 804/804/804
f 790/790/790 804/804/804 791/791/791
f 791/791/791 804/804/804 805/805/805
f 791/791/791 805/805/805 792/792/792
f 793/793/793 806/806/806 807/807/807
f 793/793/793 807/807/807 794/794/794
f 794/794/794 807/807/807 808/808/808
f 794/794/794 808/808/808 795/795/795
f 795/795/795 808/808/808 809/809/809
f 795/795/795 809/809/809 796/796/796
f 796/796/796 809/809/809 810/810/810
f 796/796/796 810/810/810 797/797/797
f 797/797/797 810/810/810 811/811/811
f 797/797/797 811/811/811 798/798/798
f 798/798/798 811/811/811 812/812/812
f 798/798/798 812/812/812 799/799/799
f 799/799/799 812/812/812 813/813/813
f 799/799/799 813/813/813 800/800/800
f 800/800/800 813/813/813 814/814/814
f 800/800/800 814/814/814 801/801/801
f 801/801/801 814/814/814 815/815/815
f 801/801/801 815/815/815 802/802/802
f 802/802/802 815/815/815 816/816/816
f 802/802/802 816/816/816 803/803/803
f 803/803/803 816/816/816 817/817/817
f 803/803/803 817/817/817 804/804/804
f 804/804/804 817/817/817 818/818/818
f 804/804/804 818/818/818 805/805/805
usemtl KrakenSuckerInner
f 819/819/819 833/833/833 832/832/832
f 819/819/819 820/820/820 833/833/833
f 820/820/820 834/834/834 833/833/833
f 820/820/820 821/821/821 834/834/834
f 821/821/821 835/835/835 834/834/834
f 821/821/821 822/822/822 835/835/835
f 822/822/822 836/836/836 835/835/835
f 822/822/822 823/823/823 836/836/836
f 823/823/823 837/837/837 836/836/836
f 823/823/823 824/824/824 837/837/837
f 824/824/824 838/838/838 837/837/837
f 824/824/824 825/825/825 838/838/838
f 825/825/825 839/839/839 838/838/838
f 825/825/825 826/826/826 839/839/839
f 826/826/826 840/840/840 839/839/839
f 826/826/826 827/827/827 840/840/840
f 827/827/827 841/841/841 840/840/840
f 827/827/827 828/828/828 841/841/841
f 828/828/828 842/842/842 841/841/841
f 828/828/828 829/829/829 842/842/842
f 829/829/829 843/843/843 842/842/842
f 829/829/829 830/830/830 843/843/843
f 830/830/830 844/844/844 843/843/843
f 830/830/830 831/831/831 844/844/844
f 832/832/832 846/846/846 845/845/845
f 832/832/832 833/833/833 846/846/846
f 833/833/833 847/847/847 846/846/846
f 833/833/833 834/834/834 847/847/847
f 834/834/834 848/848/848 847/847/847
f 834/834/834 835/835/835 848/848/848
f 835/835/835 849/849/849 848/848/848
f 835/835/835 836/836/836 849/849/849
f 836/836/836 850/850/850 849/849/849
f 836/836/836 837/837/837 850/850/850
f 837/837/837 851/851/851 850/850/850
f 837/837/837 838/838/838 851/851/851
f 838/838/838 852/852/852 851/851/851
f 838/838/838 839/839/839 852/852/852
f 839/839/839 853/853/853 852/852/852
f 839/839/839 840/840/840 853/853/853
f 840/840/840 854/854/854 853/853/853
f 840/840/840 841/841/841 854/854/854
f 841/841/841 855/855/855 854/854/854
f 841/841/841 842/842/842 855/855/855
f 842/842/842 856/856/856 855/855/855
f 842/842/842 843/843/843 856/856/856
f 843/843/843 857/857/857 856/856/856
f 843/843/843 844/844/844 857/857/857
f 858/858/858 845/845/845 846/846/846
f 858/858/858 846/846/846 847/847/847
f 858/858/858 847/847/847 848/848/848
f 858/858/858 848/848/848 849/849/849
f 858/858/858 849/849/849 850/850/850
f 858/858/858 850/850/850 851/851/851
f 858/858/858 851/851/851 852/852/852
f 858/858/858 852/852/852 853/853/853
f 858/858/858 853/853/853 854/854/854
f 858/858/858 854/854/854 855/855/855
f 858/858/858 855/855/855 856/856/856
f 858/858/858 856/856/856 857/857/857
usemtl KrakenSucker
f 859/859/859 872/872/872 873/873/873
f 859/859/859 873/873/873 860/860/860
f 860/860/860 873/873/873 874/874/874
f 860/860/860 874/874/874 861/861/861
f 861/861/861 874/874/874 875/875/875
f 861/861/861 875/875/875 862/862/862
f 862/862/862 875/875/875 876/876/876
f 862/862/862 876/876/876 863/863/863
f 863/863/863 876/876/876 877/877/877
f 863/863/863 877/877/877 864/864/864
f 864/864/864 877/877/877 878/878/878
f 864/864/864 878/878/878 865/865/865
f 865/865/865 878/878/878 879/879/879
f 865/865/865 879/879/879 866/866/866
f 866/866/866 879/879/879 880/880/880
f 866/866/866 880/880/880 867/867/867
f 867/867/867 880/880/880 881/881/881
f 867/867/867 881/881/881 868/868/868
f 868/868/868 881/881/881 882/882/882
f 868/868/868 882/882/882 869/869/869
f 869/869/869 882/882/882 883/883/883
f 869/869/869 883/883/883 870/870/870
f 870/870/870 883/883/883 884/884/884
f 870/870/870 884/884/884 871/871/871
f 872/872/872 885/885/885 886/886/886
f 872/872/872 886/886/886 873/873/873
f 873/873/873 886/886/886 887/887/887
f 873/873/873 887/887/887 874/874/874
f 874/874/874 887/887/887 888/888/888
f 874/874/874 888/888/888 875/875/875
f 875/875/875 888/888/888 889/889/889
f 875/875/875 889/889/889 876/876/876
f 876/876/876 889/889/889 890/890/890
f 876/876/876 890/890/890 877/877/877
f 877/877/877 890/890/890 891/891/891
f 877/877/877 891/891/891 878/878/878
f 878/878/878 891/891/891 892/892/892
f 878/878/878 892/892/892 879/879/879
f 879/879/879 892/892/892 893/893/893
f 879/879/879 893/893/893 880/880/880
f 880/880/880 893/893/893 894/894/894
f 880/880/880 894/894/894 881/881/881
f 881/881/881 894/894/894 895/895/895
f 881/881/881 895/895/895 882/882/882
f 882/882/882 895/895/895 896/896/896
f 882/882/882 896/896/896 883/883/883
f 883/883/883 896/896/896 897/897/897
f 883/883/883 897/897/897 884/884/884
usemtl KrakenSuckerInner
f 898/898/898 912/912/912 911/911/911
f 898/898/898 899/899/899 912/912/912
f 899/899/899 913/913/913 912/912/912
f 899/899/899 900/900/900 913/913/913
f 900/900/900 914/914/914 913/913/913
f 900/900/900 901/901/901 914/914/914
f 901/901/901 915/915/915 914/914/914
f 901/901/901 902/902/902 915/915/915
f 902/902/902 916/916/916 915/915/915
f 902/902/902 903/903/903 916/916/916
f 903/903/903 917/917/917 916/916/916
f 903/903/903 904/904/904 917/917/917
f 904/904/904 918/918/918 917/917/917
f 904/904/904 905/905/905 918/918/918
f 905/905/905 919/919/919 918/918/918
f 905/905/905 906/906/906 919/919/919
f 906/906/906 920/920/920 919/919/919
f 906/906/906 907/907/907 920/920/920
f 907/907/907 921/921/921 920/920/920
f 907/907/907 908/908/908 921/921/921
f 908/908/908 922/922/922 921/921/921
f 908/908/908 909/909/909 922/922/922
f 909/909/909 923/923/923 922/922/922
f 909/909/909 910/910/910 923/923/923
f 911/911/911 925/925/925 924/924/924
f 911/911/911 912/912/912 925/925/925
f 912/912/912 926/926/926 925/925/925
f 912/912/912 913/913/913 926/926/926
f 913/913/913 927/927/927 926/926/926
f 913/913/913 914/914/914 927/927/927
f 914/914/914 928/928/928 927/927/927
f 914/914/914 915/915/915 928/928/928
f 915/915/915 929/929/929 928/928/928
f 915/915/915 916/916/916 929/929/929
f 916/916/916 930/930/930 929/929/929
f 916/916/916 917/917/917 930/930/930
f 917/917/917 931/931/931 930/930/930
f 917/917/917 918/918/918 931/931/931
f 918/918/918 932/932/932 931/931/931
f 918/918/918 919/919/919 932/932/932
f 919/919/919 933/933/933 932/932/932
f 919/919/919 920/920/920 933/933/933
f 920/920/920 934/934/934 933/933/933
f 920/920/920 921/921/921 934/934/934
f 921/921/921 935/935/935 934/934/934
f 921/921/921 922/922/922 935/935/935
f 922/922/922 936/936/936 935/935/935
f 922/922/922 923/923/923 936/936/936
f 937/937/937 924/924/924 925/925/925
f 937/937/937 925/925/925 926/926/926
f 937/937/937 926/926/926 927/927/927
f 937/937/937 927/927/927 928/928/928
f 937/937/937 928/928/928 929/929/929
f 937/937/937 929/929/929 930/930/930
f 937/937/937 930/930/930 931/931/931
f 937/937/937 931/931/931 932/932/932
f 937/937/937 932/932/932 933/933/933
f 937/937/937 933/933/933 934/934/934
f 937/937/937 934/934/934 935/935/935
f 937/937/937 935/935/935 936/936/936
usemtl KrakenSucker
f 938/938/938 951/951/951 952/952/952
f 938/938/938 952/952/952 939/939/939
f 939/939/939 952/952/952 953/953/953
f 939/939/939 953/953/953 940/940/940
f 940/940/940 953/953/953 954/954/954
f 940/940/940 954/954/954 941/941/941
f 941/941/941 954/954/954 955/955/955
f 941/941/941 955/955/955 942/942/942
f 942/942/942 955/955/955 956/956/956
f 942/942/942 956/956/956 943/943/943
f 943/943/943 956/956/956 957/957/957
f 943/943/943 957/957/957 944/944/944
f 944/944/944 957/957/957 958/958/958
f 944/944/944 958/958/958 945/945/945
f 945/945/945 958/958/958 959/959/959
f 945/945/945 959/959/959 946/946/946
f 946/946/946 959/959/959 960/960/960
f 946/946/946 960/960/960 947/947/947
f 947/947/947 960/960/960 961/961/961
f 947/947/947 961/961/961 948/948/948
f 948/948/948 961/961/961 962/962/962
f 948/948/948 962/962/962 949/949/949
f 949/949/949 962/962/962 963/963/963
f 949/949/949 963/963/963 950/950/950
f 951/951/951 964/964/964 965/965/965
f 951/951/951 965/965/965 952/952/952
f 952/952/952 965/965/965 966/966/966
f 952/952/952 966/966/966 953/953/953
f 953/953/953 966/966/966 967/967/967
f 953/953/953 967/967/967 954/954/954
f 954/954/954 967/967/967 968/968/968
f 954/954/954 968/968/968 955/955/955
f 955/955/955 968/968/968 969/969/969
f 955/955/955 969/969/969 956/956/956
f 956/956/956 969/969/969 970/970/970
f 956/956/956 970/970/970 957/957/957
f 957/957/957 970/970/970 971/971/971
f 957/957/957 971/971/971 958/958/958
f 958/958/958 971/971/971 972/972/972
f 958/958/958 972/972/972 959/959/959
f 959/959/959 972/972/972 973/973/973
f 959/959/959 973/973/973 960/960/960
f 960/960/960 973/973/973 974/974/974
f 960/960/960 974/974/974 961/961/961
f 961/961/961 974/974/974 975/975/975
f 961/961/961 975/975/975 962/962/962
f 962/962/962 975/975/975 976/976/976
f 962/962/962 976/976/976 963/963/963
usemtl KrakenSuckerInner
f 977/977/977 991/991/991 990/990/990
f 977/977/977 978/978/978 991/991/991
f 978/978/978 992/992/992 991/991/991
f 978/978/978 979/979/979 992/992/992
f 979/979/979 993/993/993 992/992/992
f 979/979/979 980/980/980 993/993/993
f 980/980/980 994/994/994 993/993/993
f 980/980/980 981/981/981 994/994/994
f 981/981/981 995/995/995 994/994/994
f 981/981/981 982/982/982 995/995/995
f 982/982/982 996/996/996 995/995/995
f 982/982/982 983/983/983 996/996/996
f 983/983/983 997/997/997 996/996/996
f 983/983/983 984/984/984 997/997/997
f 984/984/984 998/998/998 997/997/997
f 984/984/984 985/985/985 998/998/998
f 985/985/985 999/999/999 998/998/998
f 985/985/985 986/986/986 999/999/999
f 986/986/986 1000/1000/1000 999/999/999
f 986/986/986 987/987/987 1000/1000/1000
f 987/987/987 1001/1001/1001 1000/1000/1000
f 987/987/987 988/988/988 1001/1001/1001
f 988/988/988 1002/1002/1002 1001/1001/1001
f 988/988/988 989/989/989 1002/1002/1002
f 990/990/990 1004/1004/1004 1003/1003/1003
f 990/990/990 991/991/991 1004/1004/1004
f 991/991/991 1005/1005/1005 1004/1004/1004
f 991/991/991 992/992/992 1005/1005/1005
f 992/992/992 1006/1006/1006 1005/1005/1005
f 992/992/992 993/993/993 1006/1006/1006
f 993/993/993 1007/1007/1007 1006/1006/1006
f 993/993/993 994/994/994 1007/1007/1007
f 994/994/994 1008/1008/1008 1007/1007/1007
f 994/994/994 995/995/995 1008/1008/1008
f 995/995/995 1009/1009/1009 1008/1008/1008
f 995/995/995 996/996/996 1009/1009/1009
f 996/996/996 1010/1010/1010 1009/1009/1009
f 996/996/996 997/997/997 1010/1010/1010
f 997/997/997 1011/1011/1011 1010/1010/1010
f 997/997/997 998/998/998 1011/1011/1011
f 998/998/998 1012/1012/1012 1011/1011/1011
f 998/998/998 999/999/999 1012/1012/1012
f 999/999/999 1013/1013/1013 1012/1012/1012
f 999/999/999 1000/1000/1000 1013/1013/1013
f 1000/1000/1000 1014/1014/1014 1013/1013/1013
f 1000/1000/1000 1001/1001/1001 1014/1014/1014
f 1001/1001/1001 1015/1015/1015 1014/1014/1014
f 1001/1001/1001 1002/1002/1002 1015/1015/1015
f 1016/1016/1016 1003/1003/1003 1004/1004/1004
f 1016/1016/1016 1004/1004/1004 1005/1005/1005
f 1016/1016/1016 1005/1005/1005 1006/1006/1006
f 1016/1016/1016 1006/1006/1006 1007/1007/1007
f 1016/1016/1016 1007/1007/1007 1008/1008/1008
f 1016/1016/1016 1008/1008/1008 1009/1009/1009
f 1016/1016/1016 1009/1009/1009 1010/1010/1010
f 1016/1016/1016 1010/1010/1010 1011/1011/1011
f 1016/1016/1016 1011/1011/1011 1012/1012/1012
f 1016/1016/1016 1012/1012/1012 1013/1013/1013
f 1016/1016/1016 1013/1013/1013 1014/1014/1014
f 1016/1016/1016 1014/1014/1014 1015/1015/1015
usemtl KrakenSucker
f 1017/1017/1017 1030/1030/1030 1031/1031/1031
f 1017/1017/1017 1031/1031/1031 1018/1018/1018
f 1018/1018/1018 1031/1031/1031 1032/1032/1032
f 1018/1018/1018 1032/1032/1032 1019/1019/1019
f 1019/1019/1019 1032/1032/1032 1033/1033/1033
f 1019/1019/1019 1033/1033/1033 1020/1020/1020
f 1020/1020/1020 1033/1033/1033 1034/1034/1034
f 1020/1020/1020 1034/1034/1034 1021/1021/1021
f 1021/1021/1021 1034/1034/1034 1035/1035/1035
f 1021/1021/1021 1035/1035/1035 1022/1022/1022
f 1022/1022/1022 1035/1035/1035 1036/1036/1036
f 1022/1022/1022 1036/1036/1036 1023/1023/1023
f 1023/1023/1023 1036/1036/1036 1037/1037/1037
f 1023/1023/1023 1037/1037/1037 1024/1024/1024
f 1024/1024/1024 1037/1037/1037 1038/1038/1038
f 1024/1024/1024 1038/1038/1038 1025/1025/1025
f 1025/1025/1025 1038/1038/1038 1039/1039/1039
f 1025/1025/1025 1039/1039/1039 1026/1026/1026
f 1026/1026/1026 1039/1039/1039 1040/1040/1040
f 1026/1026/1026 1040/1040/1040 1027/1027/1027
f 1027/1027/1027 1040/1040/1040 1041/1041/1041
f 1027/1027/1027 1041/1041/1041 1028/1028/1028
f 1028/1028/1028 1041/1041/1041 1042/1042/1042
f 1028/1028/1028 1042/1042/1042 1029/1029/1029
f 1030/1030/1030 1043/1043/1043 1044/1044/1044
f 1030/1030/1030 1044/1044/1044 1031/1031/1031
f 1031/1031/1031 1044/1044/1044 1045/1045/1045
f 1031/1031/1031 1045/1045/1045 1032/1032/1032
f 1032/1032/1032 1045/1045/1045 1046/1046/1046
f 1032/1032/1032 1046/1046/1046 1033/1033/1033
f 1033/1033/1033 1046/1046/1046 1047/1047/1047
f 1033/1033/1033 1047/1047/1047 1034/1034/1034
f 1034/1034/1034 1047/1047/1047 1048/1048/1048
f 1034/1034/1034 1048/1048/1048 1035/1035/1035
f 1035/1035/1035 1048/1048/1048 1049/1049/1049
f 1035/1035/1035 1049/1049/1049 1036/1036/1036
f 1036/1036/1036 1049/1049/1049 1050/1050/1050
f 1036/1036/1036 1050/1050/1050 1037/1037/1037
f 1037/1037/1037 1050/1050/1050 1051/1051/1051
f 1037/1037/1037 1051/1051/1051 1038/1038/1038
f 1038/1038/1038 1051/1051/1051 1052/1052/1052
f 1038/1038/1038 1052/1052/1052 1039/1039/1039
f 1039/1039/1039 1052/1052/1052 1053/1053/1053
f 1039/1039/1039 1053/1053/1053 1040/1040/1040
f 1040/1040/1040 1053/1053/1053 1054/1054/1054
f 1040/1040/1040 1054/1054/1054 1041/1041/1041
f 1041/1041/1041 1054/1054/1054 1055/1055/1055
f 1041/1041/1041 1055/1055/1055 1042/1042/1042
usemtl KrakenSuckerInner
f 1056/1056/1056 1070/1070/1070 1069/1069/1069
f 1056/1056/1056 1057/1057/1057 1070/1070/1070
f 1057/1057/1057 1071/1071/1071 1070/1070/1070
f 1057/1057/1057 1058/1058/1058 1071/1071/1071
f 1058/1058/1058 1072/1072/1072 1071/1071/1071
f 1058/1058/1058 1059/1059/1059 1072/1072/1072
f 1059/1059/1059 1073/1073/1073 1072/1072/1072
f 1059/1059/1059 1060/1060/1060 1073/1073/1073
f 1060/1060/1060 1074/1074/1074 1073/1073/1073
f 1060/1060/1060 1061/1061/1061 1074/1074/1074
f 1061/1061/1061 1075/1075/1075 1074/1074/1074
f 1061/1061/1061 1062/1062/1062 1075/1075/1075
f 1062/1062/1062 1076/1076/1076 1075/1075/1075
f 1062/1062/1062 1063/1063/1063 1076/1076/1076
f 1063/1063/1063 1077/1077/1077 1076/1076/1076
f 1063/1063/1063 1064/1064/1064 1077/1077/1077
f 1064/1064/1064 1078/1078/1078 1077/1077/1077
f 1064/1064/1064 1065/1065/1065 1078/1078/1078
f 1065/1065/1065 1079/1079/1079 1078/1078/1078
f 1065/1065/1065 1066/1066/1066 1079/1079/1079
f 1066/1066/1066 1080/1080/1080 1079/1079/1079
f 1066/1066/1066 1067/1067/1067 1080/1080/1080
f 1067/1067/1067 1081/1081/1081 1080/1080/1080
f 1067/1067/1067 1068/1068/1068 1081/1081/1081
f 1069/1069/1069 1083/1083/1083 1082/1082/1082
f 1069/1069/1069 1070/1070/1070 1083/1083/1083
f 1070/1070/1070 1084/1084/1084 1083/1083/1083
f 1070/1070/1070 1071/1071/1071 1084/1084/1084
f 1071/1071/1071 1085/1085/1085 1084/1084/1084
f 1071/1071/1071 1072/1072/1072 1085/1085/1085
f 1072/1072/1072 1086/1086/1086 1085/1085/1085
f 1072/1072/1072 1073/1073/1073 1086/1086/1086
f 1073/1073/1073 1087/1087/1087 1086/1086/1086
f 1073/1073/1073 1074/1074/1074 1087/1087/1087
f 1074/1074/1074 1088/1088/1088 1087/1087/1087
f 1074/1074/1074 1075/1075/1075 1088/1088/1088
f 1075/1075/1075 1089/1089/1089 1088/1088/1088
f 1075/1075/1075 1076/1076/1076 1089/1089/1089
f 1076/1076/1076 1090/1090/1090 1089/1089/1089
f 1076/1076/1076 1077/1077/1077 1090/1090/1090
f 1077/1077/1077 1091/1091/1091 1090/1090/1090
f 1077/1077/1077 1078/1078/1078 1091/1091/1091
f 1078/1078/1078 1092/1092/1092 1091/1091/1091
f 1078/1078/1078 1079/1079/1079 1092/1092/1092
f 1079/1079/1079 1093/1093/1093 1092/1092/1092
f 1079/1079/1079 1080/1080/1080 1093/1093/1093
f 1080/1080/1080 1094/1094/1094 1093/1093/1093
f 1080/1080/1080 1081/1081/1081 1094/1094/1094
f 1095/1095/1095 1082/1082/1082 1083/1083/1083
f 1095/1095/1095 1083/1083/1083 1084/1084/1084
f 1095/1095/1095 1084/1084/1084 1085/1085/1085
f 1095/1095/1095 1085/1085/1085 1086/1086/1086
f 1095/1095/1095 1086/1086/1086 1087/1087/1087
f 1095/1095/1095 1087/1087/1087 1088/1088/1088
f 1095/1095/1095 1088/1088/1088 1089/1089/1089
f 1095/1095/1095 1089/1089/1089 1090/1090/1090
f 1095/1095/1095 1090/1090/1090 1091/1091/1091
f 1095/1095/1095 1091/1091/1091 1092/1092/1092
f 1095/1095/1095 1092/1092/1092 1093/1093/1093
f 1095/1095/1095 1093/1093/1093 1094/1094/1094
usemtl KrakenSucker
f 1096/1096/1096 1109/1109/1109 1110/1110/1110
f 1096/1096/1096 1110/1110/1110 1097/1097/1097
f 1097/1097/1097 1110/1110/1110 1111/1111/1111
f 1097/1097/1097 1111/1111/1111 1098/1098/1098
f 1098/1098/1098 1111/1111/1111 1112/1112/1112
f 1098/1098/1098 1112/1112/1112 1099/1099/1099
f 1099/1099/1099 1112/1112/1112 1113/1113/1113
f 1099/1099/1099 1113/1113/1113 1100/1100/1100
f 1100/1100/1100 1113/1113/1113 1114/1114/1114
f 1100/1100/1100 1114/1114/1114 1101/1101/1101
f 1101/1101/1101 1114/1114/1114 1115/1115/1115
f 1101/1101/1101 1115/1115/1115 1102/1102/1102
f 1102/1102/1102 1115/1115/1115 1116/1116/1116
f 1102/1102/1102 1116/1116/1116 1103/1103/1103
f 1103/1103/1103 1116/1116/1116 1117/1117/1117
f 1103/1103/1103 1117/1117/1117 1104/1104/1104
f 1104/1104/1104 1117/1117/1117 1118/1118/1118
f 1104/1104/1104 1118/1118/1118 1105/1105/1105
f 1105/1105/1105 1118/1118/1118 1119/1119/1119
f 1105/1105/1105 1119/1119/1119 1106/1106/1106
f 1106/1106/1106 1119/1119/1119 1120/1120/1120
f 1106/1106/1106 1120/1120/1120 1107/1107/1107
f 1107/1107/1107 1120/1120/1120 1121/1121/1121
f 1107/1107/1107 1121/1121/1121 1108/1108/1108
f 1109/1109/1109 1122/1122/1122 1123/1123/1123
f 1109/1109/1109 1123/1123/1123 1110/1110/1110
f 1110/1110/1110 1123/1123/1123 1124/1124/1124
f 1110/1110/1110 1124/1124/1124 1111/1111/1111
f 1111/1111/1111 1124/1124/1124 1125/1125/1125
f 1111/1111/1111 1125/1125/1125 1112/1112/1112
f 1112/1112/1112 1125/1125/1125 1126/1126/1126
f 1112/1112/1112 1126/1126/1126 1113/1113/1113
f 1113/1113/1113 1126/1126/1126 1127/1127/1127
f 1113/1113/1113 1127/1127/1127 1114/1114/1114
f 1114/1114/1114 1127/1127/1127 1128/1128/1128
f 1114/1114/1114 1128/1128/1128 1115/1115/1115
f 1115/1115/1115 1128/1128/1128 1129/1129/1129
f 1115/1115/1115 1129/1129/1129 1116/1116/1116
f 1116/1116/1116 1129/1129/1129 1130/1130/1130
f 1116/1116/1116 1130/1130/1130 1117/1117/1117
f 1117/1117/1117 1130/1130/1130 1131/1131/1131
f 1117/1117/1117 1131/1131/1131 1118/1118/1118
f 1118/1118/1118 1131/1131/1131 1132/1132/1132
f 1118/1118/1118 1132/1132/1132 1119/1119/1119
f 1119/1119/1119 1132/1132/1132 1133/1133/1133
f 1119/1119/1119 1133/1133/1133 1120/1120/1120
f 1120/1120/1120 1133/1133/1133 1134/1134/1134
f 1120/1120/1120 1134/1134/1134 1121/1121/1121
usemtl KrakenSuckerInner
f 1135/1135/1135 1149/1149/1149 1148/1148/1148
f 1135/1135/1135 1136/1136/1136 1149/1149/1149
f 1136/1136/1136 1150/1150/1150 1149/1149/1149
f 1136/1136/1136 1137/1137/1137 1150/1150/1150
f 1137/1137/1137 1151/1151/1151 1150/1150/1150
f 1137/1137/1137 1138/1138/1138 1151/1151/1151
f 1138/1138/1138 1152/1152/1152 1151/1151/1151
f 1138/1138/1138 1139/1139/1139 1152/1152/1152
f 1139/1139/1139 1153/1153/1153 1152/1152/1152
f 1139/1139/1139 1140/1140/1140 1153/1153/1153
f 1140/1140/1140 1154/1154/1154 1153/1153/1153
f 1140/1140/1140 1141/1141/1141 1154/1154/1154
f 1141/1141/1141 1155/1155/1155 1154/1154/1154
f 1141/1141/1141 1142/1142/1142 1155/1155/1155
f 1142/1142/1142 1156/1156/1156 1155/1155/1155
f 1142/1142/1142 1143/1143/1143 1156/1156/1156
f 1143/1143/1143 1157/1157/1157 1156/1156/1156
f 1143/1143/1143 1144/1144/1144 1157/1157/1157
f 1144/1144/1144 1158/1158/1158 1157/1157/1157
f 1144/1144/1144 1145/1145/1145 1158/1158/1158
f 1145/1145/1145 1159/1159/1159 1158/1158/1158
f 1145/1145/1145 1146/1146/1146 1159/1159/1159
f 1146/1146/1146 1160/1160/1160 1159/1159/1159
f 1146/1146/1146 1147/1147/1147 1160/1160/1160
f 1148/1148/1148 1162/1162/1162 1161/1161/1161
f 1148/1148/1148 1149/1149/1149 1162/1162/1162
f 1149/1149/1149 1163/1163/1163 1162/1162/1162
f 1149/1149/1149 1150/1150/1150 1163/1163/1163
f 1150/1150/1150 1164/1164/1164 1163/1163/1163
f 1150/1150/1150 1151/1151/1151 1164/1164/1164
f 1151/1151/1151 1165/1165/1165 1164/1164/1164
f 1151/1151/1151 1152/1152/1152 1165/1165/1165
f 1152/1152/1152 1166/1166/1166 1165/1165/1165
f 1152/1152/1152 1153/1153/1153 1166/1166/1166
f 1153/1153/1153 1167/1167/1167 1166/1166/1166
f 1153/1153/1153 1154/1154/1154 1167/1167/1167
f 1154/1154/1154 1168/1168/1168 1167/1167/1167
f 1154/1154/1154 1155/1155/1155 1168/1168/1168
f 1155/1155/1155 1169/1169/1169 1168/1168/1168
f 1155/1155/1155 1156/1156/1156 1169/1169/1169
f 1156/1156/1156 1170/1170/1170 1169/1169/1169
f 1156/1156/1156 1157/1157/1157 1170/1170/1170
f 1157/1157/1157 1171/1171/1171 1170/1170/1170
f 1157/1157/1157 1158/1158/1158 1171/1171/1171
f 1158/1158/1158 1172/1172/1172 1171/1171/1171
f 1158/1158/1158 1159/1159/1159 1172/1172/1172
f 1159/1159/1159 1173/1173/1173 1172/1172/1172
f 1159/1159/1159 1160/1160/1160 1173/1173/1173
f 1174/1174/1174 1161/1161/1161 1162/1162/1162
f 1174/1174/1174 1162/1162/1162 1163/1163/1163
f 1174/1174/1174 1163/1163/1163 1164/1164/1164
f 1174/1174/1174 1164/1164/1164 1165/1165/1165
f 1174/1174/1174 1165/1165/1165 1166/1166/1166
f 1174/1174/1174 1166/1166/1166 1167/1167/1167
f 1174/1174/1174 1167/1167/1167 1168/1168/1168
f 1174/1174/1174 1168/1168/1168 1169/1169/1169
f 1174/1174/1174 1169/1169/1169 1170/1170/1170
f 1174/1174/1174 1170/1170/1170 1171/1171/1171
f 1174/1174/1174 1171/1171/1171 1172/1172/1172
f 1174/1174/1174 1172/1172/1172 1173/1173/1173
usemtl KrakenSucker
f 1175/1175/1175 1188/1188/1188 1189/1189/1189
f 1175/1175/1175 1189/1189/1189 1176/1176/1176
f 1176/1176/1176 1189/1189/1189 1190/1190/1190
f 1176/1176/1176 1190/1190/1190 1177/1177/1177
f 1177/1177/1177 1190/1190/1190 1191/1191/1191
f 1177/1177/1177 1191/1191/1191 1178/1178/1178
f 1178/1178/1178 1191/1191/1191 1192/1192/1192
f 1178/1178/1178 1192/1192/1192 1179/1179/1179
f 1179/1179/1179 1192/1192/1192 1193/1193/1193
f 1179/1179/1179 1193/1193/1193 1180/1180/1180
f 1180/1180/1180 1193/1193/1193 1194/1194/1194
f 1180/1180/1180 1194/1194/1194 1181/1181/1181
f 1181/1181/1181 1194/1194/1194 1195/1195/1195
f 1181/1181/1181 1195/1195/1195 1182/1182/1182
f 1182/1182/1182 1195/1195/1195 1196/1196/1196
f 1182/1182/1182 1196/1196/1196 1183/1183/1183
f 1183/1183/1183 1196/1196/1196 1197/1197/1197
f 1183/1183/1183 1197/1197/1197 1184/1184/1184
f 1184/1184/1184 1197/1197/1197 1198/1198/1198
f 1184/1184/1184 1198/1198/1198 1185/1185/1185
f 1185/1185/1185 1198/1198/1198 1199/1199/1199
f 1185/1185/1185 1199/1199/1199 1186/1186/1186
f 1186/1186/1186 1199/1199/1199 1200/1200/1200
f 1186/1186/1186 1200/1200/1200 1187/1187/1187
f 1188/1188/1188 1201/1201/1201 1202/1202/1202
f 1188/1188/1188 1202/1202/1202 1189/1189/1189
f 1189/1189/1189 1202/1202/1202 1203/1203/1203
f 1189/1189/1189 1203/1203/1203 1190/1190/1190
f 1190/1190/1190 1203/1203/1203 1204/1204/1204
f 1190/1190/1190 1204/1204/1204 1191/1191/1191
f 1191/1191/1191 1204/1204/1204 1205/1205/1205
f 1191/1191/1191 1205/1205/1205 1192/1192/1192
f 1192/1192/1192 1205/1205/1205 1206/1206/1206
f 1192/1192/1192 1206/1206/1206 1193/1193/1193
f 1193/1193/1193 1206/1206/1206 1207/1207/1207
f 1193/1193/1193 1207/1207/1207 1194/1194/1194
f 1194/1194/1194 1207/1207/1207 1208/1208/1208
f 1194/1194/1194 1208/1208/1208 1195/1195/1195
f 1195/1195/1195 1208/1208/1208 1209/1209/1209
f 1195/1195/1195 1209/1209/1209 1196/1196/1196
f 1196/1196/1196 1209/1209/1209 1210/1210/1210
f 1196/1196/1196 1210/1210/1210 1197/1197/1197
f 1197/1197/1197 1210/1210/1210 1211/1211/1211
f 1197/1197/1197 1211/1211/1211 1198/1198/1198
f 1198/1198/1198 1211/1211/1211 1212/1212/1212
f 1198/1198/1198 1212/1212/1212 1199/1199/1199
f 1199/1199/1199 1212/1212/1212 1213/1213/1213
f 1199/1199/1199 1213/1213/1213 1200/1200/1200
usemtl KrakenSuckerInner
f 1214/1214/1214 1228/1228/1228 1227/1227/1227
f 1214/1214/1214 1215/1215/1215 1228/1228/1228
f 1215/1215/1215 1229/1229/1229 1228/1228/1228
f 1215/1215/1215 1216/1216/1216 1229/1229/1229
f 1216/1216/1216 1230/1230/1230 1229/1229/1229
f 1216/1216/1216 1217/1217/1217 1230/1230/1230
f 1217/1217/1217 1231/1231/1231 1230/1230/1230
f 1217/1217/1217 1218/1218/1218 1231/1231/1231
f 1218/1218/1218 1232/1232/1232 1231/1231/1231
f 1218/1218/1218 1219/1219/1219 1232/1232/1232
f 1219/1219/1219 1233/1233/1233 1232/1232/1232
f 1219/1219/1219 1220/1220/1220 1233/1233/1233
f 1220/1220/1220 1234/1234/1234 1233/1233/1233
f 1220/1220/1220 1221/1221/1221 1234/1234/1234
f 1221/1221/1221 1235/1235/1235 1234/1234/1234
f 1221/1221/1221 1222/1222/1222 1235/1235/1235
f 1222/1222/1222 1236/1236/1236 1235/1235/1235
f 1222/1222/1222 1223/1223/1223 1236/1236/1236
f 1223/1223/1223 1237/1237/1237 1236/1236/1236
f 1223/1223/1223 1224/1224/1224 1237/1237/1237
f 1224/1224/1224 1238/1238/1238 1237/1237/1237
f 1224/1224/1224 1225/1225/1225 1238/1238/1238
f 1225/1225/1225 1239/1239/1239 1238/1238/1238
f 1225/1225/1225 1226/1226/1226 1239/1239/1239
f 1227/1227/1227 1241/1241/1241 1240/1240/1240
f 1227/1227/1227 1228/1228/1228 1241/1241/1241
f 1228/1228/1228 1242/1242/1242 1241/1241/1241
f 1228/1228/1228 1229/1229/1229 1242/1242/1242
f 1229/1229/1229 1243/1243/1243 1242/1242/1242
f 1229/1229/1229 1230/1230/1230 1243/1243/1243
f 1230/1230/1230 1244/1244/1244 1243/1243/1243
f 1230/1230/1230 1231/1231/1231 1244/1244/1244
f 1231/1231/1231 1245/1245/1245 1244/1244/1244
f 1231/1231/1231 1232/1232/1232 1245/1245/1245
f 1232/1232/1232 1246/1246/1246 1245/1245/1245
f 1232/1232/1232 1233/1233/1233 1246/1246/1246
f 1233/1233/1233 1247/1247/1247 1246/1246/1246
f 1233/1233/1233 1234/1234/1234 1247/1247/1247
f 1234/1234/1234 1248/1248/1248 1247/1247/1247
f 1234/1234/1234 1235/1235/1235 1248/1248/1248
f 1235/1235/1235 1249/1249/1249 1248/1248/1248
f 1235/1235/1235 1236/1236/1236 1249/1249/1249
f 1236/1236/1236 1250/1250/1250 1249/1249/1249
f 1236/1236/1236 1237/1237/1237 1250/1250/1250
f 1237/1237/1237 1251/1251/1251 1250/1250/1250
f 1237/1237/1237 1238/1238/1238 1251/1251/1251
f 1238/1238/1238 1252/1252/1252 1251/1251/1251
f 1238/1238/1238 1239/1239/1239 1252/1252/1252
f 1253/1253/1253 1240/1240/1240 1241/1241/1241
f 1253/1253/1253 1241/1241/1241 1242/1242/1242
f 1253/1253/1253 1242/1242/1242 1243/1243/1243
f 1253/1253/1253 1243/1243/1243 1244/1244/1244
f 1253/1253/1253 1244/1244/1244 1245/1245/1245
f 1253/1253/1253 1245/1245/1245 1246/1246/1246
f 1253/1253/1253 1246/1246/1246 1247/1247/1247
f 1253/1253/1253 1247/1247/1247 1248/1248/1248
f 1253/1253/1253 1248/1248/1248 1249/1249/1249
f 1253/1253/1253 1249/1249/1249 1250/1250/1250
f 1253/1253/1253 1250/1250/1250 1251/1251/1251
f 1253/1253/1253 1251/1251/1251 1252/1252/1252
usemtl KrakenSucker
f 1254/1254/1254 1267/1267/1267 1268/1268/1268
f 1254/1254/1254 1268/1268/1268 1255/1255/1255
f 1255/1255/1255 1268/1268/1268 1269/1269/1269
f 1255/1255/1255 1269/1269/1269 1256/1256/1256
f 1256/1256/1256 1269/1269/1269 1270/1270/1270
f 1256/1256/1256 1270/1270/1270 1257/1257/1257
f 1257/1257/1257 1270/1270/1270 1271/1271/1271
f 1257/1257/1257 1271/1271/1271 1258/1258/1258
f 1258/1258/1258 1271/1271/1271 1272/1272/1272
f 1258/1258/1258 1272/1272/1272 1259/1259/1259
f 1259/1259/1259 1272/1272/1272 1273/1273/1273
f 1259/1259/1259 1273/1273/1273 1260/1260/1260
f 1260/1260/1260 1273/1273/1273 1274/1274/1274
f 1260/1260/1260 1274/1274/1274 1261/1261/1261
f 1261/1261/1261 1274/1274/1274 1275/1275/1275
f 1261/1261/1261 1275/1275/1275 1262/1262/1262
f 1262/1262/1262 1275/1275/1275 1276/1276/1276
f 1262/1262/1262 1276/1276/1276 1263/1263/1263
f 1263/1263/1263 1276/1276/1276 1277/1277/1277
f 1263/1263/1263 1277/1277/1277 1264/1264/1264
f 1264/1264/1264 1277/1277/1277 1278/1278/1278
f 1264/1264/1264 1278/1278/1278 1265/1265/1265
f 1265/1265/1265 1278/1278/1278 1279/1279/1279
f 1265/1265/1265 1279/1279/1279 1266/1266/1266
f 1267/1267/1267 1280/1280/1280 1281/1281/1281
f 1267/1267/1267 1281/1281/1281 1268/1268/1268
f 1268/1268/1268 1281/1281/1281 1282/1282/1282
f 1268/1268/1268 1282/1282/1282 1269/1269/1269
f 1269/1269/1269 1282/1282/1282 1283/1283/1283
f 1269/1269/1269 1283/1283/1283 1270/1270/1270
f 1270/1270/1270 1283/1283/1283 1284/1284/1284
f 1270/1270/1270 1284/1284/1284 1271/1271/1271
f 1271/1271/1271 1284/1284/1284 1285/1285/1285
f 1271/1271/1271 1285/1285/1285 1272/1272/1272
f 1272/1272/1272 1285/1285/1285 1286/1286/1286
f 1272/1272/1272 1286/1286/1286 1273/1273/1273
f 1273/1273/1273 1286/1286/1286 1287/1287/1287
f 1273/1273/1273 1287/1287/1287 1274/1274/1274
f 1274/1274/1274 1287/1287/1287 1288/1288/1288
f 1274/1274/1274 1288/1288/1288 1275/1275/1275
f 1275/1275/1275 1288/1288/1288 1289/1289/1289
f 1275/1275/1275 1289/1289/1289 1276/1276/1276
f 1276/1276/1276 1289/1289/1289 1290/1290/1290
f 1276/1276/1276 1290/1290/1290 1277/1277/1277
f 1277/1277/1277 1290/1290/1290 1291/1291/1291
f 1277/1277/1277 1291/1291/1291 1278/1278/1278
f 1278/1278/1278 1291/1291/1291 1292/1292/1292
f 1278/1278/1278 1292/1292/1292 1279/1279/1279
usemtl KrakenSuckerInner
f 1293/1293/1293 1307/1307/1307 1306/1306/1306
f 1293/1293/1293 1294/1294/1294 1307/1307/1307
f 1294/1294/1294 1308/1308/1308 1307/1307/1307
f 1294/1294/1294 1295/1295/1295 1308/1308/1308
f 1295/1295/1295 1309/1309/1309 1308/1308/1308
f 1295/1295/1295 1296/1296/1296 1309/1309/1309
f 1296/1296/1296 1310/1310/1310 1309/1309/1309
f 1296/1296/1296 1297/1297/1297 1310/1310/1310
f 1297/1297/1297 1311/1311/1311 1310/1310/1310
f 1297/1297/1297 1298/1298/1298 1311/1311/1311
f 1298/1298/1298 1312/1312/1312 1311/1311/1311
f 1298/1298/1298 1299/1299/1299 1312/1312/1312
f 1299/1299/1299 1313/1313/1313 1312/1312/1312
f 1299/1299/1299 1300/1300/1300 1313/1313/1313
f 1300/1300/1300 1314/1314/1314 1313/1313/1313
f 1300/1300/1300 1301/1301/1301 1314/1314/1314
f 1301/1301/1301 1315/1315/1315 1314/1314/1314
f 1301/1301/1301 1302/1302/1302 1315/1315/1315
f 1302/1302/1302 1316/1316/1316 1315/1315/1315
f 1302/1302/1302 1303/1303/1303 1316/1316/1316
f 1303/1303/1303 1317/1317/1317 1316/1316/1316
f 1303/1303/1303 1304/1304/1304 1317/1317/1317
f 1304/1304/1304 1318/1318/1318 1317/1317/1317
f 1304/1304/1304 1305/1305/1305 1318/1318/1318
f 1306/1306/1306 1320/1320/1320 1319/1319/1319
f 1306/1306/1306 1307/1307/1307 1320/1320/1320
f 1307/1307/1307 1321/1321/1321 1320/1320/1320
f 1307/1307/1307 1308/1308/1308 1321/1321/1321
f 1308/1308/1308 1322/1322/1322 1321/1321/1321
f 1308/1308/1308 1309/1309/1309 1322/1322/1322
f 1309/1309/1309 1323/1323/1323 1322/1322/1322
f 1309/1309/1309 1310/1310/1310 1323/1323/1323
f 1310/1310/1310 1324/1324/1324 1323/1323/1323
f 1310/1310/1310 1311/1311/1311 1324/1324/1324
f 1311/1311/1311 1325/1325/1325 1324/1324/1324
f 1311/1311/1311 1312/1312/1312 1325/1325/1325
f 1312/1312/1312 1326/1326/1326 1325/1325/1325
f 1312/1312/1312 1313/1313/1313 1326/1326/1326
f 1313/1313/1313 1327/1327/1327 1326/1326/1326
f 1313/1313/1313 1314/1314/1314 1327/1327/1327
f 1314/1314/1314 1328/1328/1328 1327/1327/1327
f 1314/1314/1314 1315/1315/1315 1328/1328/1328
f 1315/1315/1315 1329/1329/1329 1328/1328/1328
f 1315/1315/1315 1316/1316/1316 1329/1329/1329
f 1316/1316/1316 1330/1330/1330 1329/1329/1329
f 1316/1316/1316 1317/1317/1317 1330/1330/1330
f 1317/1317/1317 1331/1331/1331 1330/1330/1330
f 1317/1317/1317 1318/1318/1318 1331/1331/1331
f 1332/1332/1332 1319/1319/1319 1320/1320/1320
f 1332/1332/1332 1320/1320/1320 1321/1321/1321
f 1332/1332/1332 1321/1321/1321 1322/1322/1322
f 1332/1332/1332 1322/1322/1322 1323/1323/1323
f 1332/1332/1332 1323/1323/1323 1324/1324/1324
f 1332/1332/1332 1324/1324/1324 1325/1325/1325
f 1332/1332/1332 1325/1325/1325 1326/1326/1326
f 1332/1332/1332 1326/1326/1326 1327/1327/1327
f 1332/1332/1332 1327/1327/1327 1328/1328/1328
f 1332/1332/1332 1328/1328/1328 1329/1329/1329
f 1332/1332/1332 1329/1329/1329 1330/1330/1330
f 1332/1332/1332 1330/1330/1330 1331/1331/1331
usemtl KrakenSucker
f 1333/1333/1333 1346/1346/1346 1347/1347/1347
f 1333/1333/1333 1347/1347/1347 1334/1334/1334
f 1334/1334/1334 1347/1347/1347 1348/1348/1348
f 1334/1334/1334 1348/1348/1348 1335/1335/1335
f 1335/1335/1335 1348/1348/1348 1349/1349/1349
f 1335/1335/1335 1349/1349/1349 1336/1336/1336
f 1336/1336/1336 1349/1349/1349 1350/1350/1350
f 1336/1336/1336 1350/1350/1350 1337/1337/1337
f 1337/1337/1337 1350/1350/1350 1351/1351/1351
f 1337/1337/1337 1351/1351/1351 1338/1338/1338
f 1338/1338/1338 1351/1351/1351 1352/1352/1352
f 1338/1338/1338 1352/1352/1352 1339/1339/1339
f 1339/1339/1339 1352/1352/1352 1353/1353/1353
f 1339/1339/1339 1353/1353/1353 1340/1340/1340
f 1340/1340/1340 1353/1353/1353 1354/1354/1354
f 1340/1340/1340 1354/1354/1354 1341/1341/1341
f 1341/1341/1341 1354/1354/1354 1355/1355/1355
f 1341/1341/1341 1355/1355/1355 1342/1342/1342
f 1342/1342/1342 1355/1355/1355 1356/1356/1356
f 1342/1342/1342 1356/1356/1356 1343/1343/1343
f 1343/1343/1343 1356/1356/1356 1357/1357/1357
f 1343/1343/1343 1357/1357/1357 1344/1344/1344
f 1344/1344/1344 1357/1357/1357 1358/1358/1358
f 1344/1344/1344 1358/1358/1358 1345/1345/1345
f 1346/1346/1346 1359/1359/1359 1360/1360/1360
f 1346/1346/1346 1360/1360/1360 1347/1347/1347
f 1347/1347/1347 1360/1360/1360 1361/1361/1361
f 1347/1347/1347 1361/1361/1361 1348/1348/1348
f 1348/1348/1348 1361/1361/1361 1362/1362/1362
f 1348/1348/1348 1362/1362/1362 1349/1349/1349
f 1349/1349/1349 1362/1362/1362 1363/1363/1363
f 1349/1349/1349 1363/1363/1363 1350/1350/1350
f 1350/1350/1350 1363/1363/1363 1364/1364/1364
f 1350/1350/1350 1364/1364/1364 1351/1351/1351
f 1351/1351/1351 1364/1364/1364 1365/1365/1365
f 1351/1351/1351 1365/1365/1365 1352/1352/1352
f 1352/1352/1352 1365/1365/1365 1366/1366/1366
f 1352/1352/1352 1366/1366/1366 1353/1353/1353
f 1353/1353/1353 1366/1366/1366 1367/1367/1367
f 1353/1353/1353 1367/1367/1367 1354/1354/1354
f 1354/1354/1354 1367/1367/1367 1368/1368/1368
f 1354/1354/1354 1368/1368/1368 1355/1355/1355
f 1355/1355/1355 1368/1368/1368 1369/1369/1369
f 1355/1355/1355 1369/1369/1369 1356/1356/1356
f 1356/1356/1356 1369/1369/1369 1370/1370/1370
f 1356/1356/1356 1370/1370/1370 1357/1357/1357
f 1357/1357/1357 1370/1370/1370 1371/1371/1371
f 1357/1357/1357 1371/1371/1371 1358/1358/1358
usemtl KrakenSuckerInner
f 1372/1372/1372 1386/1386/1386 1385/1385/1385
f 1372/1372/1372 1373/1373/1373 1386/1386/1386
f 1373/1373/1373 1387/1387/1387 1386/1386/1386
f 1373/1373/1373 1374/1374/1374 1387/1387/1387
f 1374/1374/1374 1388/1388/1388 1387/1387/1387
f 1374/1374/1374 1375/1375/1375 1388/1388/1388
f 1375/1375/1375 1389/1389/1389 1388/1388/1388
f 1375/1375/1375 1376/1376/1376 1389/1389/1389
f 1376/1376/1376 1390/1390/1390 1389/1389/1389
f 1376/1376/1376 1377/1377/1377 1390/1390/1390
f 1377/1377/1377 1391/1391/1391 1390/1390/1390
f 1377/1377/1377 1378/1378/1378 1391/1391/1391
f 1378/1378/1378 1392/1392/1392 1391/1391/1391
f 1378/1378/1378 1379/1379/1379 1392/1392/1392
f 1379/1379/1379 1393/1393/1393 1392/1392/1392
f 1379/1379/1379 1380/1380/1380 1393/1393/1393
f 1380/1380/1380 1394/1394/1394 1393/1393/1393
f 1380/1380/1380 1381/1381/1381 1394/1394/1394
f 1381/1381/1381 1395/1395/1395 1394/1394/1394
f 1381/1381/1381 1382/1382/1382 1395/1395/1395
f 1382/1382/1382 1396/1396/1396 1395/1395/1395
f 1382/1382/1382 1383/1383/1383 1396/1396/1396
f 1383/1383/1383 1397/1397/1397 1396/1396/1396
f 1383/1383/1383 1384/1384/1384 1397/1397/1397
f 1385/1385/1385 1399/1399/1399 1398/1398/1398
f 1385/1385/1385 1386/1386/1386 1399/1399/1399
f 1386/1386/1386 1400/1400/1400 1399/1399/1399
f 1386/1386/1386 1387/1387/1387 1400/1400/1400
f 1387/1387/1387 1401/1401/1401 1400/1400/1400
f 1387/1387/1387 1388/1388/1388 1401/1401/1401
f 1388/1388/1388 1402/1402/1402 1401/1401/1401
f 1388/1388/1388 1389/1389/1389 1402/1402/1402
f 1389/1389/1389 1403/1403/1403 1402/1402/1402
f 1389/1389/1389 1390/1390/1390 1403/1403/1403
f 1390/1390/1390 1404/1404/1404 1403/1403/1403
f 1390/1390/1390 1391/1391/1391 1404/1404/1404
f 1391/1391/1391 1405/1405/1405 1404/1404/1404
f 1391/1391/1391 1392/1392/1392 1405/1405/1405
f 1392/1392/1392 1406/1406/1406 1405/1405/1405
f 1392/1392/1392 1393/1393/1393 1406/1406/1406
f 1393/1393/1393 1407/1407/1407 1406/1406/1406
f 1393/1393/1393 1394/1394/1394 1407/1407/1407
f 1394/1394/1394 1408/1408/1408 1407/1407/1407
f 1394/1394/1394 1395/1395/1395 1408/1408/1408
f 1395/1395/1395 1409/1409/1409 1408/1408/1408
f 1395/1395/1395 1396/1396/1396 1409/1409/1409
f 1396/1396/1396 1410/1410/1410 1409/1409/1409
f 1396/1396/1396 1397/1397/1397 1410/1410/1410
f 1411/1411/1411 1398/1398/1398 1399/1399/1399
f 1411/1411/1411 1399/1399/1399 1400/1400/1400
f 1411/1411/1411 1400/1400/1400 1401/1401/1401
f 1411/1411/1411 1401/1401/1401 1402/1402/1402
f 1411/1411/1411 1402/1402/1402 1403/1403/1403
f 1411/1411/1411 1403/1403/1403 1404/1404/1404
f 1411/1411/1411 1404/1404/1404 1405/1405/1405
f 1411/1411/1411 1405/1405/1405 1406/1406/1406
f 1411/1411/1411 1406/1406/1406 1407/1407/1407
f 1411/1411/1411 1407/1407/1407 1408/1408/1408
f 1411/1411/1411 1408/1408/1408 1409/1409/1409
f 1411/1411/1411 1409/1409/1409 1410/1410/1410
usemtl KrakenSucker
f 1412/1412/1412 1425/1425/1425 1426/1426/1426
f 1412/1412/1412 1426/1426/1426 1413/1413/1413
f 1413/1413/1413 1426/1426/1426 1427/1427/1427
f 1413/1413/1413 1427/1427/1427 1414/1414/1414
f 1414/1414/1414 1427/1427/1427 1428/1428/1428
f 1414/1414/1414 1428/1428/1428 1415/1415/1415
f 1415/1415/1415 1428/1428/1428 1429/1429/1429
f 1415/1415/1415 1429/1429/1429 1416/1416/1416
f 1416/1416/1416 1429/1429/1429 1430/1430/1430
f 1416/1416/1416 1430/1430/1430 1417/1417/1417
f 1417/1417/1417 1430/1430/1430 1431/1431/1431
f 1417/1417/1417 1431/1431/1431 1418/1418/1418
f 1418/1418/1418 1431/1431/1431 1432/1432/1432
f 1418/1418/1418 1432/1432/1432 1419/1419/1419
f 1419/1419/1419 1432/1432/1432 1433/1433/1433
f 1419/1419/1419 1433/1433/1433 1420/1420/1420
f 1420/1420/1420 1433/1433/1433 1434/1434/1434
f 1420/1420/1420 1434/1434/1434 1421/1421/1421
f 1421/1421/1421 1434/1434/1434 1435/1435/1435
f 1421/1421/1421 1435/1435/1435 1422/1422/1422
f 1422/1422/1422 1435/1435/1435 1436/1436/1436
f 1422/1422/1422 1436/1436/1436 1423/1423/1423
f 1423/1423/1423 1436/1436/1436 1437/1437/1437
f 1423/1423/1423 1437/1437/1437 1424/1424/1424
f 1425/1425/1425 1438/1438/1438 1439/1439/1439
f 1425/1425/1425 1439/1439/1439 1426/1426/1426
f 1426/1426/1426 1439/1439/1439 1440/1440/1440
f 1426/1426/1426 1440/1440/1440 1427/1427/1427
f 1427/1427/1427 1440/1440/1440 1441/1441/1441
f 1427/1427/1427 1441/1441/1441 1428/1428/1428
f 1428/1428/1428 1441/1441/1441 1442/1442/1442
f 1428/1428/1428 1442/1442/1442 1429/1429/1429
f 1429/1429/1429 1442/1442/1442 1443/1443/1443
f 1429/1429/1429 1443/1443/1443 1430/1430/1430
f 1430/1430/1430 1443/1443/1443 1444/1444/1444
f 1430/1430/1430 1444/1444/1444 1431/1431/1431
f 1431/1431/1431 1444/1444/1444 1445/1445/1445
f 1431/1431/1431 1445/1445/1445 1432/1432/1432
f 1432/1432/1432 1445/1445/1445 1446/1446/1446
f 1432/1432/1432 1446/1446/1446 1433/1433/1433
f 1433/1433/1433 1446/1446/1446 1447/1447/1447
f 1433/1433/1433 1447/1447/1447 1434/1434/1434
f 1434/1434/1434 1447/1447/1447 1448/1448/1448
f 1434/1434/1434 1448/1448/1448 1435/1435/1435
f 1435/1435/1435 1448/1448/1448 1449/1449/1449
f 1435/1435/1435 1449/1449/1449 1436/1436/1436
f 1436/1436/1436 1449/1449/1449 1450/1450/1450
f 1436/1436/1436 1450/1450/1450 1437/1437/1437
usemtl KrakenSuckerInner
f 1451/1451/1451 1465/1465/1465 1464/1464/1464
f 1451/1451/1451 1452/1452/1452 1465/1465/1465
f 1452/1452/1452 1466/1466/1466 1465/1465/1465
f 1452/1452/1452 1453/1453/1453 1466/1466/1466
f 1453/1453/1453 1467/1467/1467 1466/1466/1466
f 1453/1453/1453 1454/1454/1454 1467/1467/1467
f 1454/1454/1454 1468/1468/1468 1467/1467/1467
f 1454/1454/1454 1455/1455/1455 1468/1468/1468
f 1455/1455/1455 1469/1469/1469 1468/1468/1468
f 1455/1455/1455 1456/1456/1456 1469/1469/1469
f 1456/1456/1456 1470/1470/1470 1469/1469/1469
f 1456/1456/1456 1457/1457/1457 1470/1470/1470
f 1457/1457/1457 1471/1471/1471 1470/1470/1470
f 1457/1457/1457 1458/1458/1458 1471/1471/1471
f 1458/1458/1458 1472/1472/1472 1471/1471/1471
f 1458/1458/1458 1459/1459/1459 1472/1472/1472
f 1459/1459/1459 1473/1473/1473 1472/1472/1472
f 1459/1459/1459 1460/1460/1460 1473/1473/1473
f 1460/1460/1460 1474/1474/1474 1473/1473/1473
f 1460/1460/1460 1461/1461/1461 1474/1474/1474
f 1461/1461/1461 1475/1475/1475 1474/1474/1474
f 1461/1461/1461 1462/1462/1462 1475/1475/1475
f 1462/1462/1462 1476/1476/1476 1475/1475/1475
f 1462/1462/1462 1463/1463/1463 1476/1476/1476
f 1464/1464/1464 1478/1478/1478 1477/1477/1477
f 1464/1464/1464 1465/1465/1465 1478/1478/1478
f 1465/1465/1465 1479/1479/1479 1478/1478/1478
f 1465/1465/1465 1466/1466/1466 1479/1479/1479
f 1466/1466/1466 1480/1480/1480 1479/1479/1479
f 1466/1466/1466 1467/1467/1467 1480/1480/1480
f 1467/1467/1467 1481/1481/1481 1480/1480/1480
f 1467/1467/1467 1468/1468/1468 1481/1481/1481
f 1468/1468/1468 1482/1482/1482 1481/1481/1481
f 1468/1468/1468 1469/1469/1469 1482/1482/1482
f 1469/1469/1469 1483/1483/1483 1482/1482/1482
f 1469/1469/1469 1470/1470/1470 1483/1483/1483
f 1470/1470/1470 1484/1484/1484 1483/1483/1483
f 1470/1470/1470 1471/1471/1471 1484/1484/1484
f 1471/1471/1471 1485/1485/1485 1484/1484/1484
f 1471/1471/1471 1472/1472/1472 1485/1485/1485
f 1472/1472/1472 1486/1486/1486 1485/1485/1485
f 1472/1472/1472 1473/1473/1473 1486/1486/1486
f 1473/1473/1473 1487/1487/1487 1486/1486/1486
f 1473/1473/1473 1474/1474/1474 1487/1487/1487
f 1474/1474/1474 1488/1488/1488 1487/1487/1487
f 1474/1474/1474 1475/1475/1475 1488/1488/1488
f 1475/1475/1475 1489/1489/1489 1488/1488/1488
f 1475/1475/1475 1476/1476/1476 1489/1489/1489
f 1490/1490/1490 1477/1477/1477 1478/1478/1478
f 1490/1490/1490 1478/1478/1478 1479/1479/1479
f 1490/1490/1490 1479/1479/1479 1480/1480/1480
f 1490/1490/1490 1480/1480/1480 1481/1481/1481
f 1490/1490/1490 1481/1481/1481 1482/1482/1482
f 1490/1490/1490 1482/1482/1482 1483/1483/1483
f 1490/1490/1490 1483/1483/1483 1484/1484/1484
f 1490/1490/1490 1484/1484/1484 1485/1485/1485
f 1490/1490/1490 1485/1485/1485 1486/1486/1486
f 1490/1490/1490 1486/1486/1486 1487/1487/1487
f 1490/1490/1490 1487/1487/1487 1488/1488/1488
f 1490/1490/1490 1488/1488/1488 1489/1489/1489
usemtl KrakenSucker
f 1491/1491/1491 1504/1504/1504 1505/1505/1505
f 1491/1491/1491 1505/1505/1505 1492/1492/1492
f 1492/1492/1492 1505/1505/1505 1506/1506/1506
f 1492/1492/1492 1506/1506/1506 1493/1493/1493
f 1493/1493/1493 1506/1506/1506 1507/1507/1507
f 1493/1493/1493 1507/1507/1507 1494/1494/1494
f 1494/1494/1494 1507/1507/1507 1508/1508/1508
f 1494/1494/1494 1508/1508/1508 1495/1495/1495
f 1495/1495/1495 1508/1508/1508 1509/1509/1509
f 1495/1495/1495 1509/1509/1509 1496/1496/1496
f 1496/1496/1496 1509/1509/1509 1510/1510/1510
f 1496/1496/1496 1510/1510/1510 1497/1497/1497
f 1497/1497/1497 1510/1510/1510 1511/1511/1511
f 1497/1497/1497 1511/1511/1511 1498/1498/1498
f 1498/1498/1498 1511/1511/1511 1512/1512/1512
f 1498/1498/1498 1512/1512/1512 1499/1499/1499
f 1499/1499/1499 1512/1512/1512 1513/1513/1513
f 1499/1499/1499 1513/1513/1513 1500/1500/1500
f 1500/1500/1500 1513/1513/1513 1514/1514/1514
f 1500/1500/1500 1514/1514/1514 1501/1501/1501
f 1501/1501/1501 1514/1514/1514 1515/1515/1515
f 1501/1501/1501 1515/1515/1515 1502/1502/1502
f 1502/1502/1502 1515/1515/1515 1516/1516/1516
f 1502/1502/1502 1516/1516/1516 1503/1503/1503
f 1504/1504/1504 1517/1517/1517 1518/1518/1518
f 1504/1504/1504 1518/1518/1518 1505/1505/1505
f 1505/1505/1505 1518/1518/1518 1519/1519/1519
f 1505/1505/1505 1519/1519/1519 1506/1506/1506
f 1506/1506/1506 1519/1519/1519 1520/1520/1520
f 1506/1506/1506 1520/1520/1520 1507/1507/1507
f 1507/1507/1507 1520/1520/1520 1521/1521/1521
f 1507/1507/1507 1521/1521/1521 1508/1508/1508
f 1508/1508/1508 1521/1521/1521 1522/1522/1522
f 1508/1508/1508 1522/1522/1522 1509/1509/1509
f 1509/1509/1509 1522/1522/1522 1523/1523/1523
f 1509/1509/1509 1523/1523/1523 1510/1510/1510
f 1510/1510/1510 1523/1523/1523 1524/1524/1524
f 1510/1510/1510 1524/1524/1524 1511/1511/1511
f 1511/1511/1511 1524/1524/1524 1525/1525/1525
f 1511/1511/1511 1525/1525/1525 1512/1512/1512
f 1512/1512/1512 1525/1525/1525 1526/1526/1526
f 1512/1512/1512 1526/1526/1526 1513/1513/1513
f 1513/1513/1513 1526/1526/1526 1527/1527/1527
f 1513/1513/1513 1527/1527/1527 1514/1514/1514
f 1514/1514/1514 1527/1527/1527 1528/1528/1528
f 1514/1514/1514 1528/1528/1528 1515/1515/1515
f 1515/1515/1515 1528/1528/1528 1529/1529/1529
f 1515/1515/1515 1529/1529/1529 1516/1516/1516
usemtl KrakenSuckerInner
f 1530/1530/1530 1544/1544/1544 1543/1543/1543
f 1530/1530/1530 1531/1531/1531 1544/1544/1544
f 1531/1531/1531 1545/1545/1545 1544/1544/1544
f 1531/1531/1531 1532/1532/1532 1545/1545/1545
f 1532/1532/1532 1546/1546/1546 1545/1545/1545
f 1532/1532/1532 1533/1533/1533 1546/1546/1546
f 1533/1533/1533 1547/1547/1547 1546/1546/1546
f 1533/1533/1533 1534/1534/1534 1547/1547/1547
f 1534/1534/1534 1548/1548/1548 1547/1547/1547
f 1534/1534/1534 1535/1535/1535 1548/1548/1548
f 1535/1535/1535 1549/1549/1549 1548/1548/1548
f 1535/1535/1535 1536/1536/1536 1549/1549/1549
f 1536/1536/1536 1550/1550/1550 1549/1549/1549
f 1536/1536/1536 1537/1537/1537 1550/1550/1550
f 1537/1537/1537 1551/1551/1551 1550/1550/1550
f 1537/1537/1537 1538/1538/1538 1551/1551/1551
f 1538/1538/1538 1552/1552/1552 1551/1551/1551
f 1538/1538/1538 1539/1539/1539 1552/1552/1552
f 1539/1539/1539 1553/1553/1553 1552/1552/1552
f 1539/1539/1539 1540/1540/1540 1553/1553/1553
f 1540/1540/1540 1554/1554/1554 1553/1553/1553
f 1540/1540/1540 1541/1541/1541 1554/1554/1554
f 1541/1541/1541 1555/1555/1555 1554/1554/1554
f 1541/1541/1541 1542/1542/1542 1555/1555/1555
f 1543/1543/1543 1557/1557/1557 1556/1556/1556
f 1543/1543/1543 1544/1544/1544 1557/1557/1557
f 1544/1544/1544 1558/1558/1558 1557/1557/1557
f 1544/1544/1544 1545/1545/1545 1558/1558/1558
f 1545/1545/1545 1559/1559/1559 1558/1558/1558
f 1545/1545/1545 1546/1546/1546 1559/1559/1559
f 1546/1546/1546 1560/1560/1560 1559/1559/1559
f 1546/1546/1546 1547/1547/1547 1560/1560/1560
f 1547/1547/1547 1561/1561/1561 1560/1560/1560
f 1547/1547/1547 1548/1548/1548 1561/1561/1561
f 1548/1548/1548 1562/1562/1562 1561/1561/1561
f 1548/1548/1548 1549/1549/1549 1562/1562/1562
f 1549/1549/1549 1563/1563/1563 1562/1562/1562
f 1549/1549/1549 1550/1550/1550 1563/1563/1563
f 1550/1550/1550 1564/1564/1564 1563/1563/1563
f 1550/1550/1550 1551/1551/1551 1564/1564/1564
f 1551/1551/1551 1565/1565/1565 1564/1564/1564
f 1551/1551/1551 1552/1552/1552 1565/1565/1565
f 1552/1552/1552 1566/1566/1566 1565/1565/1565
f 1552/1552/1552 1553/1553/1553 1566/1566/1566
f 1553/1553/1553 1567/1567/1567 1566/1566/1566
f 1553/1553/1553 1554/1554/1554 1567/1567/1567
f 1554/1554/1554 1568/1568/1568 1567/1567/1567
f 1554/1554/1554 1555/1555/1555 1568/1568/1568
f 1569/1569/1569 1556/1556/1556 1557/1557/1557
f 1569/1569/1569 1557/1557/1557 1558/1558/1558
f 1569/1569/1569 1558/1558/1558 1559/1559/1559
f 1569/1569/1569 1559/1559/1559 1560/1560/1560
f 1569/1569/1569 1560/1560/1560 1561/1561/1561
f 1569/1569/1569 1561/1561/1561 1562/1562/1562
f 1569/1569/1569 1562/1562/1562 1563/1563/1563
f 1569/1569/1569 1563/1563/1563 1564/1564/1564
f 1569/1569/1569 1564/1564/1564 1565/1565/1565
f 1569/1569/1569 1565/1565/1565 1566/1566/1566
f 1569/1569/1569 1566/1566/1566 1567/1567/1567
f 1569/1569/1569 1567/1567/1567 1568/1568/1568
usemtl KrakenSucker
f 1570/1570/1570 1583/1583/1583 1584/1584/1584
f 1570/1570/1570 1584/1584/1584 1571/1571/1571
f 1571/1571/1571 1584/1584/1584 1585/1585/1585
f 1571/1571/1571 1585/1585/1585 1572/1572/1572
f 1572/1572/1572 1585/1585/1585 1586/1586/1586
f 1572/1572/1572 1586/1586/1586 1573/1573/1573
f 1573/1573/1573 1586/1586/1586 1587/1587/1587
f 1573/1573/1573 1587/1587/1587 1574/1574/1574
f 1574/1574/1574 1587/1587/1587 1588/1588/1588
f 1574/1574/1574 1588/1588/1588 1575/1575/1575
f 1575/1575/1575 1588/1588/1588 1589/1589/1589
f 1575/1575/1575 1589/1589/1589 1576/1576/1576
f 1576/1576/1576 1589/1589/1589 1590/1590/1590
f 1576/1576/1576 1590/1590/1590 1577/1577/1577
f 1577/1577/1577 1590/1590/1590 1591/1591/1591
f 1577/1577/1577 1591/1591/1591 1578/1578/1578
f 1578/1578/1578 1591/1591/1591 1592/1592/1592
f 1578/1578/1578 1592/1592/1592 1579/1579/1579
f 1579/1579/1579 1592/1592/1592 1593/1593/1593
f 1579/1579/1579 1593/1593/1593 1580/1580/1580
f 1580/1580/1580 1593/1593/1593 1594/1594/1594
f 1580/1580/1580 1594/1594/1594 1581/1581/1581
f 1581/1581/1581 1594/1594/1594 1595/1595/1595
f 1581/1581/1581 1595/1595/1595 1582/1582/1582
f 1583/1583/1583 1596/1596/1596 1597/1597/1597
f 1583/1583/1583 1597/1597/1597 1584/1584/1584
f 1584/1584/1584 1597/1597/1597 1598/1598/1598
f 1584/1584/1584 1598/1598/1598 1585/1585/1585
f 1585/1585/1585 1598/1598/1598 1599/1599/1599
f 1585/1585/1585 1599/1599/1599 1586/1586/1586
f 1586/1586/1586 1599/1599/1599 1600/1600/1600
f 1586/1586/1586 1600/1600/1600 1587/1587/1587
f 1587/1587/1587 1600/1600/1600 1601/1601/1601
f 1587/1587/1587 1601/1601/1601 1588/1588/1588
f 1588/1588/1588 1601/1601/1601 1602/1602/1602
f 1588/1588/1588 1602/1602/1602 1589/1589/1589
f 1589/1589/1589 1602/1602/1602 1603/1603/1603
f 1589/1589/1589 1603/1603/1603 1590/1590/1590
f 1590/1590/1590 1603/1603/1603 1604/1604/1604
f 1590/1590/1590 1604/1604/1604 1591/1591/1591
f 1591/1591/1591 1604/1604/1604 1605/1605/1605
f 1591/1591/1591 1605/1605/1605 1592/1592/1592
f 1592/1592/1592 1605/1605/1605 1606/1606/1606
f 1592/1592/1592 1606/1606/1606 1593/1593/1593
f 1593/1593/1593 1606/1606/1606 1607/1607/1607
f 1593/1593/1593 1607/1607/1607 1594/1594/1594
f 1594/1594/1594 1607/1607/1607 1608/1608/1608
f 1594/1594/1594 1608/1608/1608 1595/1595/1595
usemtl KrakenSuckerInner
f 1609/1609/1609 1623/1623/1623 1622/1622/1622
f 1609/1609/1609 1610/1610/1610 1623/1623/1623
f 1610/1610/1610 1624/1624/1624 1623/1623/1623
f 1610/1610/1610 1611/1611/1611 1624/1624/1624
f 1611/1611/1611 1625/1625/1625 1624/1624/1624
f 1611/1611/1611 1612/1612/1612 1625/1625/1625
f 1612/1612/1612 1626/1626/1626 1625/1625/1625
f 1612/1612/1612 1613/1613/1613 1626/1626/1626
f 1613/1613/1613 1627/1627/1627 1626/1626/1626
f 1613/1613/1613 1614/1614/1614 1627/1627/1627
f 1614/1614/1614 1628/1628/1628 1627/1627/1627
f 1614/1614/1614 1615/1615/1615 1628/1628/1628
f 1615/1615/1615 1629/1629/1629 1628/1628/1628
f 1615/1615/1615 1616/1616/1616 1629/1629/1629
f 1616/1616/1616 1630/1630/1630 1629/1629/1629
f 1616/1616/1616 1617/1617/1617 1630/1630/1630
f 1617/1617/1617 1631/1631/1631 1630/1630/1630
f 1617/1617/1617 1618/1618/1618 1631/1631/1631
f 1618/1618/1618 1632/1632/1632 1631/1631/1631
f 1618/1618/1618 1619/1619/1619 1632/1632/1632
f 1619/1619/1619 1633/1633/1633 1632/1632/1632
f 1619/1619/1619 1620/1620/1620 1633/1633/1633
f 1620/1620/1620 1634/1634/1634 1633/1633/1633
f 1620/1620/1620 1621/1621/1621 1634/1634/1634
f 1622/1622/1622 1636/1636/1636 1635/1635/1635
f 1622/1622/1622 1623/1623/1623 1636/1636/1636
f 1623/1623/1623 1637/1637/1637 1636/1636/1636
f 1623/1623/1623 1624/1624/1624 1637/1637/1637
f 1624/1624/1624 1638/1638/1638 1637/1637/1637
f 1624/1624/1624 1625/1625/1625 1638/1638/1638
f 1625/1625/1625 1639/1639/1639 1638/1638/1638
f 1625/1625/1625 1626/1626/1626 1639/1639/1639
f 1626/1626/1626 1640/1640/1640 1639/1639/1639
f 1626/1626/1626 1627/1627/1627 1640/1640/1640
f 1627/1627/1627 1641/1641/1641 1640/1640/1640
f 1627/1627/1627 1628/1628/1628 1641/1641/1641
f 1628/1628/1628 1642/1642/1642 1641/1641/1641
f 1628/1628/1628 1629/1629/1629 1642/1642/1642
f 1629/1629/1629 1643/1643/1643 1642/1642/1642
f 1629/1629/1629 1630/1630/1630 1643/1643/1643
f 1630/1630/1630 1644/1644/1644 1643/1643/1643
f 1630/1630/1630 1631/1631/1631 1644/1644/1644
f 1631/1631/1631 1645/1645/1645 1644/1644/1644
f 1631/1631/1631 1632/1632/1632 1645/1645/1645
f 1632/1632/1632 1646/1646/1646 1645/1645/1645
f 1632/1632/1632 1633/1633/1633 1646/1646/1646
f 1633/1633/1633 1647/1647/1647 1646/1646/1646
f 1633/1633/1633 1634/1634/1634 1647/1647/1647
f 1648/1648/1648 1635/1635/1635 1636/1636/1636
f 1648/1648/1648 1636/1636/1636 1637/1637/1637
f 1648/1648/1648 1637/1637/1637 1638/1638/1638
f 1648/1648/1648 1638/1638/1638 1639/1639/1639
f 1648/1648/1648 1639/1639/1639 1640/1640/1640
f 1648/1648/1648 1640/1640/1640 1641/1641/1641
f 1648/1648/1648 1641/1641/1641 1642/1642/1642
f 1648/1648/1648 1642/1642/1642 1643/1643/1643
f 1648/1648/1648 1643/1643/1643 1644/1644/1644
f 1648/1648/1648 1644/1644/1644 1645/1645/1645
f 1648/1648/1648 1645/1645/1645 1646/1646/1646
f 1648/1648/1648 1646/1646/1646 1647/1647/1647
usemtl KrakenSucker
f 1649/1649/1649 1662/1662/1662 1663/1663/1663
f 1649/1649/1649 1663/1663/1663 1650/1650/1650
f 1650/1650/1650 1663/1663/1663 1664/1664/1664
f 1650/1650/1650 1664/1664/1664 1651/1651/1651
f 1651/1651/1651 1664/1664/1664 1665/1665/1665
f 1651/1651/1651 1665/1665/1665 1652/1652/1652
f 1652/1652/1652 1665/1665/1665 1666/1666/1666
f 1652/1652/1652 1666/1666/1666 1653/1653/1653
f 1653/1653/1653 1666/1666/1666 1667/1667/1667
f 1653/1653/1653 1667/1667/1667 1654/1654/1654
f 1654/1654/1654 1667/1667/1667 1668/1668/1668
f 1654/1654/1654 1668/1668/1668 1655/1655/1655
f 1655/1655/1655 1668/1668/1668 1669/1669/1669
f 1655/1655/1655 1669/1669/1669 1656/1656/1656
f 1656/1656/1656 1669/1669/1669 1670/1670/1670
f 1656/1656/1656 1670/1670/1670 1657/1657/1657
f 1657/1657/1657 1670/1670/1670 1671/1671/1671
f 1657/1657/1657 1671/1671/1671 1658/1658/1658
f 1658/1658/1658 1671/1671/1671 1672/1672/1672
f 1658/1658/1658 1672/1672/1672 1659/1659/1659
f 1659/1659/1659 1672/1672/1672 1673/1673/1673
f 1659/1659/1659 1673/1673/1673 1660/1660/1660
f 1660/1660/1660 1673/1673/1673 1674/1674/1674
f 1660/1660/1660 1674/1674/1674 1661/1661/1661
f 1662/1662/1662 1675/1675/1675 1676/1676/1676
f 1662/1662/1662 1676/1676/1676 1663/1663/1663
f 1663/1663/1663 1676/1676/1676 1677/1677/1677
f 1663/1663/1663 1677/1677/1677 1664/1664/1664
f 1664/1664/1664 1677/1677/1677 1678/1678/1678
f 1664/1664/1664 1678/1678/1678 1665/1665/1665
f 1665/1665/1665 1678/1678/1678 1679/1679/1679
f 1665/1665/1665 1679/1679/1679 1666/1666/1666
f 1666/1666/1666 1679/1679/1679 1680/1680/1680
f 1666/1666/1666 1680/1680/1680 1667/1667/1667
f 1667/1667/1667 1680/1680/1680 1681/1681/1681
f 1667/1667/1667 1681/1681/1681 1668/1668/1668
f 1668/1668/1668 1681/1681/1681 1682/1682/1682
f 1668/1668/1668 1682/1682/1682 1669/1669/1669
f 1669/1669/1669 1682/1682/1682 1683/1683/1683
f 1669/1669/1669 1683/1683/1683 1670/1670/1670
f 1670/1670/1670 1683/1683/1683 1684/1684/1684
f 1670/1670/1670 1684/1684/1684 1671/1671/1671
f 1671/1671/1671 1684/1684/1684 1685/1685/1685
f 1671/1671/1671 1685/1685/1685 1672/1672/1672
f 1672/1672/1672 1685/1685/1685 1686/1686/1686
f 1672/1672/1672 1686/1686/1686 1673/1673/1673
f 1673/1673/1673 1686/1686/1686 1687/1687/1687
f 1673/1673/1673 1687/1687/1687 1674/1674/1674
usemtl KrakenSuckerInner
f 1688/1688/1688 1702/1702/1702 1701/1701/1701
f 1688/1688/1688 1689/1689/1689 1702/1702/1702
f 1689/1689/1689 1703/1703/1703 1702/1702/1702
f 1689/1689/1689 1690/1690/1690 1703/1703/1703
f 1690/1690/1690 1704/1704/1704 1703/1703/1703
f 1690/1690/1690 1691/1691/1691 1704/1704/1704
f 1691/1691/1691 1705/1705/1705 1704/1704/1704
f 1691/1691/1691 1692/1692/1692 1705/1705/1705
f 1692/1692/1692 1706/1706/1706 1705/1705/1705
f 1692/1692/1692 1693/1693/1693 1706/1706/1706
f 1693/1693/1693 1707/1707/1707 1706/1706/1706
f 1693/1693/1693 1694/1694/1694 1707/1707/1707
f 1694/1694/1694 1708/1708/1708 1707/1707/1707
f 1694/1694/1694 1695/1695/1695 1708/1708/1708
f 1695/1695/1695 1709/1709/1709 1708/1708/1708
f 1695/1695/1695 1696/1696/1696 1709/1709/1709
f 1696/1696/1696 1710/1710/1710 1709/1709/1709
f 1696/1696/1696 1697/1697/1697 1710/1710/1710
f 1697/1697/1697 1711/1711/1711 1710/1710/1710
f 1697/1697/1697 1698/1698/1698 1711/1711/1711
f 1698/1698/1698 1712/1712/1712 1711/1711/1711
f 1698/1698/1698 1699/1699/1699 1712/1712/1712
f 1699/1699/1699 1713/1713/1713 1712/1712/1712
f 1699/1699/1699 1700/1700/1700 1713/1713/1713
f 1701/1701/1701 1715/1715/1715 1714/1714/1714
f 1701/1701/1701 1702/1702/1702 1715/1715/1715
f 1702/1702/1702 1716/1716/1716 1715/1715/1715
f 1702/1702/1702 1703/1703/1703 1716/1716/1716
f 1703/1703/1703 1717/1717/1717 1716/1716/1716
f 1703/1703/1703 1704/1704/1704 1717/1717/1717
f 1704/1704/1704 1718/1718/1718 1717/1717/1717
f 1704/1704/1704 1705/1705/1705 1718/1718/1718
f 1705/1705/1705 1719/1719/1719 1718/1718/1718
f 1705/1705/1705 1706/1706/1706 1719/1719/1719
f 1706/1706/1706 1720/1720/1720 1719/1719/1719
f 1706/1706/1706 1707/1707/1707 1720/1720/1720
f 1707/1707/1707 1721/1721/1721 1720/1720/1720
f 1707/1707/1707 1708/1708/1708 1721/1721/1721
f 1708/1708/1708 1722/1722/1722 1721/1721/1721
f 1708/1708/1708 1709/1709/1709 1722/1722/1722
f 1709/1709/1709 1723/1723/1723 1722/1722/1722
f 1709/1709/1709 1710/1710/1710 1723/1723/1723
f 1710/1710/1710 1724/1724/1724 1723/1723/1723
f 1710/1710/1710 1711/1711/1711 1724/1724/1724
f 1711/1711/1711 1725/1725/1725 1724/1724/1724
f 1711/1711/1711 1712/1712/1712 1725/1725/1725
f 1712/1712/1712 1726/1726/1726 1725/1725/1725
f 1712/1712/1712 1713/1713/1713 1726/1726/1726
f 1727/1727/1727 1714/1714/1714 1715/1715/1715
f 1727/1727/1727 1715/1715/1715 1716/1716/1716
f 1727/1727/1727 1716/1716/1716 1717/1717/1717
f 1727/1727/1727 1717/1717/1717 1718/1718/1718
f 1727/1727/1727 1718/1718/1718 1719/1719/1719
f 1727/1727/1727 1719/1719/1719 1720/1720/1720
f 1727/1727/1727 1720/1720/1720 1721/1721/1721
f 1727/1727/1727 1721/1721/1721 1722/1722/1722
f 1727/1727/1727 1722/1722/1722 1723/1723/1723
f 1727/1727/1727 1723/1723/1723 1724/1724/1724
f 1727/1727/1727 1724/1724/1724 1725/1725/1725
f 1727/1727/1727 1725/1725/1725 1726/1726/1726
usemtl KrakenSucker
f 1728/1728/1728 1741/1741/1741 1742/1742/1742
f 1728/1728/1728 1742/1742/1742 1729/1729/1729
f 1729/1729/1729 1742/1742/1742 1743/1743/1743
f 1729/1729/1729 1743/1743/1743 1730/1730/1730
f 1730/1730/1730 1743/1743/1743 1744/1744/1744
f 1730/1730/1730 1744/1744/1744 1731/1731/1731
f 1731/1731/1731 1744/1744/1744 1745/1745/1745
f 1731/1731/1731 1745/1745/1745 1732/1732/1732
f 1732/1732/1732 1745/1745/1745 1746/1746/1746
f 1732/1732/1732 1746/1746/1746 1733/1733/1733
f 1733/1733/1733 1746/1746/1746 1747/1747/1747
f 1733/1733/1733 1747/1747/1747 1734/1734/1734
f 1734/1734/1734 1747/1747/1747 1748/1748/1748
f 1734/1734/1734 1748/1748/1748 1735/1735/1735
f 1735/1735/1735 1748/1748/1748 1749/1749/1749
f 1735/1735/1735 1749/1749/1749 1736/1736/1736
f 1736/1736/1736 1749/1749/1749 1750/1750/1750
f 1736/1736/1736 1750/1750/1750 1737/1737/1737
f 1737/1737/1737 1750/1750/1750 1751/1751/1751
f 1737/1737/1737 1751/1751/1751 1738/1738/1738
f 1738/1738/1738 1751/1751/1751 1752/1752/1752
f 1738/1738/1738 1752/1752/1752 1739/1739/1739
f 1739/1739/1739 1752/1752/1752 1753/1753/1753
f 1739/1739/1739 1753/1753/1753 1740/1740/1740
f 1741/1741/1741 1754/1754/1754 1755/1755/1755
f 1741/1741/1741 1755/1755/1755 1742/1742/1742
f 1742/1742/1742 1755/1755/1755 1756/1756/1756
f 1742/1742/1742 1756/1756/1756 1743/1743/1743
f 1743/1743/1743 1756/1756/1756 1757/1757/1757
f 1743/1743/1743 1757/1757/1757 1744/1744/1744
f 1744/1744/1744 1757/1757/1757 1758/1758/1758
f 1744/1744/1744 1758/1758/1758 1745/1745/1745
f 1745/1745/1745 1758/1758/1758 1759/1759/1759
f 1745/1745/1745 1759/1759/1759 1746/1746/1746
f 1746/1746/1746 1759/1759/1759 1760/1760/1760
f 1746/1746/1746 1760/1760/1760 1747/1747/1747
f 1747/1747/1747 1760/1760/1760 1761/1761/1761
f 1747/1747/1747 1761/1761/1761 1748/1748/1748
f 1748/1748/1748 1761/1761/1761 1762/1762/1762
f 1748/1748/1748 1762/1762/1762 1749/1749/1749
f 1749/1749/1749 1762/1762/1762 1763/1763/1763
f 1749/1749/1749 1763/1763/1763 1750/1750/1750
f 1750/1750/1750 1763/1763/1763 1764/1764/1764
f 1750/1750/1750 1764/1764/1764 1751/1751/1751
f 1751/1751/1751 1764/1764/1764 1765/1765/1765
f 1751/1751/1751 1765/1765/1765 1752/1752/1752
f 1752/1752/1752 1765/1765/1765 1766/1766/1766
f 1752/1752/1752 1766/1766/1766 1753/1753/1753
usemtl KrakenSuckerInner
f 1767/1767/1767 1781/1781/1781 1780/1780/1780
f 1767/1767/1767 1768/1768/1768 1781/1781/1781
f 1768/1768/1768 1782/1782/1782 1781/1781/1781
f 1768/1768/1768 1769/1769/1769 1782/1782/1782
f 1769/1769/1769 1783/1783/1783 1782/1782/1782
f 1769/1769/1769 1770/1770/1770 1783/1783/1783
f 1770/1770/1770 1784/1784/1784 1783/1783/1783
f 1770/1770/1770 1771/1771/1771 1784/1784/1784
f 1771/1771/1771 1785/1785/1785 1784/1784/1784
f 1771/1771/1771 1772/1772/1772 1785/1785/1785
f 1772/1772/1772 1786/1786/1786 1785/1785/1785
f 1772/1772/1772 1773/1773/1773 1786/1786/1786
f 1773/1773/1773 1787/1787/1787 1786/1786/1786
f 1773/1773/1773 1774/1774/1774 1787/1787/1787
f 1774/1774/1774 1788/1788/1788 1787/1787/1787
f 1774/1774/1774 1775/1775/1775 1788/1788/1788
f 1775/1775/1775 1789/1789/1789 1788/1788/1788
f 1775/1775/1775 1776/1776/1776 1789/1789/1789
f 1776/1776/1776 1790/1790/1790 1789/1789/1789
f 1776/1776/1776 1777/1777/1777 1790/1790/1790
f 1777/1777/1777 1791/1791/1791 1790/1790/1790
f 1777/1777/1777 1778/1778/1778 1791/1791/1791
f 1778/1778/1778 1792/1792/1792 1791/1791/1791
f 1778/1778/1778 1779/1779/1779 1792/1792/1792
f 1780/1780/1780 1794/1794/1794 1793/1793/1793
f 1780/1780/1780 1781/1781/1781 1794/1794/1794
f 1781/1781/1781 1795/1795/1795 1794/1794/1794
f 1781/1781/1781 1782/1782/1782 1795/1795/1795
f 1782/1782/1782 1796/1796/1796 1795/1795/1795
f 1782/1782/1782 1783/1783/1783 1796/1796/1796
f 1783/1783/1783 1797/1797/1797 1796/1796/1796
f 1783/1783/1783 1784/1784/1784 1797/1797/1797
f 1784/1784/1784 1798/1798/1798 1797/1797/1797
f 1784/1784/1784 1785/1785/1785 1798/1798/1798
f 1785/1785/1785 1799/1799/1799 1798/1798/1798
f 1785/1785/1785 1786/1786/1786 1799/1799/1799
f 1786/1786/1786 1800/1800/1800 1799/1799/1799
f 1786/1786/1786 1787/1787/1787 1800/1800/1800
f 1787/1787/1787 1801/1801/1801 1800/1800/1800
f 1787/1787/1787 1788/1788/1788 1801/1801/1801
f 1788/1788/1788 1802/1802/1802 1801/1801/1801
f 1788/1788/1788 1789/1789/1789 1802/1802/1802
f 1789/1789/1789 1803/1803/1803 1802/1802/1802
f 1789/1789/1789 1790/1790/1790 1803/1803/1803
f 1790/1790/1790 1804/1804/1804 1803/1803/1803
f 1790/1790/1790 1791/1791/1791 1804/1804/1804
f 1791/1791/1791 1805/1805/1805 1804/1804/1804
f 1791/1791/1791 1792/1792/1792 1805/1805/1805
f 1806/1806/1806 1793/1793/1793 1794/1794/1794
f 1806/1806/1806 1794/1794/1794 1795/1795/1795
f 1806/1806/1806 1795/1795/1795 1796/1796/1796
f 1806/1806/1806 1796/1796/1796 1797/1797/1797
f 1806/1806/1806 1797/1797/1797 1798/1798/1798
f 1806/1806/1806 1798/1798/1798 1799/1799/1799
f 1806/1806/1806 1799/1799/1799 1800/1800/1800
f 1806/1806/1806 1800/1800/1800 1801/1801/1801
f 1806/1806/1806 1801/1801/1801 1802/1802/1802
f 1806/1806/1806 1802/1802/1802 1803/1803/1803
f 1806/1806/1806 1803/1803/1803 1804/1804/1804
f 1806/1806/1806 1804/1804/1804 1805/1805/1805
usemtl KrakenSucker
f 1807/1807/1807 1820/1820/1820 1821/1821/1821
f 1807/1807/1807 1821/1821/1821 1808/1808/1808
f 1808/1808/1808 1821/1821/1821 1822/1822/1822
f 1808/1808/1808 1822/1822/1822 1809/1809/1809
f 1809/1809/1809 1822/1822/1822 1823/1823/1823
f 1809/1809/1809 1823/1823/1823 1810/1810/1810
f 1810/1810/1810 1823/1823/1823 1824/1824/1824
f 1810/1810/1810 1824/1824/1824 1811/1811/1811
f 1811/1811/1811 1824/1824/1824 1825/1825/1825
f 1811/1811/1811 1825/1825/1825 1812/1812/1812
f 1812/1812/1812 1825/1825/1825 1826/1826/1826
f 1812/1812/1812 1826/1826/1826 1813/1813/1813
f 1813/1813/1813 1826/1826/1826 1827/1827/1827
f 1813/1813/1813 1827/1827/1827 1814/1814/1814
f 1814/1814/1814 1827/1827/1827 1828/1828/1828
f 1814/1814/1814 1828/1828/1828 1815/1815/1815
f 1815/1815/1815 1828/1828/1828 1829/1829/1829
f 1815/1815/1815 1829/1829/1829 1816/1816/1816
f 1816/1816/1816 1829/1829/1829 1830/1830/1830
f 1816/1816/1816 1830/1830/1830 1817/1817/1817
f 1817/1817/1817 1830/1830/1830 1831/1831/1831
f 1817/1817/1817 1831/1831/1831 1818/1818/1818
f 1818/1818/1818 1831/1831/1831 1832/1832/1832
f 1818/1818/1818 1832/1832/1832 1819/1819/1819
f 1820/1820/1820 1833/1833/1833 1834/1834/1834
f 1820/1820/1820 1834/1834/1834 1821/1821/1821
f 1821/1821/1821 1834/1834/1834 1835/1835/1835
f 1821/1821/1821 1835/1835/1835 1822/1822/1822
f 1822/1822/1822 1835/1835/1835 1836/1836/1836
f 1822/1822/1822 1836/1836/1836 1823/1823/1823
f 1823/1823/1823 1836/1836/1836 1837/1837/1837
f 1823/1823/1823 1837/1837/1837 1824/1824/1824
f 1824/1824/1824 1837/1837/1837 1838/1838/1838
f 1824/1824/1824 1838/1838/1838 1825/1825/1825
f 1825/1825/1825 1838/1838/1838 1839/1839/1839
f 1825/1825/1825 1839/1839/1839 1826/1826/1826
f 1826/1826/1826 1839/1839/1839 1840/1840/1840
f 1826/1826/1826 1840/1840/1840 1827/1827/1827
f 1827/1827/1827 1840/1840/1840 1841/1841/1841
f 1827/1827/1827 1841/1841/1841 1828/1828/1828
f 1828/1828/1828 1841/1841/1841 1842/1842/1842
f 1828/1828/1828 1842/1842/1842 1829/1829/1829
f 1829/1829/1829 1842/1842/1842 1843/1843/1843
f 1829/1829/1829 1843/1843/1843 1830/1830/1830
f 1830/1830/1830 1843/1843/1843 1844/1844/1844
f 1830/1830/1830 1844/1844/1844 1831/1831/1831
f 1831/1831/1831 1844/1844/1844 1845/1845/1845
f 1831/1831/1831 1845/1845/1845 1832/1832/1832
usemtl KrakenSuckerInner
f 1846/1846/1846 1860/1860/1860 1859/1859/1859
f 1846/1846/1846 1847/1847/1847 1860/1860/1860
f 1847/1847/1847 1861/1861/1861 1860/1860/1860
f 1847/1847/1847 1848/1848/1848 1861/1861/1861
f 1848/1848/1848 1862/1862/1862 1861/1861/1861
f 1848/1848/1848 1849/1849/1849 1862/1862/1862
f 1849/1849/1849 1863/1863/1863 1862/1862/1862
f 1849/1849/1849 1850/1850/1850 1863/1863/1863
f 1850/1850/1850 1864/1864/1864 1863/1863/1863
f 1850/1850/1850 1851/1851/1851 1864/1864/1864
f 1851/1851/1851 1865/1865/1865 1864/1864/1864
f 1851/1851/1851 1852/1852/1852 1865/1865/1865
f 1852/1852/1852 1866/1866/1866 1865/1865/1865
f 1852/1852/1852 1853/1853/1853 1866/1866/1866
f 1853/1853/1853 1867/1867/1867 1866/1866/1866
f 1853/1853/1853 1854/1854/1854 1867/1867/1867
f 1854/1854/1854 1868/1868/1868 1867/1867/1867
f 1854/1854/1854 1855/1855/1855 1868/1868/1868
f 1855/1855/1855 1869/1869/1869 1868/1868/1868
f 1855/1855/1855 1856/1856/1856 1869/1869/1869
f 1856/1856/1856 1870/1870/1870 1869/1869/1869
f 1856/1856/1856 1857/1857/1857 1870/1870/1870
f 1857/1857/1857 1871/1871/1871 1870/1870/1870
f 1857/1857/1857 1858/1858/1858 1871/1871/1871
f 1859/1859/1859 1873/1873/1873 1872/1872/1872
f 1859/1859/1859 1860/1860/1860 1873/1873/1873
f 1860/1860/1860 1874/1874/1874 1873/1873/1873
f 1860/1860/1860 1861/1861/1861 1874/1874/1874
f 1861/1861/1861 1875/1875/1875 1874/1874/1874
f 1861/1861/1861 1862/1862/1862 1875/1875/1875
f 1862/1862/1862 1876/1876/1876 1875/1875/1875
f 1862/1862/1862 1863/1863/1863 1876/1876/1876
f 1863/1863/1863 1877/1877/1877 1876/1876/1876
f 1863/1863/1863 1864/1864/1864 1877/1877/1877
f 1864/1864/1864 1878/1878/1878 1877/1877/1877
f 1864/1864/1864 1865/1865/1865 1878/1878/1878
f 1865/1865/1865 1879/1879/1879 1878/1878/1878
f 1865/1865/1865 1866/1866/1866 1879/1879/1879
f 1866/1866/1866 1880/1880/1880 1879/1879/1879
f 1866/1866/1866 1867/1867/1867 1880/1880/1880
f 1867/1867/1867 1881/1881/1881 1880/1880/1880
f 1867/1867/1867 1868/1868/1868 1881/1881/1881
f 1868/1868/1868 1882/1882/1882 1881/1881/1881
f 1868/1868/1868 1869/1869/1869 1882/1882/1882
f 1869/1869/1869 1883/1883/1883 1882/1882/1882
f 1869/1869/1869 1870/1870/1870 1883/1883/1883
f 1870/1870/1870 1884/1884/1884 1883/1883/1883
f 1870/1870/1870 1871/1871/1871 1884/1884/1884
f 1885/1885/1885 1872/1872/1872 1873/1873/1873
f 1885/1885/1885 1873/1873/1873 1874/1874/1874
f 1885/1885/1885 1874/1874/1874 1875/1875/1875
f 1885/1885/1885 1875/1875/1875 1876/1876/1876
f 1885/1885/1885 1876/1876/1876 1877/1877/1877
f 1885/1885/1885 1877/1877/1877 1878/1878/1878
f 1885/1885/1885 1878/1878/1878 1879/1879/1879
f 1885/1885/1885 1879/1879/1879 1880/1880/1880
f 1885/1885/1885 1880/1880/1880 1881/1881/1881
f 1885/1885/1885 1881/1881/1881 1882/1882/1882
f 1885/1885/1885 1882/1882/1882 1883/1883/1883
f 1885/1885/1885 1883/1883/1883 1884/1884/1884
usemtl KrakenSucker
f 1886/1886/1886 1899/1899/1899 1900/1900/1900
f 1886/1886/1886 1900/1900/1900 1887/1887/1887
f 1887/1887/1887 1900/1900/1900 1901/1901/1901
f 1887/1887/1887 1901/1901/1901 1888/1888/1888
f 1888/1888/1888 1901/1901/1901 1902/1902/1902
f 1888/1888/1888 1902/1902/1902 1889/1889/1889
f 1889/1889/1889 1902/1902/1902 1903/1903/1903
f 1889/1889/1889 1903/1903/1903 1890/1890/1890
f 1890/1890/1890 1903/1903/1903 1904/1904/1904
f 1890/1890/1890 1904/1904/1904 1891/1891/1891
f 1891/1891/1891 1904/1904/1904 1905/1905/1905
f 1891/1891/1891 1905/1905/1905 1892/1892/1892
f 1892/1892/1892 1905/1905/1905 1906/1906/1906
f 1892/1892/1892 1906/1906/1906 1893/1893/1893
f 1893/1893/1893 1906/1906/1906 1907/1907/1907
f 1893/1893/1893 1907/1907/1907 1894/1894/1894
f 1894/1894/1894 1907/1907/1907 1908/1908/1908
f 1894/1894/1894 1908/1908/1908 1895/1895/1895
f 1895/1895/1895 1908/1908/1908 1909/1909/1909
f 1895/1895/1895 1909/1909/1909 1896/1896/1896
f 1896/1896/1896 1909/1909/1909 1910/1910/1910
f 1896/1896/1896 1910/1910/1910 1897/1897/1897
f 1897/1897/1897 1910/1910/1910 1911/1911/1911
f 1897/1897/1897 1911/1911/1911 1898/1898/1898
f 1899/1899/1899 1912/1912/1912 1913/1913/1913
f 1899/1899/1899 1913/1913/1913 1900/1900/1900
f 1900/1900/1900 1913/1913/1913 1914/1914/1914
f 1900/1900/1900 1914/1914/1914 1901/1901/1901
f 1901/1901/1901 1914/1914/1914 1915/1915/1915
f 1901/1901/1901 1915/1915/1915 1902/1902/1902
f 1902/1902/1902 1915/1915/1915 1916/1916/1916
f 1902/1902/1902 1916/1916/1916 1903/1903/1903
f 1903/1903/1903 1916/1916/1916 1917/1917/1917
f 1903/1903/1903 1917/1917/1917 1904/1904/1904
f 1904/1904/1904 1917/1917/1917 1918/1918/1918
f 1904/1904/1904 1918/1918/1918 1905/1905/1905
f 1905/1905/1905 1918/1918/1918 1919/1919/1919
f 1905/1905/1905 1919/1919/1919 1906/1906/1906
f 1906/1906/1906 1919/1919/1919 1920/1920/1920
f 1906/1906/1906 1920/1920/1920 1907/1907/1907
f 1907/1907/1907 1920/1920/1920 1921/1921/1921
f 1907/1907/1907 1921/1921/1921 1908/1908/1908
f 1908/1908/1908 1921/1921/1921 1922/1922/1922
f 1908/1908/1908 1922/1922/1922 1909/1909/1909
f 1909/1909/1909 1922/1922/1922 1923/1923/1923
f 1909/1909/1909 1923/1923/1923 1910/1910/1910
f 1910/1910/1910 1923/1923/1923 1924/1924/1924
f 1910/1910/1910 1924/1924/1924 1911/1911/1911
usemtl KrakenSuckerInner
f 1925/1925/1925 1939/1939/1939 1938/1938/1938
f 1925/1925/1925 1926/1926/1926 1939/1939/1939
f 1926/1926/1926 1940/1940/1940 1939/1939/1939
f 1926/1926/1926 1927/1927/1927 1940/1940/1940
f 1927/1927/1927 1941/1941/1941 1940/1940/1940
f 1927/1927/1927 1928/1928/1928 1941/1941/1941
f 1928/1928/1928 1942/1942/1942 1941/1941/1941
f 1928/1928/1928 1929/1929/1929 1942/1942/1942
f 1929/1929/1929 1943/1943/1943 1942/1942/1942
f 1929/1929/1929 1930/1930/1930 1943/1943/1943
f 1930/1930/1930 1944/1944/1944 1943/1943/1943
f 1930/1930/1930 1931/1931/1931 1944/1944/1944
f 1931/1931/1931 1945/1945/1945 1944/1944/1944
f 1931/1931/1931 1932/1932/1932 1945/1945/1945
f 1932/1932/1932 1946/1946/1946 1945/1945/1945
f 1932/1932/1932 1933/1933/1933 1946/1946/1946
f 1933/1933/1933 1947/1947/1947 1946/1946/1946
f 1933/1933/1933 1934/1934/1934 1947/1947/1947
f 1934/1934/1934 1948/1948/1948 1947/1947/1947
f 1934/1934/1934 1935/1935/1935 1948/1948/1948
f 1935/1935/1935 1949/1949/1949 1948/1948/1948
f 1935/1935/1935 1936/1936/1936 1949/1949/1949
f 1936/1936/1936 1950/1950/1950 1949/1949/1949
f 1936/1936/1936 1937/1937/1937 1950/1950/1950
f 1938/1938/1938 1952/1952/1952 1951/1951/1951
f 1938/1938/1938 1939/1939/1939 1952/1952/1952
f 1939/1939/1939 1953/1953/1953 1952/1952/1952
f 1939/1939/1939 1940/1940/1940 1953/1953/1953
f 1940/1940/1940 1954/1954/1954 1953/1953/1953
f 1940/1940/1940 1941/1941/1941 1954/1954/1954
f 1941/1941/1941 1955/1955/1955 1954/1954/1954
f 1941/1941/1941 1942/1942/1942 1955/1955/1955
f 1942/1942/1942 1956/1956/1956 1955/1955/1955
f 1942/1942/1942 1943/1943/1943 1956/1956/1956
f 1943/1943/1943 1957/1957/1957 1956/1956/1956
f 1943/1943/1943 1944/1944/1944 1957/1957/1957
f 1944/1944/1944 1958/1958/1958 1957/1957/1957
f 1944/1944/1944 1945/1945/1945 1958/1958/1958
f 1945/1945/1945 1959/1959/1959 1958/1958/1958
f 1945/1945/1945 1946/1946/1946 1959/1959/1959
f 1946/1946/1946 1960/1960/1960 1959/1959/1959
f 1946/1946/1946 1947/1947/1947 1960/1960/1960
f 1947/1947/1947 1961/1961/1961 1960/1960/1960
f 1947/1947/1947 1948/1948/1948 1961/1961/1961
f 1948/1948/1948 1962/1962/1962 1961/1961/1961
f 1948/1948/1948 1949/1949/1949 1962/1962/1962
f 1949/1949/1949 1963/1963/1963 1962/1962/1962
f 1949/1949/1949 1950/1950/1950 1963/1963/1963
f 1964/1964/1964 1951/1951/1951 1952/1952/1952
f 1964/1964/1964 1952/1952/1952 1953/1953/1953
f 1964/1964/1964 1953/1953/1953 1954/1954/1954
f 1964/1964/1964 1954/1954/1954 1955/1955/1955
f 1964/1964/1964 1955/1955/1955 1956/1956/1956
f 1964/1964/1964 1956/1956/1956 1957/1957/1957
f 1964/1964/1964 1957/1957/1957 1958/1958/1958
f 1964/1964/1964 1958/1958/1958 1959/1959/1959
f 1964/1964/1964 1959/1959/1959 1960/1960/1960
f 1964/1964/1964 1960/1960/1960 1961/1961/1961
f 1964/1964/1964 1961/1961/1961 1962/1962/1962
f 1964/1964/1964 1962/1962/1962 1963/1963/1963
usemtl KrakenSucker
f 1965/1965/1965 1978/1978/1978 1979/1979/1979
f 1965/1965/1965 1979/1979/1979 1966/1966/1966
f 1966/1966/1966 1979/1979/1979 1980/1980/1980
f 1966/1966/1966 1980/1980/1980 1967/1967/1967
f 1967/1967/1967 1980/1980/1980 1981/1981/1981
f 1967/1967/1967 1981/1981/1981 1968/1968/1968
f 1968/1968/1968 1981/1981/1981 1982/1982/1982
f 1968/1968/1968 1982/1982/1982 1969/1969/1969
f 1969/1969/1969 1982/1982/1982 1983/1983/1983
f 1969/1969/1969 1983/1983/1983 1970/1970/1970
f 1970/1970/1970 1983/1983/1983 1984/1984/1984
f 1970/1970/1970 1984/1984/1984 1971/1971/1971
f 1971/1971/1971 1984/1984/1984 1985/1985/1985
f 1971/1971/1971 1985/1985/1985 1972/1972/1972
f 1972/1972/1972 1985/1985/1985 1986/1986/1986
f 1972/1972/1972 1986/1986/1986 1973/1973/1973
f 1973/1973/1973 1986/1986/1986 1987/1987/1987
f 1973/1973/1973 1987/1987/1987 1974/1974/1974
f 1974/1974/1974 1987/1987/1987 1988/1988/1988
f 1974/1974/1974 1988/1988/1988 1975/1975/1975
f 1975/1975/1975 1988/1988/1988 1989/1989/1989
f 1975/1975/1975 1989/1989/1989 1976/1976/1976
f 1976/1976/1976 1989/1989/1989 1990/1990/1990
f 1976/1976/1976 1990/1990/1990 1977/1977/1977
f 1978/1978/1978 1991/1991/1991 1992/1992/1992
f 1978/1978/1978 1992/1992/1992 1979/1979/1979
f 1979/1979/1979 1992/1992/1992 1993/1993/1993
f 1979/1979/1979 1993/1993/1993 1980/1980/1980
f 1980/1980/1980 1993/1993/1993 1994/1994/1994
f 1980/1980/1980 1994/1994/1994 1981/1981/1981
f 1981/1981/1981 1994/1994/1994 1995/1995/1995
f 1981/1981/1981 1995/1995/1995 1982/1982/1982
f 1982/1982/1982 1995/1995/1995 1996/1996/1996
f 1982/1982/1982 1996/1996/1996 1983/1983/1983
f 1983/1983/1983 1996/1996/1996 1997/1997/1997
f 1983/1983/1983 1997/1997/1997 1984/1984/1984
f 1984/1984/1984 1997/1997/1997 1998/1998/1998
f 1984/1984/1984 1998/1998/1998 1985/1985/1985
f 1985/1985/1985 1998/1998/1998 1999/1999/1999
f 1985/1985/1985 1999/1999/1999 1986/1986/1986
f 1986/1986/1986 1999/1999/1999 2000/2000/2000
f 1986/1986/1986 2000/2000/2000 1987/1987/1987
f 1987/1987/1987 2000/2000/2000 2001/2001/2001
f 1987/1987/1987 2001/2001/2001 1988/1988/1988
f 1988/1988/1988 2001/2001/2001 2002/2002/2002
f 1988/1988/1988 2002/2002/2002 1989/1989/1989
f 1989/1989/1989 2002/2002/2002 2003/2003/2003
f 1989/1989/1989 2003/2003/2003 1990/1990/1990
usemtl KrakenSuckerInner
f 2004/2004/2004 2018/2018/2018 2017/2017/2017
f 2004/2004/2004 2005/2005/2005 2018/2018/2018
f 2005/2005/2005 2019/2019/2019 2018/2018/2018
f 2005/2005/2005 2006/2006/2006 2019/2019/2019
f 2006/2006/2006 2020/2020/2020 2019/2019/2019
f 2006/2006/2006 2007/2007/2007 2020/2020/2020
f 2007/2007/2007 2021/2021/2021 2020/2020/2020
f 2007/2007/2007 2008/2008/2008 2021/2021/2021
f 2008/2008/2008 2022/2022/2022 2021/2021/2021
f 2008/2008/2008 2009/2009/2009 2022/2022/2022
f 2009/2009/2009 2023/2023/2023 2022/2022/2022
f 2009/2009/2009 2010/2010/2010 2023/2023/2023
f 2010/2010/2010 2024/2024/2024 2023/2023/2023
f 2010/2010/2010 2011/2011/2011 2024/2024/2024
f 2011/2011/2011 2025/2025/2025 2024/2024/2024
f 2011/2011/2011 2012/2012/2012 2025/2025/2025
f 2012/2012/2012 2026/2026/2026 2025/2025/2025
f 2012/2012/2012 2013/2013/2013 2026/2026/2026
f 2013/2013/2013 2027/2027/2027 2026/2026/2026
f 2013/2013/2013 2014/2014/2014 2027/2027/2027
f 2014/2014/2014 2028/2028/2028 2027/2027/2027
f 2014/2014/2014 2015/2015/2015 2028/2028/2028
f 2015/2015/2015 2029/2029/2029 2028/2028/2028
f 2015/2015/2015 2016/2016/2016 2029/2029/2029
f 2017/2017/2017 2031/2031/2031 2030/2030/2030
f 2017/2017/2017 2018/2018/2018 2031/2031/2031
f 2018/2018/2018 2032/2032/2032 2031/2031/2031
f 2018/2018/2018 2019/2019/2019 2032/2032/2032
f 2019/2019/2019 2033/2033/2033 2032/2032/2032
f 2019/2019/2019 2020/2020/2020 2033/2033/2033
f 2020/2020/2020 2034/2034/2034 2033/2033/2033
f 2020/2020/2020 2021/2021/2021 2034/2034/2034
f 2021/2021/2021 2035/2035/2035 2034/2034/2034
f 2021/2021/2021 2022/2022/2022 2035/2035/2035
f 2022/2022/2022 2036/2036/2036 2035/2035/2035
f 2022/2022/2022 2023/2023/2023 2036/2036/2036
f 2023/2023/2023 2037/2037/2037 2036/2036/2036
f 2023/2023/2023 2024/2024/2024 2037/2037/2037
f 2024/2024/2024 2038/2038/2038 2037/2037/2037
f 2024/2024/2024 2025/2025/2025 2038/2038/2038
f 2025/2025/2025 2039/2039/2039 2038/2038/2038
f 2025/2025/2025 2026/2026/2026 2039/2039/2039
f 2026/2026/2026 2040/2040/2040 2039/2039/2039
f 2026/2026/2026 2027/2027/2027 2040/2040/2040
f 2027/2027/2027 2041/2041/2041 2040/2040/2040
f 2027/2027/2027 2028/2028/2028 2041/2041/2041
f 2028/2028/2028 2042/2042/2042 2041/2041/2041
f 2028/2028/2028 2029/2029/2029 2042/2042/2042
f 2043/2043/2043 2030/2030/2030 2031/2031/2031
f 2043/2043/2043 2031/2031/2031 2032/2032/2032
f 2043/2043/2043 2032/2032/2032 2033/2033/2033
f 2043/2043/2043 2033/2033/2033 2034/2034/2034
f 2043/2043/2043 2034/2034/2034 2035/2035/2035
f 2043/2043/2043 2035/2035/2035 2036/2036/2036
f 2043/2043/2043 2036/2036/2036 2037/2037/2037
f 2043/2043/2043 2037/2037/2037 2038/2038/2038
f 2043/2043/2043 2038/2038/2038 2039/2039/2039
f 2043/2043/2043 2039/2039/2039 2040/2040/2040
f 2043/2043/2043 2040/2040/2040 2041/2041/2041
f 2043/2043/2043 2041/2041/2041 2042/2042/2042
usemtl KrakenSucker
f 2044/2044/2044 2057/2057/2057 2058/2058/2058
f 2044/2044/2044 2058/2058/2058 2045/2045/2045
f 2045/2045/2045 2058/2058/2058 2059/2059/2059
f 2045/2045/2045 2059/2059/2059 2046/2046/2046
f 2046/2046/2046 2059/2059/2059 2060/2060/2060
f 2046/2046/2046 2060/2060/2060 2047/2047/2047
f 2047/2047/2047 2060/2060/2060 2061/2061/2061
f 2047/2047/2047 2061/2061/2061 2048/2048/2048
f 2048/2048/2048 2061/2061/2061 2062/2062/2062
f 2048/2048/2048 2062/2062/2062 2049/2049/2049
f 2049/2049/2049 2062/2062/2062 2063/2063/2063
f 2049/2049/2049 2063/2063/2063 2050/2050/2050
f 2050/2050/2050 2063/2063/2063 2064/2064/2064
f 2050/2050/2050 2064/2064/2064 2051/2051/2051
f 2051/2051/2051 2064/2064/2064 2065/2065/2065
f 2051/2051/2051 2065/2065/2065 2052/2052/2052
f 2052/2052/2052 2065/2065/2065 2066/2066/2066
f 2052/2052/2052 2066/2066/2066 2053/2053/2053
f 2053/2053/2053 2066/2066/2066 2067/2067/2067
f 2053/2053/2053 2067/2067/2067 2054/2054/2054
f 2054/2054/2054 2067/2067/2067 2068/2068/2068
f 2054/2054/2054 2068/2068/2068 2055/2055/2055
f 2055/2055/2055 2068/2068/2068 2069/2069/2069
f 2055/2055/2055 2069/2069/2069 2056/2056/2056
f 2057/2057/2057 2070/2070/2070 2071/2071/2071
f 2057/2057/2057 2071/2071/2071 2058/2058/2058
f 2058/2058/2058 2071/2071/2071 2072/2072/2072
f 2058/2058/2058 2072/2072/2072 2059/2059/2059
f 2059/2059/2059 2072/2072/2072 2073/2073/2073
f 2059/2059/2059 2073/2073/2073 2060/2060/2060
f 2060/2060/2060 2073/2073/2073 2074/2074/2074
f 2060/2060/2060 2074/2074/2074 2061/2061/2061
f 2061/2061/2061 2074/2074/2074 2075/2075/2075
f 2061/2061/2061 2075/2075/2075 2062/2062/2062
f 2062/2062/2062 2075/2075/2075 2076/2076/2076
f 2062/2062/2062 2076/2076/2076 2063/2063/2063
f 2063/2063/2063 2076/2076/2076 2077/2077/2077
f 2063/2063/2063 2077/2077/2077 2064/2064/2064
f 2064/2064/2064 2077/2077/2077 2078/2078/2078
f 2064/2064/2064 2078/2078/2078 2065/2065/2065
f 2065/2065/2065 2078/2078/2078 2079/2079/2079
f 2065/2065/2065 2079/2079/2079 2066/2066/2066
f 2066/2066/2066 2079/2079/2079 2080/2080/2080
f 2066/2066/2066 2080/2080/2080 2067/2067/2067
f 2067/2067/2067 2080/2080/2080 2081/2081/2081
f 2067/2067/2067 2081/2081/2081 2068/2068/2068
f 2068/2068/2068 2081/2081/2081 2082/2082/2082
f 2068/2068/2068 2082/2082/2082 2069/2069/2069
usemtl KrakenSuckerInner
f 2083/2083/2083 2097/2097/2097 2096/2096/2096
f 2083/2083/2083 2084/2084/2084 2097/2097/2097
f 2084/2084/2084 2098/2098/2098 2097/2097/2097
f 2084/2084/2084 2085/2085/2085 2098/2098/2098
f 2085/2085/2085 2099/2099/2099 2098/2098/2098
f 2085/2085/2085 2086/2086/2086 2099/2099/2099
f 2086/2086/2086 2100/2100/2100 2099/2099/2099
f 2086/2086/2086 2087/2087/2087 2100/2100/2100
f 2087/2087/2087 2101/2101/2101 2100/2100/2100
f 2087/2087/2087 2088/2088/2088 2101/2101/2101
f 2088/2088/2088 2102/2102/2102 2101/2101/2101
f 2088/2088/2088 2089/2089/2089 2102/2102/2102
f 2089/2089/2089 2103/2103/2103 2102/2102/2102
f 2089/2089/2089 2090/2090/2090 2103/2103/2103
f 2090/2090/2090 2104/2104/2104 2103/2103/2103
f 2090/2090/2090 2091/2091/2091 2104/2104/2104
f 2091/2091/2091 2105/2105/2105 2104/2104/2104
f 2091/2091/2091 2092/2092/2092 2105/2105/2105
f 2092/2092/2092 2106/2106/2106 2105/2105/2105
f 2092/2092/2092 2093/2093/2093 2106/2106/2106
f 2093/2093/2093 2107/2107/2107 2106/2106/2106
f 2093/2093/2093 2094/2094/2094 2107/2107/2107
f 2094/2094/2094 2108/2108/2108 2107/2107/2107
f 2094/2094/2094 2095/2095/2095 2108/2108/2108
f 2096/2096/2096 2110/2110/2110 2109/2109/2109
f 2096/2096/2096 2097/2097/2097 2110/2110/2110
f 2097/2097/2097 2111/2111/2111 2110/2110/2110
f 2097/2097/2097 2098/2098/2098 2111/2111/2111
f 2098/2098/2098 2112/2112/2112 2111/2111/2111
f 2098/2098/2098 2099/2099/2099 2112/2112/2112
f 2099/2099/2099 2113/2113/2113 2112/2112/2112
f 2099/2099/2099 2100/2100/2100 2113/2113/2113
f 2100/2100/2100 2114/2114/2114 2113/2113/2113
f 2100/2100/2100 2101/2101/2101 2114/2114/2114
f 2101/2101/2101 2115/2115/2115 2114/2114/2114
f 2101/2101/2101 2102/2102/2102 2115/2115/2115
f 2102/2102/2102 2116/2116/2116 2115/2115/2115
f 2102/2102/2102 2103/2103/2103 2116/2116/2116
f 2103/2103/2103 2117/2117/2117 2116/2116/2116
f 2103/2103/2103 2104/2104/2104 2117/2117/2117
f 2104/2104/2104 2118/2118/2118 2117/2117/2117
f 2104/2104/2104 2105/2105/2105 2118/2118/2118
f 2105/2105/2105 2119/2119/2119 2118/2118/2118
f 2105/2105/2105 2106/2106/2106 2119/2119/2119
f 2106/2106/2106 2120/2120/2120 2119/2119/2119
f 2106/2106/2106 2107/2107/2107 2120/2120/2120
f 2107/2107/2107 2121/2121/2121 2120/2120/2120
f 2107/2107/2107 2108/2108/2108 2121/2121/2121
f 2122/2122/2122 2109/2109/2109 2110/2110/2110
f 2122/2122/2122 2110/2110/2110 2111/2111/2111
f 2122/2122/2122 2111/2111/2111 2112/2112/2112
f 2122/2122/2122 2112/2112/2112 2113/2113/2113
f 2122/2122/2122 2113/2113/2113 2114/2114/2114
f 2122/2122/2122 2114/2114/2114 2115/2115/2115
f 2122/2122/2122 2115/2115/2115 2116/2116/2116
f 2122/2122/2122 2116/2116/2116 2117/2117/2117
f 2122/2122/2122 2117/2117/2117 2118/2118/2118
f 2122/2122/2122 2118/2118/2118 2119/2119/2119
f 2122/2122/2122 2119/2119/2119 2120/2120/2120
f 2122/2122/2122 2120/2120/2120 2121/2121/2121
usemtl KrakenSucker
f 2123/2123/2123 2136/2136/2136 2137/2137/2137
f 2123/2123/2123 2137/2137/2137 2124/2124/2124
f 2124/2124/2124 2137/2137/2137 2138/2138/2138
f 2124/2124/2124 2138/2138/2138 2125/2125/2125
f 2125/2125/2125 2138/2138/2138 2139/2139/2139
f 2125/2125/2125 2139/2139/2139 2126/2126/2126
f 2126/2126/2126 2139/2139/2139 2140/2140/2140
f 2126/2126/2126 2140/2140/2140 2127/2127/2127
f 2127/2127/2127 2140/2140/2140 2141/2141/2141
f 2127/2127/2127 2141/2141/2141 2128/2128/2128
f 2128/2128/2128 2141/2141/2141 2142/2142/2142
f 2128/2128/2128 2142/2142/2142 2129/2129/2129
f 2129/2129/2129 2142/2142/2142 2143/2143/2143
f 2129/2129/2129 2143/2143/2143 2130/2130/2130
f 2130/2130/2130 2143/2143/2143 2144/2144/2144
f 2130/2130/2130 2144/2144/2144 2131/2131/2131
f 2131/2131/2131 2144/2144/2144 2145/2145/2145
f 2131/2131/2131 2145/2145/2145 2132/2132/2132
f 2132/2132/2132 2145/2145/2145 2146/2146/2146
f 2132/2132/2132 2146/2146/2146 2133/2133/2133
f 2133/2133/2133 2146/2146/2146 2147/2147/2147
f 2133/2133/2133 2147/2147/2147 2134/2134/2134
f 2134/2134/2134 2147/2147/2147 2148/2148/2148
f 2134/2134/2134 2148/2148/2148 2135/2135/2135
f 2136/2136/2136 2149/2149/2149 2150/2150/2150
f 2136/2136/2136 2150/2150/2150 2137/2137/2137
f 2137/2137/2137 2150/2150/2150 2151/2151/2151
f 2137/2137/2137 2151/2151/2151 2138/2138/2138
f 2138/2138/2138 2151/2151/2151 2152/2152/2152
f 2138/2138/2138 2152/2152/2152 2139/2139/2139
f 2139/2139/2139 2152/2152/2152 2153/2153/2153
f 2139/2139/2139 2153/2153/2153 2140/2140/2140
f 2140/2140/2140 2153/2153/2153 2154/2154/2154
f 2140/2140/2140 2154/2154/2154 2141/2141/2141
f 2141/2141/2141 2154/2154/2154 2155/2155/2155
f 2141/2141/2141 2155/2155/2155 2142/2142/2142
f 2142/2142/2142 2155/2155/2155 2156/2156/2156
f 2142/2142/2142 2156/2156/2156 2143/2143/2143
f 2143/2143/2143 2156/2156/2156 2157/2157/2157
f 2143/2143/2143 2157/2157/2157 2144/2144/2144
f 2144/2144/2144 2157/2157/2157 2158/2158/2158
f 2144/2144/2144 2158/2158/2158 2145/2145/2145
f 2145/2145/2145 2158/2158/2158 2159/2159/2159
f 2145/2145/2145 2159/2159/2159 2146/2146/2146
f 2146/2146/2146 2159/2159/2159 2160/2160/2160
f 2146/2146/2146 2160/2160/2160 2147/2147/2147
f 2147/2147/2147 2160/2160/2160 2161/2161/2161
f 2147/2147/2147 2161/2161/2161 2148/2148/2148
usemtl KrakenSuckerInner
f 2162/2162/2162 2176/2176/2176 2175/2175/2175
f 2162/2162/2162 2163/2163/2163 2176/2176/2176
f 2163/2163/2163 2177/2177/2177 2176/2176/2176
f 2163/2163/2163 2164/2164/2164 2177/2177/2177
f 2164/2164/2164 2178/2178/2178 2177/2177/2177
f 2164/2164/2164 2165/2165/2165 2178/2178/2178
f 2165/2165/2165 2179/2179/2179 2178/2178/2178
f 2165/2165/2165 2166/2166/2166 2179/2179/2179
f 2166/2166/2166 2180/2180/2180 2179/2179/2179
f 2166/2166/2166 2167/2167/2167 2180/2180/2180
f 2167/2167/2167 2181/2181/2181 2180/2180/2180
f 2167/2167/2167 2168/2168/2168 2181/2181/2181
f 2168/2168/2168 2182/2182/2182 2181/2181/2181
f 2168/2168/2168 2169/2169/2169 2182/2182/2182
f 2169/2169/2169 2183/2183/2183 2182/2182/2182
f 2169/2169/2169 2170/2170/2170 2183/2183/2183
f 2170/2170/2170 2184/2184/2184 2183/2183/2183
f 2170/2170/2170 2171/2171/2171 2184/2184/2184
f 2171/2171/2171 2185/2185/2185 2184/2184/2184
f 2171/2171/2171 2172/2172/2172 2185/2185/2185
f 2172/2172/2172 2186/2186/2186 2185/2185/2185
f 2172/2172/2172 2173/2173/2173 2186/2186/2186
f 2173/2173/2173 2187/2187/2187 2186/2186/2186
f 2173/2173/2173 2174/2174/2174 2187/2187/2187
f 2175/2175/2175 2189/2189/2189 2188/2188/2188
f 2175/2175/2175 2176/2176/2176 2189/2189/2189
f 2176/2176/2176 2190/2190/2190 2189/2189/2189
f 2176/2176/2176 2177/2177/2177 2190/2190/2190
f 2177/2177/2177 2191/2191/2191 2190/2190/2190
f 2177/2177/2177 2178/2178/2178 2191/2191/2191
f 2178/2178/2178 2192/2192/2192 2191/2191/2191
f 2178/2178/2178 2179/2179/2179 2192/2192/2192
f 2179/2179/2179 2193/2193/2193 2192/2192/2192
f 2179/2179/2179 2180/2180/2180 2193/2193/2193
f 2180/2180/2180 2194/2194/2194 2193/2193/2193
f 2180/2180/2180 2181/2181/2181 2194/2194/2194
f 2181/2181/2181 2195/2195/2195 2194/2194/2194
f 2181/2181/2181 2182/2182/2182 2195/2195/2195
f 2182/2182/2182 2196/2196/2196 2195/2195/2195
f 2182/2182/2182 2183/2183/2183 2196/2196/2196
f 2183/2183/2183 2197/2197/2197 2196/2196/2196
f 2183/2183/2183 2184/2184/2184 2197/2197/2197
f 2184/2184/2184 2198/2198/2198 2197/2197/2197
f 2184/2184/2184 2185/2185/2185 2198/2198/2198
f 2185/2185/2185 2199/2199/2199 2198/2198/2198
f 2185/2185/2185 2186/2186/2186 2199/2199/2199
f 2186/2186/2186 2200/2200/2200 2199/2199/2199
f 2186/2186/2186 2187/2187/2187 2200/2200/2200
f 2201/2201/2201 2188/2188/2188 2189/2189/2189
f 2201/2201/2201 2189/2189/2189 2190/2190/2190
f 2201/2201/2201 2190/2190/2190 2191/2191/2191
f 2201/2201/2201 2191/2191/2191 2192/2192/2192
f 2201/2201/2201 2192/2192/2192 2193/2193/2193
f 2201/2201/2201 2193/2193/2193 2194/2194/2194
f 2201/2201/2201 2194/2194/2194 2195/2195/2195
f 2201/2201/2201 2195/2195/2195 2196/2196/2196
f 2201/2201/2201 2196/2196/2196 2197/2197/2197
f 2201/2201/2201 2197/2197/2197 2198/2198/2198
f 2201/2201/2201 2198/2198/2198 2199/2199/2199
f 2201/2201/2201 2199/2199/2199 2200/2200/2200
usemtl KrakenSucker
f 2202/2202/2202 2215/2215/2215 2216/2216/2216
f 2202/2202/2202 2216/2216/2216 2203/2203/2203
f 2203/2203/2203 2216/2216/2216 2217/2217/2217
f 2203/2203/2203 2217/2217/2217 2204/2204/2204
f 2204/2204/2204 2217/2217/2217 2218/2218/2218
f 2204/2204/2204 2218/2218/2218 2205/2205/2205
f 2205/2205/2205 2218/2218/2218 2219/2219/2219
f 2205/2205/2205 2219/2219/2219 2206/2206/2206
f 2206/2206/2206 2219/2219/2219 2220/2220/2220
f 2206/2206/2206 2220/2220/2220 2207/2207/2207
f 2207/2207/2207 2220/2220/2220 2221/2221/2221
f 2207/2207/2207 2221/2221/2221 2208/2208/2208
f 2208/2208/2208 2221/2221/2221 2222/2222/2222
f 2208/2208/2208 2222/2222/2222 2209/2209/2209
f 2209/2209/2209 2222/2222/2222 2223/2223/2223
f 2209/2209/2209 2223/2223/2223 2210/2210/2210
f 2210/2210/2210 2223/2223/2223 2224/2224/2224
f 2210/2210/2210 2224/2224/2224 2211/2211/2211
f 2211/2211/2211 2224/2224/2224 2225/2225/2225
f 2211/2211/2211 2225/2225/2225 2212/2212/2212
f 2212/2212/2212 2225/2225/2225 2226/2226/2226
f 2212/2212/2212 2226/2226/2226 2213/2213/2213
f 2213/2213/2213 2226/2226/2226 2227/2227/2227
f 2213/2213/2213 2227/2227/2227 2214/2214/2214
f 2215/2215/2215 2228/2228/2228 2229/2229/2229
f 2215/2215/2215 2229/2229/2229 2216/2216/2216
f 2216/2216/2216 2229/2229/2229 2230/2230/2230
f 2216/2216/2216 2230/2230/2230 2217/2217/2217
f 2217/2217/2217 2230/2230/2230 2231/2231/2231
f 2217/2217/2217 2231/2231/2231 2218/2218/2218
f 2218/2218/2218 2231/2231/2231 2232/2232/2232
f 2218/2218/2218 2232/2232/2232 2219/2219/2219
f 2219/2219/2219 2232/2232/2232 2233/2233/2233
f 2219/2219/2219 2233/2233/2233 2220/2220/2220
f 2220/2220/2220 2233/2233/2233 2234/2234/2234
f 2220/2220/2220 2234/2234/2234 2221/2221/2221
f 2221/2221/2221 2234/2234/2234 2235/2235/2235
f 2221/2221/2221 2235/2235/2235 2222/2222/2222
f 2222/2222/2222 2235/2235/2235 2236/2236/2236
f 2222/2222/2222 2236/2236/2236 2223/2223/2223
f 2223/2223/2223 2236/2236/2236 2237/2237/2237
f 2223/2223/2223 2237/2237/2237 2224/2224/2224
f 2224/2224/2224 2237/2237/2237 2238/2238/2238
f 2224/2224/2224 2238/2238/2238 2225/2225/2225
f 2225/2225/2225 2238/2238/2238 2239/2239/2239
f 2225/2225/2225 2239/2239/2239 2226/2226/2226
f 2226/2226/2226 2239/2239/2239 2240/2240/2240
f 2226/2226/2226 2240/2240/2240 2227/2227/2227
usemtl KrakenSuckerInner
f 2241/2241/2241 2255/2255/2255 2254/2254/2254
f 2241/2241/2241 2242/2242/2242 2255/2255/2255
f 2242/2242/2242 2256/2256/2256 2255/2255/2255
f 2242/2242/2242 2243/2243/2243 2256/2256/2256
f 2243/2243/2243 2257/2257/2257 2256/2256/2256
f 2243/2243/2243 2244/2244/2244 2257/2257/2257
f 2244/2244/2244 2258/2258/2258 2257/2257/2257
f 2244/2244/2244 2245/2245/2245 2258/2258/2258
f 2245/2245/2245 2259/2259/2259 2258/2258/2258
f 2245/2245/2245 2246/2246/2246 2259/2259/2259
f 2246/2246/2246 2260/2260/2260 2259/2259/2259
f 2246/2246/2246 2247/2247/2247 2260/2260/2260
f 2247/2247/2247 2261/2261/2261 2260/2260/2260
f 2247/2247/2247 2248/2248/2248 2261/2261/2261
f 2248/2248/2248 2262/2262/2262 2261/2261/2261
f 2248/2248/2248 2249/2249/2249 2262/2262/2262
f 2249/2249/2249 2263/2263/2263 2262/2262/2262
f 2249/2249/2249 2250/2250/2250 2263/2263/2263
f 2250/2250/2250 2264/2264/2264 2263/2263/2263
f 2250/2250/2250 2251/2251/2251 2264/2264/2264
f 2251/2251/2251 2265/2265/2265 2264/2264/2264
f 2251/2251/2251 2252/2252/2252 2265/2265/2265
f 2252/2252/2252 2266/2266/2266 2265/2265/2265
f 2252/2252/2252 2253/2253/2253 2266/2266/2266
f 2254/2254/2254 2268/2268/2268 2267/2267/2267
f 2254/2254/2254 2255/2255/2255 2268/2268/2268
f 2255/2255/2255 2269/2269/2269 2268/2268/2268
f 2255/2255/2255 2256/2256/2256 2269/2269/2269
f 2256/2256/2256 2270/2270/2270 2269/2269/2269
f 2256/2256/2256 2257/2257/2257 2270/2270/2270
f 2257/2257/2257 2271/2271/2271 2270/2270/2270
f 2257/2257/2257 2258/2258/2258 2271/2271/2271
f 2258/2258/2258 2272/2272/2272 2271/2271/2271
f 2258/2258/2258 2259/2259/2259 2272/2272/2272
f 2259/2259/2259 2273/2273/2273 2272/2272/2272
f 2259/2259/2259 2260/2260/2260 2273/2273/2273
f 2260/2260/2260 2274/2274/2274 2273/2273/2273
f 2260/2260/2260 2261/2261/2261 2274/2274/2274
f 2261/2261/2261 2275/2275/2275 2274/2274/2274
f 2261/2261/2261 2262/2262/2262 2275/2275/2275
f 2262/2262/2262 2276/2276/2276 2275/2275/2275
f 2262/2262/2262 2263/2263/2263 2276/2276/2276
f 2263/2263/2263 2277/2277/2277 2276/2276/2276
f 2263/2263/2263 2264/2264/2264 2277/2277/2277
f 2264/2264/2264 2278/2278/2278 2277/2277/2277
f 2264/2264/2264 2265/2265/2265 2278/2278/2278
f 2265/2265/2265 2279/2279/2279 2278/2278/2278
f 2265/2265/2265 2266/2266/2266 2279/2279/2279
f 2280/2280/2280 2267/2267/2267 2268/2268/2268
f 2280/2280/2280 2268/2268/2268 2269/2269/2269
f 2280/2280/2280 2269/2269/2269 2270/2270/2270
f 2280/2280/2280 2270/2270/2270 2271/2271/2271
f 2280/2280/2280 2271/2271/2271 2272/2272/2272
f 2280/2280/2280 2272/2272/2272 2273/2273/2273
f 2280/2280/2280 2273/2273/2273 2274/2274/2274
f 2280/2280/2280 2274/2274/2274 2275/2275/2275
f 2280/2280/2280 2275/2275/2275 2276/2276/2276
f 2280/2280/2280 2276/2276/2276 2277/2277/2277
f 2280/2280/2280 2277/2277/2277 2278/2278/2278
f 2280/2280/2280 2278/2278/2278 2279/2279/2279
usemtl KrakenSucker
f 2281/2281/2281 2294/2294/2294 2295/2295/2295
f 2281/2281/2281 2295/2295/2295 2282/2282/2282
f 2282/2282/2282 2295/2295/2295 2296/2296/2296
f 2282/2282/2282 2296/2296/2296 2283/2283/2283
f 2283/2283/2283 2296/2296/2296 2297/2297/2297
f 2283/2283/2283 2297/2297/2297 2284/2284/2284
f 2284/2284/2284 2297/2297/2297 2298/2298/2298
f 2284/2284/2284 2298/2298/2298 2285/2285/2285
f 2285/2285/2285 2298/2298/2298 2299/2299/2299
f 2285/2285/2285 2299/2299/2299 2286/2286/2286
f 2286/2286/2286 2299/2299/2299 2300/2300/2300
f 2286/2286/2286 2300/2300/2300 2287/2287/2287
f 2287/2287/2287 2300/2300/2300 2301/2301/2301
f 2287/2287/2287 2301/2301/2301 2288/2288/2288
f 2288/2288/2288 2301/2301/2301 2302/2302/2302
f 2288/2288/2288 2302/2302/2302 2289/2289/2289
f 2289/2289/2289 2302/2302/2302 2303/2303/2303
f 2289/2289/2289 2303/2303/2303 2290/2290/2290
f 2290/2290/2290 2303/2303/2303 2304/2304/2304
f 2290/2290/2290 2304/2304/2304 2291/2291/2291
f 2291/2291/2291 2304/2304/2304 2305/2305/2305
f 2291/2291/2291 2305/2305/2305 2292/2292/2292
f 2292/2292/2292 2305/2305/2305 2306/2306/2306
f 2292/2292/2292 2306/2306/2306 2293/2293/2293
f 2294/2294/2294 2307/2307/2307 2308/2308/2308
f 2294/2294/2294 2308/2308/2308 2295/2295/2295
f 2295/2295/2295 2308/2308/2308 2309/2309/2309
f 2295/2295/2295 2309/2309/2309 2296/2296/2296
f 2296/2296/2296 2309/2309/2309 2310/2310/2310
f 2296/2296/2296 2310/2310/2310 2297/2297/2297
f 2297/2297/2297 2310/2310/2310 2311/2311/2311
f 2297/2297/2297 2311/2311/2311 2298/2298/2298
f 2298/2298/2298 2311/2311/2311 2312/2312/2312
f 2298/2298/2298 2312/2312/2312 2299/2299/2299
f 2299/2299/2299 2312/2312/2312 2313/2313/2313
f 2299/2299/2299 2313/2313/2313 2300/2300/2300
f 2300/2300/2300 2313/2313/2313 2314/2314/2314
f 2300/2300/2300 2314/2314/2314 2301/2301/2301
f 2301/2301/2301 2314/2314/2314 2315/2315/2315
f 2301/2301/2301 2315/2315/2315 2302/2302/2302
f 2302/2302/2302 2315/2315/2315 2316/2316/2316
f 2302/2302/2302 2316/2316/2316 2303/2303/2303
f 2303/2303/2303 2316/2316/2316 2317/2317/2317
f 2303/2303/2303 2317/2317/2317 2304/2304/2304
f 2304/2304/2304 2317/2317/2317 2318/2318/2318
f 2304/2304/2304 2318/2318/2318 2305/2305/2305
f 2305/2305/2305 2318/2318/2318 2319/2319/2319
f 2305/2305/2305 2319/2319/2319 2306/2306/2306
usemtl KrakenSuckerInner
f 2320/2320/2320 2334/2334/2334 2333/2333/2333
f 2320/2320/2320 2321/2321/2321 2334/2334/2334
f 2321/2321/2321 2335/2335/2335 2334/2334/2334
f 2321/2321/2321 2322/2322/2322 2335/2335/2335
f 2322/2322/2322 2336/2336/2336 2335/2335/2335
f 2322/2322/2322 2323/2323/2323 2336/2336/2336
f 2323/2323/2323 2337/2337/2337 2336/2336/2336
f 2323/2323/2323 2324/2324/2324 2337/2337/2337
f 2324/2324/2324 2338/2338/2338 2337/2337/2337
f 2324/2324/2324 2325/2325/2325 2338/2338/2338
f 2325/2325/2325 2339/2339/2339 2338/2338/2338
f 2325/2325/2325 2326/2326/2326 2339/2339/2339
f 2326/2326/2326 2340/2340/2340 2339/2339/2339
f 2326/2326/2326 2327/2327/2327 2340/2340/2340
f 2327/2327/2327 2341/2341/2341 2340/2340/2340
f 2327/2327/2327 2328/2328/2328 2341/2341/2341
f 2328/2328/2328 2342/2342/2342 2341/2341/2341
f 2328/2328/2328 2329/2329/2329 2342/2342/2342
f 2329/2329/2329 2343/2343/2343 2342/2342/2342
f 2329/2329/2329 2330/2330/2330 2343/2343/2343
f 2330/2330/2330 2344/2344/2344 2343/2343/2343
f 2330/2330/2330 2331/2331/2331 2344/2344/2344
f 2331/2331/2331 2345/2345/2345 2344/2344/2344
f 2331/2331/2331 2332/2332/2332 2345/2345/2345
f 2333/2333/2333 2347/2347/2347 2346/2346/2346
f 2333/2333/2333 2334/2334/2334 2347/2347/2347
f 2334/2334/2334 2348/2348/2348 2347/2347/2347
f 2334/2334/2334 2335/2335/2335 2348/2348/2348
f 2335/2335/2335 2349/2349/2349 2348/2348/2348
f 2335/2335/2335 2336/2336/2336 2349/2349/2349
f 2336/2336/2336 2350/2350/2350 2349/2349/2349
f 2336/2336/2336 2337/2337/2337 2350/2350/2350
f 2337/2337/2337 2351/2351/2351 2350/2350/2350
f 2337/2337/2337 2338/2338/2338 2351/2351/2351
f 2338/2338/2338 2352/2352/2352 2351/2351/2351
f 2338/2338/2338 2339/2339/2339 2352/2352/2352
f 2339/2339/2339 2353/2353/2353 2352/2352/2352
f 2339/2339/2339 2340/2340/2340 2353/2353/2353
f 2340/2340/2340 2354/2354/2354 2353/2353/2353
f 2340/2340/2340 2341/2341/2341 2354/2354/2354
f 2341/2341/2341 2355/2355/2355 2354/2354/2354
f 2341/2341/2341 2342/2342/2342 2355/2355/2355
f 2342/2342/2342 2356/2356/2356 2355/2355/2355
f 2342/2342/2342 2343/2343/2343 2356/2356/2356
f 2343/2343/2343 2357/2357/2357 2356/2356/2356
f 2343/2343/2343 2344/2344/2344 2357/2357/2357
f 2344/2344/2344 2358/2358/2358 2357/2357/2357
f 2344/2344/2344 2345/2345/2345 2358/2358/2358
f 2359/2359/2359 2346/2346/2346 2347/2347/2347
f 2359/2359/2359 2347/2347/2347 2348/2348/2348
f 2359/2359/2359 2348/2348/2348 2349/2349/2349
f 2359/2359/2359 2349/2349/2349 2350/2350/2350
f 2359/2359/2359 2350/2350/2350 2351/2351/2351
f 2359/2359/2359 2351/2351/2351 2352/2352/2352
f 2359/2359/2359 2352/2352/2352 2353/2353/2353
f 2359/2359/2359 2353/2353/2353 2354/2354/2354
f 2359/2359/2359 2354/2354/2354 2355/2355/2355
f 2359/2359/2359 2355/2355/2355 2356/2356/2356
f 2359/2359/2359 2356/2356/2356 2357/2357/2357
f 2359/2359/2359 2357/2357/2357 2358/2358/2358
usemtl KrakenSucker
f 2360/2360/2360 2373/2373/2373 2374/2374/2374
f 2360/2360/2360 2374/2374/2374 2361/2361/2361
f 2361/2361/2361 2374/2374/2374 2375/2375/2375
f 2361/2361/2361 2375/2375/2375 2362/2362/2362
f 2362/2362/2362 2375/2375/2375 2376/2376/2376
f 2362/2362/2362 2376/2376/2376 2363/2363/2363
f 2363/2363/2363 2376/2376/2376 2377/2377/2377
f 2363/2363/2363 2377/2377/2377 2364/2364/2364
f 2364/2364/2364 2377/2377/2377 2378/2378/2378
f 2364/2364/2364 2378/2378/2378 2365/2365/2365
f 2365/2365/2365 2378/2378/2378 2379/2379/2379
f 2365/2365/2365 2379/2379/2379 2366/2366/2366
f 2366/2366/2366 2379/2379/2379 2380/2380/2380
f 2366/2366/2366 2380/2380/2380 2367/2367/2367
f 2367/2367/2367 2380/2380/2380 2381/2381/2381
f 2367/2367/2367 2381/2381/2381 2368/2368/2368
f 2368/2368/2368 2381/2381/2381 2382/2382/2382
f 2368/2368/2368 2382/2382/2382 2369/2369/2369
f 2369/2369/2369 2382/2382/2382 2383/2383/2383
f 2369/2369/2369 2383/2383/2383 2370/2370/2370
f 2370/2370/2370 2383/2383/2383 2384/2384/2384
f 2370/2370/2370 2384/2384/2384 2371/2371/2371
f 2371/2371/2371 2384/2384/2384 2385/2385/2385
f 2371/2371/2371 2385/2385/2385 2372/2372/2372
f 2373/2373/2373 2386/2386/2386 2387/2387/2387
f 2373/2373/2373 2387/2387/2387 2374/2374/2374
f 2374/2374/2374 2387/2387/2387 2388/2388/2388
f 2374/2374/2374 2388/2388/2388 2375/2375/2375
f 2375/2375/2375 2388/2388/2388 2389/2389/2389
f 2375/2375/2375 2389/2389/2389 2376/2376/2376
f 2376/2376/2376 2389/2389/2389 2390/2390/2390
f 2376/2376/2376 2390/2390/2390 2377/2377/2377
f 2377/2377/2377 2390/2390/2390 2391/2391/2391
f 2377/2377/2377 2391/2391/2391 2378/2378/2378
f 2378/2378/2378 2391/2391/2391 2392/2392/2392
f 2378/2378/2378 2392/2392/2392 2379/2379/2379
f 2379/2379/2379 2392/2392/2392 2393/2393/2393
f 2379/2379/2379 2393/2393/2393 2380/2380/2380
f 2380/2380/2380 2393/2393/2393 2394/2394/2394
f 2380/2380/2380 2394/2394/2394 2381/2381/2381
f 2381/2381/2381 2394/2394/2394 2395/2395/2395
f 2381/2381/2381 2395/2395/2395 2382/2382/2382
f 2382/2382/2382 2395/2395/2395 2396/2396/2396
f 2382/2382/2382 2396/2396/2396 2383/2383/2383
f 2383/2383/2383 2396/2396/2396 2397/2397/2397
f 2383/2383/2383 2397/2397/2397 2384/2384/2384
f 2384/2384/2384 2397/2397/2397 2398/2398/2398
f 2384/2384/2384 2398/2398/2398 2385/2385/2385
usemtl KrakenSuckerInner
f 2399/2399/2399 2413/2413/2413 2412/2412/2412
f 2399/2399/2399 2400/2400/2400 2413/2413/2413
f 2400/2400/2400 2414/2414/2414 2413/2413/2413
f 2400/2400/2400 2401/2401/2401 2414/2414/2414
f 2401/2401/2401 2415/2415/2415 2414/2414/2414
f 2401/2401/2401 2402/2402/2402 2415/2415/2415
f 2402/2402/2402 2416/2416/2416 2415/2415/2415
f 2402/2402/2402 2403/2403/2403 2416/2416/2416
f 2403/2403/2403 2417/2417/2417 2416/2416/2416
f 2403/2403/2403 2404/2404/2404 2417/2417/2417
f 2404/2404/2404 2418/2418/2418 2417/2417/2417
f 2404/2404/2404 2405/2405/2405 2418/2418/2418
f 2405/2405/2405 2419/2419/2419 2418/2418/2418
f 2405/2405/2405 2406/2406/2406 2419/2419/2419
f 2406/2406/2406 2420/2420/2420 2419/2419/2419
f 2406/2406/2406 2407/2407/2407 2420/2420/2420
f 2407/2407/2407 2421/2421/2421 2420/2420/2420
f 2407/2407/2407 2408/2408/2408 2421/2421/2421
f 2408/2408/2408 2422/2422/2422 2421/2421/2421
f 2408/2408/2408 2409/2409/2409 2422/2422/2422
f 2409/2409/2409 2423/2423/2423 2422/2422/2422
f 2409/2409/2409 2410/2410/2410 2423/2423/2423
f 2410/2410/2410 2424/2424/2424 2423/2423/2423
f 2410/2410/2410 2411/2411/2411 2424/2424/2424
f 2412/2412/2412 2426/2426/2426 2425/2425/2425
f 2412/2412/2412 2413/2413/2413 2426/2426/2426
f 2413/2413/2413 2427/2427/2427 2426/2426/2426
f 2413/2413/2413 2414/2414/2414 2427/2427/2427
f 2414/2414/2414 2428/2428/2428 2427/2427/2427
f 2414/2414/2414 2415/2415/2415 2428/2428/2428
f 2415/2415/2415 2429/2429/2429 2428/2428/2428
f 2415/2415/2415 2416/2416/2416 2429/2429/2429
f 2416/2416/2416 2430/2430/2430 2429/2429/2429
f 2416/2416/2416 2417/2417/2417 2430/2430/2430
f 2417/2417/2417 2431/2431/2431 2430/2430/2430
f 2417/2417/2417 2418/2418/2418 2431/2431/2431
f 2418/2418/2418 2432/2432/2432 2431/2431/2431
f 2418/2418/2418 2419/2419/2419 2432/2432/2432
f 2419/2419/2419 2433/2433/2433 2432/2432/2432
f 2419/2419/2419 2420/2420/2420 2433/2433/2433
f 2420/2420/2420 2434/2434/2434 2433/2433/2433
f 2420/2420/2420 2421/2421/2421 2434/2434/2434
f 2421/2421/2421 2435/2435/2435 2434/2434/2434
f 2421/2421/2421 2422/2422/2422 2435/2435/2435
f 2422/2422/2422 2436/2436/2436 2435/2435/2435
f 2422/2422/2422 2423/2423/2423 2436/2436/2436
f 2423/2423/2423 2437/2437/2437 2436/2436/2436
f 2423/2423/2423 2424/2424/2424 2437/2437/2437
f 2438/2438/2438 2425/2425/2425 2426/2426/2426
f 2438/2438/2438 2426/2426/2426 2427/2427/2427
f 2438/2438/2438 2427/2427/2427 2428/2428/2428
f 2438/2438/2438 2428/2428/2428 2429/2429/2429
f 2438/2438/2438 2429/2429/2429 2430/2430/2430
f 2438/2438/2438 2430/2430/2430 2431/2431/2431
f 2438/2438/2438 2431/2431/2431 2432/2432/2432
f 2438/2438/2438 2432/2432/2432 2433/2433/2433
f 2438/2438/2438 2433/2433/2433 2434/2434/2434
f 2438/2438/2438 2434/2434/2434 2435/2435/2435
f 2438/2438/2438 2435/2435/2435 2436/2436/2436
f 2438/2438/2438 2436/2436/2436 2437/2437/2437
usemtl KrakenSucker
f 2439/2439/2439 2452/2452/2452 2453/2453/2453
f 2439/2439/2439 2453/2453/2453 2440/2440/2440
f 2440/2440/2440 2453/2453/2453 2454/2454/2454
f 2440/2440/2440 2454/2454/2454 2441/2441/2441
f 2441/2441/2441 2454/2454/2454 2455/2455/2455
f 2441/2441/2441 2455/2455/2455 2442/2442/2442
f 2442/2442/2442 2455/2455/2455 2456/2456/2456
f 2442/2442/2442 2456/2456/2456 2443/2443/2443
f 2443/2443/2443 2456/2456/2456 2457/2457/2457
f 2443/2443/2443 2457/2457/2457 2444/2444/2444
f 2444/2444/2444 2457/2457/2457 2458/2458/2458
f 2444/2444/2444 2458/2458/2458 2445/2445/2445
f 2445/2445/2445 2458/2458/2458 2459/2459/2459
f 2445/2445/2445 2459/2459/2459 2446/2446/2446
f 2446/2446/2446 2459/2459/2459 2460/2460/2460
f 2446/2446/2446 2460/2460/2460 2447/2447/2447
f 2447/2447/2447 2460/2460/2460 2461/2461/2461
f 2447/2447/2447 2461/2461/2461 2448/2448/2448
f 2448/2448/2448 2461/2461/2461 2462/2462/2462
f 2448/2448/2448 2462/2462/2462 2449/2449/2449
f 2449/2449/2449 2462/2462/2462 2463/2463/2463
f 2449/2449/2449 2463/2463/2463 2450/2450/2450
f 2450/2450/2450 2463/2463/2463 2464/2464/2464
f 2450/2450/2450 2464/2464/2464 2451/2451/2451
f 2452/2452/2452 2465/2465/2465 2466/2466/2466
f 2452/2452/2452 2466/2466/2466 2453/2453/2453
f 2453/2453/2453 2466/2466/2466 2467/2467/2467
f 2453/2453/2453 2467/2467/2467 2454/2454/2454
f 2454/2454/2454 2467/2467/2467 2468/2468/2468
f 2454/2454/2454 2468/2468/2468 2455/2455/2455
f 2455/2455/2455 2468/2468/2468 2469/2469/2469
f 2455/2455/2455 2469/2469/2469 2456/2456/2456
f 2456/2456/2456 2469/2469/2469 2470/2470/2470
f 2456/2456/2456 2470/2470/2470 2457/2457/2457
f 2457/2457/2457 2470/2470/2470 2471/2471/2471
f 2457/2457/2457 2471/2471/2471 2458/2458/2458
f 2458/2458/2458 2471/2471/2471 2472/2472/2472
f 2458/2458/2458 2472/2472/2472 2459/2459/2459
f 2459/2459/2459 2472/2472/2472 2473/2473/2473
f 2459/2459/2459 2473/2473/2473 2460/2460/2460
f 2460/2460/2460 2473/2473/2473 2474/2474/2474
f 2460/2460/2460 2474/2474/2474 2461/2461/2461
f 2461/2461/2461 2474/2474/2474 2475/2475/2475
f 2461/2461/2461 2475/2475/2475 2462/2462/2462
f 2462/2462/2462 2475/2475/2475 2476/2476/2476
f 2462/2462/2462 2476/2476/2476 2463/2463/2463
f 2463/2463/2463 2476/2476/2476 2477/2477/2477
f 2463/2463/2463 2477/2477/2477 2464/2464/2464
usemtl KrakenSuckerInner
f 2478/2478/2478 2492/2492/2492 2491/2491/2491
f 2478/2478/2478 2479/2479/2479 2492/2492/2492
f 2479/2479/2479 2493/2493/2493 2492/2492/2492
f 2479/2479/2479 2480/2480/2480 2493/2493/2493
f 2480/2480/2480 2494/2494/2494 2493/2493/2493
f 2480/2480/2480 2481/2481/2481 2494/2494/2494
f 2481/2481/2481 2495/2495/2495 2494/2494/2494
f 2481/2481/2481 2482/2482/2482 2495/2495/2495
f 2482/2482/2482 2496/2496/2496 2495/2495/2495
f 2482/2482/2482 2483/2483/2483 2496/2496/2496
f 2483/2483/2483 2497/2497/2497 2496/2496/2496
f 2483/2483/2483 2484/2484/2484 2497/2497/2497
f 2484/2484/2484 2498/2498/2498 2497/2497/2497
f 2484/2484/2484 2485/2485/2485 2498/2498/2498
f 2485/2485/2485 2499/2499/2499 2498/2498/2498
f 2485/2485/2485 2486/2486/2486 2499/2499/2499
f 2486/2486/2486 2500/2500/2500 2499/2499/2499
f 2486/2486/2486 2487/2487/2487 2500/2500/2500
f 2487/2487/2487 2501/2501/2501 2500/2500/2500
f 2487/2487/2487 2488/2488/2488 2501/2501/2501
f 2488/2488/2488 2502/2502/2502 2501/2501/2501
f 2488/2488/2488 2489/2489/2489 2502/2502/2502
f 2489/2489/2489 2503/2503/2503 2502/2502/2502
f 2489/2489/2489 2490/2490/2490 2503/2503/2503
f 2491/2491/2491 2505/2505/2505 2504/2504/2504
f 2491/2491/2491 2492/2492/2492 2505/2505/2505
f 2492/2492/2492 2506/2506/2506 2505/2505/2505
f 2492/2492/2492 2493/2493/2493 2506/2506/2506
f 2493/2493/2493 2507/2507/2507 2506/2506/2506
f 2493/2493/2493 2494/2494/2494 2507/2507/2507
f 2494/2494/2494 2508/2508/2508 2507/2507/2507
f 2494/2494/2494 2495/2495/2495 2508/2508/2508
f 2495/2495/2495 2509/2509/2509 2508/2508/2508
f 2495/2495/2495 2496/2496/2496 2509/2509/2509
f 2496/2496/2496 2510/2510/2510 2509/2509/2509
f 2496/2496/2496 2497/2497/2497 2510/2510/2510
f 2497/2497/2497 2511/2511/2511 2510/2510/2510
f 2497/2497/2497 2498/2498/2498 2511/2511/2511
f 2498/2498/2498 2512/2512/2512 2511/2511/2511
f 2498/2498/2498 2499/2499/2499 2512/2512/2512
f 2499/2499/2499 2513/2513/2513 2512/2512/2512
f 2499/2499/2499 2500/2500/2500 2513/2513/2513
f 2500/2500/2500 2514/2514/2514 2513/2513/2513
f 2500/2500/2500 2501/2501/2501 2514/2514/2514
f 2501/2501/2501 2515/2515/2515 2514/2514/2514
f 2501/2501/2501 2502/2502/2502 2515/2515/2515
f 2502/2502/2502 2516/2516/2516 2515/2515/2515
f 2502/2502/2502 2503/2503/2503 2516/2516/2516
f 2517/2517/2517 2504/2504/2504 2505/2505/2505
f 2517/2517/2517 2505/2505/2505 2506/2506/2506
f 2517/2517/2517 2506/2506/2506 2507/2507/2507
f 2517/2517/2517 2507/2507/2507 2508/2508/2508
f 2517/2517/2517 2508/2508/2508 2509/2509/2509
f 2517/2517/2517 2509/2509/2509 2510/2510/2510
f 2517/2517/2517 2510/2510/2510 2511/2511/2511
f 2517/2517/2517 2511/2511/2511 2512/2512/2512
f 2517/2517/2517 2512/2512/2512 2513/2513/2513
f 2517/2517/2517 2513/2513/2513 2514/2514/2514
f 2517/2517/2517 2514/2514/2514 2515/2515/2515
f 2517/2517/2517 2515/2515/2515 2516/2516/2516
usemtl KrakenSucker
f 2518/2518/2518 2531/2531/2531 2532/2532/2532
f 2518/2518/2518 2532/2532/2532 2519/2519/2519
f 2519/2519/2519 2532/2532/2532 2533/2533/2533
f 2519/2519/2519 2533/2533/2533 2520/2520/2520
f 2520/2520/2520 2533/2533/2533 2534/2534/2534
f 2520/2520/2520 2534/2534/2534 2521/2521/2521
f 2521/2521/2521 2534/2534/2534 2535/2535/2535
f 2521/2521/2521 2535/2535/2535 2522/2522/2522
f 2522/2522/2522 2535/2535/2535 2536/2536/2536
f 2522/2522/2522 2536/2536/2536 2523/2523/2523
f 2523/2523/2523 2536/2536/2536 2537/2537/2537
f 2523/2523/2523 2537/2537/2537 2524/2524/2524
f 2524/2524/2524 2537/2537/2537 2538/2538/2538
f 2524/2524/2524 2538/2538/2538 2525/2525/2525
f 2525/2525/2525 2538/2538/2538 2539/2539/2539
f 2525/2525/2525 2539/2539/2539 2526/2526/2526
f 2526/2526/2526 2539/2539/2539 2540/2540/2540
f 2526/2526/2526 2540/2540/2540 2527/2527/2527
f 2527/2527/2527 2540/2540/2540 2541/2541/2541
f 2527/2527/2527 2541/2541/2541 2528/2528/2528
f 2528/2528/2528 2541/2541/2541 2542/2542/2542
f 2528/2528/2528 2542/2542/2542 2529/2529/2529
f 2529/2529/2529 2542/2542/2542 2543/2543/2543
f 2529/2529/2529 2543/2543/2543 2530/2530/2530
f 2531/2531/2531 2544/2544/2544 2545/2545/2545
f 2531/2531/2531 2545/2545/2545 2532/2532/2532
f 2532/2532/2532 2545/2545/2545 2546/2546/2546
f 2532/2532/2532 2546/2546/2546 2533/2533/2533
f 2533/2533/2533 2546/2546/2546 2547/2547/2547
f 2533/2533/2533 2547/2547/2547 2534/2534/2534
f 2534/2534/2534 2547/2547/2547 2548/2548/2548
f 2534/2534/2534 2548/2548/2548 2535/2535/2535
f 2535/2535/2535 2548/2548/2548 2549/2549/2549
f 2535/2535/2535 2549/2549/2549 2536/2536/2536
f 2536/2536/2536 2549/2549/2549 2550/2550/2550
f 2536/2536/2536 2550/2550/2550 2537/2537/2537
f 2537/2537/2537 2550/2550/2550 2551/2551/2551
f 2537/2537/2537 2551/2551/2551 2538/2538/2538
f 2538/2538/2538 2551/2551/2551 2552/2552/2552
f 2538/2538/2538 2552/2552/2552 2539/2539/2539
f 2539/2539/2539 2552/2552/2552 2553/2553/2553
f 2539/2539/2539 2553/2553/2553 2540/2540/2540
f 2540/2540/2540 2553/2553/2553 2554/2554/2554
f 2540/2540/2540 2554/2554/2554 2541/2541/2541
f 2541/2541/2541 2554/2554/2554 2555/2555/2555
f 2541/2541/2541 2555/2555/2555 2542/2542/2542
f 2542/2542/2542 2555/2555/2555 2556/2556/2556
f 2542/2542/2542 2556/2556/2556 2543/2543/2543
usemtl KrakenSuckerInner
f 2557/2557/2557 2571/2571/2571 2570/2570/2570
f 2557/2557/2557 2558/2558/2558 2571/2571/2571
f 2558/2558/2558 2572/2572/2572 2571/2571/2571
f 2558/2558/2558 2559/2559/2559 2572/2572/2572
f 2559/2559/2559 2573/2573/2573 2572/2572/2572
f 2559/2559/2559 2560/2560/2560 2573/2573/2573
f 2560/2560/2560 2574/2574/2574 2573/2573/2573
f 2560/2560/2560 2561/2561/2561 2574/2574/2574
f 2561/2561/2561 2575/2575/2575 2574/2574/2574
f 2561/2561/2561 2562/2562/2562 2575/2575/2575
f 2562/2562/2562 2576/2576/2576 2575/2575/2575
f 2562/2562/2562 2563/2563/2563 2576/2576/2576
f 2563/2563/2563 2577/2577/2577 2576/2576/2576
f 2563/2563/2563 2564/2564/2564 2577/2577/2577
f 2564/2564/2564 2578/2578/2578 2577/2577/2577
f 2564/2564/2564 2565/2565/2565 2578/2578/2578
f 2565/2565/2565 2579/2579/2579 2578/2578/2578
f 2565/2565/2565 2566/2566/2566 2579/2579/2579
f 2566/2566/2566 2580/2580/2580 2579/2579/2579
f 2566/2566/2566 2567/2567/2567 2580/2580/2580
f 2567/2567/2567 2581/2581/2581 2580/2580/2580
f 2567/2567/2567 2568/2568/2568 2581/2581/2581
f 2568/2568/2568 2582/2582/2582 2581/2581/2581
f 2568/2568/2568 2569/2569/2569 2582/2582/2582
f 2570/2570/2570 2584/2584/2584 2583/2583/2583
f 2570/2570/2570 2571/2571/2571 2584/2584/2584
f 2571/2571/2571 2585/2585/2585 2584/2584/2584
f 2571/2571/2571 2572/2572/2572 2585/2585/2585
f 2572/2572/2572 2586/2586/2586 2585/2585/2585
f 2572/2572/2572 2573/2573/2573 2586/2586/2586
f 2573/2573/2573 2587/2587/2587 2586/2586/2586
f 2573/2573/2573 2574/2574/2574 2587/2587/2587
f 2574/2574/2574 2588/2588/2588 2587/2587/2587
f 2574/2574/2574 2575/2575/2575 2588/2588/2588
f 2575/2575/2575 2589/2589/2589 2588/2588/2588
f 2575/2575/2575 2576/2576/2576 2589/2589/2589
f 2576/2576/2576 2590/2590/2590 2589/2589/2589
f 2576/2576/2576 2577/2577/2577 2590/2590/2590
f 2577/2577/2577 2591/2591/2591 2590/2590/2590
f 2577/2577/2577 2578/2578/2578 2591/2591/2591
f 2578/2578/2578 2592/2592/2592 2591/2591/2591
f 2578/2578/2578 2579/2579/2579 2592/2592/2592
f 2579/2579/2579 2593/2593/2593 2592/2592/2592
f 2579/2579/2579 2580/2580/2580 2593/2593/2593
f 2580/2580/2580 2594/2594/2594 2593/2593/2593
f 2580/2580/2580 2581/2581/2581 2594/2594/2594
f 2581/2581/2581 2595/2595/2595 2594/2594/2594
f 2581/2581/2581 2582/2582/2582 2595/2595/2595
f 2596/2596/2596 2583/2583/2583 2584/2584/2584
f 2596/2596/2596 2584/2584/2584 2585/2585/2585
f 2596/2596/2596 2585/2585/2585 2586/2586/2586
f 2596/2596/2596 2586/2586/2586 2587/2587/2587
f 2596/2596/2596 2587/2587/2587 2588/2588/2588
f 2596/2596/2596 2588/2588/2588 2589/2589/2589
f 2596/2596/2596 2589/2589/2589 2590/2590/2590
f 2596/2596/2596 2590/2590/2590 2591/2591/2591
f 2596/2596/2596 2591/2591/2591 2592/2592/2592
f 2596/2596/2596 2592/2592/2592 2593/2593/2593
f 2596/2596/2596 2593/2593/2593 2594/2594/2594
f 2596/2596/2596 2594/2594/2594 2595/2595/2595
usemtl KrakenSucker
f 2597/2597/2597 2610/2610/2610 2611/2611/2611
f 2597/2597/2597 2611/2611/2611 2598/2598/2598
f 2598/2598/2598 2611/2611/2611 2612/2612/2612
f 2598/2598/2598 2612/2612/2612 2599/2599/2599
f 2599/2599/2599 2612/2612/2612 2613/2613/2613
f 2599/2599/2599 2613/2613/2613 2600/2600/2600
f 2600/2600/2600 2613/2613/2613 2614/2614/2614
f 2600/2600/2600 2614/2614/2614 2601/2601/2601
f 2601/2601/2601 2614/2614/2614 2615/2615/2615
f 2601/2601/2601 2615/2615/2615 2602/2602/2602
f 2602/2602/2602 2615/2615/2615 2616/2616/2616
f 2602/2602/2602 2616/2616/2616 2603/2603/2603
f 2603/2603/2603 2616/2616/2616 2617/2617/2617
f 2603/2603/2603 2617/2617/2617 2604/2604/2604
f 2604/2604/2604 2617/2617/2617 2618/2618/2618
f 2604/2604/2604 2618/2618/2618 2605/2605/2605
f 2605/2605/2605 2618/2618/2618 2619/2619/2619
f 2605/2605/2605 2619/2619/2619 2606/2606/2606
f 2606/2606/2606 2619/2619/2619 2620/2620/2620
f 2606/2606/2606 2620/2620/2620 2607/2607/2607
f 2607/2607/2607 2620/2620/2620 2621/2621/2621
f 2607/2607/2607 2621/2621/2621 2608/2608/2608
f 2608/2608/2608 2621/2621/2621 2622/2622/2622
f 2608/2608/2608 2622/2622/2622 2609/2609/2609
f 2610/2610/2610 2623/2623/2623 2624/2624/2624
f 2610/2610/2610 2624/2624/2624 2611/2611/2611
f 2611/2611/2611 2624/2624/2624 2625/2625/2625
f 2611/2611/2611 2625/2625/2625 2612/2612/2612
f 2612/2612/2612 2625/2625/2625 2626/2626/2626
f 2612/2612/2612 2626/2626/2626 2613/2613/2613
f 2613/2613/2613 2626/2626/2626 2627/2627/2627
f 2613/2613/2613 2627/2627/2627 2614/2614/2614
f 2614/2614/2614 2627/2627/2627 2628/2628/2628
f 2614/2614/2614 2628/2628/2628 2615/2615/2615
f 2615/2615/2615 2628/2628/2628 2629/2629/2629
f 2615/2615/2615 2629/2629/2629 2616/2616/2616
f 2616/2616/2616 2629/2629/2629 2630/2630/2630
f 2616/2616/2616 2630/2630/2630 2617/2617/2617
f 2617/2617/2617 2630/2630/2630 2631/2631/2631
f 2617/2617/2617 2631/2631/2631 2618/2618/2618
f 2618/2618/2618 2631/2631/2631 2632/2632/2632
f 2618/2618/2618 2632/2632/2632 2619/2619/2619
f 2619/2619/2619 2632/2632/2632 2633/2633/2633
f 2619/2619/2619 2633/2633/2633 2620/2620/2620
f 2620/2620/2620 2633/2633/2633 2634/2634/2634
f 2620/2620/2620 2634/2634/2634 2621/2621/2621
f 2621/2621/2621 2634/2634/2634 2635/2635/2635
f 2621/2621/2621 2635/2635/2635 2622/2622/2622
usemtl KrakenSuckerInner
f 2636/2636/2636 2650/2650/2650 2649/2649/2649
f 2636/2636/2636 2637/2637/2637 2650/2650/2650
f 2637/2637/2637 2651/2651/2651 2650/2650/2650
f 2637/2637/2637 2638/2638/2638 2651/2651/2651
f 2638/2638/2638 2652/2652/2652 2651/2651/2651
f 2638/2638/2638 2639/2639/2639 2652/2652/2652
f 2639/2639/2639 2653/2653/2653 2652/2652/2652
f 2639/2639/2639 2640/2640/2640 2653/2653/2653
f 2640/2640/2640 2654/2654/2654 2653/2653/2653
f 2640/2640/2640 2641/2641/2641 2654/2654/2654
f 2641/2641/2641 2655/2655/2655 2654/2654/2654
f 2641/2641/2641 2642/2642/2642 2655/2655/2655
f 2642/2642/2642 2656/2656/2656 2655/2655/2655
f 2642/2642/2642 2643/2643/2643 2656/2656/2656
f 2643/2643/2643 2657/2657/2657 2656/2656/2656
f 2643/2643/2643 2644/2644/2644 2657/2657/2657
f 2644/2644/2644 2658/2658/2658 2657/2657/2657
f 2644/2644/2644 2645/2645/2645 2658/2658/2658
f 2645/2645/2645 2659/2659/2659 2658/2658/2658
f 2645/2645/2645 2646/2646/2646 2659/2659/2659
f 2646/2646/2646 2660/2660/2660 2659/2659/2659
f 2646/2646/2646 2647/2647/2647 2660/2660/2660
f 2647/2647/2647 2661/2661/2661 2660/2660/2660
f 2647/2647/2647 2648/2648/2648 2661/2661/2661
f 2649/2649/2649 2663/2663/2663 2662/2662/2662
f 2649/2649/2649 2650/2650/2650 2663/2663/2663
f 2650/2650/2650 2664/2664/2664 2663/2663/2663
f 2650/2650/2650 2651/2651/2651 2664/2664/2664
f 2651/2651/2651 2665/2665/2665 2664/2664/2664
f 2651/2651/2651 2652/2652/2652 2665/2665/2665
f 2652/2652/2652 2666/2666/2666 2665/2665/2665
f 2652/2652/2652 2653/2653/2653 2666/2666/2666
f 2653/2653/2653 2667/2667/2667 2666/2666/2666
f 2653/2653/2653 2654/2654/2654 2667/2667/2667
f 2654/2654/2654 2668/2668/2668 2667/2667/2667
f 2654/2654/2654 2655/2655/2655 2668/2668/2668
f 2655/2655/2655 2669/2669/2669 2668/2668/2668
f 2655/2655/2655 2656/2656/2656 2669/2669/2669
f 2656/2656/2656 2670/2670/2670 2669/2669/2669
f 2656/2656/2656 2657/2657/2657 2670/2670/2670
f 2657/2657/2657 2671/2671/2671 2670/2670/2670
f 2657/2657/2657 2658/2658/2658 2671/2671/2671
f 2658/2658/2658 2672/2672/2672 2671/2671/2671
f 2658/2658/2658 2659/2659/2659 2672/2672/2672
f 2659/2659/2659 2673/2673/2673 2672/2672/2672
f 2659/2659/2659 2660/2660/2660 2673/2673/2673
f 2660/2660/2660 2674/2674/2674 2673/2673/2673
f 2660/2660/2660 2661/2661/2661 2674/2674/2674
f 2675/2675/2675 2662/2662/2662 2663/2663/2663
f 2675/2675/2675 2663/2663/2663 2664/2664/2664
f 2675/2675/2675 2664/2664/2664 2665/2665/2665
f 2675/2675/2675 2665/2665/2665 2666/2666/2666
f 2675/2675/2675 2666/2666/2666 2667/2667/2667
f 2675/2675/2675 2667/2667/2667 2668/2668/2668
f 2675/2675/2675 2668/2668/2668 2669/2669/2669
f 2675/2675/2675 2669/2669/2669 2670/2670/2670
f 2675/2675/2675 2670/2670/2670 2671/2671/2671
f 2675/2675/2675 2671/2671/2671 2672/2672/2672
f 2675/2675/2675 2672/2672/2672 2673/2673/2673
f 2675/2675/2675 2673/2673/2673 2674/2674/2674
usemtl KrakenSucker
f 2676/2676/2676 2689/2689/2689 2690/2690/2690
f 2676/2676/2676 2690/2690/2690 2677/2677/2677
f 2677/2677/2677 2690/2690/2690 2691/2691/2691
f 2677/2677/2677 2691/2691/2691 2678/2678/2678
f 2678/2678/2678 2691/2691/2691 2692/2692/2692
f 2678/2678/2678 2692/2692/2692 2679/2679/2679
f 2679/2679/2679 2692/2692/2692 2693/2693/2693
f 2679/2679/2679 2693/2693/2693 2680/2680/2680
f 2680/2680/2680 2693/2693/2693 2694/2694/2694
f 2680/2680/2680 2694/2694/2694 2681/2681/2681
f 2681/2681/2681 2694/2694/2694 2695/2695/2695
f 2681/2681/2681 2695/2695/2695 2682/2682/2682
f 2682/2682/2682 2695/2695/2695 2696/2696/2696
f 2682/2682/2682 2696/2696/2696 2683/2683/2683
f 2683/2683/2683 2696/2696/2696 2697/2697/2697
f 2683/2683/2683 2697/2697/2697 2684/2684/2684
f 2684/2684/2684 2697/2697/2697 2698/2698/2698
f 2684/2684/2684 2698/2698/2698 2685/2685/2685
f 2685/2685/2685 2698/2698/2698 2699/2699/2699
f 2685/2685/2685 2699/2699/2699 2686/2686/2686
f 2686/2686/2686 2699/2699/2699 2700/2700/2700
f 2686/2686/2686 2700/2700/2700 2687/2687/2687
f 2687/2687/2687 2700/2700/2700 2701/2701/2701
f 2687/2687/2687 2701/2701/2701 2688/2688/2688
f 2689/2689/2689 2702/2702/2702 2703/2703/2703
f 2689/2689/2689 2703/2703/2703 2690/2690/2690
f 2690/2690/2690 2703/2703/2703 2704/2704/2704
f 2690/2690/2690 2704/2704/2704 2691/2691/2691
f 2691/2691/2691 2704/2704/2704 2705/2705/2705
f 2691/2691/2691 2705/2705/2705 2692/2692/2692
f 2692/2692/2692 2705/2705/2705 2706/2706/2706
f 2692/2692/2692 2706/2706/2706 2693/2693/2693
f 2693/2693/2693 2706/2706/2706 2707/2707/2707
f 2693/2693/2693 2707/2707/2707 2694/2694/2694
f 2694/2694/2694 2707/2707/2707 2708/2708/2708
f 2694/2694/2694 2708/2708/2708 2695/2695/2695
f 2695/2695/2695 2708/2708/2708 2709/2709/2709
f 2695/2695/2695 2709/2709/2709 2696/2696/2696
f 2696/2696/2696 2709/2709/2709 2710/2710/2710
f 2696/2696/2696 2710/2710/2710 2697/2697/2697
f 2697/2697/2697 2710/2710/2710 2711/2711/2711
f 2697/2697/2697 2711/2711/2711 2698/2698/2698
f 2698/2698/2698 2711/2711/2711 2712/2712/2712
f 2698/2698/2698 2712/2712/2712 2699/2699/2699
f 2699/2699/2699 2712/2712/2712 2713/2713/2713
f 2699/2699/2699 2713/2713/2713 2700/2700/2700
f 2700/2700/2700 2713/2713/2713 2714/2714/2714
f 2700/2700/2700 2714/2714/2714 2701/2701/2701
usemtl KrakenSuckerInner
f 2715/2715/2715 2729/2729/2729 2728/2728/2728
f 2715/2715/2715 2716/2716/2716 2729/2729/2729
f 2716/2716/2716 2730/2730/2730 2729/2729/2729
f 2716/2716/2716 2717/2717/2717 2730/2730/2730
f 2717/2717/2717 2731/2731/2731 2730/2730/2730
f 2717/2717/2717 2718/2718/2718 2731/2731/2731
f 2718/2718/2718 2732/2732/2732 2731/2731/2731
f 2718/2718/2718 2719/2719/2719 2732/2732/2732
f 2719/2719/2719 2733/2733/2733 2732/2732/2732
f 2719/2719/2719 2720/2720/2720 2733/2733/2733
f 2720/2720/2720 2734/2734/2734 2733/2733/2733
f 2720/2720/2720 2721/2721/2721 2734/2734/2734
f 2721/2721/2721 2735/2735/2735 2734/2734/2734
f 2721/2721/2721 2722/2722/2722 2735/2735/2735
f 2722/2722/2722 2736/2736/2736 2735/2735/2735
f 2722/2722/2722 2723/2723/2723 2736/2736/2736
f 2723/2723/2723 2737/2737/2737 2736/2736/2736
f 2723/2723/2723 2724/2724/2724 2737/2737/2737
f 2724/2724/2724 2738/2738/2738 2737/2737/2737
f 2724/2724/2724 2725/2725/2725 2738/2738/2738
f 2725/2725/2725 2739/2739/2739 2738/2738/2738
f 2725/2725/2725 2726/2726/2726 2739/2739/2739
f 2726/2726/2726 2740/2740/2740 2739/2739/2739
f 2726/2726/2726 2727/2727/2727 2740/2740/2740
f 2728/2728/2728 2742/2742/2742 2741/2741/2741
f 2728/2728/2728 2729/2729/2729 2742/2742/2742
f 2729/2729/2729 2743/2743/2743 2742/2742/2742
f 2729/2729/2729 2730/2730/2730 2743/2743/2743
f 2730/2730/2730 2744/2744/2744 2743/2743/2743
f 2730/2730/2730 2731/2731/2731 2744/2744/2744
f 2731/2731/2731 2745/2745/2745 2744/2744/2744
f 2731/2731/2731 2732/2732/2732 2745/2745/2745
f 2732/2732/2732 2746/2746/2746 2745/2745/2745
f 2732/2732/2732 2733/2733/2733 2746/2746/2746
f 2733/2733/2733 2747/2747/2747 2746/2746/2746
f 2733/2733/2733 2734/2734/2734 2747/2747/2747
f 2734/2734/2734 2748/2748/2748 2747/2747/2747
f 2734/2734/2734 2735/2735/2735 2748/2748/2748
f 2735/2735/2735 2749/2749/2749 2748/2748/2748
f 2735/2735/2735 2736/2736/2736 2749/2749/2749
f 2736/2736/2736 2750/2750/2750 2749/2749/2749
f 2736/2736/2736 2737/2737/2737 2750/2750/2750
f 2737/2737/2737 2751/2751/2751 2750/2750/2750
f 2737/2737/2737 2738/2738/2738 2751/2751/2751
f 2738/2738/2738 2752/2752/2752 2751/2751/2751
f 2738/2738/2738 2739/2739/2739 2752/2752/2752
f 2739/2739/2739 2753/2753/2753 2752/2752/2752
f 2739/2739/2739 2740/2740/2740 2753/2753/2753
f 2754/2754/2754 2741/2741/2741 2742/2742/2742
f 2754/2754/2754 2742/2742/2742 2743/2743/2743
f 2754/2754/2754 2743/2743/2743 2744/2744/2744
f 2754/2754/2754 2744/2744/2744 2745/2745/2745
f 2754/2754/2754 2745/2745/2745 2746/2746/2746
f 2754/2754/2754 2746/2746/2746 2747/2747/2747
f 2754/2754/2754 2747/2747/2747 2748/2748/2748
f 2754/2754/2754 2748/2748/2748 2749/2749/2749
f 2754/2754/2754 2749/2749/2749 2750/2750/2750
f 2754/2754/2754 2750/2750/2750 2751/2751/2751
f 2754/2754/2754 2751/2751/2751 2752/2752/2752
f 2754/2754/2754 2752/2752/2752 2753/2753/2753
usemtl KrakenSucker
f 2755/2755/2755 2768/2768/2768 2769/2769/2769
f 2755/2755/2755 2769/2769/2769 2756/2756/2756
f 2756/2756/2756 2769/2769/2769 2770/2770/2770
f 2756/2756/2756 2770/2770/2770 2757/2757/2757
f 2757/2757/2757 2770/2770/2770 2771/2771/2771
f 2757/2757/2757 2771/2771/2771 2758/2758/2758
f 2758/2758/2758 2771/2771/2771 2772/2772/2772
f 2758/2758/2758 2772/2772/2772 2759/2759/2759
f 2759/2759/2759 2772/2772/2772 2773/2773/2773
f 2759/2759/2759 2773/2773/2773 2760/2760/2760
f 2760/2760/2760 2773/2773/2773 2774/2774/2774
f 2760/2760/2760 2774/2774/2774 2761/2761/2761
f 2761/2761/2761 2774/2774/2774 2775/2775/2775
f 2761/2761/2761 2775/2775/2775 2762/2762/2762
f 2762/2762/2762 2775/2775/2775 2776/2776/2776
f 2762/2762/2762 2776/2776/2776 2763/2763/2763
f 2763/2763/2763 2776/2776/2776 2777/2777/2777
f 2763/2763/2763 2777/2777/2777 2764/2764/2764
f 2764/2764/2764 2777/2777/2777 2778/2778/2778
f 2764/2764/2764 2778/2778/2778 2765/2765/2765
f 2765/2765/2765 2778/2778/2778 2779/2779/2779
f 2765/2765/2765 2779/2779/2779 2766/2766/2766
f 2766/2766/2766 2779/2779/2779 2780/2780/2780
f 2766/2766/2766 2780/2780/2780 2767/2767/2767
f 2768/2768/2768 2781/2781/2781 2782/2782/2782
f 2768/2768/2768 2782/2782/2782 2769/2769/2769
f 2769/2769/2769 2782/2782/2782 2783/2783/2783
f 2769/2769/2769 2783/2783/2783 2770/2770/2770
f 2770/2770/2770 2783/2783/2783 2784/2784/2784
f 2770/2770/2770 2784/2784/2784 2771/2771/2771
f 2771/2771/2771 2784/2784/2784 2785/2785/2785
f 2771/2771/2771 2785/2785/2785 2772/2772/2772
f 2772/2772/2772 2785/2785/2785 2786/2786/2786
f 2772/2772/2772 2786/2786/2786 2773/2773/2773
f 2773/2773/2773 2786/2786/2786 2787/2787/2787
f 2773/2773/2773 2787/2787/2787 2774/2774/2774
f 2774/2774/2774 2787/2787/2787 2788/2788/2788
f 2774/2774/2774 2788/2788/2788 2775/2775/2775
f 2775/2775/2775 2788/2788/2788 2789/2789/2789
f 2775/2775/2775 2789/2789/2789 2776/2776/2776
f 2776/2776/2776 2789/2789/2789 2790/2790/2790
f 2776/2776/2776 2790/2790/2790 2777/2777/2777
f 2777/2777/2777 2790/2790/2790 2791/2791/2791
f 2777/2777/2777 2791/2791/2791 2778/2778/2778
f 2778/2778/2778 2791/2791/2791 2792/2792/2792
f 2778/2778/2778 2792/2792/2792 2779/2779/2779
f 2779/2779/2779 2792/2792/2792 2793/2793/2793
f 2779/2779/2779 2793/2793/2793 2780/2780/2780
usemtl KrakenSuckerInner
f 2794/2794/2794 2808/2808/2808 2807/2807/2807
f 2794/2794/2794 2795/2795/2795 2808/2808/2808
f 2795/2795/2795 2809/2809/2809 2808/2808/2808
f 2795/2795/2795 2796/2796/2796 2809/2809/2809
f 2796/2796/2796 2810/2810/2810 2809/2809/2809
f 2796/2796/2796 2797/2797/2797 2810/2810/2810
f 2797/2797/2797 2811/2811/2811 2810/2810/2810
f 2797/2797/2797 2798/2798/2798 2811/2811/2811
f 2798/2798/2798 2812/2812/2812 2811/2811/2811
f 2798/2798/2798 2799/2799/2799 2812/2812/2812
f 2799/2799/2799 2813/2813/2813 2812/2812/2812
f 2799/2799/2799 2800/2800/2800 2813/2813/2813
f 2800/2800/2800 2814/2814/2814 2813/2813/2813
f 2800/2800/2800 2801/2801/2801 2814/2814/2814
f 2801/2801/2801 2815/2815/2815 2814/2814/2814
f 2801/2801/2801 2802/2802/2802 2815/2815/2815
f 2802/2802/2802 2816/2816/2816 2815/2815/2815
f 2802/2802/2802 2803/2803/2803 2816/2816/2816
f 2803/2803/2803 2817/2817/2817 2816/2816/2816
f 2803/2803/2803 2804/2804/2804 2817/2817/2817
f 2804/2804/2804 2818/2818/2818 2817/2817/2817
f 2804/2804/2804 2805/2805/2805 2818/2818/2818
f 2805/2805/2805 2819/2819/2819 2818/2818/2818
f 2805/2805/2805 2806/2806/2806 2819/2819/2819
f 2807/2807/2807 2821/2821/2821 2820/2820/2820
f 2807/2807/2807 2808/2808/2808 2821/2821/2821
f 2808/2808/2808 2822/2822/2822 2821/2821/2821
f 2808/2808/2808 2809/2809/2809 2822/2822/2822
f 2809/2809/2809 2823/2823/2823 2822/2822/2822
f 2809/2809/2809 2810/2810/2810 2823/2823/2823
f 2810/2810/2810 2824/2824/2824 2823/2823/2823
f 2810/2810/2810 2811/2811/2811 2824/2824/2824
f 2811/2811/2811 2825/2825/2825 2824/2824/2824
f 2811/2811/2811 2812/2812/2812 2825/2825/2825
f 2812/2812/2812 2826/2826/2826 2825/2825/2825
f 2812/2812/2812 2813/2813/2813 2826/2826/2826
f 2813/2813/2813 2827/2827/2827 2826/2826/2826
f 2813/2813/2813 2814/2814/2814 2827/2827/2827
f 2814/2814/2814 2828/2828/2828 2827/2827/2827
f 2814/2814/2814 2815/2815/2815 2828/2828/2828
f 2815/2815/2815 2829/2829/2829 2828/2828/2828
f 2815/2815/2815 2816/2816/2816 2829/2829/2829
f 2816/2816/2816 2830/2830/2830 2829/2829/2829
f 2816/2816/2816 2817/2817/2817 2830/2830/2830
f 2817/2817/2817 2831/2831/2831 2830/2830/2830
f 2817/2817/2817 2818/2818/2818 2831/2831/2831
f 2818/2818/2818 2832/2832/2832 2831/2831/2831
f 2818/2818/2818 2819/2819/2819 2832/2832/2832
f 2833/2833/2833 2820/2820/2820 2821/2821/2821
f 2833/2833/2833 2821/2821/2821 2822/2822/2822
f 2833/2833/2833 2822/2822/2822 2823/2823/2823
f 2833/2833/2833 2823/2823/2823 2824/2824/2824
f 2833/2833/2833 2824/2824/2824 2825/2825/2825
f 2833/2833/2833 2825/2825/2825 2826/2826/2826
f 2833/2833/2833 2826/2826/2826 2827/2827/2827
f 2833/2833/2833 2827/2827/2827 2828/2828/2828
f 2833/2833/2833 2828/2828/2828 2829/2829/2829
f 2833/2833/2833 2829/2829/2829 2830/2830/2830
f 2833/2833/2833 2830/2830/2830 2831/2831/2831
f 2833/2833/2833 2831/2831/2831 2832/2832/2832
usemtl KrakenSucker
f 2834/2834/2834 2847/2847/2847 2848/2848/2848
f 2834/2834/2834 2848/2848/2848 2835/2835/2835
f 2835/2835/2835 2848/2848/2848 2849/2849/2849
f 2835/2835/2835 2849/2849/2849 2836/2836/2836
f 2836/2836/2836 2849/2849/2849 2850/2850/2850
f 2836/2836/2836 2850/2850/2850 2837/2837/2837
f 2837/2837/2837 2850/2850/2850 2851/2851/2851
f 2837/2837/2837 2851/2851/2851 2838/2838/2838
f 2838/2838/2838 2851/2851/2851 2852/2852/2852
f 2838/2838/2838 2852/2852/2852 2839/2839/2839
f 2839/2839/2839 2852/2852/2852 2853/2853/2853
f 2839/2839/2839 2853/2853/2853 2840/2840/2840
f 2840/2840/2840 2853/2853/2853 2854/2854/2854
f 2840/2840/2840 2854/2854/2854 2841/2841/2841
f 2841/2841/2841 2854/2854/2854 2855/2855/2855
f 2841/2841/2841 2855/2855/2855 2842/2842/2842
f 2842/2842/2842 2855/2855/2855 2856/2856/2856
f 2842/2842/2842 2856/2856/2856 2843/2843/2843
f 2843/2843/2843 2856/2856/2856 2857/2857/2857
f 2843/2843/2843 2857/2857/2857 2844/2844/2844
f 2844/2844/2844 2857/2857/2857 2858/2858/2858
f 2844/2844/2844 2858/2858/2858 2845/2845/2845
f 2845/2845/2845 2858/2858/2858 2859/2859/2859
f 2845/2845/2845 2859/2859/2859 2846/2846/2846
f 2847/2847/2847 2860/2860/2860 2861/2861/2861
f 2847/2847/2847 2861/2861/2861 2848/2848/2848
f 2848/2848/2848 2861/2861/2861 2862/2862/2862
f 2848/2848/2848 2862/2862/2862 2849/2849/2849
f 2849/2849/2849 2862/2862/2862 2863/2863/2863
f 2849/2849/2849 2863/2863/2863 2850/2850/2850
f 2850/2850/2850 2863/2863/2863 2864/2864/2864
f 2850/2850/2850 2864/2864/2864 2851/2851/2851
f 2851/2851/2851 2864/2864/2864 2865/2865/2865
f 2851/2851/2851 2865/2865/2865 2852/2852/2852
f 2852/2852/2852 2865/2865/2865 2866/2866/2866
f 2852/2852/2852 2866/2866/2866 2853/2853/2853
f 2853/2853/2853 2866/2866/2866 2867/2867/2867
f 2853/2853/2853 2867/2867/2867 2854/2854/2854
f 2854/2854/2854 2867/2867/2867 2868/2868/2868
f 2854/2854/2854 2868/2868/2868 2855/2855/2855
f 2855/2855/2855 2868/2868/2868 2869/2869/2869
f 2855/2855/2855 2869/2869/2869 2856/2856/2856
f 2856/2856/2856 2869/2869/2869 2870/2870/2870
f 2856/2856/2856 2870/2870/2870 2857/2857/2857
f 2857/2857/2857 2870/2870/2870 2871/2871/2871
f 2857/2857/2857 2871/2871/2871 2858/2858/2858
f 2858/2858/2858 2871/2871/2871 2872/2872/2872
f 2858/2858/2858 2872/2872/2872 2859/2859/2859
usemtl KrakenSuckerInner
f 2873/2873/2873 2887/2887/2887 2886/2886/2886
f 2873/2873/2873 2874/2874/2874 2887/2887/2887
f 2874/2874/2874 2888/2888/2888 2887/2887/2887
f 2874/2874/2874 2875/2875/2875 2888/2888/2888
f 2875/2875/2875 2889/2889/2889 2888/2888/2888
f 2875/2875/2875 2876/2876/2876 2889/2889/2889
f 2876/2876/2876 2890/2890/2890 2889/2889/2889
f 2876/2876/2876 2877/2877/2877 2890/2890/2890
f 2877/2877/2877 2891/2891/2891 2890/2890/2890
f 2877/2877/2877 2878/2878/2878 2891/2891/2891
f 2878/2878/2878 2892/2892/2892 2891/2891/2891
f 2878/2878/2878 2879/2879/2879 2892/2892/2892
f 2879/2879/2879 2893/2893/2893 2892/2892/2892
f 2879/2879/2879 2880/2880/2880 2893/2893/2893
f 2880/2880/2880 2894/2894/2894 2893/2893/2893
f 2880/2880/2880 2881/2881/2881 2894/2894/2894
f 2881/2881/2881 2895/2895/2895 2894/2894/2894
f 2881/2881/2881 2882/2882/2882 2895/2895/2895
f 2882/2882/2882 2896/2896/2896 2895/2895/2895
f 2882/2882/2882 2883/2883/2883 2896/2896/2896
f 2883/2883/2883 2897/2897/2897 2896/2896/2896
f 2883/2883/2883 2884/2884/2884 2897/2897/2897
f 2884/2884/2884 2898/2898/2898 2897/2897/2897
f 2884/2884/2884 2885/2885/2885 2898/2898/2898
f 2886/2886/2886 2900/2900/2900 2899/2899/2899
f 2886/2886/2886 2887/2887/2887 2900/2900/2900
f 2887/2887/2887 2901/2901/2901 2900/2900/2900
f 2887/2887/2887 2888/2888/2888 2901/2901/2901
f 2888/2888/2888 2902/2902/2902 2901/2901/2901
f 2888/2888/2888 2889/2889/2889 2902/2902/2902
f 2889/2889/2889 2903/2903/2903 2902/2902/2902
f 2889/2889/2889 2890/2890/2890 2903/2903/2903
f 2890/2890/2890 2904/2904/2904 2903/2903/2903
f 2890/2890/2890 2891/2891/2891 2904/2904/2904
f 2891/2891/2891 2905/2905/2905 2904/2904/2904
f 2891/2891/2891 2892/2892/2892 2905/2905/2905
f 2892/2892/2892 2906/2906/2906 2905/2905/2905
f 2892/2892/2892 2893/2893/2893 2906/2906/2906
f 2893/2893/2893 2907/2907/2907 2906/2906/2906
f 2893/2893/2893 2894/2894/2894 2907/2907/2907
f 2894/2894/2894 2908/2908/2908 2907/2907/2907
f 2894/2894/2894 2895/2895/2895 2908/2908/2908
f 2895/2895/2895 2909/2909/2909 2908/2908/2908
f 2895/2895/2895 2896/2896/2896 2909/2909/2909
f 2896/2896/2896 2910/2910/2910 2909/2909/2909
f 2896/2896/2896 2897/2897/2897 2910/2910/2910
f 2897/2897/2897 2911/2911/2911 2910/2910/2910
f 2897/2897/2897 2898/2898/2898 2911/2911/2911
f 2912/2912/2912 2899/2899/2899 2900/2900/2900
f 2912/2912/2912 2900/2900/2900 2901/2901/2901
f 2912/2912/2912 2901/2901/2901 2902/2902/2902
f 2912/2912/2912 2902/2902/2902 2903/2903/2903
f 2912/2912/2912 2903/2903/2903 2904/2904/2904
f 2912/2912/2912 2904/2904/2904 2905/2905/2905
f 2912/2912/2912 2905/2905/2905 2906/2906/2906
f 2912/2912/2912 2906/2906/2906 2907/2907/2907
f 2912/2912/2912 2907/2907/2907 2908/2908/2908
f 2912/2912/2912 2908/2908/2908 2909/2909/2909
f 2912/2912/2912 2909/2909/2909 2910/2910/2910
f 2912/2912/2912 2910/2910/2910 2911/2911/2911
